family,symbol,tf,direction,p1,p2,p3,p4,p5,trades,winrate,avg_r,sum_r,pf,net05,risk_pct,h1,h2,q_pos
A.ORB,US100,M5,long,NY,or30,buf0.0,opp,1.5R,260,0.5115384615384615,0.06423258991035627,16.70047337669263,1.1727554464370242,-0.03574625591099938,0.006223791005972868,0.06486200276125034,0.06358350790787179,4
A.ORB,US100,M5,short,NY,or30,buf0.0,opp,1.5R,236,0.4491525423728814,0.025603781516688864,6.042492437938572,1.0587631553639165,-0.07106141533653446,0.006479179872812882,0.016914879775031245,0.03444121149324662,2
A.ORB,US100,M5,long,NY,or30,buf0.0,opp,2.5R,260,0.5,0.019084589358727335,4.961993233269107,1.0497836293694698,-0.08089425646262834,0.006223791005972868,0.01796225226764541,0.02024199948390556,2
A.ORB,US100,M5,short,NY,or30,buf0.0,opp,2.5R,236,0.4322033898305085,0.04283241271706652,10.108449401227698,1.0968106362723826,-0.0538327841361568,0.006479179872812882,0.062481109463045185,0.022847840813036917,3
A.ORB,US100,M5,long,NY,or30,buf0.0,opp,3.5R,260,0.5,0.028774634081398614,7.4814048611636395,1.0750608614848387,-0.07120421173995706,0.006223791005972868,0.02756083102256148,0.030026368485824403,3
A.ORB,US100,M5,short,NY,or30,buf0.0,opp,3.5R,236,0.4194915254237288,0.02561270974088449,6.04459949884874,1.0564507243741108,-0.07105248711233884,0.006479179872812882,0.05064735234753246,0.00015012452557586754,3
A.ORB,US100,M5,long,NY,or30,buf0.0,opp,eod,260,0.5,0.0346904604319915,9.01951971231779,1.0904927526781056,-0.06528838538936418,0.006223791005972868,0.04026404714811839,0.028942699130985624,3
A.ORB,US100,M5,short,NY,or30,buf0.0,opp,eod,236,0.4194915254237288,0.06208190829540026,14.65133035771446,1.136829282385857,-0.03458328855782307,0.006479179872812882,0.033795471801973086,0.09085187361777487,2
A.ORB,US100,M5,long,NY,or30,buf0.0,half,1.5R,260,0.4153846153846154,-0.028982950733235476,-7.535567190641224,0.9488117623382927,-0.22887836534353853,0.003112255081114508,-0.034148254179288406,-0.02365623155449339,1
A.ORB,US100,M5,short,NY,or30,buf0.0,half,1.5R,236,0.3432203389830508,-0.18800532697434022,-44.36925716594429,0.7193735723583446,-0.38121975270847364,0.0032429278970379553,-0.13380328984972503,-0.2431338946480941,0
A.ORB,US100,M5,long,NY,or30,buf0.0,half,2.5R,260,0.36153846153846153,-0.0068468635361126524,-1.7801845193892896,0.9887681959741748,-0.2067422781464157,0.003112255081114508,-0.016184627381221436,0.0027827054291557976,1
A.ORB,US100,M5,short,NY,or30,buf0.0,half,2.5R,236,0.2627118644067797,-0.2534200181915728,-59.80712429321118,0.6623125118749962,-0.4466344439257063,0.0032429278970379553,-0.25787672097192804,-0.24888713245770716,0
A.ORB,US100,M5,long,NY,or30,buf0.0,half,3.5R,260,0.34615384615384615,-0.05751129506770686,-14.952936717603784,0.9067530511248779,-0.25740670967800994,0.003112255081114508,-0.07295521594322188,-0.04158475166483199,1
A.ORB,US100,M5,short,NY,or30,buf0.0,half,3.5R,236,0.2542372881355932,-0.22262563595767715,-52.539650086011804,0.7066592373197409,-0.4158400616918106,0.0032429278970379553,-0.21790166560610016,-0.22743035793919558,0
A.ORB,US100,M5,long,NY,or30,buf0.0,half,eod,260,0.3423076923076923,-0.06712194228762695,-17.451704994783007,0.891845116376074,-0.26701735689793,0.003112255081114508,-0.11030751459570429,-0.022586820844922174,1
A.ORB,US100,M5,short,NY,or30,buf0.0,half,eod,236,0.2457627118644068,-0.1906676321417231,-44.997561185446656,0.7517944317584687,-0.38388205787585655,0.0032429278970379553,-0.12153932373235805,-0.26097762103671834,1
A.ORB,US100,M5,long,NY,or30,buf0.1,opp,1.5R,258,0.5116279069767442,0.03259881931601873,8.410495383532833,1.0872504604681767,-0.06420495303714223,0.006388691722748641,0.03930411497253723,0.0255742238663327,3
A.ORB,US100,M5,short,NY,or30,buf0.1,opp,1.5R,231,0.45021645021645024,0.03500492925032809,8.086138656825788,1.0817288551442072,-0.05989494859487039,0.006591513612258279,0.03550767591274898,0.03449781087779919,3
A.ORB,US100,M5,long,NY,or30,buf0.1,opp,2.5R,258,0.5038759689922481,0.0038114532417581645,0.9833549363736065,1.0099939671444689,-0.09299231911140281,0.006388691722748641,-0.005405684395770785,0.01346750219535991,3
A.ORB,US100,M5,short,NY,or30,buf0.1,opp,2.5R,231,0.4329004329004329,0.04728221070689341,10.922190673292377,1.1085848168369468,-0.047617667138305085,0.006591513612258279,0.07497100130058847,0.01935264802107925,3
A.ORB,US100,M5,long,NY,or30,buf0.1,opp,3.5R,258,0.5038759689922481,0.011735739116972694,3.027820692178955,1.030772144825521,-0.08506803323618828,0.006388691722748641,0.003520198924101766,0.02034249550950414,3
A.ORB,US100,M5,short,NY,or30,buf0.1,opp,3.5R,231,0.4199134199134199,0.010921492869520226,2.5228648528591724,1.0244320419612216,-0.08397838497567826,0.006591513612258279,0.03427927489323969,-0.012639400302231563,3
A.ORB,US100,M5,long,NY,or30,buf0.1,opp,eod,258,0.5038759689922481,0.01754375020902862,4.526287553929384,1.0460012630507631,-0.07926002214413236,0.006388691722748641,0.014872220604029249,0.02034249550950414,3
A.ORB,US100,M5,short,NY,or30,buf0.1,opp,eod,231,0.4199134199134199,0.05687886217504966,13.13901716243647,1.1272414645112894,-0.03802101567014882,0.006591513612258279,0.034973971606876805,0.078974230052511,2
A.ORB,US100,M5,long,NY,or30,buf0.1,half,1.5R,258,0.42248062015503873,-0.023479805308657727,-6.057789769633693,0.9580034223858083,-0.21223425621056705,0.0032693335266713074,-0.023420146941135544,-0.023542304550823814,1
A.ORB,US100,M5,short,NY,or30,buf0.1,half,1.5R,231,0.3463203463203463,-0.1746503911841909,-40.344240363548096,0.7353884406152783,-0.3597386787728029,0.0033726613202699476,-0.1093184602751402,-0.2405504258402768,1
A.ORB,US100,M5,long,NY,or30,buf0.1,half,2.5R,258,0.37209302325581395,-0.021257104737807182,-5.484333022354253,0.9644073709200229,-0.21001155563971646,0.0032693335266713074,-0.014327891958605642,-0.028516280030304014,2
A.ORB,US100,M5,short,NY,or30,buf0.1,half,2.5R,231,0.2813852813852814,-0.19217407202119158,-44.39221063689526,0.7349179156837357,-0.3772623596098036,0.0033726613202699476,-0.1668678901638123,-0.21770030763385242,0
A.ORB,US100,M5,long,NY,or30,buf0.1,half,3.5R,258,0.3488372093023256,-0.10824703920408921,-27.927736114655016,0.8239509144747206,-0.2970014901059985,0.0032693335266713074,-0.1322055707312697,-0.0831476252232334,0
A.ORB,US100,M5,short,NY,or30,buf0.1,half,3.5R,231,0.2683982683982684,-0.175567765559292,-40.55615384419645,0.7607149277441819,-0.36065605314790394,0.0033726613202699476,-0.12011555340669146,-0.23150217086104563,0
A.ORB,US100,M5,long,NY,or30,buf0.1,half,eod,258,0.3488372093023256,-0.0975959967660057,-25.179767165629467,0.8412733862476456,-0.286350447667915,0.0032693335266713074,-0.14146643398431283,-0.05163649110873153,0
A.ORB,US100,M5,short,NY,or30,buf0.1,half,eod,231,0.2597402597402597,-0.1670875739275885,-38.59722957727294,0.7751541773206955,-0.35217586151620045,0.0033726613202699476,-0.06758246714885152,-0.2674579425044014,1
A.ORB,US100,M5,long,NY,or60,buf0.0,opp,1.5R,231,0.5238095238095238,0.017513406018767302,4.045596790335247,1.063086714919876,-0.06221143017235377,0.007836792201535468,-0.009740253720219782,0.046976821952807425,2
A.ORB,US100,M5,short,NY,or60,buf0.0,opp,1.5R,199,0.45226130653266333,0.05141251548189131,10.231090580896371,1.152692897735345,-0.027646112004723177,0.008364753124377011,0.032883888346921034,0.07050834548834028,4
A.ORB,US100,M5,long,NY,or60,buf0.0,opp,2.5R,231,0.5238095238095238,0.019374127807444866,4.475423523519764,1.0697893988467895,-0.060350708383676226,0.007836792201535468,-0.0047445403178542475,0.04544836361857904,3
A.ORB,US100,M5,short,NY,or60,buf0.0,opp,2.5R,199,0.4321608040201005,-0.015669330845232497,-3.118196838201267,0.9554166342357419,-0.094727958331847,0.008364753124377011,-0.05636718378189429,0.02627437473234749,2
A.ORB,US100,M5,long,NY,or60,buf0.0,opp,3.5R,231,0.5238095238095238,0.02392934183273437,5.52767796336164,1.0861981709785216,-0.05579549435838672,0.007836792201535468,0.004024246680828055,0.04544836361857904,3
A.ORB,US100,M5,short,NY,or60,buf0.0,opp,3.5R,199,0.4271356783919598,-0.014442226170837149,-2.874003007996593,0.9594873120957201,-0.09350085365745163,0.008364753124377011,-0.03656520358387436,0.008357985244639984,1
A.ORB,US100,M5,long,NY,or60,buf0.0,opp,eod,231,0.5238095238095238,0.02823545222894149,6.522389464885483,1.1017096231019934,-0.05148938396217959,0.007836792201535468,0.012313509193526757,0.04544836361857904,3
A.ORB,US100,M5,short,NY,or60,buf0.0,opp,eod,199,0.4271356783919598,0.03751104503321746,7.464697961610275,1.1052243083869422,-0.04154758245339703,0.008364753124377011,-0.05209285412723501,0.12985792069858174,2
A.ORB,US100,M5,long,NY,or60,buf0.0,half,1.5R,231,0.45454545454545453,-0.0027263258566665735,-0.6297812728899785,0.994250271680294,-0.16217277281695433,0.003918450760480551,-0.017876181672963884,0.013651896647438625,2
A.ORB,US100,M5,short,NY,or60,buf0.0,half,1.5R,199,0.38190954773869346,-0.07901768527236354,-15.724519369200344,0.860886237660929,-0.23713232293093592,0.004182478724511912,-0.05222142773597591,-0.10663423640680383,1
A.ORB,US100,M5,long,NY,or60,buf0.0,half,2.5R,231,0.43722943722943725,-0.00163335023234314,-0.3773039036712653,0.99665301865155,-0.16107979719263085,0.003918450760480551,-0.044736942655588544,0.044965128063057275,2
A.ORB,US100,M5,short,NY,or60,buf0.0,half,2.5R,199,0.3065326633165829,-0.13390017423573355,-26.646134672910975,0.7848982111516072,-0.2920148118943059,0.004182478724511912,-0.16150738139015305,-0.10544784849495424,0
A.ORB,US100,M5,long,NY,or60,buf0.0,half,3.5R,231,0.4329004329004329,0.0010255178122093713,0.23689461462036476,1.0020829633868882,-0.15842092914807837,0.003918450760480551,-0.05177918412789894,0.05811168207178593,2
A.ORB,US100,M5,short,NY,or60,buf0.0,half,3.5R,199,0.2964824120603015,-0.1387404337051435,-27.609346307323555,0.7798097558576083,-0.29685507136371586,0.004182478724511912,-0.1634202910919126,-0.11330507048000389,0
A.ORB,US100,M5,long,NY,or60,buf0.0,half,eod,231,0.4329004329004329,0.017251979095929158,3.9852071711596357,1.0350410693801206,-0.14219446786435855,0.003918450760480551,-0.01685058492399214,0.054119615874222454,3
A.ORB,US100,M5,short,NY,or60,buf0.0,half,eod,199,0.2864321608040201,-0.16641065422670048,-33.1157201911134,0.7405034584001874,-0.32452529188527285,0.004182478724511912,-0.1620962833351461,-0.1708570976965678,0
A.ORB,US100,M5,long,NY,or60,buf0.1,opp,1.5R,229,0.5283842794759825,0.0038624509435145876,0.8845012660648406,1.0139543529263038,-0.07427453631501708,0.007986629962029613,-0.03491744480113928,0.046555914148638106,2
A.ORB,US100,M5,short,NY,or60,buf0.1,opp,1.5R,192,0.453125,0.04783247036612753,9.183834310296486,1.146831879009971,-0.03004308719388989,0.008474933834027728,0.008790776050306356,0.08853551337623897,3
A.ORB,US100,M5,long,NY,or60,buf0.1,opp,2.5R,229,0.5283842794759825,0.0054365020294161,1.2449589647362869,1.0196411214310488,-0.07270048522911557,0.007986629962029613,-0.027235403045287383,0.0414055718364291,2
A.ORB,US100,M5,short,NY,or60,buf0.1,opp,2.5R,192,0.4375,-0.0023466969914210517,-0.4505658223528419,0.9930157594843174,-0.08022225455143848,0.008474933834027728,-0.045944430976734424,0.043106259716671626,2
A.ORB,US100,M5,long,NY,or60,buf0.1,opp,3.5R,229,0.5283842794759825,0.00967123576987863,2.214712991302206,1.0349404663360147,-0.06846575148865303,0.007986629962029613,-0.01915411949057139,0.0414055718364291,2
A.ORB,US100,M5,short,NY,or60,buf0.1,opp,3.5R,192,0.4322916666666667,-0.001918063532509807,-0.36826819824188295,0.9943785961809879,-0.07979362109252726,0.008474933834027728,-0.02553626771142829,0.022705170611469035,2
A.ORB,US100,M5,long,NY,or60,buf0.1,opp,eod,229,0.5283842794759825,0.01334482808041658,3.055965630415397,1.04821250638475,-0.06479215917811508,0.007986629962029613,-0.012143680831294804,0.0414055718364291,3
A.ORB,US100,M5,short,NY,or60,buf0.1,opp,eod,192,0.4322916666666667,0.04781518224420036,9.180514990886468,1.1401353206077538,-0.030060375315817105,0.008474933834027728,-0.043624307286690825,0.14314571388278904,2
A.ORB,US100,M5,long,NY,or60,buf0.1,half,1.5R,229,0.45414847161572053,-0.03781341804359516,-8.659272731983291,0.9217850944537022,-0.19059187596198704,0.0040764643162639795,-0.08356706060653606,0.01255756459450491,1
A.ORB,US100,M5,short,NY,or60,buf0.1,half,1.5R,192,0.3854166666666667,-0.06798011034375447,-13.052181186000858,0.8779767973387865,-0.22020683224955281,0.00432327898170587,-0.045556819050465075,-0.09135758424526898,1
A.ORB,US100,M5,long,NY,or60,buf0.1,half,2.5R,229,0.4410480349344978,-0.039013833675227726,-8.93416791162715,0.9208970531643538,-0.1917922915936196,0.0040764643162639795,-0.0862445426322012,0.012983277103091724,2
A.ORB,US100,M5,short,NY,or60,buf0.1,half,2.5R,192,0.3177083333333333,-0.1351781683651182,-25.954208326102695,0.7778986487036648,-0.2874048902709166,0.00432327898170587,-0.14116658890332917,-0.12893492142102594,0
A.ORB,US100,M5,long,NY,or60,buf0.1,half,3.5R,229,0.4366812227074236,-0.047295084798389044,-10.830574418831091,0.9049478967285335,-0.20007354271678093,0.0040764643162639795,-0.12405161124941477,0.03720751312934577,2
A.ORB,US100,M5,short,NY,or60,buf0.1,half,3.5R,192,0.3125,-0.13020536252601156,-24.99942960499422,0.7870451989075796,-0.28243208443180995,0.00432327898170587,-0.14655482640684225,-0.11316017677791149,0
A.ORB,US100,M5,long,NY,or60,buf0.1,half,eod,229,0.4366812227074236,-0.024068199632922577,-5.51161771593927,0.9516285253146486,-0.17684665755131448,0.0040764643162639795,-0.07176829981295674,0.02844567212491323,2
A.ORB,US100,M5,short,NY,or60,buf0.1,half,eod,192,0.3020833333333333,-0.1592390398762814,-30.57389565624603,0.7443780832481125,-0.3114657617820798,0.00432327898170587,-0.1560197997862475,-0.16259526890631681,0
B.GAP,US100,M5,fade,cash,g0.5,sl0.75,fill,,351,0.4472934472934473,0.004865878187934486,1.7079232439650047,1.0095703819647674,-0.2525210348399127,0.004883288171324774,0.04720364906175163,-0.036282629459090054,3
B.GAP,US100,M5,fade,cash,g0.5,sl0.75,half,,351,0.5584045584045584,-0.05020745676097999,-17.622817323103977,0.877053246427397,-0.3075943697888271,0.004883288171324774,-0.00891471806550322,-0.0903402870661344,0
B.GAP,US100,M5,follow,cash,g0.5,sl0.75,1.5R,,351,0.39316239316239315,-0.07513647232641836,-26.372901786572843,0.8672163073256858,-0.3325233853542655,0.004883288171324774,-0.1450846813326929,-0.007153100651780735,1
B.GAP,US100,M5,follow,cash,g0.5,sl0.75,2.5R,,351,0.3418803418803419,-0.030155843937614654,-10.584701222102744,0.9509416033199843,-0.2875427569654618,0.004883288171324774,-0.1381055132505488,0.07476153129349547,2
B.GAP,US100,M5,fade,cash,g0.5,sl1.5,fill,,351,0.5783475783475783,0.0008180955973473652,0.28715155466892517,1.0024589604145728,-0.12787536091657925,0.009766576342649554,0.00657898986469099,-0.004780975797318078,2
B.GAP,US100,M5,fade,cash,g0.5,sl1.5,half,,351,0.6809116809116809,-0.02990600192017902,-10.497006673982836,0.8799148625961821,-0.15859945843410564,0.009766576342649554,-0.012374264252706274,-0.04694527504643064,2
B.GAP,US100,M5,follow,cash,g0.5,sl1.5,1.5R,,351,0.4415954415954416,0.020961024179773836,7.357319487100616,1.0489745334521448,-0.10773243233415282,0.009766576342649554,-0.03174661595942933,0.07218811262967355,2
B.GAP,US100,M5,follow,cash,g0.5,sl1.5,2.5R,,351,0.396011396011396,0.017585429821390098,6.172485867307924,1.0372389163272513,-0.11110802669253654,0.009766576342649554,-0.031686067914736674,0.06547289672223242,2
B.GAP,US100,M5,fade,cash,g1.0,sl0.75,fill,,334,0.45808383233532934,0.028067634462970517,9.374589910632153,1.0566579963176144,-0.1853479195285016,0.0051021555205018635,0.07730661418283144,-0.02058516692689204,3
B.GAP,US100,M5,fade,cash,g1.0,sl0.75,half,,334,0.5748502994011976,-0.02182480236458245,-7.289483989770538,0.9440720235292877,-0.2352403563560546,0.0051021555205018635,0.022837874144586944,-0.06595578034388076,2
B.GAP,US100,M5,follow,cash,g1.0,sl0.75,1.5R,,334,0.4041916167664671,-0.050517670019679224,-16.87290178657286,0.9086051809234205,-0.2639332240111514,0.0051021555205018635,-0.1391545172925046,0.037063976690374444,2
B.GAP,US100,M5,follow,cash,g1.0,sl0.75,2.5R,,334,0.3502994011976048,-0.012229644377553094,-4.0847012221027335,0.9797543697639801,-0.22564519836902527,0.0051021555205018635,-0.14392923971292199,0.11790209863239473,2
B.GAP,US100,M5,fade,cash,g1.0,sl1.5,fill,,334,0.5838323353293413,0.011837779105794772,3.953818221335454,1.036684963681839,-0.09486999788994108,0.010204311041003734,0.028944770561796437,-0.005065557690016408,2
B.GAP,US100,M5,fade,cash,g1.0,sl1.5,half,,334,0.6916167664670658,-0.012466087846256845,-4.163673340649786,0.9469007521055467,-0.11917386484199267,0.010204311041003734,0.013208347094067156,-0.03783487475157698,2
B.GAP,US100,M5,follow,cash,g1.0,sl1.5,1.5R,,334,0.44011976047904194,0.013045866727846555,4.3573194871007495,1.0308532042019274,-0.09366191026788928,0.010204311041003734,-0.05115761783723518,0.07648502409572494,1
B.GAP,US100,M5,follow,cash,g1.0,sl1.5,2.5R,,334,0.39221556886227543,-0.014453635127821008,-4.827514132692217,0.9692031764922261,-0.12116141212355686,0.010204311041003734,-0.07519090210391376,0.0455605691461754,1
B.GAP,US100,M5,fade,week,g0.5,sl0.75,fill,,67,0.40298507462686567,-0.041762381473162094,-2.7980795587018603,0.9272969291792837,-0.42092229821068466,0.003980007194174482,-0.010101010101006593,-0.07249253604025416,2
B.GAP,US100,M5,fade,week,g0.5,sl0.75,half,,67,0.5671641791044776,-0.03213534265334164,-2.15306795777389,0.9216678846033404,-0.4112952593908642,0.003980007194174482,-0.0909090909090809,0.02490976594781711,2
B.GAP,US100,M5,follow,week,g0.5,sl0.75,1.5R,,67,0.44776119402985076,0.07993221976817454,5.355458724467694,1.144742127688316,-0.2992276969693481,0.003980007194174482,0.1363636363636351,0.02516055071963929,2
B.GAP,US100,M5,follow,week,g0.5,sl0.75,2.5R,,67,0.373134328358209,0.1976888741135595,13.245154565608487,1.3153608229906784,-0.1814710426239631,0.003980007194174482,0.3654602831361334,0.034851918297531904,3
B.GAP,US100,M5,fade,week,g0.5,sl1.5,fill,,67,0.5223880597014925,-0.09574609569435767,-6.414988411521964,0.7832223644147774,-0.28532605406312356,0.007960014388348959,-0.1919191919191881,-0.0024016199467281553,2
B.GAP,US100,M5,fade,week,g0.5,sl1.5,half,,67,0.6417910447761194,-0.1083455116078296,-7.259149277724583,0.6638112713353761,-0.2979254699765954,0.007960014388348959,-0.19191919191918405,-0.0272298807173973,1
B.GAP,US100,M5,follow,week,g0.5,sl1.5,1.5R,,67,0.44776119402985076,0.05898412694823107,3.9519365055314815,1.1137440614688023,-0.13059583142053477,0.007960014388348959,0.14000042751071948,-0.019649341244772387,2
B.GAP,US100,M5,follow,week,g0.5,sl1.5,2.5R,,67,0.3880597014925373,0.11055201628974959,7.4069850914132225,1.1911770473030765,-0.07902794207901617,0.007960014388348959,0.3800999417504055,-0.15106802901029867,2
B.GAP,US100,M5,fade,week,g1.0,sl0.75,fill,,61,0.3770491803278688,-0.10051496544320118,-6.131412892035272,0.8319534764989357,-0.38917132289959255,0.004329425287965016,-0.06666666666666761,-0.13327138361404012,1
B.GAP,US100,M5,fade,week,g1.0,sl0.75,half,,61,0.5573770491803278,-0.046225157777716616,-2.8197346244407138,0.889363170883423,-0.334881515234108,0.004329425287965016,-0.11111111111110966,0.016567700286857324,2
B.GAP,US100,M5,follow,week,g1.0,sl0.75,1.5R,,61,0.47540983606557374,0.14517145449947041,8.855458724467695,1.2767330851396155,-0.14348490295692115,0.004329425287965016,0.2499999999999986,0.04372447498283019,3
B.GAP,US100,M5,follow,week,g1.0,sl0.75,2.5R,,61,0.39344262295081966,0.25811728796079486,15.745154565608487,1.4255447179894185,-0.030539069495596635,0.004329425287965016,0.5020063114497467,0.02209565232632531,3
B.GAP,US100,M5,fade,week,g1.0,sl1.5,fill,,61,0.5081967213114754,-0.11609270619981427,-7.08165507818867,0.7433483902840037,-0.26042088492801346,0.008658850575930029,-0.22222222222222043,-0.013386722952324449,2
B.GAP,US100,M5,fade,week,g1.0,sl1.5,half,,61,0.639344262295082,-0.10807348542718023,-6.592482611057994,0.6635197926710319,-0.2524016641553794,0.008658850575930029,-0.19999999999999613,-0.01911234229219709,1
B.GAP,US100,M5,follow,week,g1.0,sl1.5,1.5R,,61,0.45901639344262296,0.08117928697592282,4.951936505531292,1.1610694227134628,-0.06314889175227635,0.008658850575930029,0.17066713692845423,-0.005421858139430116,2
B.GAP,US100,M5,follow,week,g1.0,sl1.5,2.5R,,61,0.39344262295081966,0.10503254248218706,6.406985091413411,1.1844049126415352,-0.03929563624601208,0.008658850575930029,0.40144326925878315,-0.18181654794677687,3
C.VWAP,US100,M5,long,fade,k2.0,vwap,,,1014,0.388560157790927,-0.09376688774579713,-95.07962417423829,0.843471482200004,-0.5216469759938736,0.0021169056324721203,-0.08908664021403345,-0.09707615367734718,0
C.VWAP,US100,M5,short,fade,k2.0,vwap,,,1217,0.3410024650780608,-0.03489933806027042,-42.472494419349104,0.9460420715822083,-0.6357456006320097,0.001461298874851828,0.0026827943663704683,-0.06428273295899113,1
C.VWAP,US100,M5,long,fade,k2.0,half,,,1055,0.5308056872037915,-0.06451238289230435,-68.06056395138108,0.8599780620536308,-0.490337016289806,0.0021380929100410346,-0.04418117097589694,-0.07888898419889016,1
C.VWAP,US100,M5,short,fade,k2.0,half,,,1250,0.468,-0.03732098436660652,-46.65123045825815,0.928277478112234,-0.6363155781637373,0.001513198879160209,-0.05045292340900167,-0.02696948449198605,1
C.VWAP,US100,M5,long,fade,k3.0,vwap,,,253,0.4150197628458498,0.19366325490860462,48.99680349187697,1.3414069830796547,-0.1715174707533873,0.002670565330977547,0.4823349621539446,0.02587282507225077,3
C.VWAP,US100,M5,short,fade,k3.0,vwap,,,244,0.3237704918032787,0.11292879294061604,27.554625477510314,1.1699556638321358,-0.47030152936697955,0.0017422362001903574,0.01586925431141681,0.17481239139547455,3
C.VWAP,US100,M5,long,fade,k3.0,half,,,255,0.5450980392156862,0.20753078470617883,52.9203501000756,1.472834823087451,-0.1562099151838695,0.00267990548458027,0.37782559284334744,0.10976895040521159,4
C.VWAP,US100,M5,short,fade,k3.0,half,,,248,0.4596774193548387,0.11701203950112404,29.018985796278763,1.2202185113547663,-0.4595170443283294,0.0019810640988444372,0.03597753453672549,0.16906731752461185,3
C.VWAP,US100,M5,long,pull,hold12,1.5R,,,299,0.45819397993311034,0.14548494983277735,43.500000000000426,1.2685185185185213,-0.8096609950307053,0.0007310088065039956,0.21153846153846598,0.09467455621301683,4
C.VWAP,US100,M5,short,pull,hold12,1.5R,,,278,0.44244604316546765,0.10410745120089121,28.941871433847755,1.1867217511861146,-0.7775802638332099,0.0007944055486223308,0.08497326011835858,0.11801242236024721,3
C.VWAP,US100,M5,long,pull,hold12,2.5R,,,299,0.2909698996655518,0.018394648829432994,5.500000000000465,1.0259433962264175,-0.9367512960340496,0.0007310088065039956,0.157692307692307,-0.08875739644970085,1
C.VWAP,US100,M5,short,pull,hold12,2.5R,,,278,0.29136690647482016,0.008687129252255251,2.41502193212696,1.0122589945793248,-0.8730005857818457,0.0007944055486223308,-0.009273316819430942,0.021739130434784974,2
C.VWAP,US100,M5,long,pull,hold24,1.5R,,,256,0.53125,0.322345077058651,82.52033972701466,1.687669497725122,-0.6282304878786287,0.0007589511723800637,0.3260869565217506,0.31929318955328606,4
C.VWAP,US100,M5,short,pull,hold24,1.5R,,,218,0.42201834862385323,0.05248564877912035,11.441871433848236,1.09080850344324,-0.8014491283687971,0.0008317966292604152,0.2036760369230951,-0.05999999999999685,1
C.VWAP,US100,M5,long,pull,hold24,2.5R,,,256,0.31640625,0.09165642062727788,23.46404368058314,1.1340802496033324,-0.8589191443100018,0.0007589511723800637,0.03478260869564595,0.1380428629828642,2
C.VWAP,US100,M5,short,pull,hold24,2.5R,,,218,0.27522935779816515,-0.07100655220121667,-15.479428379865233,0.9020289343046505,-0.9249413293491341,0.0008317966292604152,0.1679038441396052,-0.24875588707878807,1
A.ORB,US100,M15,long,NY,or30,buf0.0,opp,1.5R,362,0.4972375690607735,0.04780715744131041,17.306190993754367,1.1225434514864925,-0.05536861890485031,0.006035462124736904,0.04931233853310986,0.04628525211515761,4
A.ORB,US100,M15,short,NY,or30,buf0.0,opp,1.5R,336,0.44642857142857145,-0.0034704020579614447,-1.1660550914750454,0.992440038605356,-0.10319435749274893,0.006281407221688856,-0.024727289641360586,0.018823406870969343,2
A.ORB,US100,M15,long,NY,or30,buf0.0,opp,2.5R,362,0.48066298342541436,0.01537994167229839,5.567538885372017,1.038216099490779,-0.08779583467386234,0.006035462124736904,0.00020144466970257663,0.030727088641589705,2
A.ORB,US100,M15,short,NY,or30,buf0.0,opp,2.5R,336,0.42857142857142855,0.01114629042175994,3.7451535817113397,1.0237293917663155,-0.08857766501302755,0.006281407221688856,-0.01730941011320752,0.04099007390965263,3
A.ORB,US100,M15,long,NY,or30,buf0.0,opp,3.5R,362,0.48066298342541436,0.016499754099448927,5.972910984000512,1.0409986108967928,-0.08667602224671181,0.006035462124736904,-0.004452550569951918,0.03768486215406533,3
A.ORB,US100,M15,short,NY,or30,buf0.0,opp,3.5R,336,0.41964285714285715,0.025696874586580643,8.634149861091096,1.0537985383159283,-0.07402708084820683,0.006281407221688856,0.0504865453634393,-0.0003020484232954927,2
A.ORB,US100,M15,long,NY,or30,buf0.0,opp,eod,362,0.48066298342541436,0.02074869015236094,7.51102583515466,1.0515563728433488,-0.08242708619379979,0.006035462124736904,0.004760771015616834,0.03691425283506887,3
A.ORB,US100,M15,short,NY,or30,buf0.0,opp,eod,336,0.41964285714285715,0.07384540712745756,24.81205679482574,1.1546014847609718,-0.025878548307329947,0.006281407221688856,0.09336646370860792,0.05337210388381208,3
A.ORB,US100,M15,long,NY,or30,buf0.0,half,1.5R,362,0.35911602209944754,-0.20446855562896654,-74.01761713768589,0.6931140817684374,-0.4107712601748449,0.0030180735351009883,-0.2830464030387294,-0.12501762102576183,0
A.ORB,US100,M15,short,NY,or30,buf0.0,half,1.5R,336,0.29464285714285715,-0.40629050409461087,-136.51360937578926,0.4965475248296901,-0.6056569612693471,0.003143048130811802,-0.36141870997250164,-0.4533511662226766,0
A.ORB,US100,M15,long,NY,or30,buf0.0,half,2.5R,362,0.3149171270718232,-0.1788403064287289,-64.74019092719986,0.7433285376189233,-0.38514301097460735,0.0030180735351009883,-0.2716224759101073,-0.08502722395311293,0
A.ORB,US100,M15,short,NY,or30,buf0.0,half,2.5R,336,0.22916666666666666,-0.45918252904143975,-154.28532975792376,0.46999789040159895,-0.658548986216176,0.003143048130811802,-0.4225503728606962,-0.49760161967002425,0
A.ORB,US100,M15,long,NY,or30,buf0.0,half,3.5R,362,0.292817679558011,-0.23894152281100398,-86.49683125758344,0.6648110893465329,-0.44524422735688235,0.0030180735351009883,-0.3626746726450488,-0.11383356020102518,0
A.ORB,US100,M15,short,NY,or30,buf0.0,half,3.5R,336,0.22023809523809523,-0.4330054320281477,-145.48982516145762,0.5053103576451882,-0.6323718892028839,0.003143048130811802,-0.37648216596264206,-0.49228593058465353,0
A.ORB,US100,M15,long,NY,or30,buf0.0,half,eod,362,0.2900552486187845,-0.2415882991639532,-87.45496429735105,0.6624064008038593,-0.4478910037098316,0.0030180735351009883,-0.37781752970413074,-0.10384541050666256,0
A.ORB,US100,M15,short,NY,or30,buf0.0,half,eod,336,0.21428571428571427,-0.39043090196821206,-131.18478306131925,0.5572372198204201,-0.5897973591429484,0.003143048130811802,-0.3325140864710503,-0.4511729279774306,0
A.ORB,US100,M15,long,NY,or30,buf0.1,opp,1.5R,359,0.49303621169916434,0.016821310569851745,6.038850494576777,1.043354818269283,-0.0826077996742674,0.006232270279120521,0.024038961948239398,0.009482013381715993,3
A.ORB,US100,M15,short,NY,or30,buf0.1,opp,1.5R,331,0.44410876132930516,-0.009485891746583163,-3.139830168119027,0.9791535537136727,-0.10659670358307803,0.0064317025650570845,-0.03342800452241141,0.01579460000429137,2
A.ORB,US100,M15,long,NY,or30,buf0.1,opp,2.5R,359,0.48746518105849584,0.008864259233348349,3.1822690647720573,1.0225231152799135,-0.0905648510107708,0.006232270279120521,0.004229433913927943,0.013577199586242143,2
A.ORB,US100,M15,short,NY,or30,buf0.1,opp,2.5R,331,0.4229607250755287,0.006854152316401258,2.2687244167288165,1.0147032182404345,-0.0902566595200936,0.0064317025650570845,-0.02199519342225063,0.03731619440069209,3
A.ORB,US100,M15,long,NY,or30,buf0.1,opp,3.5R,359,0.48746518105849584,0.011789060164733673,4.232272599139389,1.0299547152381547,-0.08764005007938548,0.006232270279120521,0.00558816263100432,0.018094467207458477,2
A.ORB,US100,M15,short,NY,or30,buf0.1,opp,3.5R,331,0.41389728096676737,0.005505347475391941,1.8222700143547326,1.0116085294546842,-0.09160546436110291,0.0064317025650570845,0.02266043688301098,-0.01260872208544803,2
A.ORB,US100,M15,long,NY,or30,buf0.1,opp,eod,359,0.48746518105849584,0.015690996163262173,5.6330676226111205,1.0398691087589436,-0.08373811408085699,0.006232270279120521,0.013327361655710015,0.018094467207458477,2
A.ORB,US100,M15,short,NY,or30,buf0.1,opp,eod,331,0.41389728096676737,0.0564375990561453,18.680845287584095,1.1190038474271373,-0.04067321278034956,0.0064317025650570845,0.07310291374169774,0.03884068292854335,2
A.ORB,US100,M15,long,NY,or30,buf0.1,half,1.5R,359,0.3649025069637883,-0.19477973929367212,-69.92592640642829,0.7004642465213101,-0.3874504167696684,0.003207990604153684,-0.2565103762696527,-0.13200869832371437,0
A.ORB,US100,M15,short,NY,or30,buf0.1,half,1.5R,331,0.29003021148036257,-0.40654713301210327,-134.56710102700617,0.49049945557389213,-0.5948665214588477,0.003306707508940289,-0.3575367960729349,-0.45829717822737404,0
A.ORB,US100,M15,long,NY,or30,buf0.1,half,2.5R,359,0.3203342618384401,-0.19842754683286554,-71.23548931299872,0.7082997621373589,-0.39109822430886176,0.003207990604153684,-0.2532975896677642,-0.14263272799513144,0
A.ORB,US100,M15,short,NY,or30,buf0.1,half,2.5R,331,0.229607250755287,-0.45175281906868914,-149.5301831117361,0.4682383897699097,-0.6400722075154335,0.003306707508940289,-0.4016734597927477,-0.5046316456333477,0
A.ORB,US100,M15,long,NY,or30,buf0.1,half,3.5R,359,0.3008356545961003,-0.24803170972416008,-89.04338379097346,0.6434549432353399,-0.4407023872001563,0.003207990604153684,-0.3336229979265175,-0.1609978717206393,0
A.ORB,US100,M15,short,NY,or30,buf0.1,half,3.5R,331,0.22054380664652568,-0.4365337703664359,-144.4926779912903,0.4915770309185859,-0.6248531588131803,0.003306707508940289,-0.38723141873986533,-0.48859215407151063,0
A.ORB,US100,M15,long,NY,or30,buf0.1,half,eod,359,0.298050139275766,-0.24877973677747722,-89.31192550311432,0.6438059184308328,-0.4414504142534735,0.003207990604153684,-0.3517862826313272,-0.14403712554406795,0
A.ORB,US100,M15,short,NY,or30,buf0.1,half,eod,331,0.2175226586102719,-0.39454738347142876,-130.59518392904292,0.5423620932244929,-0.5828667719181732,0.003306707508940289,-0.33766112868007936,-0.4546136152386921,0
A.ORB,US100,M15,long,NY,or60,buf0.0,opp,1.5R,321,0.5202492211838006,0.02574890601384575,8.265398830444486,1.0939435877642407,-0.05487541709424884,0.007757363696165415,0.0032668526204363973,0.049826459970658335,3
A.ORB,US100,M15,short,NY,or60,buf0.0,opp,1.5R,279,0.4444444444444444,0.029497327570292643,8.229754392111648,1.0840418335630135,-0.049115889990515374,0.00824597992320842,-0.007703604456661495,0.06750697551087623,3
A.ORB,US100,M15,long,NY,or60,buf0.0,opp,2.5R,321,0.5171339563862928,0.025531854977482386,8.195725447771846,1.0921048348512754,-0.05509246813061221,0.007757363696165415,0.003869174863970786,0.0487318865829206,3
A.ORB,US100,M15,short,NY,or60,buf0.0,opp,2.5R,279,0.4265232974910394,-0.024156100321005354,-6.739551989560494,0.9331825856590822,-0.10276931788181337,0.00824597992320842,-0.053703314400607126,0.006033444499457324,2
A.ORB,US100,M15,long,NY,or60,buf0.0,opp,3.5R,321,0.5171339563862928,0.026959953585022185,8.654145100792121,1.0972566260750152,-0.05366436952307241,0.007757363696165415,0.006630739038791727,0.0487318865829206,3
A.ORB,US100,M15,short,NY,or60,buf0.0,opp,3.5R,279,0.4229390681003584,-0.018378196235355675,-5.127516749664234,0.9496637060271914,-0.09699141379616368,0.00824597992320842,-0.036910112913432686,0.0005565881965925791,2
A.ORB,US100,M15,long,NY,or60,buf0.0,opp,eod,321,0.5171339563862928,0.030058743309395532,9.648856602315966,1.108435348343881,-0.05056557979869906,0.007757363696165415,0.012622976999778747,0.0487318865829206,3
A.ORB,US100,M15,short,NY,or60,buf0.0,opp,eod,279,0.4229390681003584,0.032449161961288275,9.053316187199428,1.0888754551718427,-0.04616405559951975,0.00824597992320842,-0.014145544298836181,0.08005679661837195,3
A.ORB,US100,M15,long,NY,or60,buf0.0,half,1.5R,321,0.4392523364485981,-0.06269444637009025,-20.12491728479897,0.8768266983593981,-0.22393973825727218,0.0038787791511806094,-0.10701045643360899,-0.015233429140773382,1
A.ORB,US100,M15,short,NY,or60,buf0.0,half,1.5R,279,0.35842293906810035,-0.19112669367248458,-53.3243475346232,0.7030706188091366,-0.3483483009102785,0.004123285384129186,-0.1727883971469678,-0.2098636488181213,0
A.ORB,US100,M15,long,NY,or60,buf0.0,half,2.5R,321,0.411214953271028,-0.08864567122031704,-28.455260461721767,0.8343190188989007,-0.24989096310749895,0.0038787791511806094,-0.16919063653391744,-0.002384611594138542,1
A.ORB,US100,M15,short,NY,or60,buf0.0,half,2.5R,279,0.2939068100358423,-0.24508138727957351,-68.37770705100101,0.6430715775583533,-0.4023029945173675,0.004123285384129186,-0.3107005097766225,-0.17803576211954522,0
A.ORB,US100,M15,long,NY,or60,buf0.0,half,3.5R,321,0.411214953271028,-0.0647736837695498,-20.792352490025486,0.8789363617113465,-0.22601897565673176,0.0038787791511806094,-0.12381475623185266,-0.0015425997131480475,1
A.ORB,US100,M15,short,NY,or60,buf0.0,half,3.5R,279,0.2867383512544803,-0.23536236824306678,-65.66610073981563,0.6599097542864288,-0.3925839754808607,0.004123285384129186,-0.26947273944729305,-0.200510467230053,0
A.ORB,US100,M15,long,NY,or60,buf0.0,half,eod,321,0.411214953271028,-0.05050088209934243,-16.21078315388892,0.9056125857302739,-0.21174617398652437,0.0038787791511806094,-0.08947548312259636,-0.008760341648631771,1
A.ORB,US100,M15,short,NY,or60,buf0.0,half,eod,279,0.27956989247311825,-0.24927702377862548,-69.54828963423651,0.6439100350233506,-0.4064986310164195,0.004123285384129186,-0.2869554470987869,-0.21077950429933018,0
A.ORB,US100,M15,long,NY,or60,buf0.1,opp,1.5R,318,0.5157232704402516,0.011644596680160161,3.7029817442909314,1.0428120475642653,-0.06683327429036176,0.007955077424627163,-0.013697406011972307,0.038974207426577555,2
A.ORB,US100,M15,short,NY,or60,buf0.1,opp,1.5R,270,0.4444444444444444,0.022220161127586516,5.99944350444836,1.0651879855343582,-0.05466493461120831,0.00841306396829284,-0.03691905808651921,0.08404752666960616,3
A.ORB,US100,M15,long,NY,or60,buf0.1,opp,2.5R,318,0.5125786163522013,0.00695977260944682,2.2132076898040887,1.025295560340646,-0.07151809836107509,0.007955077424627163,-0.018855074465656357,0.03479931357279343,2
A.ORB,US100,M15,short,NY,or60,buf0.1,opp,2.5R,270,0.42962962962962964,-0.016151294768040392,-4.360849587370906,0.9536315531645283,-0.09303639050683522,0.00841306396829284,-0.0537752208717629,0.02318280979494224,2
A.ORB,US100,M15,long,NY,or60,buf0.1,opp,3.5R,318,0.5125786163522013,0.009932160841361705,3.1584271475530223,1.0360988193112295,-0.06854571012916022,0.007955077424627163,-0.013126471691420389,0.03479931357279343,2
A.ORB,US100,M15,short,NY,or60,buf0.1,opp,3.5R,270,0.42592592592592593,-0.011088666968774743,-2.9939400815691806,0.968500684462772,-0.08797376270756957,0.00841306396829284,-0.037040960269603206,0.016043276027545923,2
A.ORB,US100,M15,long,NY,or60,buf0.1,opp,eod,318,0.5125786163522013,0.012349169203568761,3.927035806734866,1.0448835288557723,-0.06612870176695315,0.007955077424627163,-0.00846823739334862,0.03479931357279343,2
A.ORB,US100,M15,short,NY,or60,buf0.1,opp,eod,270,0.42592592592592593,0.03629510503745115,9.79967836011181,1.1031026514955236,-0.0405899907013437,0.00841306396829284,-0.017477048158069122,0.09251144701458595,3
A.ORB,US100,M15,long,NY,or60,buf0.1,half,1.5R,318,0.4308176100628931,-0.09785329183933163,-31.117346804907456,0.8095917708384982,-0.25047219046191327,0.004079474819218218,-0.14263853687328107,-0.049555478567425364,1
A.ORB,US100,M15,short,NY,or60,buf0.1,half,1.5R,270,0.36666666666666664,-0.17381875059230542,-46.93106265992246,0.7230575212940503,-0.3234158449799754,0.004307997993834294,-0.16025028673406397,-0.18800396280773973,0
A.ORB,US100,M15,long,NY,or60,buf0.1,half,2.5R,318,0.4119496855345912,-0.11568313579615444,-36.78723718317711,0.7820964216978945,-0.268302034418736,0.004079474819218218,-0.1780541406624173,-0.04842028741096906,1
A.ORB,US100,M15,short,NY,or60,buf0.1,half,2.5R,270,0.3074074074074074,-0.2246138497196605,-60.64573942430834,0.6642312227591288,-0.37421094410733047,0.004307997993834294,-0.26798692200341684,-0.17926927415027888,0
A.ORB,US100,M15,long,NY,or60,buf0.1,half,3.5R,318,0.4119496855345912,-0.10206770325457161,-32.45752963495377,0.8077427827731143,-0.25468660187715325,0.004079474819218218,-0.16295833979259358,-0.03640133051748914,1
A.ORB,US100,M15,short,NY,or60,buf0.1,half,3.5R,270,0.3,-0.22367300551656094,-60.391711489471454,0.6667899209306253,-0.3732700999042309,0.004307997993834294,-0.25092418224854185,-0.19518313893312633,0
A.ORB,US100,M15,long,NY,or60,buf0.1,half,eod,318,0.4119496855345912,-0.085608382148915,-27.22346552335497,0.8387459617642665,-0.23822728077149663,0.004079474819218218,-0.1230478430053324,-0.045232492990033485,1
A.ORB,US100,M15,short,NY,or60,buf0.1,half,eod,270,0.29259259259259257,-0.2433098083314398,-65.69364824948875,0.6419030398302381,-0.39290690271910983,0.004307997993834294,-0.2780665617560821,-0.20697320247840467,0
B.GAP,US100,M15,fade,cash,g0.5,sl0.75,fill,,474,0.4282700421940928,-0.02807238711960193,-13.306311494691315,0.9467086970243513,-0.270170694395421,0.004804808672771613,-0.043853684020883986,-0.013070413522086885,2
B.GAP,US100,M15,fade,cash,g0.5,sl0.75,half,,474,0.510548523206751,-0.12984937399678476,-61.54860327447598,0.7170140049508937,-0.3719476812726039,0.004804808672771613,-0.13281343830802325,-0.12703168323178027,0
B.GAP,US100,M15,follow,cash,g0.5,sl0.75,1.5R,,474,0.39451476793248946,-0.07725515755618421,-36.61894468163132,0.8640549123830974,-0.31935346483200333,0.004804808672771613,-0.06933462585791549,-0.08478455188663722,1
B.GAP,US100,M15,follow,cash,g0.5,sl0.75,2.5R,,474,0.35864978902953587,0.01902180752337273,9.016336766078673,1.0315513595317225,-0.2230764997524464,0.004804808672771613,0.010359380420347862,0.027256460448470438,2
B.GAP,US100,M15,fade,cash,g0.5,sl1.5,fill,,474,0.5506329113924051,-0.029892849565468085,-14.169210694031872,0.9159666892603525,-0.15094200320337833,0.009609617345543229,-0.02524765980544738,-0.03430864723857418,2
B.GAP,US100,M15,fade,cash,g0.5,sl1.5,half,,474,0.6371308016877637,-0.08820943218029656,-41.81127085346057,0.7008897134915089,-0.2092585858182068,0.009609617345543229,-0.07580878391103373,-0.0999977027572501,0
B.GAP,US100,M15,follow,cash,g0.5,sl1.5,1.5R,,474,0.4345991561181435,-0.038118205664582204,-18.068029485011966,0.9167621392609943,-0.15916735930249248,0.009609617345543229,-0.08603242285403005,0.007429877342670684,1
B.GAP,US100,M15,follow,cash,g0.5,sl1.5,2.5R,,474,0.3924050632911392,-0.05880500210784369,-27.87357099911791,0.8812666574709422,-0.17985415574575397,0.009609617345543229,-0.08571159911247454,-0.0332271259429477,1
B.GAP,US100,M15,fade,cash,g1.0,sl0.75,fill,,425,0.45176470588235296,0.02359299256151014,10.02702183864181,1.0473665097883071,-0.16202255532909648,0.005260904232494779,0.023300473641988857,0.023876031701232123,2
B.GAP,US100,M15,fade,cash,g1.0,sl0.75,half,,425,0.5435294117647059,-0.07266338025366989,-30.881936607809706,0.8279529037492714,-0.2582789281442765,0.005260904232494779,-0.06545408731652455,-0.07963903869748187,1
B.GAP,US100,M15,follow,cash,g1.0,sl0.75,1.5R,,425,0.42823529411764705,-0.000279869839132537,-0.11894468163132821,0.9994722148145359,-0.18589541772973914,0.005260904232494779,-0.007255017096547758,0.006469230979384977,2
B.GAP,US100,M15,follow,cash,g1.0,sl0.75,2.5R,,425,0.38823529411764707,0.09533255709665568,40.516336766078666,1.1675842439909823,-0.0902829907939509,0.005260904232494779,0.06647376496220267,0.12325611059712181,3
B.GAP,US100,M15,fade,cash,g1.0,sl1.5,fill,,425,0.5552941176470588,-0.016084417319290854,-6.835877360698613,0.9527302528477027,-0.10889219126459394,0.010521808464989563,-0.010361448556897976,-0.02162191950142099,2
B.GAP,US100,M15,fade,cash,g1.0,sl1.5,half,,425,0.6517647058823529,-0.06151671573363307,-26.144604186794055,0.7741978761384487,-0.1543244896789362,0.010521808464989563,-0.04870093660342325,-0.07391716868832685,1
B.GAP,US100,M15,follow,cash,g1.0,sl1.5,1.5R,,425,0.4588235294117647,0.008075224741147864,3.4319705149878423,1.0191660557233686,-0.08473254920415524,0.010521808464989563,-0.06159564439847442,0.07548824164013423,2
B.GAP,US100,M15,follow,cash,g1.0,sl1.5,2.5R,,425,0.4188235294117647,-0.01617310823321836,-6.873570999117803,0.9645249214528273,-0.10898088217852143,0.010521808464989563,-0.07320277222479163,0.03900837220307244,1
B.GAP,US100,M15,fade,week,g0.5,sl0.75,fill,,75,0.37333333333333335,-0.11286328300491268,-8.464746225368451,0.8139060030008711,-0.4025142966821959,0.003966083335518818,-0.1999999999999949,-0.036618655634215735,1
B.GAP,US100,M15,fade,week,g0.5,sl0.75,half,,75,0.5333333333333333,-0.09092979499253889,-6.819734624440417,0.7963431613581141,-0.3805808086698222,0.003966083335518818,-0.19047619047618486,-0.003826698944348708,1
B.GAP,US100,M15,follow,week,g0.5,sl0.75,1.5R,,75,0.4533333333333333,0.09807278299290421,7.355458724467816,1.1794014323040931,-0.19157823068437912,0.003966083335518818,0.14285714285713746,0.058886468111700105,2
B.GAP,US100,M15,follow,week,g0.5,sl0.75,2.5R,,75,0.3466666666666667,0.11660206087477817,8.745154565608363,1.1784725421552729,-0.1730489528025051,0.003966083335518818,0.2874339812426406,-0.03287586944710139,3
B.GAP,US100,M15,fade,week,g0.5,sl1.5,fill,,75,0.5466666666666666,-0.05886651215362745,-4.414988411522058,0.8602519318954465,-0.20369201899227068,0.007932166671037645,-0.14285714285714407,0.014625289711949641,1
B.GAP,US100,M15,fade,week,g0.5,sl1.5,half,,75,0.6666666666666666,-0.07901087925855166,-5.925815944391374,0.7377085092237292,-0.22383638609719492,0.007932166671037645,-0.12380952380952487,-0.039812065276450134,0
B.GAP,US100,M15,follow,week,g0.5,sl1.5,1.5R,,75,0.41333333333333333,-0.01069579431963587,-0.8021845739726903,0.980433679759883,-0.1555213011582791,0.007932166671037645,0.0709230703925627,-0.08211230094280957,2
B.GAP,US100,M15,follow,week,g0.5,sl1.5,2.5R,,75,0.36,0.019413869176364843,1.4560401882273633,1.0323577185522956,-0.12541163766227845,0.007932166671037645,0.26430453609265764,-0.19486546437539137,3
B.GAP,US100,M15,fade,week,g1.0,sl0.75,fill,,54,0.3888888888888889,-0.07033480664262008,-3.7980795587014846,0.8793739708902772,-0.24862514071725922,0.00512426675736979,-0.02777777777776839,-0.10438042973450141,2
B.GAP,US100,M15,fade,week,g1.0,sl0.75,half,,54,0.5370370370370371,-0.07690866588469898,-4.153067957773745,0.8231713787779706,-0.25519899995933815,0.00512426675736979,-0.16666666666666197,-0.005102265259128602,1
B.GAP,US100,M15,follow,week,g1.0,sl0.75,1.5R,,54,0.4444444444444444,0.06213812452718087,3.355458724467767,1.1118486241489256,-0.11615220954745836,0.00512426675736979,0.14583333333332874,-0.004818042517737475,2
B.GAP,US100,M15,follow,week,g1.0,sl0.75,2.5R,,54,0.35185185185185186,0.09713249195570901,5.245154565608287,1.1498615590173795,-0.0811578421189302,0.00512426675736979,0.2941745559788476,-0.060501159262801855,3
B.GAP,US100,M15,fade,week,g1.0,sl1.5,fill,,54,0.5555555555555556,-0.03237632860843265,-1.748321744855363,0.9190309990589036,-0.12152149564575167,0.01024853351473961,-0.09722222222222188,0.019500386282598738,1
B.GAP,US100,M15,fade,week,g1.0,sl1.5,half,,54,0.6666666666666666,-0.06652745576033398,-3.592482611058035,0.769601627869683,-0.155672622797653,0.01024853351473961,-0.11111111111111034,-0.030860531479712884,0
B.GAP,US100,M15,follow,week,g1.0,sl1.5,1.5R,,54,0.4074074074074074,-0.04263304766615827,-2.3021845739725464,0.9206094901822145,-0.13177821470347736,0.01024853351473961,-0.06323718901084512,-0.02614973459040885,1
B.GAP,US100,M15,follow,week,g1.0,sl1.5,2.5R,,54,0.35185185185185186,-0.10266592244023613,-5.543959811772751,0.8267416937049157,-0.1918110894775552,0.01024853351473961,0.11461078180179252,-0.27648728583385906,2
C.VWAP,US100,M15,long,fade,k2.0,vwap,,,544,0.4724264705882353,-0.04449996918873699,-24.207983238672924,0.911616397675907,-0.30278549911149644,0.003233716994083911,-0.026549629981342585,-0.04864235515967417,0
C.VWAP,US100,M15,short,fade,k2.0,vwap,,,663,0.41478129713423834,-0.04137617791850839,-27.43240595997106,0.9261001376757121,-0.3860610161277589,0.0023064188823670733,0.16970191256840633,-0.09484397399647923,1
C.VWAP,US100,M15,long,fade,k2.0,half,,,562,0.6067615658362989,-0.035750873469511106,-20.09199088986524,0.9053010907431644,-0.29558841266837366,0.0032271244095035344,-0.004638777692328705,-0.043067344344584785,0
C.VWAP,US100,M15,short,fade,k2.0,half,,,679,0.5434462444771723,-0.047911343753395216,-32.53180240855535,0.8895305440900654,-0.39224053391828906,0.002307149296359736,0.08957864417383894,-0.08298272699546233,1
C.VWAP,US100,M15,long,fade,k3.0,vwap,,,142,0.4859154929577465,0.1204385558742073,17.102274934137437,1.249314568122896,-0.10340593915379952,0.003692693164385899,0.4757639007906711,0.05529557597285559,2
C.VWAP,US100,M15,short,fade,k3.0,vwap,,,120,0.425,0.1988095431775569,23.857145181306826,1.3594652670128347,-0.13318355588094793,0.002879165703803066,-0.047176258684555335,0.25713607351599577,2
C.VWAP,US100,M15,long,fade,k3.0,half,,,142,0.5985915492957746,0.12081607187744665,17.155882206597425,1.314938806722908,-0.10302842315056011,0.003692693164385899,0.4798339153418547,0.05499613390897188,2
C.VWAP,US100,M15,short,fade,k3.0,half,,,120,0.55,0.1530051751934103,18.360621023209237,1.3574300645702742,-0.1789879238650945,0.002879165703803066,-0.20042728379897667,0.23680874794418244,2
C.VWAP,US100,M15,long,pull,hold12,1.5R,,,240,0.475,0.1778879065323218,42.693097567757235,1.3432218156531084,-0.3003790802251646,0.0014049232838715974,0.1956521739130437,0.17367576065854237,3
C.VWAP,US100,M15,short,pull,hold12,1.5R,,,188,0.4095744680851064,0.006838777197739781,1.2856901131750789,1.0117301190821006,-0.41614199330749735,0.0016184607946584057,0.07676160137996733,-0.012059283392051477,2
C.VWAP,US100,M15,long,pull,hold12,2.5R,,,240,0.32916666666666666,0.1258045731989836,30.193097567756066,1.18942997251237,-0.3524624135585028,0.0014049232838715974,0.1413043478260895,0.1221293689059585,2
C.VWAP,US100,M15,short,pull,hold12,2.5R,,,188,0.2925531914893617,-0.037322881688139464,-7.016701757370219,0.9463840809074175,-0.4603036521933765,0.0016184607946584057,0.16407660493949328,-0.09175517537128346,1
C.VWAP,US100,M15,long,pull,hold24,1.5R,,,141,0.46808510638297873,0.16458224818784134,23.20609699448563,1.3123339881843539,-0.3015317032206386,0.0013707038775947855,0.25000000000000944,0.145270408647699,3
C.VWAP,US100,M15,short,pull,hold24,1.5R,,,99,0.42424242424242425,0.047098976913794874,4.662798714465692,1.083177934580309,-0.3657780374298487,0.0016650017401904184,0.32349126171646225,-0.01020186261846549,2
C.VWAP,US100,M15,long,pull,hold24,2.5R,,,141,0.3475177304964539,0.1867784298056802,26.33575860260091,1.2884562168042932,-0.27933552160279973,0.0013707038775947855,0.3461538461538404,0.15074572697913965,3
C.VWAP,US100,M15,short,pull,hold24,2.5R,,,99,0.2727272727272727,-0.09968014176188107,-9.868334034426226,0.8611230650790042,-0.5125571561055245,0.0016650017401904184,0.44113832054001845,-0.21180104248300657,2
A.ORB,XAUUSD,M5,long,NY,or30,buf0.0,opp,1.5R,233,0.4592274678111588,0.007957874962500857,1.8541848662626998,1.0191126369313281,-0.12165583591085904,0.004959408283527009,0.05843688645784386,-0.043837980310981545,3
A.ORB,XAUUSD,M5,short,NY,or30,buf0.0,opp,1.5R,228,0.43859649122807015,0.03422278762133772,7.802795577665,1.0719485997994296,-0.09270692288777199,0.00526300086582421,-0.010259909303575248,0.07355872622435991,2
A.ORB,XAUUSD,M5,long,NY,or30,buf0.0,opp,2.5R,233,0.44635193133047213,0.07654644078387722,17.835320702643394,1.1815411740272206,-0.05306727008948267,0.004959408283527009,0.1396179664714339,0.011829570947949475,3
A.ORB,XAUUSD,M5,short,NY,or30,buf0.0,opp,2.5R,228,0.42105263157894735,0.05365289529070074,12.23286012627977,1.1101510070338354,-0.07327681521840898,0.00526300086582421,0.02364405571960341,0.08018963772134056,2
A.ORB,XAUUSD,M5,long,NY,or30,buf0.0,opp,3.5R,233,0.44206008583690987,0.09519772805542129,22.18107063691316,1.2254265795484367,-0.03441598281793859,0.004959408283527009,0.14807725261664062,0.04093873763608315,3
A.ORB,XAUUSD,M5,short,NY,or30,buf0.0,opp,3.5R,228,0.4166666666666667,0.05387833622859433,12.284260660119507,1.1105699431581972,-0.07305137428051542,0.00526300086582421,0.05803912274205106,0.05019896303074414,3
A.ORB,XAUUSD,M5,long,NY,or30,buf0.0,opp,eod,233,0.44206008583690987,0.11283799477095051,26.291252781631467,1.267198427146405,-0.016775716102409337,0.004959408283527009,0.17457490876708062,0.04949055258361696,3
A.ORB,XAUUSD,M5,short,NY,or30,buf0.0,opp,eod,228,0.4166666666666667,0.010757352928986476,2.4526764678089163,1.02207640371158,-0.11617235758012324,0.00526300086582421,0.04100460502743092,-0.015990217108480947,2
A.ORB,XAUUSD,M5,long,NY,or30,buf0.0,half,1.5R,233,0.3776824034334764,-0.11162645983841196,-26.008965142349986,0.8186156091077638,-0.37085388158513216,0.0024797041417635043,-0.01529565323710485,-0.21047024400323142,1
A.ORB,XAUUSD,M5,short,NY,or30,buf0.0,half,1.5R,228,0.3333333333333333,-0.21760632202278324,-49.61424142119458,0.6864323809625287,-0.4713878509081628,0.002631678923465877,-0.2454967909653116,-0.19294284948682833,0
A.ORB,XAUUSD,M5,long,NY,or30,buf0.0,half,2.5R,233,0.30472103004291845,-0.14580002627408356,-33.97140612186147,0.7871279664152563,-0.4050274480208037,0.0024797041417635043,-0.016743385299061466,-0.2782233622310628,1
A.ORB,XAUUSD,M5,short,NY,or30,buf0.0,half,2.5R,228,0.2807017543859649,-0.17801425260927287,-40.58724959491421,0.7603705689205374,-0.4317957814946525,0.002631678923465877,-0.19019825491525685,-0.1672399695783614,0
A.ORB,XAUUSD,M5,long,NY,or30,buf0.0,half,3.5R,233,0.2918454935622318,-0.10079884782033277,-23.486131542137535,0.8546613878409076,-0.3600262695670529,0.0024797041417635043,0.060071290258349654,-0.26586559819671995,1
A.ORB,XAUUSD,M5,short,NY,or30,buf0.0,half,3.5R,228,0.2631578947368421,-0.14507269993772068,-33.07657558580031,0.8084406602385207,-0.3988542288231003,0.002631678923465877,-0.11617658562038792,-0.17062546218527938,1
A.ORB,XAUUSD,M5,long,NY,or30,buf0.0,half,eod,233,0.2875536480686695,0.037076261190030026,8.638768857276997,1.0533103263214485,-0.22215116055669018,0.0024797041417635043,0.18509792989377002,-0.11480684234945975,2
A.ORB,XAUUSD,M5,short,NY,or30,buf0.0,half,eod,228,0.25877192982456143,-0.17391217469685266,-39.65197583088241,0.7716822320398322,-0.42769370358223224,0.002631678923465877,-0.1661458594004976,-0.18077990805809224,2
A.ORB,XAUUSD,M5,long,NY,or30,buf0.1,opp,1.5R,227,0.46255506607929514,0.012402226731523669,2.8153054680558727,1.0303682213511307,-0.11274707764689727,0.005052108239553906,0.05667574368294239,-0.03386559278527426,3
A.ORB,XAUUSD,M5,short,NY,or30,buf0.1,opp,1.5R,221,0.43891402714932126,0.028864029079322197,6.3789504265302055,1.0619788456629897,-0.09339008557744259,0.005432256702492317,0.028391089699952066,0.02926940569021087,2
A.ORB,XAUUSD,M5,long,NY,or30,buf0.1,opp,2.5R,227,0.44933920704845814,0.08600885117520707,19.524009216772004,1.207706032613746,-0.03914045320321388,0.005052108239553906,0.15222061232533768,0.016814578261557064,3
A.ORB,XAUUSD,M5,short,NY,or30,buf0.1,opp,2.5R,221,0.4343891402714932,0.06360783476504739,14.057331483075473,1.135268862861826,-0.05864627989171736,0.005432256702492317,0.04729466752740437,0.07759054954016996,3
A.ORB,XAUUSD,M5,long,NY,or30,buf0.1,opp,3.5R,227,0.44493392070484583,0.10251369455982663,23.270608665080644,1.2470954347496441,-0.02263560981859433,0.005052108239553906,0.16052635092515027,0.04188785547534424,3
A.ORB,XAUUSD,M5,short,NY,or30,buf0.1,opp,3.5R,221,0.4298642533936652,0.039372347010342874,8.701288689285775,1.0836690001122828,-0.0828817676464219,0.005432256702492317,0.08380188526274436,0.0012898856511415976,3
A.ORB,XAUUSD,M5,long,NY,or30,buf0.1,opp,eod,227,0.44493392070484583,0.11474965656127448,26.048172039409305,1.2765885708941362,-0.010399647817146486,0.005052108239553906,0.18336085637040178,0.043047862166150405,3
A.ORB,XAUUSD,M5,short,NY,or30,buf0.1,opp,eod,221,0.4298642533936652,0.014629366216256406,3.233089933792666,1.0310884297364604,-0.10762474844050834,0.005432256702492317,0.05849459407335204,-0.022969400518396986,3
A.ORB,XAUUSD,M5,long,NY,or30,buf0.1,half,1.5R,227,0.3788546255506608,-0.10729447499115363,-24.355845822991874,0.8245958460445083,-0.34887966696384665,0.002604490238747025,-0.012716750279062246,-0.206132457573159,1
A.ORB,XAUUSD,M5,short,NY,or30,buf0.1,half,1.5R,221,0.334841628959276,-0.20967583133606096,-46.33835872526947,0.6963026331357529,-0.44549660138463176,0.0028002127044810914,-0.23910557119003262,-0.1844503400326567,0
A.ORB,XAUUSD,M5,long,NY,or30,buf0.1,half,2.5R,227,0.32158590308370044,-0.1179977179082004,-26.78548196516149,0.822095417098884,-0.35958290988089336,0.002604490238747025,0.019747002345320976,-0.26194715529025875,1
A.ORB,XAUUSD,M5,short,NY,or30,buf0.1,half,2.5R,221,0.2850678733031674,-0.16383654181673823,-36.20787574149915,0.7775613291401394,-0.3996573118653091,0.0028002127044810914,-0.16042818760142755,-0.16675798828700458,0
A.ORB,XAUUSD,M5,long,NY,or30,buf0.1,half,3.5R,227,0.30837004405286345,-0.07027683186203613,-15.952840832682202,0.8954809267661951,-0.31186202383472916,0.002604490238747025,0.09708581674211433,-0.2451783385114186,1
A.ORB,XAUUSD,M5,short,NY,or30,buf0.1,half,3.5R,221,0.27149321266968324,-0.11718859051857447,-25.89867850460496,0.8431582785284544,-0.3530093605671453,0.0028002127044810914,-0.09048155233724411,-0.14008033753114338,1
A.ORB,XAUUSD,M5,long,NY,or30,buf0.1,half,eod,227,0.3039647577092511,0.04593869186964993,10.428083054410534,1.0681021217102014,-0.19564650010304308,0.002604490238747025,0.2103430690062392,-0.1258712878406596,2
A.ORB,XAUUSD,M5,short,NY,or30,buf0.1,half,eod,221,0.26244343891402716,-0.20654036813027182,-45.645421356790074,0.7268805276983944,-0.4423611381788426,0.0028002127044810914,-0.18867789730895404,-0.22185105740568709,0
A.ORB,XAUUSD,M5,long,NY,or60,buf0.0,opp,1.5R,196,0.5153061224489796,0.09069258297087172,17.77574626229086,1.339849317263716,-0.001655197327680883,0.006853086432966391,0.13180626927763398,0.047865826401327694,3
A.ORB,XAUUSD,M5,short,NY,or60,buf0.0,opp,1.5R,170,0.5058823529411764,0.05456374062850796,9.275835906846353,1.1788561163857825,-0.03781474973515667,0.007586873857045987,0.015659158893531137,0.08833804784898235,2
A.ORB,XAUUSD,M5,long,NY,or60,buf0.0,opp,2.5R,196,0.5051020408163265,0.10020808666394108,19.640784986132452,1.3684276955702457,0.007860306365388465,0.006853086432966391,0.17147091064347858,0.025975978351922818,3
A.ORB,XAUUSD,M5,short,NY,or60,buf0.0,opp,2.5R,170,0.5058823529411764,0.07171494520050069,12.191540684085117,1.2350765625236333,-0.020663545163163946,0.007586873857045987,0.024518612755197018,0.11268758545521486,2
A.ORB,XAUUSD,M5,long,NY,or60,buf0.0,opp,3.5R,196,0.5051020408163265,0.09780401188077702,19.169586328632295,1.3595888107873233,0.005456231582224418,0.006853086432966391,0.15630622863290525,0.036864202763976756,3
A.ORB,XAUUSD,M5,short,NY,or60,buf0.0,opp,3.5R,170,0.5058823529411764,0.08367604967978187,14.224928445562918,1.274284224428893,-0.008702440683882763,0.007586873857045987,0.03455056293457867,0.12632345026078245,2
A.ORB,XAUUSD,M5,long,NY,or60,buf0.0,opp,eod,196,0.5051020408163265,0.09780401188077702,19.169586328632295,1.3595888107873233,0.005456231582224418,0.006853086432966391,0.15630622863290525,0.036864202763976756,3
A.ORB,XAUUSD,M5,short,NY,or60,buf0.0,opp,eod,170,0.5058823529411764,0.07190803831486975,12.224366513527858,1.2357095082150225,-0.02047045204879487,0.007586873857045987,0.03631338041516939,0.1028088951728514,2
A.ORB,XAUUSD,M5,long,NY,or60,buf0.0,half,1.5R,196,0.4744897959183674,0.07452606257175312,14.607108264063612,1.166343312380203,-0.11015983080853199,0.0034266657740487944,0.14316698658682353,0.0030251000560547934,2
A.ORB,XAUUSD,M5,short,NY,or60,buf0.0,half,1.5R,170,0.4588235294117647,0.03877502935461284,6.591754990284183,1.0777300047841862,-0.14596530444771083,0.0037938234734188826,0.019720847601980385,0.05531657175524981,2
A.ORB,XAUUSD,M5,long,NY,or60,buf0.0,half,2.5R,196,0.42346938775510207,0.047717995331195834,9.352727084914383,1.0963016525746885,-0.13696789804908927,0.0034266657740487944,0.16090513697627895,-0.07018527721576577,2
A.ORB,XAUUSD,M5,short,NY,or60,buf0.0,half,2.5R,170,0.4176470588235294,0.013840461144686135,2.352878394596643,1.0261168419923694,-0.17089987265763754,0.0037938234734188826,-0.022420509516753784,0.045319765345276826,1
A.ORB,XAUUSD,M5,long,NY,or60,buf0.0,half,3.5R,196,0.40816326530612246,0.041800476636335106,8.192893420721681,1.0826711101320237,-0.14288541674395,0.0034266657740487944,0.2267099244272049,-0.15081353147915427,3
A.ORB,XAUUSD,M5,short,NY,or60,buf0.0,half,3.5R,170,0.4117647058823529,0.07837811941630904,13.324280300772536,1.1462752501246123,-0.10636221438601463,0.0037938234734188826,0.01202973984613829,0.13597726212008363,3
A.ORB,XAUUSD,M5,long,NY,or60,buf0.0,half,eod,196,0.40816326530612246,0.06522041840103009,12.783202006601897,1.1289900217980133,-0.11946547497925503,0.0034266657740487944,0.2280524320989114,-0.10439626253426297,3
A.ORB,XAUUSD,M5,short,NY,or60,buf0.0,half,eod,170,0.4117647058823529,0.08790081774328398,14.943139016358277,1.1640472391696777,-0.0968395160590397,0.0037938234734188826,0.024247660968462342,0.14316015164670057,2
A.ORB,XAUUSD,M5,long,NY,or60,buf0.1,opp,1.5R,188,0.5106382978723404,0.07629538054640511,14.343531542724161,1.2855243159834338,-0.0134688899799134,0.006932782848624718,0.14021654278323373,0.009595037342757858,3
A.ORB,XAUUSD,M5,short,NY,or60,buf0.1,opp,1.5R,165,0.503030303030303,0.05480751072725372,9.043239269996864,1.1830086759007592,-0.03462844505289954,0.007832880613513003,0.014270020408618758,0.08942379459485211,2
A.ORB,XAUUSD,M5,long,NY,or60,buf0.1,opp,2.5R,188,0.5053191489361702,0.09891379558426325,18.59579356984149,1.3699049092826336,0.009149525057944728,0.006932782848624718,0.17147111737717666,0.023201807626440557,3
A.ORB,XAUUSD,M5,short,NY,or60,buf0.1,opp,2.5R,165,0.503030303030303,0.058697579643494924,9.685100641176662,1.1959980700928583,-0.030738376136658353,0.007832880613513003,0.017404062961045963,0.09395945905772098,2
A.ORB,XAUUSD,M5,long,NY,or60,buf0.1,opp,3.5R,188,0.5053191489361702,0.09471581467849292,17.80657315955667,1.3542058479237318,0.004951544152174413,0.006932782848624718,0.15575329607295857,0.0310245297451375,3
A.ORB,XAUUSD,M5,short,NY,or60,buf0.1,opp,3.5R,165,0.503030303030303,0.07400954708155331,12.211575268456297,1.2471265167070404,-0.01542640869859994,0.007832880613513003,0.02512707727834291,0.11575188084609257,2
A.ORB,XAUUSD,M5,long,NY,or60,buf0.1,opp,eod,188,0.5053191489361702,0.09471581467849292,17.80657315955667,1.3542058479237318,0.004951544152174413,0.006932782848624718,0.15575329607295857,0.0310245297451375,3
A.ORB,XAUUSD,M5,short,NY,or60,buf0.1,opp,eod,165,0.503030303030303,0.06487637336524718,10.704601605265784,1.2166297835693018,-0.024559582414906085,0.007832880613513003,0.025296724217494605,0.09867472544647411,2
A.ORB,XAUUSD,M5,long,NY,or60,buf0.1,half,1.5R,188,0.4627659574468085,0.059554448940570305,11.196236400827217,1.134753729060447,-0.11515432266601391,0.0035499431115942953,0.09700667053676126,0.020473869883675354,2
A.ORB,XAUUSD,M5,short,NY,or60,buf0.1,half,1.5R,165,0.4484848484848485,0.03393045532508144,5.598525128638437,1.0679379712783659,-0.14002840323142313,0.004008806559697283,0.03063954836945827,0.036740668006287745,3
A.ORB,XAUUSD,M5,long,NY,or60,buf0.1,half,2.5R,188,0.425531914893617,0.05531206871445744,10.398668918317998,1.1154296281269698,-0.11939670289212678,0.0035499431115942953,0.14484846200800475,-0.038117211244026665,2
A.ORB,XAUUSD,M5,short,NY,or60,buf0.1,half,2.5R,165,0.4121212121212121,-0.004167969770461724,-0.6877150121261844,0.9920920324212198,-0.17812682832696627,0.004008806559697283,-0.05514174245258198,0.039360195665955604,1
A.ORB,XAUUSD,M5,long,NY,or60,buf0.1,half,3.5R,188,0.4095744680851064,0.04483793457397615,8.429531699907516,1.0914950422793135,-0.12987083703260807,0.0035499431115942953,0.21362458045747634,-0.13128726113054578,3
A.ORB,XAUUSD,M5,short,NY,or60,buf0.1,half,3.5R,165,0.40606060606060607,0.03948125090329285,6.51440639904332,1.0740569476593242,-0.1344776076532117,0.004008806559697283,0.008233501278251964,0.06616472249321541,2
A.ORB,XAUUSD,M5,long,NY,or60,buf0.1,half,eod,188,0.4095744680851064,0.05857838641425517,11.012736645879972,1.1195334261613594,-0.11613038519232902,0.0035499431115942953,0.20470101040562472,-0.09389739514195655,3
A.ORB,XAUUSD,M5,short,NY,or60,buf0.1,half,eod,165,0.40606060606060607,0.05485822440956179,9.051607027577695,1.102900302316499,-0.11910063414694273,0.004008806559697283,0.0006524747448805964,0.10114628030299745,2
A.ORB,XAUUSD,M5,long,LDN,or30,buf0.0,opp,1.5R,286,0.4125874125874126,0.004553116825091893,1.3021914119762812,1.0078477629627267,-0.21690387344784107,0.002896312363672851,0.16318459437890206,-0.156312606891448,2
A.ORB,XAUUSD,M5,short,LDN,or30,buf0.0,opp,1.5R,284,0.4084507042253521,-0.0025168141486700962,-0.7147752182223073,0.9958763363209998,-0.22454800883339449,0.002826022380289024,0.04684064765170898,-0.04851662548643835,1
A.ORB,XAUUSD,M5,long,LDN,or30,buf0.0,opp,2.5R,286,0.3146853146853147,-0.03189243484030796,-9.121236364328077,0.9527012422437765,-0.253349425113241,0.002896312363672851,0.13526291960619233,-0.20140209005366033,2
A.ORB,XAUUSD,M5,short,LDN,or30,buf0.0,opp,2.5R,284,0.29577464788732394,-0.032764145032851535,-9.305017189329837,0.9544703719834925,-0.2547953397175759,0.002826022380289024,0.07076072897154025,-0.12924651060157039,1
A.ORB,XAUUSD,M5,long,LDN,or30,buf0.0,opp,3.5R,286,0.27972027972027974,-0.033760148472773255,-9.65540246321315,0.952399637019898,-0.25521713874570623,0.002896312363672851,0.12358372677531881,-0.19332013463985256,2
A.ORB,XAUUSD,M5,short,LDN,or30,buf0.0,opp,3.5R,284,0.2535211267605634,-0.025067893769160965,-7.1192818304417145,0.9670971485380154,-0.2470990884538854,0.002826022380289024,0.0663485948111883,-0.11026557360254773,2
A.ORB,XAUUSD,M5,long,LDN,or30,buf0.0,opp,eod,286,0.25524475524475526,0.056234734531832024,16.08313407610396,1.0767588089961317,-0.1652222557411009,0.002896312363672851,0.4731012865405881,-0.36650317736437127,2
A.ORB,XAUUSD,M5,short,LDN,or30,buf0.0,opp,eod,284,0.22535211267605634,0.1159059143560952,32.917279677131035,1.1473549011013524,-0.10612528032862922,0.002826022380289024,-0.01728822000161699,0.2400392232472964,2
A.ORB,XAUUSD,M5,long,LDN,or30,buf0.0,half,1.5R,286,0.32517482517482516,-0.2647482507747204,-75.71799972157004,0.6412814667941715,-0.7076221877722289,0.0014482187016120812,-0.11516666494847766,-0.41643661949992433,0
A.ORB,XAUUSD,M5,short,LDN,or30,buf0.0,half,1.5R,284,0.31690140845070425,-0.35216612137273734,-100.0151784698574,0.5744309830495256,-0.7962228850442318,0.0014130285838533786,-0.09358236964392466,-0.5931591416914267,1
A.ORB,XAUUSD,M5,long,LDN,or30,buf0.0,half,2.5R,286,0.25524475524475526,-0.20610536163043242,-58.94613342630367,0.7449093273306862,-0.6489792986279408,0.0014482187016120812,-0.0438342601202542,-0.37066197161258496,1
A.ORB,XAUUSD,M5,short,LDN,or30,buf0.0,half,2.5R,284,0.23943661971830985,-0.3143476806738977,-89.27474131138695,0.6526479803921108,-0.7584044443453922,0.0014130285838533786,-0.015185018122248418,-0.5931591416914211,1
A.ORB,XAUUSD,M5,long,LDN,or30,buf0.0,half,3.5R,286,0.19230769230769232,-0.2563898229318464,-73.32748935850807,0.705605659432563,-0.6992637599293549,0.0014482187016120812,-0.06119537123136154,-0.45433349226191555,1
A.ORB,XAUUSD,M5,short,LDN,or30,buf0.0,half,3.5R,284,0.1795774647887324,-0.3477983848992517,-98.77474131138749,0.6395282120393446,-0.7918551485707462,0.0014130285838533786,0.09430403297264245,-0.7598258083580919,1
A.ORB,XAUUSD,M5,long,LDN,or30,buf0.0,half,eod,286,0.1048951048951049,-0.21536680194531474,-61.594905356360016,0.775265986269504,-0.6582407389428231,0.0014482187016120812,0.2725228760882913,-0.7101281655850279,2
A.ORB,XAUUSD,M5,short,LDN,or30,buf0.0,half,eod,284,0.09154929577464789,-0.1691350025439556,-48.03434072248339,0.8388353244167648,-0.6131917662154501,0.0014130285838533786,-0.1355566729420686,-0.2004290920368707,2
A.ORB,XAUUSD,M5,long,LDN,or30,buf0.1,opp,1.5R,284,0.4014084507042254,-0.025578814183968655,-7.264383228247098,0.9567568898309403,-0.23764189322871343,0.0030101864097670287,0.15107356738110056,-0.20473690328896793,2
A.ORB,XAUUSD,M5,short,LDN,or30,buf0.1,opp,1.5R,280,0.4,-0.02609121956874215,-7.305541479247802,0.9575854986399462,-0.2370851849737406,0.0029462932205087063,0.05168608626358458,-0.09747587012717901,1
A.ORB,XAUUSD,M5,long,LDN,or30,buf0.1,opp,2.5R,284,0.3204225352112676,-0.020807768748561484,-5.909406324591462,0.968886699884857,-0.2328708477933063,0.0030101864097670287,0.1310807346060357,-0.17485071895925225,2
A.ORB,XAUUSD,M5,short,LDN,or30,buf0.1,opp,2.5R,280,0.29642857142857143,-0.0350835080251404,-9.823382247039312,0.9509594105250038,-0.2460774734301389,0.0029462932205087063,0.08181658296919025,-0.1423753723624028,2
A.ORB,XAUUSD,M5,long,LDN,or30,buf0.1,opp,3.5R,284,0.2852112676056338,-0.02460779591640581,-6.98861404025925,0.9650450170576615,-0.23667087496115063,0.0030101864097670287,0.11098403699511324,-0.16212291723801736,2
A.ORB,XAUUSD,M5,short,LDN,or30,buf0.1,opp,3.5R,280,0.26071428571428573,-0.01352656045912411,-3.787436928554751,0.9819912783719957,-0.2245205258641226,0.0029462932205087063,0.08190894250932755,-0.1011180494849633,2
A.ORB,XAUUSD,M5,long,LDN,or30,buf0.1,opp,eod,284,0.2676056338028169,0.08710985504072262,24.739198831565226,1.1208989223815446,-0.12495322400402212,0.0030101864097670287,0.44680738529788944,-0.2776897678442053,2
A.ORB,XAUUSD,M5,short,LDN,or30,buf0.1,opp,eod,280,0.23214285714285715,0.10049294857776186,28.13802560177332,1.1294503113409593,-0.11050101682723668,0.0029462932205087063,-0.03241555918638782,0.2224774694023924,2
A.ORB,XAUUSD,M5,long,LDN,or30,buf0.1,half,1.5R,284,0.3274647887323944,-0.2507626028376845,-71.21657920590239,0.6545581919505915,-0.6581426245465859,0.0015592462558821712,-0.14375084067885052,-0.35929226233210476,0
A.ORB,XAUUSD,M5,short,LDN,or30,buf0.1,half,1.5R,280,0.3392857142857143,-0.27755204470498557,-77.71457251739596,0.644966319858289,-0.6825748832265048,0.0015275121031209321,-0.05493455278319549,-0.4818722085236149,1
A.ORB,XAUUSD,M5,long,LDN,or30,buf0.1,half,2.5R,284,0.2640845070422535,-0.17103365247424523,-48.57355730268564,0.7833093701395086,-0.5784136741831466,0.0015592462558821712,-0.013097110025656179,-0.3312104295674951,1
A.ORB,XAUUSD,M5,short,LDN,or30,buf0.1,half,2.5R,280,0.22142857142857142,-0.3543377589906945,-99.21457251739446,0.606124953494978,-0.7593605975122136,0.0015275121031209321,-0.03627783636527461,-0.6462557701674496,1
A.ORB,XAUUSD,M5,long,LDN,or30,buf0.1,half,3.5R,284,0.18661971830985916,-0.28287324125790514,-80.33600051724505,0.6736442930759852,-0.6902532629668064,0.0015592462558821712,-0.05653720677313997,-0.5124197159481281,1
A.ORB,XAUUSD,M5,short,LDN,or30,buf0.1,half,3.5R,280,0.16785714285714284,-0.37755204470498516,-105.71457251739585,0.6039073114219362,-0.7825748832265044,0.0015275121031209321,-0.040009179648863975,-0.6873516605784113,1
A.ORB,XAUUSD,M5,long,LDN,or30,buf0.1,half,eod,284,0.11619718309859155,-0.157956578854648,-44.85966839472003,0.8314565526534367,-0.5653366005635493,0.0015592462558821712,0.21755840938196813,-0.5387980208251169,2
A.ORB,XAUUSD,M5,short,LDN,or30,buf0.1,half,eod,280,0.09642857142857143,-0.16049634610574734,-44.93897690960925,0.84286947782478,-0.5655191846272666,0.0015275121031209321,-0.1710440952581885,-0.15081553523980812,2
A.ORB,XAUUSD,M5,long,LDN,or60,buf0.0,opp,1.5R,274,0.4124087591240876,-0.020385894407037464,-5.585735067528265,0.9638579487211728,-0.17824814810116732,0.0039529295775956935,0.08308905138536408,-0.12849404672745704,2
A.ORB,XAUUSD,M5,short,LDN,or60,buf0.0,opp,1.5R,268,0.3843283582089552,-0.062748556079912,-16.816613029416416,0.8964165305353105,-0.2191074064948313,0.003953191151064709,-0.024376272338635947,-0.09731082583269257,1
A.ORB,XAUUSD,M5,long,LDN,or60,buf0.0,opp,2.5R,274,0.3613138686131387,0.00034962232745801487,0.09579651772349607,1.0005717361157385,-0.15751263136667187,0.0039529295775956935,0.21267521433632383,-0.2214830857415063,2
A.ORB,XAUUSD,M5,short,LDN,or60,buf0.0,opp,2.5R,268,0.31716417910447764,-0.03101523143175424,-8.312082023710136,0.9535566233372172,-0.18737408184667353,0.003953191151064709,-0.009740918371294682,-0.050177201351458964,2
A.ORB,XAUUSD,M5,long,LDN,or60,buf0.0,opp,3.5R,274,0.3467153284671533,0.034897126899338854,9.561812770418847,1.055736548964656,-0.12296512679479105,0.0039529295775956935,0.2290006619120162,-0.16789761117360769,2
A.ORB,XAUUSD,M5,short,LDN,or60,buf0.0,opp,3.5R,268,0.29850746268656714,0.004895014205683244,1.3118638071231095,1.007130764687364,-0.15146383620923604,0.003953191151064709,-0.003893508127340644,0.012810917299967188,2
A.ORB,XAUUSD,M5,long,LDN,or60,buf0.0,opp,eod,274,0.33211678832116787,0.01602110257151216,4.389782104594332,1.0250053482216714,-0.14184115112261778,0.0039529295775956935,0.3217659197024367,-0.3034137809981104,2
A.ORB,XAUUSD,M5,short,LDN,or60,buf0.0,opp,eod,268,0.2947761194029851,-0.01691724947016479,-4.533822858004164,0.9754891910660071,-0.1732760998850841,0.003953191151064709,-0.05698660225051065,0.01917358601284172,2
A.ORB,XAUUSD,M5,long,LDN,or60,buf0.0,half,1.5R,274,0.30656934306569344,-0.3007034536512552,-82.39274630044393,0.5922256343305318,-0.6164131072968225,0.001976492964213377,-0.190234641009577,-0.4161186310380832,0
A.ORB,XAUUSD,M5,short,LDN,or60,buf0.0,half,1.5R,268,0.31716417910447764,-0.2862201904762569,-76.70701104763685,0.6243664179103875,-0.5988954107966012,0.0019766486220242144,-0.11622670829079099,-0.43933488719649927,0
A.ORB,XAUUSD,M5,long,LDN,or60,buf0.0,half,2.5R,274,0.23357664233576642,-0.29169277374664637,-79.92382000658111,0.638762519726805,-0.6074024273922137,0.001976492964213377,-0.1963152249494103,-0.39134095905719163,0
A.ORB,XAUUSD,M5,short,LDN,or60,buf0.0,half,2.5R,268,0.2126865671641791,-0.34315885779539784,-91.96657388916663,0.6039457487771551,-0.6558340781157422,0.0019766486220242144,-0.14976657318472886,-0.5173490715936601,0
A.ORB,XAUUSD,M5,long,LDN,or60,buf0.0,half,3.5R,274,0.18248175182481752,-0.33883789535583814,-92.84158332749965,0.6053494015384786,-0.6545475490014053,0.001976492964213377,-0.19791329252951972,-0.48607255502512586,0
A.ORB,XAUUSD,M5,short,LDN,or60,buf0.0,half,3.5R,268,0.15671641791044777,-0.3955382365131784,-106.0042473855318,0.5711923907971006,-0.7082134568335227,0.0019766486220242144,-0.28756184877527885,-0.49279356447568357,0
A.ORB,XAUUSD,M5,long,LDN,or60,buf0.0,half,eod,274,0.14233576642335766,-0.30493681680489515,-83.55268780454128,0.6599200610916908,-0.6206464704504624,0.001976492964213377,0.018096277624308894,-0.6424340796413771,1
A.ORB,XAUUSD,M5,short,LDN,or60,buf0.0,half,eod,268,0.11940298507462686,-0.3155907430588561,-84.57831913977343,0.6711663543101906,-0.6282659633792004,0.0019766486220242144,-0.3548595964940991,-0.28022092471647414,0
A.ORB,XAUUSD,M5,long,LDN,or60,buf0.1,opp,1.5R,272,0.41911764705882354,-0.007622743816487552,-2.073386318084614,0.9863313333159842,-0.1609205414903272,0.004063348805347107,0.10446463090330253,-0.12476669183190729,2
A.ORB,XAUUSD,M5,short,LDN,or60,buf0.1,opp,1.5R,263,0.3916349809885932,-0.05127781786926335,-13.486066099616261,0.9142979417854211,-0.20246899608173563,0.004074951206080025,-0.022442039352103905,-0.07700182172629766,0
A.ORB,XAUUSD,M5,long,LDN,or60,buf0.1,opp,2.5R,272,0.36764705882352944,0.006042890935054266,1.6436663343347604,1.00997860308682,-0.14725490673878538,0.004063348805347107,0.19995938857263357,-0.19662171937790457,2
A.ORB,XAUUSD,M5,short,LDN,or60,buf0.1,opp,2.5R,263,0.3231939163498099,-0.022767432177630012,-5.987834662716693,0.9655911391697115,-0.1739586103901023,0.004074951206080025,-0.003606915046072489,-0.0398602676043432,2
A.ORB,XAUUSD,M5,long,LDN,or60,buf0.1,opp,3.5R,272,0.35661764705882354,0.055959435559098554,15.220966472074807,1.0907527416858798,-0.09733836211474109,0.004063348805347107,0.24121894457078788,-0.13765764528770463,2
A.ORB,XAUUSD,M5,short,LDN,or60,buf0.1,opp,3.5R,263,0.30798479087452474,0.01477272214070572,3.8852259230056045,1.0218246429685707,-0.13641845607176656,0.004074951206080025,0.009855471388506428,0.01915933432252377,2
A.ORB,XAUUSD,M5,long,LDN,or60,buf0.1,opp,eod,272,0.34191176470588236,0.052483495456940824,14.275510764287905,1.0831329322640275,-0.10081430221689876,0.004063348805347107,0.3184429859455994,-0.2254741675349655,2
A.ORB,XAUUSD,M5,short,LDN,or60,buf0.1,opp,eod,263,0.3041825095057034,-0.013352148094304055,-3.5116149488019666,0.9803842460683412,-0.16454332630677634,0.004074951206080025,-0.05973906072681372,0.02802898259944557,2
A.ORB,XAUUSD,M5,long,LDN,or60,buf0.1,half,1.5R,272,0.3125,-0.2813043727624618,-76.51478939138961,0.612070284559253,-0.5791256548296874,0.0020853251647554426,-0.22143133563678996,-0.343878449156961,0
A.ORB,XAUUSD,M5,short,LDN,or60,buf0.1,half,1.5R,263,0.3269961977186312,-0.2592823219284021,-68.19125066716975,0.6518562198479209,-0.5529689888720493,0.00209167535385107,-0.0834673201576088,-0.4161244817814839,0
A.ORB,XAUUSD,M5,long,LDN,or60,buf0.1,half,2.5R,272,0.22794117647058823,-0.3123656319251321,-84.96345188363594,0.612857870625259,-0.6101869139923576,0.0020853251647554426,-0.2434463327276352,-0.3843940724398094,0
A.ORB,XAUUSD,M5,short,LDN,or60,buf0.1,half,2.5R,263,0.21673003802281368,-0.32823212092420234,-86.32504780306522,0.6161129291010707,-0.6219187878678494,0.00209167535385107,-0.09959635241567412,-0.5321949647735369,0
A.ORB,XAUUSD,M5,long,LDN,or60,buf0.1,half,3.5R,272,0.1875,-0.3269152548030287,-88.92094930642381,0.614164222337345,-0.6247365368702542,0.0020853251647554426,-0.22915546053200417,-0.42908526535695657,0
A.ORB,XAUUSD,M5,short,LDN,or60,buf0.1,half,3.5R,263,0.1634980988593156,-0.3737021133824005,-98.28365581957134,0.5885491369988699,-0.6673887803260476,0.00209167535385107,-0.30087544932298227,-0.43866978491742115,0
A.ORB,XAUUSD,M5,long,LDN,or60,buf0.1,half,eod,272,0.15441176470588236,-0.22527660790755266,-61.275237350854326,0.7435408100558673,-0.5230978899747781,0.0020853251647554426,-0.025894358567216055,-0.43365354518805493,1
A.ORB,XAUUSD,M5,short,LDN,or60,buf0.1,half,eod,263,0.12927756653992395,-0.289232511212838,-76.0681504489764,0.6931138866185695,-0.5829191781564852,0.00209167535385107,-0.3508091931755375,-0.2343007949295666,1
B.GAP,XAUUSD,M5,fade,cash,g0.5,sl0.75,fill,,310,0.44193548387096776,0.016133562088572306,5.001404247457415,1.038349741142785,-0.1565102608257001,0.007347334782877464,0.03714176537425484,-0.0051474750060151835,3
B.GAP,XAUUSD,M5,fade,cash,g0.5,sl0.75,half,,310,0.5516129032258065,0.009547973247704275,2.9598717067883253,1.0293989831330579,-0.16309584966656815,0.007347334782877464,0.035268293895883374,-0.016506377538762867,2
B.GAP,XAUUSD,M5,follow,cash,g0.5,sl0.75,1.5R,,310,0.46774193548387094,-0.005792947589453673,-1.7958137527306386,0.9869341970814791,-0.17843677050372614,0.007347334782877464,0.05469666541829268,-0.06706813998691101,2
B.GAP,XAUUSD,M5,follow,cash,g0.5,sl0.75,2.5R,,310,0.44193548387096776,0.0658454549166279,20.41209102415465,1.1411484855241643,-0.10679836799764454,0.007347334782877464,0.12985584612656126,0.0010037599247473459,3
B.GAP,XAUUSD,M5,fade,cash,g0.5,sl1.5,fill,,310,0.4935483870967742,-0.04253128723225585,-13.184699041999313,0.8504176578803762,-0.128853198689392,0.014694669565754926,-0.04982252427532634,-0.0351453587990156,0
B.GAP,XAUUSD,M5,fade,cash,g0.5,sl1.5,half,,310,0.603225806451613,-0.023228564377170264,-7.2008549569227815,0.8875743237199074,-0.10955047583430642,0.014694669565754926,-0.016244784940266703,-0.03030304224831933,1
B.GAP,XAUUSD,M5,follow,cash,g0.5,sl1.5,1.5R,,310,0.5032258064516129,0.027725471113502702,8.594896045185838,1.0922609520977153,-0.058596440343633455,0.014694669565754926,0.029748770120906192,0.025675895495613447,3
B.GAP,XAUUSD,M5,follow,cash,g0.5,sl1.5,2.5R,,310,0.4870967741935484,0.04143512531258526,12.84488884690143,1.1319980722669107,-0.04488678614455091,0.014694669565754926,0.05936480611173878,0.02327259151604012,3
B.GAP,XAUUSD,M5,fade,cash,g1.0,sl0.75,fill,,292,0.4452054794520548,0.02283585929494563,6.668070914124124,1.0558391975861399,-0.11576825715867566,0.007751898152030519,0.03888668052606562,0.006111577033149299,3
B.GAP,XAUUSD,M5,fade,cash,g1.0,sl0.75,half,,292,0.5513698630136986,0.014702756986716532,4.293205040121228,1.046323190206974,-0.12390135946690474,0.007751898152030519,0.03916233007443703,-0.010783091894894356,3
B.GAP,XAUUSD,M5,follow,cash,g1.0,sl0.75,1.5R,,292,0.4794520547945205,0.012685569339963572,3.704186247269363,1.029765933751243,-0.12591854711365774,0.007751898152030519,0.05391060271982322,-0.030269185720169903,3
B.GAP,XAUUSD,M5,follow,cash,g1.0,sl0.75,2.5R,,292,0.4554794520547945,0.08360305145258441,24.41209102415465,1.1869021149555021,-0.055001065001036895,0.007751898152030519,0.1359564563472722,0.029053000198678965,3
B.GAP,XAUUSD,M5,fade,cash,g1.0,sl1.5,fill,,292,0.4897260273972603,-0.0405868688652952,-11.851365708666199,0.8521230330471244,-0.1098889270921056,0.015503796304061034,-0.03874036098624777,-0.042510852599407546,0
B.GAP,XAUUSD,M5,fade,cash,g1.0,sl1.5,half,,292,0.5958904109589042,-0.02237735715841277,-6.5341882902565285,0.889344661341809,-0.09167941538522315,0.015503796304061034,-0.005822280429630603,-0.039627052491199764,1
B.GAP,XAUUSD,M5,follow,cash,g1.0,sl1.5,1.5R,,292,0.5102739726027398,0.03114690426433461,9.094896045185706,1.1106993321296803,-0.038155153962475784,0.015503796304061034,0.04456918214000918,0.01716145389037997,3
B.GAP,XAUUSD,M5,follow,cash,g1.0,sl1.5,2.5R,,292,0.5,0.04570167413322454,13.344888846901565,1.158281357647211,-0.023600384093585846,0.015503796304061034,0.06215375673443792,0.02855929435993228,4
B.GAP,XAUUSD,M5,fade,week,g0.5,sl0.75,fill,,48,0.22916666666666666,-0.46527777777776497,-22.333333333332718,0.3963963963964131,-1.004819389785471,0.0029400086430175273,-0.22222222222219737,-0.7083333333333325,0
B.GAP,XAUUSD,M5,fade,week,g0.5,sl0.75,half,,48,0.5,-0.16666666666666063,-7.9999999999997105,0.6666666666666788,-0.7062082786743665,0.0029400086430175273,-0.027777777777761747,-0.3055555555555595,1
B.GAP,XAUUSD,M5,follow,week,g0.5,sl0.75,1.5R,,48,0.375,-0.06249999999999476,-2.9999999999997486,0.9000000000000085,-0.6020416120077007,0.0029400086430175273,-0.37500000000000105,0.2500000000000115,1
B.GAP,XAUUSD,M5,follow,week,g0.5,sl0.75,2.5R,,48,0.3125,0.09374999999999512,4.4999999999997655,1.1363636363636294,-0.44579161200771084,0.0029400086430175273,-0.12499999999999896,0.3124999999999892,2
B.GAP,XAUUSD,M5,fade,week,g0.5,sl1.5,fill,,48,0.4791666666666667,-0.20138888888889106,-9.66666666666677,0.6133333333333292,-0.47115969489274584,0.005880017286035069,-0.097222222222225,-0.3055555555555571,1
B.GAP,XAUUSD,M5,fade,week,g0.5,sl1.5,half,,48,0.6666666666666666,-0.11111111111111682,-5.3333333333336075,0.6666666666666494,-0.3808819171149717,0.005880017286035069,-0.0555555555555604,-0.16666666666667326,1
B.GAP,XAUUSD,M5,follow,week,g0.5,sl1.5,1.5R,,48,0.4583333333333333,0.12049839532500745,5.783922975600357,1.2302530658451134,-0.14927241067884744,0.005880017286035069,0.01612248213125278,0.22487430851876208,2
B.GAP,XAUUSD,M5,follow,week,g0.5,sl1.5,2.5R,,48,0.3958333333333333,0.2059910321707488,9.887569544195943,1.351622387080863,-0.06377977383310603,0.005880017286035069,-0.007503494486058711,0.41948555882755634,2
B.GAP,XAUUSD,M5,fade,week,g1.0,sl0.75,fill,,37,0.24324324324324326,-0.4324324324324296,-15.999999999999895,0.4285714285714324,-0.6551328744151423,0.0036870474002754167,-0.12499999999999471,-0.6666666666666656,1
B.GAP,XAUUSD,M5,fade,week,g1.0,sl0.75,half,,37,0.5945945945945946,-0.009009009009008065,-0.3333333333332984,0.9777777777777799,-0.23170945099172072,0.0036870474002754167,0.25000000000000805,-0.20634920634921086,2
B.GAP,XAUUSD,M5,follow,week,g1.0,sl0.75,1.5R,,37,0.40540540540540543,0.013513513513513297,0.499999999999992,1.0227272727272725,-0.20918692846919928,0.0036870474002754167,-0.21875000000000155,0.19047619047619127,1
B.GAP,XAUUSD,M5,follow,week,g1.0,sl0.75,2.5R,,37,0.32432432432432434,0.1351351351351358,5.000000000000025,1.200000000000001,-0.08756530684757678,0.0036870474002754167,0.09375000000000155,0.16666666666666666,2
B.GAP,XAUUSD,M5,fade,week,g1.0,sl1.5,fill,,37,0.4864864864864865,-0.18918918918918978,-7.000000000000022,0.6315789473684198,-0.3005394101805449,0.007374094800550856,-0.16666666666666569,-0.20634920634920811,1
B.GAP,XAUUSD,M5,fade,week,g1.0,sl1.5,half,,37,0.7297297297297297,-0.02702702702703,-1.00000000000011,0.8999999999999891,-0.1383772480183851,0.007374094800550856,3.0253577421035516e-15,-0.04761904761905516,2
B.GAP,XAUUSD,M5,follow,week,g1.0,sl1.5,1.5R,,37,0.43243243243243246,0.048214134475692984,1.7839229756006403,1.0886648152567486,-0.06313608651566217,0.007374094800550856,0.05543372319688156,0.04271349545002547,2
B.GAP,XAUUSD,M5,follow,week,g1.0,sl1.5,2.5R,,37,0.35135135135135137,-0.003038660967684858,-0.11243045580433975,0.9951370599180247,-0.11438888195903996,0.007374094800550856,-0.16750524172909048,0.12226921008862421,2
C.VWAP,XAUUSD,M5,long,fade,k2.0,vwap,,,931,0.39097744360902253,-0.03211991803006618,-29.903643685991618,0.946255090778589,-0.36331231424459187,0.0026349288764114516,0.012551337911560347,-0.08175464685409566,1
C.VWAP,XAUUSD,M5,short,fade,k2.0,vwap,,,985,0.349238578680203,-0.07338427490926623,-72.28351078562724,0.8850052470268032,-0.49384115018797786,0.0017627250670279224,-0.09641757511986274,-0.04633412984958119,2
C.VWAP,XAUUSD,M5,long,fade,k2.0,half,,,949,0.5110642781875658,-0.06325887588326035,-60.032673213214075,0.8680163148522557,-0.3956923203887292,0.002631886622711046,-0.07165963596743698,-0.053903909197094854,0
C.VWAP,XAUUSD,M5,short,fade,k2.0,half,,,1008,0.4861111111111111,-0.02575021336757472,-25.95621507451532,0.9488584297742513,-0.4468308617983517,0.0017570515579809077,-0.09599583630156266,0.05595177725521809,1
C.VWAP,XAUUSD,M5,long,fade,k3.0,vwap,,,181,0.34806629834254144,0.08174042334829165,14.79501662604079,1.1290143805863269,-0.17462603636414245,0.003413250806104474,0.23414394346633832,-0.04733602736393153,3
C.VWAP,XAUUSD,M5,short,fade,k3.0,vwap,,,165,0.30303030303030304,-0.11855808827271296,-19.562084564997637,0.8288842819589402,-0.538314236493303,0.0018636454683804461,-0.32230002273253083,0.05542378834465968,1
C.VWAP,XAUUSD,M5,long,fade,k3.0,half,,,181,0.4530386740331492,0.03667683105403161,6.638506420779722,1.0685954640308726,-0.2196896286584025,0.003413250806104474,0.06216644217598721,0.015088691022171264,2
C.VWAP,XAUUSD,M5,short,fade,k3.0,half,,,165,0.4484848484848485,0.016592607843672925,2.7377802942060327,1.0303117389268206,-0.40316354037691726,0.0018636454683804461,-0.10975069723929892,0.12448127285834555,3
C.VWAP,XAUUSD,M5,long,pull,hold12,1.5R,,,291,0.5085910652920962,0.2714737054301031,78.99884828015999,1.5524350491591197,-0.3083496420041801,0.0011121416075970804,0.29309550538041196,0.2500000000000018,4
C.VWAP,XAUUSD,M5,short,pull,hold12,1.5R,,,271,0.3985239852398524,-0.00690321543420916,-1.8707713826706822,0.9885228749529406,-0.5821137877644947,0.0011749158398598825,-0.10698396678180075,0.09848484848484562,3
C.VWAP,XAUUSD,M5,long,pull,hold12,2.5R,,,291,0.32989690721649484,0.15463521745760136,44.998848280162,1.2307619615745269,-0.4251881299766817,0.0011121416075970804,0.1344748157252544,0.1746575342465761,3
C.VWAP,XAUUSD,M5,short,pull,hold12,2.5R,,,271,0.28413284132841327,-0.012438270784755016,-3.370771382668609,0.9826248897800589,-0.5876488431150405,0.0011749158398598825,-0.1573436790120081,0.14015151515151905,2
C.VWAP,XAUUSD,M5,long,pull,hold24,1.5R,,,240,0.5375,0.3408960652441631,81.81505565859915,1.741913767986514,-0.21525280981278982,0.0011328908918250065,0.38782832507048215,0.292372881355935,4
C.VWAP,XAUUSD,M5,short,pull,hold24,1.5R,,,206,0.4320388349514563,0.07335492800514709,15.1111151690603,1.129154830504789,-0.47412538783689145,0.0011857280324104893,0.07535757593129103,0.07142857142857051,3
C.VWAP,XAUUSD,M5,long,pull,hold24,2.5R,,,240,0.3875,0.34026885219482045,81.6645245267569,1.558291827502415,-0.21588002286213256,0.0011328908918250065,0.3742993813668594,0.3050847457627123,4
C.VWAP,XAUUSD,M5,short,pull,hold24,2.5R,,,206,0.3155339805825243,0.09277240373330997,19.111115169061854,1.1355398238940557,-0.4547079121087285,0.0011857280324104893,-0.018701830009291105,0.20000000000000243,3
A.ORB,XAUUSD,M15,long,NY,or30,buf0.0,opp,1.5R,233,0.4592274678111588,0.0023433510953572148,0.546000805218231,1.005553205292217,-0.12727035977800266,0.004959408283527009,0.052121663371880435,-0.04873352584924923,3
A.ORB,XAUUSD,M15,short,NY,or30,buf0.0,opp,1.5R,228,0.42105263157894735,-0.0074359879962886824,-1.6954052631538197,0.9849793053806071,-0.13436569850539837,0.00526300086582421,-0.038552861162963616,0.020080585795729678,2
A.ORB,XAUUSD,M15,long,NY,or30,buf0.0,opp,2.5R,233,0.44635193133047213,0.07093191691673359,16.527136641598926,1.1660149027029187,-0.058681793956626316,0.004959408283527009,0.1333027433854705,0.006934025409681787,3
A.ORB,XAUUSD,M15,short,NY,or30,buf0.0,opp,2.5R,228,0.40350877192982454,0.0019634204642282175,0.4476598658440336,1.0038766123729606,-0.1249662900448815,0.00526300086582421,-0.013994690532308358,0.016075138452901084,2
A.ORB,XAUUSD,M15,long,NY,or30,buf0.0,opp,3.5R,233,0.44206008583690987,0.08958320418827766,20.872886575868694,1.209348179685577,-0.04003050668508222,0.004959408283527009,0.14176202953067726,0.036043192097815466,3
A.ORB,XAUUSD,M15,short,NY,or30,buf0.0,opp,3.5R,228,0.40350877192982454,0.008961201888613135,2.0431540306037945,1.0176931567898533,-0.11796850862049654,0.00526300086582421,0.011054582097615928,0.007110030959990818,2
A.ORB,XAUUSD,M15,long,NY,or30,buf0.0,opp,eod,233,0.44206008583690987,0.10722347090380688,24.983068720587003,1.2505719532659751,-0.02239023996955297,0.004959408283527009,0.16825968568111727,0.044595007045349265,3
A.ORB,XAUUSD,M15,short,NY,or30,buf0.0,opp,eod,228,0.40350877192982454,-0.028100652106251487,-6.406948680225339,0.9445175714381788,-0.1550303626153612,0.00526300086582421,0.006931106266000073,-0.05907914917923427,2
A.ORB,XAUUSD,M15,long,NY,or30,buf0.0,half,1.5R,233,0.2918454935622318,-0.37720024634835775,-87.88765739916735,0.5026499169445519,-0.6364276680950779,0.0024797041417635043,-0.34660955007930394,-0.4085889607809521,0
A.ORB,XAUUSD,M15,short,NY,or30,buf0.0,half,1.5R,228,0.2807017543859649,-0.40952271023809056,-93.37117793428465,0.4924981670755489,-0.6633042391234703,0.002631678923465877,-0.4251925537793908,-0.3956659064453705,0
A.ORB,XAUUSD,M15,long,NY,or30,buf0.0,half,2.5R,233,0.23605150214592274,-0.42134341635729766,-98.17301601125035,0.48030891706652484,-0.6805708381040178,0.0024797041417635043,-0.3251104767518358,-0.5200867804742063,0
A.ORB,XAUUSD,M15,short,NY,or30,buf0.0,half,2.5R,228,0.2324561403508772,-0.38815652130268297,-88.49968685701171,0.5441262243087741,-0.6419380501880626,0.002631678923465877,-0.362846343003259,-0.4105382492203554,0
A.ORB,XAUUSD,M15,long,NY,or30,buf0.0,half,3.5R,233,0.2317596566523605,-0.3723375018084857,-86.75463792137717,0.5431718000415552,-0.6315649235552059,0.0024797041417635043,-0.27650069795528787,-0.47067439619698437,0
A.ORB,XAUUSD,M15,short,NY,or30,buf0.0,half,3.5R,228,0.21929824561403508,-0.36472632070919025,-83.15760112169538,0.5781628451236335,-0.61850784959457,0.002631678923465877,-0.3075162624934368,-0.4153170333462616,0
A.ORB,XAUUSD,M15,long,NY,or30,buf0.0,half,eod,233,0.22746781115879827,-0.2860358560250429,-66.64635445383499,0.64988820464236,-0.5452632777717632,0.0024797041417635043,-0.1992008837884479,-0.3751360884069404,0
A.ORB,XAUUSD,M15,short,NY,or30,buf0.0,half,eod,228,0.2149122807017544,-0.4071341188534779,-92.82657909859296,0.5314912276117464,-0.6609156477388577,0.002631678923465877,-0.36898118843178546,-0.44087266063133823,0
A.ORB,XAUUSD,M15,long,NY,or30,buf0.1,opp,1.5R,224,0.4642857142857143,0.011116891183902812,2.4901836251942298,1.0271400862254771,-0.11175955372341805,0.005119719299981148,0.056921300480918834,-0.03635313299664106,2
A.ORB,XAUUSD,M15,short,NY,or30,buf0.1,opp,1.5R,218,0.42660550458715596,-0.007717532776749082,-1.6824221453312997,0.9840043215921443,-0.1283007597028327,0.005505282375969088,0.008595001081779465,-0.021541714012790227,2
A.ORB,XAUUSD,M15,long,NY,or30,buf0.1,opp,2.5R,224,0.45089285714285715,0.08171067375569045,18.303190921274663,1.196667168186067,-0.041165771151630406,0.005119719299981148,0.14946703132909633,0.011490448634160738,3
A.ORB,XAUUSD,M15,short,NY,or30,buf0.1,opp,2.5R,218,0.41743119266055045,0.004145262215575587,0.903667162995478,1.0085102772830274,-0.11643796471050799,0.005505282375969088,0.01333787375817535,-0.0036450865493394637,2
A.ORB,XAUUSD,M15,long,NY,or30,buf0.1,opp,3.5R,224,0.44642857142857145,0.09429594622613402,21.12229195465402,1.226487776000574,-0.02858049868118687,0.005119719299981148,0.15201435163514015,0.03447868971134583,3
A.ORB,XAUUSD,M15,short,NY,or30,buf0.1,opp,3.5R,218,0.41743119266055045,-0.008150454484582619,-1.7767990776390108,0.983267010857391,-0.1287336814106662,0.005505282375969088,0.03687399884472313,-0.046306770865350205,2
A.ORB,XAUUSD,M15,long,NY,or30,buf0.1,opp,eod,224,0.44642857142857145,0.10519067211893265,23.562710554640915,1.2526556266489823,-0.017685772788388242,0.005119719299981148,0.1752511084923405,0.03258258351376454,3
A.ORB,XAUUSD,M15,short,NY,or30,buf0.1,opp,eod,218,0.41743119266055045,-0.028694601037158398,-6.255423026100531,0.9410896105837399,-0.149277827963242,0.005505282375969088,0.023024284075604643,-0.07252416469204234,2
A.ORB,XAUUSD,M15,long,NY,or30,buf0.1,half,1.5R,224,0.3080357142857143,-0.3418483745113948,-76.57403589055244,0.5256784762555106,-0.5753481973496797,0.00267518024225065,-0.3219224085099544,-0.36249892109470583,0
A.ORB,XAUUSD,M15,short,NY,or30,buf0.1,half,1.5R,218,0.30275229357798167,-0.3393310578007366,-73.97417060056057,0.5595066786272905,-0.5683018860836029,0.0028751261085980043,-0.37539851776788985,-0.30876541376077615,0
A.ORB,XAUUSD,M15,long,NY,or30,buf0.1,half,2.5R,224,0.26785714285714285,-0.3448308587795596,-77.24211236662136,0.5442108998146677,-0.5783306816178444,0.00267518024225065,-0.2608394082870614,-0.43187654383542146,0
A.ORB,XAUUSD,M15,short,NY,or30,buf0.1,half,2.5R,218,0.26146788990825687,-0.28546881775419114,-62.232202270413666,0.6467000534695474,-0.5144396460370575,0.0028751261085980043,-0.2827063170478264,-0.28780992004772066,0
A.ORB,XAUUSD,M15,long,NY,or30,buf0.1,half,3.5R,224,0.26339285714285715,-0.2878408197571171,-64.47634362559424,0.6197451093595766,-0.5213406425954019,0.00267518024225065,-0.17984815639119442,-0.3997604890636189,0
A.ORB,XAUUSD,M15,short,NY,or30,buf0.1,half,3.5R,218,0.23853211009174313,-0.3045323041930819,-66.38804231409186,0.631497622494125,-0.5335031324759482,0.0028751261085980043,-0.26431274738275623,-0.3386166743713241,0
A.ORB,XAUUSD,M15,long,NY,or30,buf0.1,half,eod,224,0.25892857142857145,-0.22189903965994656,-49.70538488382803,0.7077293675055875,-0.4553988624982313,0.00267518024225065,-0.11562093569919316,-0.33204180194654553,0
A.ORB,XAUUSD,M15,short,NY,or30,buf0.1,half,eod,218,0.23394495412844038,-0.371848640365613,-81.06300359970363,0.552524629723415,-0.6008194686484792,0.0028751261085980043,-0.3748874898653661,-0.36927334417938157,0
A.ORB,XAUUSD,M15,long,NY,or60,buf0.0,opp,1.5R,196,0.5153061224489796,0.08570823944805496,16.79881493181877,1.3152829029445539,-0.006639540850497658,0.006853086432966391,0.1220369559729131,0.047865826401327694,3
A.ORB,XAUUSD,M15,short,NY,or60,buf0.0,opp,1.5R,170,0.5058823529411764,0.0544257835083285,9.252383196415845,1.178323262383437,-0.03795270685533613,0.007586873857045987,0.013275028166293269,0.09015006561844702,2
A.ORB,XAUUSD,M15,long,NY,or60,buf0.0,opp,2.5R,196,0.5051020408163265,0.0952237431411243,18.663853655660365,1.3438017637401698,0.0028759628425716922,0.006853086432966391,0.16170159733875772,0.025975978351922818,3
A.ORB,XAUUSD,M15,short,NY,or60,buf0.0,opp,2.5R,170,0.5058823529411764,0.07157698808032122,12.168087973654607,1.2345182963532362,-0.02080150228334341,0.007586873857045987,0.02213448202795915,0.1144996032246795,2
A.ORB,XAUUSD,M15,long,NY,or60,buf0.0,opp,3.5R,196,0.5051020408163265,0.09281966835796027,18.19265499816021,1.335121941635402,0.00047188805940764515,0.006853086432966391,0.14653691532818441,0.036864202763976756,3
A.ORB,XAUUSD,M15,short,NY,or60,buf0.0,opp,3.5R,170,0.5058823529411764,0.08353809255960243,14.201475735132412,1.2737082360282097,-0.008840397804062233,0.007586873857045987,0.0321664322073408,0.1281354680302471,2
A.ORB,XAUUSD,M15,long,NY,or60,buf0.0,opp,eod,196,0.5051020408163265,0.09281966835796027,18.19265499816021,1.335121941635402,0.00047188805940764515,0.006853086432966391,0.14653691532818441,0.036864202763976756,3
A.ORB,XAUUSD,M15,short,NY,or60,buf0.0,opp,eod,170,0.5058823529411764,0.0717700811946903,12.200913803097352,1.2351509559472467,-0.02060840916897433,0.007586873857045987,0.03392924968793153,0.10462091294231604,2
A.ORB,XAUUSD,M15,long,NY,or60,buf0.0,half,1.5R,196,0.4336734693877551,-0.04541472451111372,-8.901286004178289,0.9117415158362913,-0.23010061789139882,0.0034266657740487944,0.045574442572679896,-0.14019510689006537,2
A.ORB,XAUUSD,M15,short,NY,or60,buf0.0,half,1.5R,170,0.40588235294117647,-0.11309029254754172,-19.22534973308209,0.8054117142063699,-0.2978306263498654,0.0037938234734188826,-0.18417506342539633,-0.05137933760962399,1
A.ORB,XAUUSD,M15,long,NY,or60,buf0.0,half,2.5R,196,0.3826530612244898,-0.0876425556529814,-17.177940907984354,0.8440648331672235,-0.27232844903326653,0.0034266657740487944,0.050389823321656445,-0.23142628375156246,1
A.ORB,XAUUSD,M15,short,NY,or60,buf0.0,half,2.5R,170,0.36470588235294116,-0.14871008290701737,-25.280714094192955,0.7571202733983936,-0.3334504167093411,0.0037938234734188826,-0.21133525301784453,-0.09434317698662899,1
A.ORB,XAUUSD,M15,long,NY,or60,buf0.0,half,3.5R,196,0.37755102040816324,-0.06685314845795759,-13.103217097759687,0.8821237480084613,-0.25153904183824277,0.0034266657740487944,0.10619461077258235,-0.24711123098977003,1
A.ORB,XAUUSD,M15,short,NY,or60,buf0.0,half,3.5R,170,0.3588235294117647,-0.10770183640010085,-18.309312188017145,0.825770588197261,-0.2924421702024245,0.0037938234734188826,-0.18954323150305374,-0.03665271317885603,1
A.ORB,XAUUSD,M15,long,NY,or60,buf0.0,half,eod,196,0.37755102040816324,-0.044458966647593245,-8.713957462928276,0.921609430868752,-0.22914486002787837,0.0034266657740487944,0.10552662893380087,-0.20069396204487874,2
A.ORB,XAUUSD,M15,short,NY,or60,buf0.0,half,eod,170,0.3588235294117647,-0.12948971569072745,-22.013251667423667,0.7905243053100046,-0.3142300494930511,0.0037938234734188826,-0.18301105821338498,-0.08302613262160721,1
A.ORB,XAUUSD,M15,long,NY,or60,buf0.1,opp,1.5R,183,0.5081967213114754,0.07646266559224696,13.992667803381194,1.2894985453458323,-0.012558191509163055,0.006986292640186027,0.1292653751695915,0.02069351165662464,3
A.ORB,XAUUSD,M15,short,NY,or60,buf0.1,opp,1.5R,163,0.50920245398773,0.05269143205423506,8.588703424840315,1.1751252006887856,-0.035888950232565255,0.007910636932326165,0.009989151502736764,0.08908542116062566,2
A.ORB,XAUUSD,M15,long,NY,or60,buf0.1,opp,2.5R,183,0.5027322404371585,0.10233385917805993,18.727096229584966,1.3870635145739167,0.013313002076649892,0.006986292640186027,0.15708948634840242,0.0445020731779229,3
A.ORB,XAUUSD,M15,short,NY,or60,buf0.1,opp,2.5R,163,0.50920245398773,0.05185356260746064,8.452130705016085,1.1723404584774462,-0.036726819679339655,0.007910636932326165,0.01048604800058311,0.08710996710195854,2
A.ORB,XAUUSD,M15,long,NY,or60,buf0.1,opp,3.5R,183,0.5027322404371585,0.09711101016432641,17.771314860071733,1.3673088184099902,0.008090153062916381,0.006986292640186027,0.14044254002020745,0.0513451246985644,3
A.ORB,XAUUSD,M15,short,NY,or60,buf0.1,opp,3.5R,163,0.50920245398773,0.06729126195889439,10.968475699299784,1.2236491834768015,-0.021289120327905916,0.007910636932326165,0.01686193031857791,0.11027080597052774,2
A.ORB,XAUUSD,M15,long,NY,or60,buf0.1,opp,eod,183,0.5027322404371585,0.09711101016432641,17.771314860071733,1.3673088184099902,0.008090153062916381,0.006986292640186027,0.14044254002020745,0.0513451246985644,3
A.ORB,XAUUSD,M15,short,NY,or60,buf0.1,opp,eod,163,0.50920245398773,0.056935232228376265,9.280442853225331,1.189229891493443,-0.03164515005842405,0.007910636932326165,0.01602060268067671,0.09180565513834747,2
A.ORB,XAUUSD,M15,long,NY,or60,buf0.1,half,1.5R,183,0.43169398907103823,-0.025335878775827946,-4.636465815976514,0.9477606493264723,-0.1964932464604038,0.0036149707546934123,0.02653479817536453,-0.08012063870180652,2
A.ORB,XAUUSD,M15,short,NY,or60,buf0.1,half,1.5R,163,0.4233128834355828,-0.052621782409938415,-8.577350532819962,0.9043084729336598,-0.2227898025694436,0.004088838814182496,-0.13808174623409167,0.02021341403110127,1
A.ORB,XAUUSD,M15,long,NY,or60,buf0.1,half,2.5R,183,0.3989071038251366,-0.03382511388184308,-6.189995840377284,0.9346731776511663,-0.20498248156641896,0.0036149707546934123,0.05215204020151584,-0.12463244516089635,2
A.ORB,XAUUSD,M15,short,NY,or60,buf0.1,half,2.5R,163,0.38650306748466257,-0.09381639526338148,-15.292072427931181,0.8376966051634539,-0.2639844154228867,0.004088838814182496,-0.21161233418013564,0.006577870858852167,1
A.ORB,XAUUSD,M15,long,NY,or60,buf0.1,half,3.5R,183,0.3879781420765027,-0.040106370577560786,-7.339465815693623,0.9234251144345934,-0.21126373826213665,0.0036149707546934123,0.09172261114423969,-0.17934147486800175,2
A.ORB,XAUUSD,M15,short,NY,or60,buf0.1,half,3.5R,163,0.3803680981595092,-0.07600266054630822,-12.38843366904824,0.869895435166543,-0.24617068070581347,0.004088838814182496,-0.15873125038008962,-0.0054953396652445245,1
A.ORB,XAUUSD,M15,long,NY,or60,buf0.1,half,eod,183,0.3879781420765027,-0.020432189024003365,-3.739090591392616,0.960988927349133,-0.19158955670857922,0.0036149707546934123,0.09788729413743608,-0.14539883416080457,2
A.ORB,XAUUSD,M15,short,NY,or60,buf0.1,half,eod,163,0.3803680981595092,-0.08488426093956962,-13.836134533149849,0.8546915364361047,-0.25505228109907485,0.004088838814182496,-0.18782404954466408,0.0028485134397721952,1
A.ORB,XAUUSD,M15,long,LDN,or30,buf0.0,opp,1.5R,285,0.3824561403508772,-0.08394943759298437,-23.925589714000544,0.8653288256805186,-0.30548406849226206,0.0028976734226575595,0.03079552689899949,-0.2011357843082019,1
A.ORB,XAUUSD,M15,short,LDN,or30,buf0.0,opp,1.5R,283,0.3710247349823322,-0.1308877637440209,-37.041237139557914,0.8082369124744885,-0.35300094352740263,0.0028271223940022267,-0.03271519173750727,-0.2230086018597221,1
A.ORB,XAUUSD,M15,long,LDN,or30,buf0.0,opp,2.5R,285,0.28771929824561404,-0.13408013553865328,-38.21283862851618,0.8122872526638889,-0.355614766437931,0.0028976734226575595,-0.010069350222399468,-0.26072944820206145,1
A.ORB,XAUUSD,M15,short,LDN,or30,buf0.0,opp,2.5R,283,0.2756183745583039,-0.13383603094602176,-37.87559675772415,0.8272092805646242,-0.35594921072940344,0.0028271223940022267,-0.005145475381179209,-0.254593607058237,1
A.ORB,XAUUSD,M15,long,LDN,or30,buf0.0,opp,3.5R,285,0.256140350877193,-0.13769616703543597,-39.24340760509925,0.8153866702481439,-0.35923079793471363,0.0028976734226575595,-0.0425568963706201,-0.2348596775016309,1
A.ORB,XAUUSD,M15,short,LDN,or30,buf0.0,opp,3.5R,283,0.23674911660777384,-0.12787936890048096,-36.189861398836115,0.8427889716975105,-0.34999254868386276,0.0028271223940022267,0.008690565640949935,-0.2560306088468922,1
A.ORB,XAUUSD,M15,long,LDN,or30,buf0.0,opp,eod,285,0.23157894736842105,-0.14397698009146376,-41.033439326067175,0.8128514370712006,-0.3655116109907414,0.0028976734226575595,0.10021109398441007,-0.39336054510512214,1
A.ORB,XAUUSD,M15,short,LDN,or30,buf0.0,opp,eod,283,0.21201413427561838,0.05197031756394641,14.707599870596834,1.0622638231903059,-0.1701428622194353,0.0028271223940022267,-0.07621214692285182,0.1722511232810105,2
A.ORB,XAUUSD,M15,long,LDN,or30,buf0.0,half,1.5R,285,0.22456140350877193,-0.6164200602983998,-175.67971718504396,0.3517289938440514,-1.0594491380449191,0.0014488994504720696,-0.45856991923594337,-0.7776287150004833,0
A.ORB,XAUUSD,M15,short,LDN,or30,buf0.0,half,1.5R,283,0.21201413427561838,-0.7960347209748788,-225.2778260358907,0.2854625113716516,-1.2402554349648967,0.0014135786521718484,-0.5780770572026304,-1.000556638350208,0
A.ORB,XAUUSD,M15,long,LDN,or30,buf0.0,half,2.5R,285,0.17543859649122806,-0.5672972532808513,-161.67971718504265,0.432697448571973,-1.0103263310273707,0.0014488994504720696,-0.3405143636803905,-0.7989053107451518,0
A.ORB,XAUUSD,M15,short,LDN,or30,buf0.0,half,2.5R,283,0.1625441696113074,-0.765149784019155,-216.53738887742085,0.3423869700420743,-1.2093704980091728,0.0014135786521718484,-0.5106286107904449,-1.0039812958844518,0
A.ORB,XAUUSD,M15,long,LDN,or30,buf0.0,half,3.5R,285,0.12982456140350876,-0.6041393585440127,-172.17971718504361,0.4222105534575893,-1.047168436290532,0.0014488994504720696,-0.3752365859026095,-0.8379124029437436,0
A.ORB,XAUUSD,M15,short,LDN,or30,buf0.0,half,3.5R,283,0.12367491166077739,-0.7810508440898256,-221.03738887742065,0.3504208268507429,-1.2252715580798434,0.0014135786521718484,-0.4376359100605141,-1.1032963643776041,0
A.ORB,XAUUSD,M15,long,LDN,or30,buf0.0,half,eod,285,0.05964912280701754,-0.723349584670552,-206.15463163110732,0.35170956866028674,-1.1663786624170709,0.0014488994504720696,-0.3953181738815619,-1.0583603871784566,0
A.ORB,XAUUSD,M15,short,LDN,or30,buf0.0,half,eod,283,0.06713780918727916,-0.5610484837735176,-158.77672090790546,0.5531290124581485,-1.0052691977635353,0.0014135786521718484,-0.6059571672098243,-0.5189081438367091,0
A.ORB,XAUUSD,M15,long,LDN,or30,buf0.1,opp,1.5R,280,0.36428571428571427,-0.12009600248037743,-33.62688069450568,0.8106232567088836,-0.3262511813921949,0.003093738847899335,-0.0006832973543054502,-0.23950870760644938,1
A.ORB,XAUUSD,M15,short,LDN,or30,buf0.1,opp,1.5R,276,0.3695652173913043,-0.14656426528843816,-40.45173721960893,0.7878720115550429,-0.35075414299195345,0.003034956760832221,0.001756455356478638,-0.28451290756657754,1
A.ORB,XAUUSD,M15,long,LDN,or30,buf0.1,opp,2.5R,280,0.29642857142857143,-0.10402324435204763,-29.126508418573337,0.8510371517010099,-0.31017842326386513,0.003093738847899335,-0.007721299546082208,-0.20032518915801306,1
A.ORB,XAUUSD,M15,short,LDN,or30,buf0.1,opp,2.5R,276,0.2826086956521739,-0.12728353269313403,-35.13025502330499,0.8356772912985538,-0.3314734103966494,0.003034956760832221,0.013175089099083314,-0.2579198732411404,1
A.ORB,XAUUSD,M15,long,LDN,or30,buf0.1,opp,3.5R,280,0.2571428571428571,-0.13782179620068952,-38.59010293619306,0.8128803720129576,-0.34397697511250697,0.003093738847899335,-0.04899156402065699,-0.22665202838072201,0
A.ORB,XAUUSD,M15,short,LDN,or30,buf0.1,opp,3.5R,276,0.2572463768115942,-0.07239899943288207,-19.982123843475453,0.9094964112968128,-0.27658887713639735,0.003034956760832221,0.06476383392250305,-0.19997002625991855,2
A.ORB,XAUUSD,M15,long,LDN,or30,buf0.1,opp,eod,280,0.24285714285714285,-0.11666195973461835,-32.665348725693136,0.8446225645000345,-0.32281713864643574,0.003093738847899335,0.07886042701753283,-0.31218434648676946,1
A.ORB,XAUUSD,M15,short,LDN,or30,buf0.1,opp,eod,276,0.2318840579710145,0.029316372720120453,8.091318870753245,1.035664857495709,-0.17487350498339485,0.003034956760832221,-0.07015194042334756,0.12182885976963968,2
A.ORB,XAUUSD,M15,long,LDN,or30,buf0.1,half,1.5R,280,0.25,-0.5046869134180193,-141.3123357570454,0.42410707256043184,-0.8902249693001714,0.0016415413047301914,-0.36502407173714696,-0.6443497550988915,0
A.ORB,XAUUSD,M15,short,LDN,or30,buf0.1,half,1.5R,276,0.23550724637681159,-0.7059729934138943,-194.84854618223483,0.330406403392889,-1.0873398277071256,0.0016131907508470963,-0.38851599867280956,-1.0012301983129452,0
A.ORB,XAUUSD,M15,long,LDN,or30,buf0.1,half,2.5R,280,0.18571428571428572,-0.4871032921157517,-136.38892179241049,0.482158230406579,-0.8726413479979039,0.0016415413047301914,-0.2721669288800088,-0.7020396553514947,0
A.ORB,XAUUSD,M15,short,LDN,or30,buf0.1,half,2.5R,276,0.15942028985507245,-0.7403932832689645,-204.3485461822342,0.34502670849066747,-1.1217601175621956,0.0016131907508470963,-0.38851599867280473,-1.0676637647465115,0
A.ORB,XAUUSD,M15,long,LDN,or30,buf0.1,half,3.5R,280,0.12142857142857143,-0.6025842170766685,-168.72358078146718,0.400370094817007,-0.9881222729588206,0.0016415413047301914,-0.4317002073732648,-0.7734682267800721,0
A.ORB,XAUUSD,M15,short,LDN,or30,buf0.1,half,3.5R,276,0.12318840579710146,-0.7476396600805603,-206.34854618223463,0.35915652289997096,-1.1290064943737914,0.0016131907508470963,-0.39979419416152984,-1.0711602682430152,0
A.ORB,XAUUSD,M15,long,LDN,or30,buf0.1,half,eod,280,0.07142857142857142,-0.6781757551236179,-189.88921143461303,0.357134830718909,-1.06371381100577,0.0016415413047301914,-0.3993820615391147,-0.9569694487081212,0
A.ORB,XAUUSD,M15,short,LDN,or30,buf0.1,half,eod,276,0.07608695652173914,-0.547278954145371,-151.04899134412238,0.5479605640081878,-0.928645788438602,0.0016131907508470963,-0.49348816652791155,-0.5973081482231478,0
A.ORB,XAUUSD,M15,long,LDN,or60,buf0.0,opp,1.5R,274,0.40145985401459855,-0.054599268123313144,-14.960199465787802,0.9061608973017898,-0.21246152181744304,0.0039529295775956935,0.05679001304400025,-0.1709761290443869,1
A.ORB,XAUUSD,M15,short,LDN,or60,buf0.0,opp,1.5R,267,0.3707865168539326,-0.10774984867211633,-28.76920959545506,0.8295453723032383,-0.2640827402680935,0.003956528797380952,-0.026920857178152284,-0.18107329095592653,1
A.ORB,XAUUSD,M15,long,LDN,or60,buf0.0,opp,2.5R,274,0.354014598540146,-0.025216874981757873,-6.909423745001657,0.9596949390800809,-0.18307912867588777,0.0039529295775956935,0.19258506267734818,-0.2527711382076896,2
A.ORB,XAUUSD,M15,short,LDN,or60,buf0.0,opp,2.5R,267,0.31086142322097376,-0.06091639921254218,-16.264678589748762,0.9113173893976518,-0.21724929080851937,0.003956528797380952,-0.012285503210811002,-0.10503156915696978,2
A.ORB,XAUUSD,M15,long,LDN,or60,buf0.0,opp,3.5R,274,0.33941605839416056,0.0056809945536266055,1.55659250769369,1.008873103489656,-0.15218125914050332,0.0039529295775956935,0.2089105102530406,-0.2066483502069552,2
A.ORB,XAUUSD,M15,short,LDN,or60,buf0.0,opp,3.5R,267,0.29213483146067415,-0.028616976625151752,-7.640732758915518,0.9594447922322054,-0.1849498682211289,0.003956528797380952,-0.006438092966856965,-0.048736392515176315,2
A.ORB,XAUUSD,M15,long,LDN,or60,buf0.0,opp,eod,274,0.3248175182481752,-0.005925645050141645,-1.6236267437388108,0.9909511057294504,-0.16378789874427152,0.0039529295775956935,0.30167576804346097,-0.3273002557449503,2
A.ORB,XAUUSD,M15,short,LDN,or60,buf0.0,opp,eod,267,0.2883895131086142,-0.03822436069835807,-10.205904306461605,0.9461154728995923,-0.19455725229433524,0.003956528797380952,-0.059531187090026985,-0.01889602532877271,2
A.ORB,XAUUSD,M15,long,LDN,or60,buf0.0,half,1.5R,274,0.23722627737226276,-0.5193295657391864,-142.29630101253707,0.3935730699178278,-0.8350392193847536,0.001976492964213377,-0.3829313482376348,-0.6618351661139418,0
A.ORB,XAUUSD,M15,short,LDN,or60,buf0.0,half,1.5R,267,0.23595505617977527,-0.6003200476424903,-160.2854527205449,0.3709002966650927,-0.9129431912219185,0.0019783176438583363,-0.38964948194329735,-0.7914283465267581,0
A.ORB,XAUUSD,M15,long,LDN,or60,buf0.0,half,2.5R,274,0.18248175182481752,-0.5009918439529507,-137.2717652431085,0.44835861199861865,-0.8167014975985177,0.001976492964213377,-0.4115806322359374,-0.5944065427617706,0
A.ORB,XAUUSD,M15,short,LDN,or60,buf0.0,half,2.5R,267,0.149812734082397,-0.6743259009815546,-180.0450155620751,0.3518558520657948,-0.9869490445609831,0.0019783176438583363,-0.44681139408133064,-0.8807140608124719,0
A.ORB,XAUUSD,M15,long,LDN,or60,buf0.0,half,3.5R,274,0.1386861313868613,-0.5459286247102497,-149.58444317060844,0.426533244120512,-0.861638278355817,0.001976492964213377,-0.40800920366450877,-0.6900235422207255,0
A.ORB,XAUUSD,M15,short,LDN,or60,buf0.0,half,3.5R,267,0.1198501872659176,-0.6630899459253745,-177.045015562075,0.38049675420253704,-0.9757130895048028,0.0019783176438583363,-0.5058665121915653,-0.805714060812473,0
A.ORB,XAUUSD,M15,long,LDN,or60,buf0.0,half,eod,274,0.10583941605839416,-0.6120665185646145,-167.70622608670436,0.3771998528906358,-0.9277761722101817,0.001976492964213377,-0.42300997400942,-0.8095882815327281,0
A.ORB,XAUUSD,M15,short,LDN,or60,buf0.0,half,eod,267,0.0898876404494382,-0.5933740331648871,-158.43086685502487,0.46072596383549425,-0.9059971767443155,0.0019783176438583363,-0.5571043819027341,-0.6262757882384116,0
A.ORB,XAUUSD,M15,long,LDN,or60,buf0.1,opp,1.5R,269,0.41263940520446096,-0.021479784039036262,-5.778061906500755,0.9619534683648899,-0.1717517150210901,0.0041442098285583906,0.10073067812555261,-0.14644687316974364,2
A.ORB,XAUUSD,M15,short,LDN,or60,buf0.1,opp,1.5R,260,0.38461538461538464,-0.08102794506094398,-21.067265715845434,0.8689517195097992,-0.22887023554726948,0.004166662607907696,-0.025702970066209165,-0.1314713046149669,0
A.ORB,XAUUSD,M15,long,LDN,or60,buf0.1,opp,2.5R,269,0.3680297397769517,0.01052704447883602,2.8317749648068897,1.0173821460014865,-0.1397448865032178,0.0041442098285583906,0.19295054028173825,-0.1760112670188685,2
A.ORB,XAUUSD,M15,short,LDN,or60,buf0.1,opp,2.5R,260,0.3230769230769231,-0.03548544039448344,-9.226214502565695,0.9474139085894846,-0.183327730880809,0.004166662607907696,-0.03889483371651949,-0.032376875894980006,1
A.ORB,XAUUSD,M15,long,LDN,or60,buf0.1,opp,3.5R,269,0.35687732342007433,0.06296222958004204,16.936839757031308,1.1020827478770765,-0.08730970140201176,0.0041442098285583906,0.2334463112098111,-0.11136735765039846,2
A.ORB,XAUUSD,M15,short,LDN,or60,buf0.1,opp,3.5R,260,0.31153846153846154,0.00306399761506533,0.7966393799169857,1.0044642234424541,-0.1447782928712602,0.004166662607907696,-0.011138285344825158,0.016013137960847846,2
A.ORB,XAUUSD,M15,long,LDN,or60,buf0.1,opp,eod,269,0.3382899628252788,0.03183307941361518,8.563098362262483,1.0501021327706956,-0.11843885156843864,0.0041442098285583906,0.30215701584204047,-0.24458838941545127,2
A.ORB,XAUUSD,M15,short,LDN,or60,buf0.1,opp,eod,260,0.3076923076923077,-0.02360767592009354,-6.137995739224321,0.9657954547279259,-0.1714499664064191,0.004166662607907696,-0.07992658604987377,0.02774191861000015,2
A.ORB,XAUUSD,M15,long,LDN,or60,buf0.1,half,1.5R,269,0.24535315985130113,-0.4676703673119173,-125.80332880690575,0.4259974369658115,-0.7536841774107658,0.002167235360930971,-0.390896035287377,-0.5461764511866352,0
A.ORB,XAUUSD,M15,short,LDN,or60,buf0.1,half,1.5R,260,0.25,-0.5506674943658532,-143.17354853512182,0.4017408088134323,-0.832040188946398,0.00217895417711961,-0.3415456529862154,-0.7413374085649348,0
A.ORB,XAUUSD,M15,long,LDN,or60,buf0.1,half,2.5R,269,0.1821561338289963,-0.4743375622393126,-127.5968042423751,0.4579926267769402,-0.7603513723381611,0.002167235360930971,-0.42579803337088556,-0.5239719676987569,0
A.ORB,XAUUSD,M15,short,LDN,or60,buf0.1,half,2.5R,260,0.1576923076923077,-0.6275905712889305,-163.17354853512194,0.3803149947927553,-0.9089632658694753,0.00217895417711961,-0.43831984653460176,-0.800160937976701,0
A.ORB,XAUUSD,M15,long,LDN,or60,buf0.1,half,3.5R,269,0.14869888475836432,-0.4833510115979689,-130.02142211985364,0.4680306601094126,-0.7693648216968173,0.002167235360930971,-0.4061288268280514,-0.5623150501596891,0
A.ORB,XAUUSD,M15,short,LDN,or60,buf0.1,half,3.5R,260,0.1346153846153846,-0.5926145850928656,-154.07979212414506,0.42788670443458093,-0.8739872796734104,0.00217895417711961,-0.46578955289769286,-0.7082491732708175,0
A.ORB,XAUUSD,M15,long,LDN,or60,buf0.1,half,eod,269,0.11524163568773234,-0.585083117460217,-157.38735859679838,0.37765584869055224,-0.8710969275590654,0.002167235360930971,-0.43416557149369306,-0.739404818598918,0
A.ORB,XAUUSD,M15,short,LDN,or60,buf0.1,half,eod,260,0.1076923076923077,-0.5044373328557628,-131.15370654249833,0.5253504370208371,-0.7858100274363076,0.00217895417711961,-0.49216541284670806,-0.5156264363934303,0
B.GAP,XAUUSD,M15,fade,cash,g0.5,sl0.75,fill,,301,0.4418604651162791,0.016491120472602455,4.963827262253339,1.0395890796181757,-0.13529247977655462,0.007508582704387001,0.052483473418631785,-0.019741181493067077,3
B.GAP,XAUUSD,M15,fade,cash,g0.5,sl0.75,half,,301,0.5415282392026578,-0.002021865076905174,-0.6085813881484574,0.9938556425006883,-0.15380546532606226,0.007508582704387001,0.049093641231934985,-0.053478141427804264,3
B.GAP,XAUUSD,M15,follow,cash,g0.5,sl0.75,1.5R,,301,0.47840531561461797,0.01902074431049785,5.725244037459852,1.0445380143183298,-0.13276285593865925,0.007508582704387001,-0.009928066611490576,0.04816254730529953,2
B.GAP,XAUUSD,M15,follow,cash,g0.5,sl0.75,2.5R,,301,0.44518272425249167,0.06426099441402904,19.34255931862274,1.140720049313033,-0.08752260583512804,0.007508582704387001,0.02633781506530127,0.10243699495841498,2
B.GAP,XAUUSD,M15,fade,cash,g0.5,sl1.5,fill,,301,0.4950166112956811,-0.0316124069116007,-9.515334480391811,0.8849491295368224,-0.1075042070361787,0.015017165408773995,-0.029354579596117748,-0.03388528640918687,1
B.GAP,XAUUSD,M15,fade,cash,g0.5,sl1.5,half,,301,0.5980066445182725,-0.021634537726188133,-6.511995855582628,0.893646342342117,-0.09752633785076613,0.015017165408773995,-0.00642369072527386,-0.036946790373775136,2
B.GAP,XAUUSD,M15,follow,cash,g0.5,sl1.5,1.5R,,301,0.5149501661129569,0.04715623644984726,14.194027171404025,1.1658975675578624,-0.02873556367473072,0.015017165408773995,0.024674040963610516,0.06978831323932558,3
B.GAP,XAUUSD,M15,follow,cash,g0.5,sl1.5,2.5R,,301,0.4950166112956811,0.06137931075240125,18.475172536472776,1.203533427570364,-0.014512489372176737,0.015017165408773995,0.04719966803624815,0.07565348441999538,4
B.GAP,XAUUSD,M15,fade,cash,g1.0,sl0.75,fill,,274,0.45255474452554745,0.04001396811041336,10.963827262253261,1.1020995007205945,-0.07505168758126621,0.008145065730797294,0.05941250229889674,0.020040662538567545,3
B.GAP,XAUUSD,M15,fade,cash,g1.0,sl0.75,half,,274,0.5583941605839416,0.035491795420382916,9.724751945184918,1.118526315237911,-0.07957386027129669,0.008145065730797294,0.06772043040303768,0.0023082379197235485,3
B.GAP,XAUUSD,M15,follow,cash,g1.0,sl0.75,1.5R,,274,0.4744525547445255,-0.008302029060366279,-2.27475596254036,0.9803132151455276,-0.12336768475204585,0.008145065730797296,-0.032367899700252736,0.01647690441329459,2
B.GAP,XAUUSD,M15,follow,cash,g1.0,sl0.75,2.5R,,274,0.44525547445255476,0.015848756637310057,4.342559318622956,1.0354627276526893,-0.09921689905436952,0.008145065730797296,0.014223094063744961,0.017522586990832652,2
B.GAP,XAUUSD,M15,fade,cash,g1.0,sl1.5,fill,,274,0.5036496350364964,-0.003097327787317867,-0.8486678137250956,0.9872773849481413,-0.06063015563315749,0.01629013146159458,-0.017500298697940463,0.011732397816952813,2
B.GAP,XAUUSD,M15,fade,cash,g1.0,sl1.5,half,,274,0.6058394160583942,0.006647217072082884,1.8213374777507103,1.0377638644985805,-0.05088561077375674,0.01629013146159458,0.012206398324823184,0.0009233193377799186,3
B.GAP,XAUUSD,M15,follow,cash,g1.0,sl1.5,1.5R,,274,0.5145985401459854,0.022605938581766506,6.194027171404023,1.0853654077095245,-0.034926889264073106,0.016290131461594585,0.023207051694282155,0.021987014710361505,4
B.GAP,XAUUSD,M15,follow,cash,g1.0,sl1.5,2.5R,,274,0.5072992700729927,0.03823055670245566,10.47517253647285,1.141993537488433,-0.019302271143383964,0.016290131461594585,0.036885970312758566,0.039614982688884505,4
B.GAP,XAUUSD,M15,fade,week,g0.5,sl0.75,fill,,37,0.24324324324324326,-0.4324324324324296,-15.999999999999895,0.4285714285714324,-0.6517987637050221,0.0036967424085029886,-0.12499999999999471,-0.6666666666666656,1
B.GAP,XAUUSD,M15,fade,week,g0.5,sl0.75,half,,37,0.43243243243243246,-0.27927927927927637,-10.333333333333226,0.507936507936513,-0.4986456105518688,0.0036967424085029886,0.14583333333333656,-0.6031746031746005,1
B.GAP,XAUUSD,M15,follow,week,g0.5,sl0.75,1.5R,,37,0.40540540540540543,0.01351351351351164,0.4999999999999307,1.0227272727272696,-0.2058528177590807,0.0036967424085029886,-0.21875000000000155,0.19047619047618836,1
B.GAP,XAUUSD,M15,follow,week,g0.5,sl0.75,2.5R,,37,0.35135135135135137,0.22972972972973205,8.500000000000085,1.3541666666666703,0.010363398457139706,0.0036967424085029886,0.09375000000000155,0.3333333333333362,2
B.GAP,XAUUSD,M15,fade,week,g0.5,sl1.5,fill,,37,0.4594594594594595,-0.23423423423423442,-8.666666666666673,0.5666666666666663,-0.3439173998705295,0.007393484817005999,-0.16666666666666569,-0.2857142857142867,1
B.GAP,XAUUSD,M15,fade,week,g0.5,sl1.5,half,,37,0.6756756756756757,-0.09909909909910014,-3.666666666666705,0.6944444444444412,-0.20878226473539513,0.007393484817005999,3.0253577421035516e-15,-0.17460317460317873,1
B.GAP,XAUUSD,M15,follow,week,g0.5,sl1.5,1.5R,,37,0.4594594594594595,0.11578170204326053,4.28392297560064,1.2240562812738331,0.006098536406965497,0.007393484817005999,0.05543372319688156,0.16176111449764446,2
B.GAP,XAUUSD,M15,follow,week,g0.5,sl1.5,2.5R,,37,0.3783783783783784,0.09155593362690971,3.3875695441956593,1.153146120427904,-0.01812723200938527,0.007393484817005999,-0.16750524172909048,0.28893587675529087,2
B.GAP,XAUUSD,M15,fade,week,g1.0,sl0.75,fill,,27,0.25925925925925924,-0.39506172839505616,-10.666666666666517,0.46666666666667417,-0.5591962613831104,0.004493151841595256,-0.10256410256409268,-0.6666666666666652,0
B.GAP,XAUUSD,M15,fade,week,g1.0,sl0.75,half,,27,0.5185185185185185,-0.1358024691358001,-3.666666666666603,0.7179487179487227,-0.2999370021238543,0.004493151841595256,0.2820512820512826,-0.5238095238095198,2
B.GAP,XAUUSD,M15,follow,week,g1.0,sl0.75,1.5R,,27,0.48148148148148145,0.20370370370370341,5.499999999999992,1.3928571428571423,0.039569170715649235,0.004493151841595256,-0.23076923076923267,0.6071428571428584,2
B.GAP,XAUUSD,M15,follow,week,g1.0,sl0.75,2.5R,,27,0.4074074074074074,0.4259259259259269,11.500000000000025,1.7187500000000016,0.26179139293787274,0.004493151841595256,0.07692307692307884,0.75,3
B.GAP,XAUUSD,M15,fade,week,g1.0,sl1.5,fill,,27,0.4074074074074074,-0.3209876543209874,-8.66666666666666,0.4583333333333338,-0.4030549208150124,0.008986303683190547,-0.10256410256410306,-0.5238095238095227,0
B.GAP,XAUUSD,M15,fade,week,g1.0,sl1.5,half,,27,0.6666666666666666,-0.11111111111111295,-3.0000000000000497,0.6666666666666612,-0.19317837760513795,0.008986303683190547,0.02564102564102298,-0.2380952380952392,1
B.GAP,XAUUSD,M15,follow,week,g1.0,sl1.5,1.5R,,27,0.5185185185185185,0.2512564065037274,6.78392297560064,1.5597364456870186,0.16918914000970242,0.008986303683190547,-0.08562003298845343,0.5640702431750382,2
B.GAP,XAUUSD,M15,follow,week,g1.0,sl1.5,2.5R,,27,0.4444444444444444,0.2365766497850245,6.387569544195661,1.45238218272563,0.1545093832909995,0.008986303683190547,-0.24462183597426523,0.6834038151329362,1
C.VWAP,XAUUSD,M15,long,fade,k2.0,vwap,,,455,0.46813186813186813,-0.027660801170403836,-12.585664532533745,0.9438860661787106,-0.21060741051392773,0.0044205893531437885,0.026474876076136158,-0.08703541492467348,3
C.VWAP,XAUUSD,M15,short,fade,k2.0,vwap,,,476,0.43907563025210083,0.04246131009667603,20.21158360601779,1.0808776887170366,-0.1918438339162557,0.0029656423560055186,-0.007034362618032275,0.10569262404321726,3
C.VWAP,XAUUSD,M15,long,fade,k2.0,half,,,466,0.6008583690987125,-0.020304621972800606,-9.461953839325082,0.9446258335790929,-0.20385522207902357,0.0043889906209633855,0.008766407655967822,-0.05198291883284869,2
C.VWAP,XAUUSD,M15,short,fade,k2.0,half,,,486,0.5720164609053497,0.023162111210894707,11.256786048494828,1.0582091558661801,-0.21036491722014103,0.0029672370902271987,-0.08144209354316824,0.15283276134381146,2
C.VWAP,XAUUSD,M15,long,fade,k3.0,vwap,,,84,0.40476190476190477,-0.003978500440745579,-0.3341940370226286,0.9927424263873075,-0.15968292286301664,0.0050368279523485505,0.12456994710766832,-0.12654795042876807,3
C.VWAP,XAUUSD,M15,short,fade,k3.0,vwap,,,78,0.38461538461538464,-0.0730033482691753,-5.694261164995673,0.8793591671250277,-0.3131964966440823,0.002926172274227138,-0.3117264251691533,0.17828410109922266,2
C.VWAP,XAUUSD,M15,long,fade,k3.0,half,,,84,0.5238095238095238,0.023112825073287428,1.9414773061561441,1.0534455565853567,-0.13259159734898365,0.0050368279523485505,0.029857661391976157,0.016681702071747045,3
C.VWAP,XAUUSD,M15,short,fade,k3.0,half,,,78,0.5256410256410257,0.05026753822120283,3.9208679812538207,1.1083109266246196,-0.18992561015370407,0.002926172274227138,-0.043820985388176234,0.1493080893889703,2
C.VWAP,XAUUSD,M15,long,pull,hold12,1.5R,,,215,0.49767441860465117,0.2070571146369611,44.51727964694664,1.4173139816952345,-0.10399996205252798,0.001993314520681316,0.16473513888449415,0.2522276849112287,4
C.VWAP,XAUUSD,M15,short,pull,hold12,1.5R,,,163,0.49079754601226994,0.21651588441325817,35.29208915936108,1.4328547312444966,-0.0850414366096989,0.002083134475078272,0.16578833888755243,0.26082960234375974,4
C.VWAP,XAUUSD,M15,long,pull,hold12,2.5R,,,215,0.3581395348837209,0.1456701785969507,31.319088398344398,1.2291488408220563,-0.16538689809253843,0.001993314520681316,0.08254178838483268,0.21304759507334586,4
C.VWAP,XAUUSD,M15,short,pull,hold12,2.5R,,,163,0.36809815950920244,0.2258275261140559,36.80988675659111,1.3639523887619198,-0.07572979490890112,0.002083134475078272,0.2542300443169308,0.20101613090234915,4
C.VWAP,XAUUSD,M15,long,pull,hold24,1.5R,,,113,0.5309734513274337,0.2597415574321717,29.3507959898354,1.5705881124246233,-0.030915040738775677,0.0020376337433964434,0.2048668433059924,0.3048804351811256,3
C.VWAP,XAUUSD,M15,short,pull,hold24,1.5R,,,84,0.5,0.24721315161587948,20.765904735733876,1.522178571401169,-0.03931342940082765,0.002292521894839795,0.1468300134752437,0.3262381752585076,4
C.VWAP,XAUUSD,M15,long,pull,hold24,2.5R,,,113,0.40707964601769914,0.26594133338013226,30.051370671954945,1.4592233667507117,-0.024715264790815043,0.0020376337433964434,0.3200930804537799,0.22139715433568027,4
C.VWAP,XAUUSD,M15,short,pull,hold24,2.5R,,,84,0.40476190476190477,0.3764546015374506,31.62218652914585,1.6675039688496724,0.08992802052074349,0.002292521894839795,0.2791014175671615,0.4530943421098058,4
D.SQZ,US100,M30,long,nr5,c10,1.5R,,,621,0.5088566827697263,0.2656321972049596,164.9575944642799,1.533770095978672,-0.281017548757381,0.0014669926184279986,0.19004939242940527,0.3362703325092159,4
D.SQZ,US100,M30,short,nr5,c10,1.5R,,,571,0.5253940455341506,0.29670211671995955,169.4169086470969,1.603802986951957,-0.23851956747572028,0.0015766234098162318,0.23714970607418295,0.35688360212607884,4
D.SQZ,US100,M30,long,nr5,c10,2.5R,,,586,0.3651877133105802,0.2701038812096954,158.2808743888815,1.420156194969173,-0.26541576722380406,0.001496939369758336,0.20603809059444408,0.3303511809935741,4
D.SQZ,US100,M30,short,nr5,c10,2.5R,,,555,0.36036036036036034,0.2304962749454135,127.92543259470449,1.3438166534380653,-0.2990673671039576,0.001595971026104731,0.21093078596482454,0.24999138446923777,4
D.SQZ,US100,M30,long,nr5,c10,3.5R,,,567,0.291005291005291,0.2974060784513334,168.62924648190602,1.412426775529796,-0.23923125786600608,0.0015051800746276117,0.2735673697105407,0.3190776318520539,4
D.SQZ,US100,M30,short,nr5,c10,3.5R,,,545,0.29357798165137616,0.2897714359535858,157.92543259470426,1.3927764782882026,-0.242060495673563,0.0015374749348371886,0.21825121374909767,0.3599912904816287,4
D.SQZ,US100,M30,long,nr7,c10,1.5R,,,501,0.5189620758483033,0.28933651589676856,144.95759446428104,1.591561261192205,-0.29127844650345963,0.0013983163447626506,0.18705210458870625,0.388010889158664,4
D.SQZ,US100,M30,short,nr7,c10,1.5R,,,468,0.5299145299145299,0.301596724759122,141.1472671872691,1.6114169213745835,-0.27472244614615837,0.0014744049112129214,0.2710915235137101,0.3337074629121873,4
D.SQZ,US100,M30,long,nr7,c10,2.5R,,,478,0.3807531380753138,0.3227633355415925,154.28087438888122,1.5130397811424636,-0.24555002273559265,0.0014255699351479359,0.2089232815562111,0.43471392805003806,4
D.SQZ,US100,M30,short,nr7,c10,2.5R,,,457,0.350109409190372,0.1852424313673475,84.6557911348778,1.2684551951644891,-0.3868516329967079,0.0014884882013579753,0.18423960391526537,0.1862855509938437,4
D.SQZ,US100,M30,long,nr7,c10,3.5R,,,469,0.3006396588486141,0.34281636330252196,160.7808743888828,1.4832330395602302,-0.2284018041780292,0.0014264538369101094,0.2948245315669112,0.3886085694169173,4
D.SQZ,US100,M30,short,nr7,c10,3.5R,,,451,0.2793791574279379,0.21653168766047998,97.65579113487647,1.2844253335673388,-0.35608032081911156,0.0014944337983094735,0.20055819961683835,0.23300884424603815,4
E.IGN,US100,M30,long,x1.5,mid,1.5R,,,642,0.4127725856697819,0.02923976124647079,18.771926720234248,1.0495657123003064,-0.27453976671048047,0.0022684094535457564,0.11989587449083888,-0.0715555225581227,2
E.IGN,US100,M30,short,x1.5,mid,1.5R,,,722,0.3988919667590028,-0.02820028455609119,-20.36060544949784,0.9549903214289271,-0.3264857146153186,0.0024031098527304614,-0.014177690063646203,-0.0440429208115674,2
E.IGN,US100,M30,long,x1.5,mid,2.5R,,,574,0.30662020905923343,0.07016015108054514,40.27192672023291,1.100748307192442,-0.23071066169176088,0.002302241717794174,0.1578013609996721,-0.02446695238286004,2
E.IGN,US100,M30,short,x1.5,mid,2.5R,,,665,0.2887218045112782,-0.017083617217289796,-11.360605449497713,0.976879291250659,-0.3157930941357523,0.002406773732909861,0.005914127730355538,-0.04263666715911793,1
E.IGN,US100,M30,long,x1.5,mid,t10,,,557,0.3339317773788151,0.2559413706978146,142.55934347868273,1.3937897983751302,-0.05291035549281569,0.002238510885934791,0.36329813189999305,0.1474219008905584,4
E.IGN,US100,M30,short,x1.5,mid,t10,,,599,0.24207011686143573,0.10597758006681288,63.480570460020914,1.1393646664985697,-0.20408410494704915,0.0023476785435514605,0.10643256703217413,0.10547629618216928,4
E.IGN,US100,M30,long,x1.5,mid,t20,,,540,0.26296296296296295,0.197328170392714,106.55721201206556,1.2684220668546626,-0.11009056612574572,0.002249757413843202,0.303376540515981,0.08969698877506983,3
E.IGN,US100,M30,short,x1.5,mid,t20,,,573,0.193717277486911,0.1163915942963835,66.69238353182774,1.140671675385929,-0.19535057608374565,0.0023389666096566624,0.051163742361987015,0.19010634146387995,3
E.IGN,US100,M30,long,x1.5,atr,1.5R,,,650,0.4153846153846154,0.03650507192541145,23.72829675151744,1.062234612611818,-0.21583034020926697,0.002461475466691149,0.17021537159273883,-0.1128846114162605,2
E.IGN,US100,M30,short,x1.5,atr,1.5R,,,737,0.4097693351424695,0.00784609112457804,5.782569158814015,1.0129301068340233,-0.2389860543631738,0.0025051713141851103,0.022105994654260722,-0.00826842413584371,2
E.IGN,US100,M30,long,x1.5,atr,2.5R,,,594,0.31313131313131315,0.09381868139985805,55.72829675151568,1.1361645486584766,-0.15764235517617012,0.002464300324169683,0.1706315063723396,0.011653046324764554,4
E.IGN,US100,M30,short,x1.5,atr,2.5R,,,681,0.2936857562408223,0.0066648793569318845,4.5387828420706136,1.0091607227465877,-0.2407203470676169,0.0025053977470386175,0.004603484341221139,0.00893623127239097,2
E.IGN,US100,M30,long,x1.5,atr,t10,,,551,0.3411978221415608,0.2113338684068124,116.44496149215362,1.331256718417246,-0.04248738501607635,0.002454336784450437,0.3527597746427079,0.06835950334351652,4
E.IGN,US100,M30,short,x1.5,atr,t10,,,599,0.24874791318864775,0.054238742893474357,32.48900699319114,1.0735944416825756,-0.19959110450939446,0.002454066040143771,0.03738290053934364,0.07268587106425374,3
E.IGN,US100,M30,long,x1.5,atr,t20,,,528,0.2821969696969697,0.21069804234602074,111.24856635869895,1.2956904544646808,-0.04243219790940389,0.002466027399252757,0.38085343767386665,0.041826838681026456,3
E.IGN,US100,M30,short,x1.5,atr,t20,,,567,0.20634920634920634,0.0893355200255931,50.653239854511284,1.1109507977132997,-0.16561616729666015,0.0024493533133794466,-0.0010566560407547407,0.19162140346909204,3
E.IGN,US100,M30,long,x2.0,mid,1.5R,,,304,0.42105263157894735,0.05179974059977259,15.747121142330867,1.0893439088450139,-0.186036199481019,0.0027892420813534404,0.16242038216560592,-0.06634611467802219,3
E.IGN,US100,M30,short,x2.0,mid,1.5R,,,381,0.4094488188976378,0.010840510333849107,4.13023443719651,1.0179677150106463,-0.2136515551060432,0.0029899721531369797,0.005679570036162018,0.016483516483517938,2
E.IGN,US100,M30,long,x2.0,mid,2.5R,,,281,0.2918149466192171,0.020452388406869637,5.747121142330368,1.0288433531062586,-0.21719273176405934,0.002816960034842915,0.15845070422535043,-0.12052430832855679,2
E.IGN,US100,M30,short,x2.0,mid,2.5R,,,360,0.3,0.036472873436656165,13.130234437196219,1.051116309498036,-0.18935067211194104,0.0029969345998369892,0.0652163141784747,0.005747126436781168,2
E.IGN,US100,M30,long,x2.0,mid,t10,,,287,0.37630662020905925,0.14150450236525836,40.61179217882915,1.2374826807648338,-0.09708165512719806,0.002799477862901522,0.1876344787049069,0.09373871126179245,3
E.IGN,US100,M30,short,x2.0,mid,t10,,,332,0.28313253012048195,0.09091757968350812,30.184636454924696,1.130965824868955,-0.13903380408451438,0.0029574936250445385,0.07171203599219327,0.11181417753632245,3
E.IGN,US100,M30,long,x2.0,mid,t20,,,285,0.3017543859649123,0.04553992936768898,12.97887986979136,1.0653967392155341,-0.1938237631036554,0.0027874272698039135,0.12345575511055795,-0.034033679901624043,2
E.IGN,US100,M30,short,x2.0,mid,t20,,,324,0.24382716049382716,0.062125669407994084,20.128716888190084,1.0824231585350887,-0.16791294635378182,0.002966689393478917,0.01962776981748075,0.10846208896152161,2
E.IGN,US100,M30,long,x2.0,atr,1.5R,,,308,0.4318181818181818,0.07904033862080496,24.34442429520793,1.138987435582628,-0.1761404761624055,0.002378403153628824,0.2656250000000021,-0.12267280881616495,3
E.IGN,US100,M30,short,x2.0,atr,1.5R,,,397,0.40554156171284633,0.0009571558135871985,0.3799908579941178,1.0015759407912528,-0.23803633636433996,0.0024974705329324567,0.05014488337195155,-0.052631578947367634,2
E.IGN,US100,M30,long,x2.0,atr,2.5R,,,295,0.3254237288135593,0.138455675576975,40.844424295207624,1.20508802804372,-0.11635663534270392,0.002388822288758322,0.28947368421052583,-0.022066962970575494,3
E.IGN,US100,M30,short,x2.0,atr,2.5R,,,381,0.30183727034120733,0.042992101989485665,16.379990857994038,1.0604160161761227,-0.19666920559495518,0.0024985595425062535,0.087777731606031,-0.005464480874317493,2
E.IGN,US100,M30,long,x2.0,atr,t10,,,287,0.3344947735191638,0.17497094139019448,50.21666017898581,1.2706110411906808,-0.08047405329600203,0.0023842714385289734,0.3374441602355682,0.009065189752312804,3
E.IGN,US100,M30,short,x2.0,atr,t10,,,341,0.25513196480938416,0.10691831493207575,36.45914539183783,1.1471409393901368,-0.1367528264917943,0.0024731833394417723,0.1914886071571215,0.016710003225360263,3
E.IGN,US100,M30,long,x2.0,atr,t20,,,283,0.2791519434628975,0.1361955186501848,38.5433317780023,1.1878860863551677,-0.12001622393384918,0.002374686958779759,0.3309567902368237,-0.05994703855054371,3
E.IGN,US100,M30,short,x2.0,atr,t20,,,333,0.21921921921921922,0.12302426791691042,40.96708121633117,1.156734939242629,-0.12101520582064318,0.00247269641010315,0.16876749046891107,0.07415573202284759,2
D.SQZ,US100,H1,long,nr5,c10,1.5R,,,356,0.5224719101123596,0.2842488759295552,101.19259983092167,1.5691135449632383,-0.07981711924406769,0.0020262544282033455,0.3430851063829807,0.21840833232691248,4
D.SQZ,US100,H1,short,nr5,c10,1.5R,,,310,0.4967741935483871,0.24155760368663848,74.88285714285793,1.4796581321718174,-0.11377509929477482,0.0020834648184771213,0.2808641975308659,0.198532818532822,3
D.SQZ,US100,H1,long,nr5,c10,2.5R,,,338,0.3698224852071006,0.2687003645687469,90.82072322423646,1.4096942418127119,-0.08699429923775177,0.002072872378555546,0.25904512996286516,0.27969999892987807,4
D.SQZ,US100,H1,short,nr5,c10,2.5R,,,304,0.35855263157894735,0.2545488721804494,77.38285714285662,1.396596916138288,-0.1015412990728935,0.0020893639577862604,0.2929936305732455,0.21348882410106854,3
D.SQZ,US100,H1,long,nr5,c10,3.5R,,,327,0.3241590214067278,0.4348397548346227,142.19259983092164,1.6214510532694626,0.07949344969722472,0.0020735657523743055,0.41279069767442167,0.4593070956833619,4
D.SQZ,US100,H1,short,nr5,c10,3.5R,,,301,0.2823920265780731,0.27037494067394646,81.38285714285789,1.3765682632434824,-0.0863058625692731,0.0020917842273357155,0.4134615384615414,0.11643349753694773,3
D.SQZ,US100,H1,long,nr7,c10,1.5R,,,269,0.5130111524163569,0.27083772146325685,72.85534707361609,1.5431103326466349,-0.11584670442191707,0.001891564241807147,0.2762237762237787,0.26472497677472806,4
D.SQZ,US100,H1,short,nr7,c10,1.5R,,,230,0.5043478260869565,0.26036024844720673,59.882857142857546,1.524749004782057,-0.1175424791047754,0.0020140237974864855,0.29166666666666785,0.22620779220779458,3
D.SQZ,US100,H1,long,nr7,c10,2.5R,,,261,0.36398467432950193,0.25854836417276217,67.48112304909093,1.396903710101411,-0.12219902295970211,0.0019197571162899094,0.20160650276982986,0.32649579542668145,4
D.SQZ,US100,H1,short,nr7,c10,2.5R,,,225,0.35555555555555557,0.24392380952380863,54.88285714285694,1.378196924652004,-0.13562181123761674,0.0020170106324351785,0.33913043478260674,0.14438961038961062,3
D.SQZ,US100,H1,long,nr7,c10,3.5R,,,257,0.32684824902723736,0.45857198309640346,117.85299965577569,1.669060497342949,0.07501117359274526,0.0019000143739113429,0.35971223021583043,0.5750254208116549,4
D.SQZ,US100,H1,short,nr7,c10,3.5R,,,223,0.27802690582959644,0.2505957719410654,55.88285714285759,1.346846127928218,-0.12933721443002544,0.0020205546183984504,0.5000000000000021,-0.01024901703800596,3
E.IGN,US100,H1,long,x1.5,mid,1.5R,,,379,0.39577836411609496,-0.011221316247148226,-4.252878857669177,0.9814489620420008,-0.21017158095944394,0.003264443478126899,0.11979166666666718,-0.14573732009448814,2
E.IGN,US100,H1,short,x1.5,mid,1.5R,,,361,0.37950138504155123,-0.051310165065238916,-18.52296958855125,0.9173166500623965,-0.24219907187768255,0.003521019573145931,0.010516119209833601,-0.11849710982658938,1
E.IGN,US100,H1,long,x1.5,mid,2.5R,,,346,0.29190751445086704,0.02094543682754579,7.247121142330844,1.0295495864353816,-0.17673467565198395,0.0033069723515408225,0.18047337278106554,-0.1313721969359844,2
E.IGN,US100,H1,short,x1.5,mid,2.5R,,,335,0.26865671641791045,-0.06605281021248507,-22.1276914211825,0.9104604939497858,-0.2584472010528743,0.0035043752369960644,0.06595994489338712,-0.208724980326906,2
E.IGN,US100,H1,long,x1.5,mid,t10,,,339,0.336283185840708,0.1325498422479534,44.934396522056204,1.203199493555837,-0.06787618073862395,0.003264535432344753,0.28530561611551924,-0.012304770902324524,3
E.IGN,US100,H1,short,x1.5,mid,t10,,,308,0.24025974025974026,-0.010943730925109434,-3.3706691249337055,0.9850868056312654,-0.2048027559935606,0.003553727569509483,0.19046760501367968,-0.22035816630517494,2
E.IGN,US100,H1,long,x1.5,mid,t20,,,323,0.2786377708978328,0.11962926175412962,38.64025154658387,1.1650145380885832,-0.07814764347936873,0.0032960475111075403,0.17185888540149155,0.07144121612709926,2
E.IGN,US100,H1,short,x1.5,mid,t20,,,287,0.1916376306620209,-0.04219657447265447,-12.110416873651833,0.947542510046312,-0.23690209342947255,0.003566047818099963,0.17180980683404262,-0.24601217571712788,2
E.IGN,US100,H1,long,x1.5,atr,1.5R,,,384,0.4114583333333333,0.029364447383044768,11.275947795089191,1.049954569240379,-0.13890678211606675,0.0035799220381518178,0.08247422680412368,-0.024863432657425272,2
E.IGN,US100,H1,short,x1.5,atr,1.5R,,,362,0.39226519337016574,-0.0193370165745859,-7.000000000000096,0.9681818181818178,-0.18226574461813802,0.0035882734618054805,0.03174603174603118,-0.07514450867052017,1
E.IGN,US100,H1,long,x1.5,atr,2.5R,,,338,0.2988165680473373,0.04667440176061858,15.77594779508908,1.0666427751981586,-0.12312478860410114,0.0035747384872187415,0.15963855421686793,-0.062349140726226715,2
E.IGN,US100,H1,short,x1.5,atr,2.5R,,,334,0.2844311377245509,-0.010272194673368068,-3.430913020904935,0.985759764166887,-0.17467833060714405,0.003568040965780088,0.15294117647058866,-0.1794567867128354,2
E.IGN,US100,H1,long,x1.5,atr,t10,,,331,0.3564954682779456,0.13797835526964902,45.67083559425383,1.222367984123852,-0.03218899990638844,0.0035672933440979585,0.2669475056112326,0.017305466061149802,3
E.IGN,US100,H1,short,x1.5,atr,t10,,,305,0.26557377049180325,0.012059449426448054,3.6781320750666566,1.0170504559205218,-0.1538223196289783,0.0035578917490571393,0.20227560284534246,-0.1819358328683184,1
E.IGN,US100,H1,long,x1.5,atr,t20,,,316,0.2911392405063291,0.10927763491812091,34.53173263412621,1.1539584255134925,-0.05994449213460363,0.003587794947563059,0.11584252051102104,0.10303694120635169,3
E.IGN,US100,H1,short,x1.5,atr,t20,,,283,0.21201413427561838,0.0007643663435013141,0.21631567521087192,1.0009846241366347,-0.1668329224041328,0.003534531756689888,0.233064513979267,-0.2203212914063998,2
E.IGN,US100,H1,long,x2.0,mid,1.5R,,,196,0.39285714285714285,-0.01785714285714339,-3.500000000000105,0.9705882352941169,-0.1821616734399703,0.003893214028430395,0.053921568627450144,-0.09574468085106404,1
E.IGN,US100,H1,short,x2.0,mid,1.5R,,,203,0.4039408866995074,0.009739066066250765,1.9770304114489052,1.0163359932264953,-0.14728575491187018,0.004173166087550488,0.03189936157292466,-0.01595744680850938,2
E.IGN,US100,H1,long,x2.0,mid,2.5R,,,185,0.3027027027027027,0.059459459459459914,11.000000000000083,1.0852713178294582,-0.10425105996374595,0.003926649227097022,0.2554347826086962,-0.13440860215053727,2
E.IGN,US100,H1,short,x2.0,mid,2.5R,,,189,0.2857142857142857,-0.011257626567105153,-2.127691421182874,0.9844838675607267,-0.16953822015128533,0.004152292120064677,0.07403000407375405,-0.1091445662799095,2
E.IGN,US100,H1,long,x2.0,mid,t10,,,188,0.3776595744680851,0.0920660484569368,17.30841710990412,1.1548063086706508,-0.07361026265348619,0.0038483170162152288,0.21618875430835452,-0.0320566573944809,2
E.IGN,US100,H1,short,x2.0,mid,t10,,,176,0.2840909090909091,0.012404777861454643,2.183240903616017,1.0180962336441084,-0.14557945009786552,0.004229681478605279,0.20430339019323168,-0.19303961887021254,1
E.IGN,US100,H1,long,x2.0,mid,t20,,,185,0.3081081081081081,0.03732272084983859,6.904703357220139,1.054841282698053,-0.12889268835024054,0.0038462713053236393,0.0798744300915534,-0.0038709551182044533,3
E.IGN,US100,H1,short,x2.0,mid,t20,,,174,0.23563218390804597,-0.032904255692123914,-5.725340490429561,0.9565806638929384,-0.19058607024020116,0.004241648700671497,0.1000179925773853,-0.17208166858608062,1
E.IGN,US100,H1,long,x2.0,atr,1.5R,,,201,0.4079601990049751,0.01990049751243897,4.000000000000233,1.0336134453781534,-0.15104405202445065,0.003532141439840718,0.019417475728155546,0.02040816326530828,2
E.IGN,US100,H1,short,x2.0,atr,1.5R,,,209,0.4258373205741627,0.06459330143540645,13.499999999999948,1.1124999999999996,-0.10066658151940747,0.003489802661528116,0.07142857142857013,0.056701030927836,2
E.IGN,US100,H1,long,x2.0,atr,2.5R,,,188,0.30319148936170215,0.06117021276595739,11.49999999999999,1.0877862595419847,-0.1108079501035317,0.0035242600999831554,0.22872340425531956,-0.10638297872340474,2
E.IGN,US100,H1,short,x2.0,atr,2.5R,,,196,0.29591836734693877,0.026311587693356387,5.157071187897852,1.0368775971134523,-0.14082684892911398,0.0034530399136475194,0.07692307692307823,-0.030901400131546585,2
E.IGN,US100,H1,long,x2.0,atr,t10,,,188,0.3617021276595745,0.09277864808790638,17.4423858405264,1.1495556623932859,-0.08042874200095819,0.003488948655578389,0.1428585822414612,0.04269871393435158,3
E.IGN,US100,H1,short,x2.0,atr,t10,,,178,0.2640449438202247,0.03274577632586209,5.828748186003452,1.045557867616716,-0.13552760626208432,0.0034568411817305477,0.195851503044198,-0.13785906426458122,1
E.IGN,US100,H1,long,x2.0,atr,t20,,,185,0.2864864864864865,0.04647756492116215,8.598349510414998,1.0656207599310723,-0.1263957287515814,0.0034980826055234174,-0.002297401761244964,0.09472806959623163,2
E.IGN,US100,H1,short,x2.0,atr,t20,,,175,0.21714285714285714,0.0011075104050810376,0.1938143208891816,1.001425549115075,-0.16756444430361223,0.0034532160475963395,0.1323280894318258,-0.13469053068073616,1
D.SQZ,US100,H4,long,nr5,c10,1.5R,,,105,0.5333333333333333,0.33333333333333015,34.999999999999666,1.7142857142857073,0.11409229271285892,0.002986013024265061,0.39423076923076705,0.2735849056603732,4
D.SQZ,US100,H4,short,nr5,c10,1.5R,,,65,0.46153846153846156,0.15384615384615657,10.000000000000178,1.2857142857142907,-0.062030748512965195,0.0030078534933285508,0.11842105263158176,0.2037037037037063,4
D.SQZ,US100,H4,long,nr5,c10,2.5R,,,103,0.39805825242718446,0.3858702186087762,39.744632516703945,1.6333264246645178,0.17058742829962073,0.002985802128825061,0.46624293301353537,0.30392156862745295,4
D.SQZ,US100,H4,short,nr5,c10,2.5R,,,65,0.3384615384615385,0.18461538461538257,11.999999999999867,1.2790697674418574,-0.031261517743739226,0.0030078534933285508,0.1052631578947346,0.2962962962962945,4
D.SQZ,US100,H4,long,nr5,c10,3.5R,,,101,0.3465346534653465,0.5486161996173319,55.410236161350525,1.8259119274083597,0.33497994824760075,0.0030113459190395687,0.7162429330135337,0.3707266049927912,4
D.SQZ,US100,H4,short,nr5,c10,3.5R,,,65,0.24615384615384617,0.10769230769230966,7.000000000000128,1.1428571428571455,-0.10818459466681217,0.0030078534933285508,-0.05263157894736597,0.3333333333333346,2
D.SQZ,US100,H4,long,nr7,c10,1.5R,,,64,0.546875,0.3671874999999944,23.49999999999964,1.8103448275861944,0.12579292605380316,0.0026069931888325027,0.32352941176470107,0.4166666666666602,3
D.SQZ,US100,H4,short,nr7,c10,1.5R,,,41,0.5121951219512195,0.2804878048780538,11.500000000000206,1.5750000000000104,0.039715497902894324,0.0023860117073479844,0.41304347826087573,0.11111111111111462,3
D.SQZ,US100,H4,long,nr7,c10,2.5R,,,63,0.42857142857142855,0.48801003994768244,30.744632516703994,1.8364664706638054,0.25472600690752667,0.0026378251972144595,0.5219009563736454,0.44827586206896736,4
D.SQZ,US100,H4,short,nr7,c10,2.5R,,,41,0.34146341463414637,0.19512195121950773,7.999999999999817,1.2962962962962894,-0.04565035575565177,0.0023860117073479844,0.36956521739129816,-0.027777777777780024,2
D.SQZ,US100,H4,long,nr7,c10,3.5R,,,62,0.3709677419354839,0.6517780026024276,40.41023616135051,2.007993869058222,0.4190165324881289,0.0026500168539765,0.8307244857854015,0.43448584445167376,4
D.SQZ,US100,H4,short,nr7,c10,3.5R,,,41,0.2682926829268293,0.20731707317073517,8.500000000000142,1.283333333333338,-0.033455233804424264,0.0023860117073479844,0.36956521739131054,0.0,3
E.IGN,US100,H4,long,x1.5,mid,1.5R,,,126,0.42857142857142855,0.06804415837087452,8.57356395473019,1.1183761679143136,-0.03258772956310874,0.006330325717026251,0.07758620689655507,0.05990535227544108,2
E.IGN,US100,H4,short,x1.5,mid,1.5R,,,109,0.3394495412844037,-0.1513761467889901,-16.499999999999922,0.7708333333333344,-0.2529098191189816,0.007232952894145549,-0.11016949152542321,-0.19999999999999907,1
E.IGN,US100,H4,long,x1.5,mid,2.5R,,,114,0.3157894736842105,0.08542854093087456,9.738853666119699,1.1213395785004967,-0.015595791836836797,0.006362691235167229,-0.044051137520943334,0.19792727794638842,3
E.IGN,US100,H4,short,x1.5,mid,2.5R,,,101,0.25742574257425743,-0.0990099009900998,-10.00000000000008,0.8666666666666657,-0.201320055149424,0.007337283384625334,-0.07894736842105284,-0.12500000000000153,2
E.IGN,US100,H4,long,x1.5,mid,t10,,,118,0.3220338983050847,0.09850653300059752,11.623770894070507,1.1526034258204971,-0.0029357803584368716,0.006308715381251676,0.16825081200082176,0.03761867038135411,3
E.IGN,US100,H4,short,x1.5,mid,t10,,,96,0.1875,-0.3284165802135146,-31.527991700497402,0.5820855413743001,-0.43177353157322207,0.0073716281187325245,-0.1974853851610329,-0.4897968903944802,1
E.IGN,US100,H4,long,x1.5,mid,t20,,,105,0.2571428571428571,0.100199999123412,10.52099990795826,1.1317965081522348,0.0016016206298504426,0.006528790799327507,0.09262705407665979,0.10682632603932,2
E.IGN,US100,H4,short,x1.5,mid,t20,,,85,0.18823529411764706,-0.17910866365327271,-15.22423641052818,0.7772841505456668,-0.2858532128972617,0.007320987350546888,0.02696030233983752,-0.43398343738159334,2
E.IGN,US100,H4,long,x1.5,atr,1.5R,,,124,0.4274193548387097,0.06659165133963352,8.257364766114556,1.1159048193403587,-0.014889675985280447,0.007109110078751685,0.034482758620689474,0.09480855706234186,2
E.IGN,US100,H4,short,x1.5,atr,1.5R,,,110,0.38181818181818183,-0.0454545454545452,-4.999999999999972,0.9264705882352945,-0.12326544083521902,0.007276880203751118,-0.025423728813558852,-0.06862745098039216,1
E.IGN,US100,H4,long,x1.5,atr,2.5R,,,109,0.3119266055045872,0.07236116418273246,7.887366895917838,1.1022837190019426,-0.00834857840877782,0.007177324365894506,0.04096157941929351,0.10100639940551884,2
E.IGN,US100,H4,short,x1.5,atr,2.5R,,,105,0.2571428571428571,-0.0999999999999999,-10.49999999999999,0.8653846153846158,-0.17800926336697537,0.007277813727905623,0.025862068965517133,-0.25531914893616986,1
E.IGN,US100,H4,long,x1.5,atr,t10,,,119,0.3949579831932773,0.08524287489073809,10.143902111997832,1.1469679211395876,0.0035010570593136145,0.0070700987077451215,0.15732654653060937,0.023295969575223716,3
E.IGN,US100,H4,short,x1.5,atr,t10,,,95,0.18947368421052632,-0.288160117996472,-27.37521120966484,0.6297244292545269,-0.3668180984483844,0.00729081213383911,-0.1256292860299859,-0.4932585488113236,1
E.IGN,US100,H4,long,x1.5,atr,t20,,,104,0.3076923076923077,0.16061400743598428,16.703856773342366,1.2284068662926138,0.08046157358710045,0.007240886028749429,0.08885001893499639,0.22212599757968826,2
E.IGN,US100,H4,short,x1.5,atr,t20,,,86,0.1744186046511628,-0.2246360556646423,-19.318700787159237,0.7259377190690396,-0.3050625129841745,0.0071006474958821625,0.0935654301921854,-0.608109641184409,2
E.IGN,US100,H4,long,x2.0,mid,1.5R,,,55,0.38181818181818183,-0.045454545454542715,-2.4999999999998495,0.9264705882352985,-0.13311673165323304,0.00758730330724713,-0.051724137931029965,-0.03846153846153771,2
E.IGN,US100,H4,short,x2.0,mid,1.5R,,,62,0.3870967741935484,-0.03225806451612897,-1.999999999999996,0.9473684210526315,-0.10736945721247085,0.0086002790256544,-0.013157894736841732,-0.06250000000000037,2
E.IGN,US100,H4,long,x2.0,mid,2.5R,,,50,0.26,-0.12669420577219878,-6.334710288609939,0.8368801970831777,-0.21243587695307656,0.007807082881758914,-0.26287347263884303,0.02083333333333252,1
E.IGN,US100,H4,short,x2.0,mid,2.5R,,,59,0.3050847457627119,0.0677966101694914,3.999999999999993,1.0975609756097557,-0.006630965967179601,0.008701956648432202,0.04054054054054068,0.11363636363636308,2
E.IGN,US100,H4,long,x2.0,mid,t10,,,53,0.2830188679245283,-0.11127016920553631,-5.897318967893424,0.8274113194032213,-0.19863687356633214,0.007658251000336021,0.0038249024702644695,-0.23079197440732943,1
E.IGN,US100,H4,short,x2.0,mid,t10,,,56,0.25,-0.21488313041067092,-12.033455302997572,0.701200996425502,-0.289047237053114,0.008790103003076326,-0.15714998311519562,-0.31110504256979643,1
E.IGN,US100,H4,long,x2.0,mid,t20,,,51,0.23529411764705882,-0.09039731938618362,-4.610263288695364,0.8858878805883342,-0.17563119439797745,0.007820251053547089,0.11011344971958703,-0.29892851925618513,1
E.IGN,US100,H4,short,x2.0,mid,t20,,,53,0.22641509433962265,-0.15186325340624218,-8.048752430530836,0.8005622699421856,-0.2279730593243245,0.00857423821834025,0.0446847545629227,-0.45136497983544577,2
E.IGN,US100,H4,long,x2.0,atr,1.5R,,,55,0.38181818181818183,-0.04545454545454547,-2.500000000000001,0.9264705882352942,-0.13244174396915961,0.006958661011458918,-0.13793103448275898,0.057692307692308105,2
E.IGN,US100,H4,short,x2.0,atr,1.5R,,,62,0.43548387096774194,0.08870967741935441,5.499999999999973,1.1571428571428566,0.009027339133655159,0.00690953025854937,0.081081081081081,0.09999999999999894,4
E.IGN,US100,H4,long,x2.0,atr,2.5R,,,51,0.27450980392156865,-0.07588231118032863,-3.8699978701967606,0.900437404624505,-0.16212537291381804,0.0070068700693129305,-0.26423068731525956,0.11999999999999958,1
E.IGN,US100,H4,short,x2.0,atr,2.5R,,,61,0.3442622950819672,0.20491803278688564,12.500000000000025,1.3125000000000004,0.125492970197023,0.006936860255707722,0.22972972972973016,0.1666666666666671,4
E.IGN,US100,H4,long,x2.0,atr,t10,,,53,0.3018867924528302,-0.07405135073599378,-3.92472158900767,0.8813349585953366,-0.16109963873814545,0.006964792000226863,-0.0010954425277822479,-0.1498132554137519,1
E.IGN,US100,H4,short,x2.0,atr,t10,,,56,0.25,-0.061265444547975466,-3.4308648946866263,0.9138790374727286,-0.1416302498153329,0.006888590168882902,0.04882188008595882,-0.24474431893786586,2
E.IGN,US100,H4,long,x2.0,atr,t20,,,51,0.2549019607843137,-0.06438502686819499,-3.2836363702779443,0.9166426211341406,-0.14944825313703725,0.007095353296925148,0.07693557965614639,-0.21135845765351,1
E.IGN,US100,H4,short,x2.0,atr,t20,,,53,0.20754716981132076,-0.07073319160903796,-3.748859155279012,0.9096446741001464,-0.1529336892728606,0.006617821366557892,0.26785346200544374,-0.5866747590215815,2
D.SQZ,XAUUSD,M15,long,nr5,c10,1.5R,,,778,0.4987146529562982,0.24182348275770593,188.13866958549522,1.477677433800105,-0.28607183553374993,0.0013100641828902102,0.311748931047224,0.17007705925231506,4
D.SQZ,XAUUSD,M15,short,nr5,c10,1.5R,,,766,0.5587467362924282,0.3961294082535259,303.43512672220083,1.896239245922081,-0.16319070036141162,0.0012896795702944622,0.3884872915746341,0.4034971925388164,4
D.SQZ,XAUUSD,M15,long,nr5,c10,2.5R,,,740,0.3567567567567568,0.24522736087876623,181.468247050287,1.3792188207610045,-0.27843308934769456,0.0013267328942436806,0.33864723888200243,0.14767842749417157,4
D.SQZ,XAUUSD,M15,short,nr5,c10,2.5R,,,746,0.4262734584450402,0.4873602737305579,363.5707642029962,1.8427123941458272,-0.06859151203027407,0.0012987779154212409,0.4453999533398452,0.5277746875805601,4
D.SQZ,XAUUSD,M15,long,nr5,c10,3.5R,,,716,0.30027932960893855,0.32005752823210953,229.1611902141904,1.4378830423602282,-0.19794365863048913,0.001335960626673814,0.4426525240942303,0.1925727034752033,4
D.SQZ,XAUUSD,M15,short,nr5,c10,3.5R,,,720,0.3236111111111111,0.45164977413018154,325.1878373737307,1.6632261284972407,-0.09766544394256768,0.001308962827502103,0.4025886523231174,0.4991023345665223,4
D.SQZ,XAUUSD,M15,long,nr7,c10,1.5R,,,603,0.5041459369817579,0.25396130942868206,153.13866958549528,1.505639559120691,-0.30985110844417335,0.0011972028587570421,0.3213368589300846,0.1845440766090552,4
D.SQZ,XAUUSD,M15,short,nr7,c10,1.5R,,,598,0.5702341137123745,0.42492144844331575,254.1030261691028,1.9872028500849457,-0.18132004691705558,0.0011549856214528949,0.43689581095596414,0.41334097943437287,4
D.SQZ,XAUUSD,M15,long,nr7,c10,2.5R,,,580,0.3568965517241379,0.24477283974187453,141.96824705028723,1.3780459200458013,-0.3160350741216739,0.001209692790279086,0.33562256371999066,0.15073540615049122,4
D.SQZ,XAUUSD,M15,short,nr7,c10,2.5R,,,588,0.4302721088435374,0.5004058905610538,294.2386636498996,1.8698560315074362,-0.1048125444523787,0.0011587139820223018,0.4754914817633609,0.5246514561695468,4
D.SQZ,XAUUSD,M15,long,nr7,c10,3.5R,,,568,0.29577464788732394,0.2916570250249829,165.6611902141903,1.3922471399164251,-0.26155348335036915,0.001220693081280636,0.38604903562073956,0.19388178824299843,3
D.SQZ,XAUUSD,M15,short,nr7,c10,3.5R,,,575,0.3217391304347826,0.44215419765200176,254.238663649901,1.6464878190404306,-0.15778729765391478,0.0011654737003083094,0.4168751046175168,0.46682520253789084,4
E.IGN,XAUUSD,M15,long,x1.5,mid,1.5R,,,829,0.4209891435464415,0.05245353642142769,43.48398169336356,1.090588605452716,-0.3365013712147589,0.0017714800425982075,0.06553625689312259,0.03855721393034877,3
E.IGN,XAUUSD,M15,short,x1.5,mid,1.5R,,,787,0.3735705209656925,-0.06683636061998793,-52.6002158079305,0.8934355899301345,-0.44285336722367563,0.001882497657663567,-0.04501216545012179,-0.09069206331896397,0
E.IGN,XAUUSD,M15,long,x1.5,mid,2.5R,,,761,0.3088042049934297,0.08079366845383003,61.48398169336465,1.1168861394968455,-0.30207992398563477,0.0017950039418346746,0.0908674849178302,0.07047872340425537,3
E.IGN,XAUUSD,M15,short,x1.5,mid,2.5R,,,753,0.26294820717131473,-0.08047837424692064,-60.60021580793124,0.8909283796446895,-0.45811884990702334,0.0018736915061144752,-0.04060913705583703,-0.12423458442320735,1
E.IGN,XAUUSD,M15,long,x1.5,mid,t10,,,703,0.2901849217638691,0.17253418947601895,121.29153520164132,1.2474105449909014,-0.2204297951038809,0.0017475218428440365,0.23365005465299196,0.1083892580949394,3
E.IGN,XAUUSD,M15,short,x1.5,mid,t10,,,700,0.22285714285714286,-0.11829689886502837,-82.80782920551985,0.8452389077829231,-0.5058235033528541,0.0018142049163486845,-0.06318347544362096,-0.17732370146428722,1
E.IGN,XAUUSD,M15,long,x1.5,mid,t20,,,672,0.23660714285714285,0.21626821794247927,145.33224245734607,1.2858020325588153,-0.17689765484448244,0.0017308217036368975,0.24838193471752607,0.18258797839791796,3
E.IGN,XAUUSD,M15,short,x1.5,mid,t20,,,674,0.1824925816023739,-0.12362071356040315,-83.32036093971172,0.8472325452600843,-0.5137322383559192,0.0018102093833072606,-0.10885749452017895,-0.13938022345610257,1
E.IGN,XAUUSD,M15,long,x1.5,atr,1.5R,,,819,0.42002442002442003,0.05005659882084762,40.9963544342742,1.0863074521995464,-0.2485557066417733,0.0021185123345944575,0.08513189448441358,0.013672523468342638,3
E.IGN,XAUUSD,M15,short,x1.5,atr,1.5R,,,786,0.3969465648854962,-0.007783583261450324,-6.117896443499955,0.987096254983429,-0.29318765064433494,0.0021994239005128356,0.03553921568627355,-0.0545446995859777,2
E.IGN,XAUUSD,M15,long,x1.5,atr,2.5R,,,751,0.3129161118508655,0.09520153719610257,71.49635443427303,1.1385578475049087,-0.2047407519152711,0.0021143214866325747,0.12144702842377172,0.06729767701723453,3
E.IGN,XAUUSD,M15,short,x1.5,atr,2.5R,,,728,0.25824175824175827,-0.09631579181799248,-70.11789644349852,0.8701803867170445,-0.38312138720540956,0.0021923958048053567,-0.012096774193546477,-0.18431993383005407,1
E.IGN,XAUUSD,M15,long,x1.5,atr,t10,,,688,0.3444767441860465,0.19445940449310434,133.7880702912558,1.3084594444606268,-0.10899579031320925,0.002105195381213972,0.2307499522507067,0.15577128300977452,3
E.IGN,XAUUSD,M15,short,x1.5,atr,t10,,,682,0.2756598240469208,-0.0717763894031886,-48.95149757297463,0.8985801763941933,-0.36433945801939416,0.0021327042412867267,0.008615671834201666,-0.15905217453858167,1
E.IGN,XAUUSD,M15,long,x1.5,atr,t20,,,653,0.29096477794793263,0.24323691047666585,158.8337025412628,1.346647218336443,-0.0609449163631066,0.002102939193322202,0.2469540406215018,0.23929698704239166,3
E.IGN,XAUUSD,M15,short,x1.5,atr,t20,,,647,0.22102009273570325,-0.057383217431246844,-37.126941678016706,0.9251229469542017,-0.3518887413014464,0.002112899544966007,-0.04997152365655771,-0.06544044582502181,2
E.IGN,XAUUSD,M15,long,x2.0,mid,1.5R,,,302,0.40397350993377484,0.009933774834436153,2.9999999999997184,1.016666666666665,-0.28051912664912104,0.002316550187540704,-0.01898734177215421,0.04166666666666725,2
E.IGN,XAUUSD,M15,short,x2.0,mid,1.5R,,,298,0.40604026845637586,0.015100671140938948,4.499999999999806,1.0254237288135581,-0.25026542187200507,0.0026083125687719737,0.09271523178807625,-0.06462585034013407,3
E.IGN,XAUUSD,M15,long,x2.0,mid,2.5R,,,285,0.3298245614035088,0.1543859649122817,44.000000000000284,1.2303664921465984,-0.13963849374655402,0.0022985444263133813,0.1200000000000017,0.19259259259259282,3
E.IGN,XAUUSD,M15,short,x2.0,mid,2.5R,,,285,0.2736842105263158,-0.04210526315789371,-11.999999999999707,0.9420289855072479,-0.307282543294561,0.0026255451870320157,0.08620689655172718,-0.17500000000000107,2
E.IGN,XAUUSD,M15,long,x2.0,mid,t10,,,271,0.3210332103321033,0.13389787849185228,36.28632507129197,1.2046206595506064,-0.16426945602163526,0.002268699684730498,0.06218456889204904,0.21765902410442245,4
E.IGN,XAUUSD,M15,short,x2.0,mid,t10,,,279,0.25089605734767023,-0.09089857843634236,-25.36070338373952,0.8738819063159288,-0.36031472659085806,0.0025755801856066503,0.018012714919897532,-0.19903193398289482,2
E.IGN,XAUUSD,M15,long,x2.0,mid,t20,,,269,0.2936802973977695,0.15963231016504428,42.94109143439691,1.2292759178122876,-0.13805345032067307,0.002272824662560925,0.0842652996252902,0.246455106306841,4
E.IGN,XAUUSD,M15,short,x2.0,mid,t20,,,273,0.22344322344322345,-0.10304589627331795,-28.1315296826158,0.8647588378190878,-0.37376471235355785,0.002571535848896787,-0.1250342778896219,-0.08056888395442947,1
E.IGN,XAUUSD,M15,long,x2.0,atr,1.5R,,,305,0.4131147540983607,0.03278688524590103,9.999999999999815,1.0558659217877084,-0.2533272938526713,0.0021894209152778523,-1.1435297153639113e-15,0.0689655172413793,2
E.IGN,XAUUSD,M15,short,x2.0,atr,1.5R,,,304,0.40131578947368424,0.0032894736842100122,0.9999999999998437,1.0054945054945048,-0.261229741039877,0.0023946707957640504,0.13636363636363708,-0.13333333333333514,2
E.IGN,XAUUSD,M15,long,x2.0,atr,2.5R,,,294,0.3197278911564626,0.11904761904761997,35.00000000000027,1.1750000000000014,-0.16946525241255508,0.0021726472367438127,0.07006369426751682,0.17518248175182569,2
E.IGN,XAUUSD,M15,short,x2.0,atr,2.5R,,,293,0.2525597269624573,-0.11604095563139939,-34.00000000000002,0.8447488584474885,-0.3813974202173384,0.0023953071209398945,0.1344827586206897,-0.3614864864864867,1
E.IGN,XAUUSD,M15,long,x2.0,atr,t10,,,272,0.3382352941176471,0.20470673136980405,55.6802309325867,1.3211753048220318,-0.08752659649317777,0.0021521192302719353,0.12002094501761769,0.3057833150804781,4
E.IGN,XAUUSD,M15,short,x2.0,atr,t10,,,280,0.2392857142857143,-0.10158684937941412,-28.444317826235952,0.8618358737353159,-0.37066105822069684,0.0023531313555744757,0.0834477018984758,-0.286621400657304,2
E.IGN,XAUUSD,M15,long,x2.0,atr,t20,,,269,0.2899628252788104,0.2228111887264527,59.936209767415775,1.3166642809491418,-0.06902391796330395,0.002154666277227341,0.17066039831327398,0.2837939678386374,4
E.IGN,XAUUSD,M15,short,x2.0,atr,t20,,,276,0.19927536231884058,-0.16339265246571535,-45.096372080537435,0.7936993149832655,-0.433442151941422,0.002346342019545485,-0.12853182841299085,-0.19876239365789575,1
F.LVL,XAUUSD,M15,long,round50,1.5R,,,,494,0.3866396761133603,-0.037809594599387306,-18.67793973209733,0.9387965599725399,-0.27741082553825247,0.0034399636129027007,0.03707841286050163,-0.07368408919095086,2
F.LVL,XAUUSD,M15,short,round50,1.5R,,,,511,0.40313111545988256,0.007827788649707252,4.000000000000406,1.013114754098362,-0.23944019838780603,0.003359801257266832,0.011560693641620412,0.0059171597633138305,2
F.LVL,XAUUSD,M15,long,round50,2.5R,,,,450,0.27555555555555555,-0.0403954216268848,-18.17793973209816,0.9446095013365695,-0.2878891823866377,0.0033180492715298017,0.11891965198503492,-0.12410334166026635,1
F.LVL,XAUUSD,M15,short,round50,2.5R,,,,467,0.2762312633832976,-0.03319057815845816,-15.499999999999963,0.9541420118343197,-0.28393631272290737,0.00324138092752019,0.0898203592814375,-0.10166666666666675,2
F.LVL,XAUUSD,M15,long,round50,next,,,,493,0.2210953346855984,-0.05952409060926593,-29.345376670368104,0.9239688449148885,-0.2968643554764156,0.0033659160117684135,0.22210493970290604,-0.18505961145222824,3
F.LVL,XAUUSD,M15,short,round50,next,,,,480,0.22916666666666666,0.05471152040598149,26.261529794871116,1.0709771075537058,-0.1885257749694259,0.003279206328212596,0.2569572863529316,-0.04452708524500648,1
F.LVL,XAUUSD,M15,long,round100,1.5R,,,,261,0.367816091954023,-0.0881463103229667,-23.00618699429431,0.8622435048164994,-0.30436854176267714,0.003715978028276364,0.24511609319507888,-0.19866700536721651,2
F.LVL,XAUUSD,M15,short,round100,1.5R,,,,253,0.42292490118577075,0.05731225296442613,14.499999999999812,1.0993150684931494,-0.17233486316348592,0.003606445182892056,-0.006849315068495253,0.08333333333333315,3
F.LVL,XAUUSD,M15,long,round100,2.5R,,,,249,0.27309236947791166,-0.05223368270800889,-13.006186994294215,0.9289303426954645,-0.2724391462890805,0.0036380595212824195,0.3973835321512586,-0.2077769354160798,2
F.LVL,XAUUSD,M15,short,round100,2.5R,,,,237,0.29957805907172996,0.04852320675105663,11.500000000000423,1.0692771084337376,-0.1823846461645505,0.003522250804870968,0.21527777777778004,-0.024242424242422674,3
F.LVL,XAUUSD,M15,long,round100,next,,,,248,0.14112903225806453,-0.08751293032640006,-21.703206720947215,0.898957759679553,-0.3050683481652615,0.0037214372989045727,0.4217860938534117,-0.2536479061283707,3
F.LVL,XAUUSD,M15,short,round100,next,,,,233,0.1630901287553648,-0.07073632525937061,-16.48156378543335,0.9154791600747006,-0.29782271560714363,0.0037794699697566163,0.10718414948422827,-0.14559311036490913,1
F.LVL,XAUUSD,M15,long,pivot,1.5R,,,,506,0.4031620553359684,0.007905138339921994,4.000000000000529,1.0132450331125844,-0.300770814404091,0.002317886656623029,0.07142857142857194,-0.03979238754325116,2
F.LVL,XAUUSD,M15,short,pivot,1.5R,,,,509,0.3889980353634578,-0.038005857177045646,-19.344981303116235,0.9386057233886258,-0.3434211143678468,0.002499627827211963,-0.029491048618747136,-0.04675813051585449,2
F.LVL,XAUUSD,M15,long,pivot,2.5R,,,,459,0.2657952069716776,-0.06971677559912938,-32.000000000000384,0.9050445103857555,-0.3771830025786221,0.0023356971097815956,0.030456852791877875,-0.1450381679389325,1
F.LVL,XAUUSD,M15,short,pivot,2.5R,,,,480,0.2625,-0.09446871104815774,-45.344981303115716,0.8733713654343805,-0.3998860921581,0.002525742700244852,-0.08686703927422267,-0.1022628302087747,1
D.SQZ,XAUUSD,M30,long,nr5,c10,1.5R,,,398,0.5226130653266332,0.3027893020229058,120.51014220511652,1.6293291122196243,-0.05997546518556829,0.0019012691901975005,0.34770932914822555,0.25507631984316215,4
D.SQZ,XAUUSD,M30,short,nr5,c10,1.5R,,,394,0.5126903553299492,0.26354945985525113,103.83848718296895,1.5213782809451024,-0.11730375855555786,0.001853578849479177,0.33317271589486425,0.20000978929482746,3
D.SQZ,XAUUSD,M30,long,nr5,c10,2.5R,,,385,0.37142857142857144,0.29536442054616985,113.7153019102754,1.4664579147146581,-0.0634974132933249,0.0019261660026394637,0.34666116673641134,0.24048241790177166,4
D.SQZ,XAUUSD,M30,short,nr5,c10,2.5R,,,386,0.34974093264248707,0.1908034227199453,73.65012116989888,1.2791364600827566,-0.18903002815604134,0.0018588038121471234,0.28208302420067316,0.1067898591680316,3
D.SQZ,XAUUSD,M30,long,nr5,c10,3.5R,,,375,0.304,0.3632408050940685,136.21530191027568,1.5183532484976223,0.010472491292284067,0.001952353394588249,0.47672975350796715,0.24160071673884012,3
D.SQZ,XAUUSD,M30,short,nr5,c10,3.5R,,,374,0.27540106951871657,0.20494684804785634,76.65012116989827,1.270037533522349,-0.1772364572397302,0.0018278854665972257,0.3541545733170852,0.07088711519174719,3
D.SQZ,XAUUSD,M30,long,nr7,c10,1.5R,,,314,0.5159235668789809,0.28506414715005196,89.51014220511631,1.5831664938066006,-0.11139508957556277,0.001691343271878872,0.3196321757739888,0.2482219061166456,4
D.SQZ,XAUUSD,M30,short,nr7,c10,1.5R,,,302,0.5,0.22628638140056198,68.33848718296971,1.4320803839428846,-0.19334246343755424,0.0016294603096382023,0.28914215686274125,0.1690001050299682,4
D.SQZ,XAUUSD,M30,long,nr7,c10,2.5R,,,310,0.3741935483870968,0.3039203287428239,94.2153019102754,1.4812189248165772,-0.0911494734351511,0.001699686680604847,0.3467848261284109,0.2581981981981977,4
D.SQZ,XAUUSD,M30,short,nr7,c10,2.5R,,,299,0.3511705685618729,0.1861208065882882,55.65012116989817,1.269036276379001,-0.23445858224838362,0.0016259052417193689,0.2915060103295412,0.08951770315880625,4
D.SQZ,XAUUSD,M30,long,nr7,c10,3.5R,,,304,0.3092105263157895,0.38557665102064415,117.21530191027583,1.5534644521891596,-0.0045605180849975545,0.0017173401894789821,0.48079982280602385,0.2838757124471433,4
D.SQZ,XAUUSD,M30,short,nr7,c10,3.5R,,,292,0.2705479452054795,0.17345931907499557,50.6501211698987,1.224264548789069,-0.25044395990116336,0.0016147615990015217,0.2711176940800302,0.08473700452793792,4
E.IGN,XAUUSD,M30,long,x1.5,mid,1.5R,,,419,0.4343675417661098,0.08591885441527504,36.00000000000024,1.1518987341772162,-0.19636234945702674,0.0023094164303928597,0.029411764705882006,0.1602209944751399,4
E.IGN,XAUUSD,M30,short,x1.5,mid,1.5R,,,379,0.37467018469656993,-0.06273977906195609,-23.77837626448136,0.8995753892749017,-0.3169363323544468,0.0026914746282190503,-0.05440414507772172,-0.0713891197015111,1
E.IGN,XAUUSD,M30,long,x1.5,mid,2.5R,,,379,0.32717678100263853,0.14511873350923443,54.99999999999985,1.2156862745098034,-0.12825164832882588,0.0023749611456630364,0.17224880382775068,0.1117647058823527,3
E.IGN,XAUUSD,M30,short,x1.5,mid,2.5R,,,364,0.26373626373626374,-0.07631422050681558,-27.77837626448087,0.8962635570056464,-0.3317734117958053,0.0026934803916038186,-0.035135135135134735,-0.11887361041609466,1
E.IGN,XAUUSD,M30,long,x1.5,mid,t10,,,365,0.3095890410958904,0.28085135779080245,102.5107455936429,1.4150085394781775,-0.00524343262122471,0.0022987971728004103,0.24276806687373564,0.33303041222912116,4
E.IGN,XAUUSD,M30,short,x1.5,mid,t10,,,340,0.22647058823529412,-0.06228412044651687,-21.176600951815736,0.9169503368650093,-0.3211711524398916,0.002639997269738257,-0.14792877253207354,0.026437585007383177,1
E.IGN,XAUUSD,M30,long,x1.5,mid,t20,,,344,0.26744186046511625,0.3296941885742801,113.41480086955237,1.4505812470239998,0.044799009591396266,0.0023267400952670814,0.35410194454638705,0.2969844747885313,4
E.IGN,XAUUSD,M30,short,x1.5,mid,t20,,,320,0.178125,-0.02642216493279397,-8.45509277849407,0.9673879727266913,-0.2895712829322374,0.0026173152864356762,-0.07429344896952683,0.02266105034537518,1
E.IGN,XAUUSD,M30,long,x1.5,atr,1.5R,,,412,0.44660194174757284,0.11650485436893293,48.00000000000037,1.2105263157894754,-0.09873023359772362,0.002811583271048603,0.1266094420600869,0.10335195530726324,4
E.IGN,XAUUSD,M30,short,x1.5,atr,1.5R,,,380,0.3605263157894737,-0.09768915309631535,-37.12187817659983,0.8469969878413869,-0.29162932289684973,0.0031643228763116177,-0.072164948453609,-0.12431117299247141,1
E.IGN,XAUUSD,M30,long,x1.5,atr,2.5R,,,366,0.3360655737704918,0.17622950819672129,64.49999999999999,1.2654320987654322,-0.0353390394410038,0.002851924077256124,0.18382352941176505,0.1666666666666661,3
E.IGN,XAUUSD,M30,short,x1.5,atr,2.5R,,,360,0.23333333333333334,-0.18228299493499892,-65.62187817659961,0.7619133915974784,-0.37751314210115844,0.0031467896224333615,-0.20540540540540494,-0.15783930386628395,0
E.IGN,XAUUSD,M30,long,x1.5,atr,t10,,,356,0.36235955056179775,0.2365215290487546,84.20166434135663,1.383914656657487,0.02142529657978968,0.002827468098640362,0.2077160918322099,0.27562824844869943,4
E.IGN,XAUUSD,M30,short,x1.5,atr,t10,,,337,0.2551928783382789,-0.09642191457190888,-32.49418521073329,0.8651734180292623,-0.2929989265121359,0.0031395148836040865,-0.18589217507281158,-0.0031559460497557765,1
E.IGN,XAUUSD,M30,long,x1.5,atr,t20,,,333,0.3153153153153153,0.2739160497406828,91.21404456364738,1.402010125870377,0.06029011844431441,0.00285786459622536,0.28852315706689974,0.25426846171739115,4
E.IGN,XAUUSD,M30,short,x1.5,atr,t20,,,319,0.19435736677115986,-0.1344986445285195,-42.905067604597726,0.8303899701923022,-0.33349834982753873,0.0031142389232146845,-0.1865232115761447,-0.0808172441354286,1
E.IGN,XAUUSD,M30,long,x2.0,mid,1.5R,,,151,0.4503311258278146,0.12582781456953798,19.000000000000234,1.2289156626506053,-0.08422249797287294,0.003035467067205295,0.06250000000000117,0.19718309859155128,3
E.IGN,XAUUSD,M30,short,x2.0,mid,1.5R,,,146,0.3150684931506849,-0.2098810783073006,-30.64263743286589,0.6924746451687279,-0.3934239676373114,0.0035374063501216442,-0.06666666666666687,-0.36116390750515315,1
E.IGN,XAUUSD,M30,long,x2.0,mid,2.5R,,,143,0.32167832167832167,0.1258741258741245,17.999999999999805,1.1855670103092764,-0.08221208782764741,0.003079714027297474,0.16666666666666505,0.08088235294117532,2
E.IGN,XAUUSD,M30,short,x2.0,mid,2.5R,,,142,0.2112676056338028,-0.2580467424849717,-36.64263743286598,0.6717863508473606,-0.4403860073773417,0.0035569443736036747,-0.0633802816901417,-0.45271320327980163,0
E.IGN,XAUUSD,M30,long,x2.0,mid,t10,,,142,0.352112676056338,0.14538405946357782,20.644536443828052,1.2365814705531453,-0.0604250506786426,0.0030903864939743502,0.12450927329712617,0.16875135741109829,3
E.IGN,XAUUSD,M30,short,x2.0,mid,t10,,,137,0.22627737226277372,-0.15499547851195175,-21.23438055613739,0.7894995561914293,-0.3382304314919665,0.0035295427707307146,-0.014720245361308604,-0.28925891595613873,2
E.IGN,XAUUSD,M30,long,x2.0,mid,t20,,,137,0.29927007299270075,0.301918791019537,41.36287436967657,1.446780543337745,0.0959283641363545,0.003106467043673838,0.1373295067384846,0.4952458868417255,3
E.IGN,XAUUSD,M30,short,x2.0,mid,t20,,,133,0.18796992481203006,-0.14530013918659673,-19.324918511817366,0.8162450060922452,-0.329328176414159,0.003539318454861614,0.0007262806393637077,-0.28488421696141186,2
E.IGN,XAUUSD,M30,long,x2.0,atr,1.5R,,,154,0.42207792207792205,0.055194805194806025,8.500000000000128,1.0955056179775295,-0.1482186430732496,0.002953102831773726,0.03658536585365913,0.07638888888888998,3
E.IGN,XAUUSD,M30,short,x2.0,atr,1.5R,,,150,0.3333333333333333,-0.16414585451066732,-24.6218781766001,0.7528466775846879,-0.34789388834646234,0.003203830394076811,0.019736842105259875,-0.3529983537378358,1
E.IGN,XAUUSD,M30,long,x2.0,atr,2.5R,,,147,0.2925170068027211,0.023809523809523406,3.4999999999999405,1.0336538461538456,-0.17906511609206166,0.0029661354307557127,0.06329113924050624,-0.022058823529412547,2
E.IGN,XAUUSD,M30,short,x2.0,atr,2.5R,,,145,0.18620689655172415,-0.3456681253558589,-50.12187817659954,0.5738728291572968,-0.529828594554652,0.003194163511778796,-0.12499999999999797,-0.5633133996794477,0
E.IGN,XAUUSD,M30,long,x2.0,atr,t10,,,143,0.34265734265734266,0.13163871524961476,18.82433628069491,1.2121465001053495,-0.06830919658958144,0.0030068901662819473,0.12459008682472288,0.1396341743584473,3
E.IGN,XAUUSD,M30,short,x2.0,atr,t10,,,139,0.20863309352517986,-0.20003210700041624,-27.804462873057858,0.7398944739493727,-0.38534553247778064,0.0031782159475824702,-0.03589040010575202,-0.3527750842496176,1
E.IGN,XAUUSD,M30,long,x2.0,atr,t20,,,138,0.2898550724637681,0.2831105688432135,39.06925850036347,1.4066508453131497,0.08320487198226931,0.003016405325497475,0.23982912696724829,0.3346360948860293,3
E.IGN,XAUUSD,M30,short,x2.0,atr,t20,,,136,0.16176470588235295,-0.2467614568296792,-33.55955812883637,0.7007358733547723,-0.43237531037657223,0.003181179031827349,-0.07269239314468517,-0.40612045879481457,2
F.LVL,XAUUSD,M30,long,round50,1.5R,,,,339,0.39233038348082594,-0.021370913632576764,-7.244739721443523,0.964958045698262,-0.19051794750704326,0.004422836207257892,0.0378643674676063,-0.050988554182668296,2
F.LVL,XAUUSD,M30,short,round50,1.5R,,,,359,0.38997214484679665,-0.025069637883006646,-8.999999999999385,0.9589041095890439,-0.20089897283847497,0.0045273861860004256,0.07142857142857281,-0.07725321888411828,1
F.LVL,XAUUSD,M30,long,round50,2.5R,,,,308,0.3116883116883117,0.08849110480050722,27.25526027855622,1.1281124991115776,-0.08321174521291365,0.004335732313153733,0.252628995507917,0.0023593403698862494,3
F.LVL,XAUUSD,M30,short,round50,2.5R,,,,324,0.27469135802469136,-0.03858024691358053,-12.50000000000009,0.9468085106382975,-0.21642673636197957,0.004465272781661692,0.008474576271185967,-0.06553398058252445,1
F.LVL,XAUUSD,M30,long,round50,next,,,,357,0.3081232492997199,0.05484229471227627,19.57869921228263,1.0788509310932637,-0.11052174709946916,0.0043779827423441175,0.20160119081640043,-0.011378182798121216,3
F.LVL,XAUUSD,M30,short,round50,next,,,,349,0.29512893982808025,-0.05776734305378391,-20.160802725770584,0.9180455173749164,-0.22972415492791326,0.004440565062713508,0.034115576959283085,-0.10470320695656272,1
F.LVL,XAUUSD,M30,long,round100,1.5R,,,,185,0.3891891891891892,-0.031052647142938723,-5.744739721443664,0.9494944580688979,-0.18451105876024565,0.004708307060522837,0.02507202987920378,-0.05241353168121683,2
F.LVL,XAUUSD,M30,short,round100,1.5R,,,,187,0.42245989304812837,0.056149732620322405,10.50000000000029,1.097222222222225,-0.10638816627393538,0.004767146873764926,0.09375000000000182,0.04316546762590075,3
F.LVL,XAUUSD,M30,long,round100,2.5R,,,,175,0.3142857142857143,0.0957443444488931,16.755260278556293,1.1387659646060808,-0.060445405119727354,0.004517252784317608,0.3955734704767842,-0.024187305962263296,3
F.LVL,XAUUSD,M30,short,round100,2.5R,,,,170,0.28823529411764703,0.008823529411764201,1.4999999999999143,1.0123966942148752,-0.1540155093592845,0.004722949099795922,0.14130434782608514,-0.04032258064516132,1
F.LVL,XAUUSD,M30,long,round100,next,,,,179,0.2011173184357542,0.25506185534527187,45.65607210680366,1.3162702162529851,0.10051014242227249,0.004678156181604689,0.8951294276204171,0.006973649037076,3
F.LVL,XAUUSD,M30,short,round100,next,,,,176,0.23295454545454544,0.12576992098165243,22.13550609277083,1.1639667117983026,-0.03257534994095711,0.00499303926756458,0.22219988311577094,0.09164854976496427,2
F.LVL,XAUUSD,M30,long,pivot,1.5R,,,,388,0.37371134020618557,-0.06910075238115285,-26.811091923887304,0.8896662883790646,-0.2973309761378726,0.003128584788827009,0.008287292817681462,-0.1367685600187809,1
F.LVL,XAUUSD,M30,short,pivot,1.5R,,,,379,0.39313984168865435,-0.025800227584978193,-9.778286254706735,0.9580831700553979,-0.2417851199861247,0.0033533098642340568,-0.04475010779801489,-0.008659632417407323,2
F.LVL,XAUUSD,M30,long,pivot,2.5R,,,,353,0.2804532577903683,-0.024960600350956392,-8.811091923887606,0.9653106617169779,-0.24949655029396933,0.0031546043473855336,0.08841463414633997,-0.1233391107083987,3
F.LVL,XAUUSD,M30,short,pivot,2.5R,,,,350,0.2885714285714286,0.0006334678436945954,0.2217137452931084,1.000878845930756,-0.2137916629308815,0.0034164357640694963,-0.042757693355408036,0.03933369269694828,1
D.SQZ,XAUUSD,H1,long,nr5,c10,1.5R,,,280,0.5321428571428571,0.3185620159143664,89.19736445602258,1.6641520033820534,0.028108680700151868,0.0023563425604133485,0.35979367938431617,0.26743475321162863,4
D.SQZ,XAUUSD,H1,short,nr5,c10,1.5R,,,280,0.5,0.24882395991311015,69.67070877567085,1.496480158688293,-0.03531261397328673,0.0024029823214414014,0.2603305785124009,0.24006735079037955,4
D.SQZ,XAUUSD,H1,long,nr5,c10,2.5R,,,269,0.3754646840148699,0.28814385669324,77.51069745048156,1.4429453476365945,-0.0023410503185837786,0.0023629204540384654,0.3586577925609985,0.2018954062103617,4
D.SQZ,XAUUSD,H1,short,nr5,c10,2.5R,,,274,0.35766423357664234,0.2506230247287246,68.67070877567055,1.3894458390824378,-0.032320069501933786,0.0024177945893557847,0.26724137931034464,0.23842220744095297,4
D.SQZ,XAUUSD,H1,long,nr5,c10,3.5R,,,262,0.32061068702290074,0.4160713643148166,109.01069745048196,1.589281087868861,0.12632407943522111,0.0023803248131893254,0.48331967792433295,0.3327294371919118,4
D.SQZ,XAUUSD,H1,short,nr5,c10,3.5R,,,267,0.27340823970037453,0.22157152683355621,59.15959766455951,1.3044296476966353,-0.060331297359434814,0.0024361919292233344,0.29130434782608794,0.168813142529996,3
D.SQZ,XAUUSD,H1,long,nr7,c10,1.5R,,,193,0.5803108808290155,0.44180321401330663,85.26802030456818,2.030653691818725,0.11292172718143866,0.0020126805619017966,0.5112214186244993,0.343749999999997,4
D.SQZ,XAUUSD,H1,short,nr7,c10,1.5R,,,197,0.5177664974619289,0.29438024264679474,57.99290780141857,1.61040609137056,-0.02360935522001139,0.002146287703114788,0.292134831460676,0.29623062779091114,4
D.SQZ,XAUUSD,H1,long,nr7,c10,2.5R,,,187,0.42245989304812837,0.44963290534239675,84.0813532990282,1.741336241832514,0.12106380028639487,0.0020076977370735573,0.5701977157317418,0.28481012658227944,4
D.SQZ,XAUUSD,H1,short,nr7,c10,2.5R,,,195,0.3641025641025641,0.27432260410984055,53.49290780141891,1.4313697454961436,-0.04375427196895248,0.002149959973149696,0.2727272727272758,0.27563465234970697,4
D.SQZ,XAUUSD,H1,long,nr7,c10,3.5R,,,187,0.3582887700534759,0.5833227449145879,109.08135329902794,1.8697379230945137,0.25475363985858596,0.0020076977370735573,0.6581606786947042,0.48101265822784656,4
D.SQZ,XAUUSD,H1,short,nr7,c10,3.5R,,,193,0.27461139896373055,0.22529428336946758,43.48179669030724,1.3105685291187537,-0.09379334812355429,0.002146560174655947,0.2931034482758597,0.16963959141799478,3
E.IGN,XAUUSD,H1,long,x1.5,mid,1.5R,,,302,0.45364238410596025,0.1341059602649001,40.49999999999983,1.2454545454545445,-0.07878432151028604,0.0029791009071376416,0.10759493670885852,0.16319444444444575,3
E.IGN,XAUUSD,H1,short,x1.5,mid,1.5R,,,277,0.34296028880866425,-0.14282556451156722,-39.56268136970412,0.7826974695085014,-0.34213204787484297,0.0033858694132797777,-0.2129629629629634,-0.044023316258296044,1
E.IGN,XAUUSD,H1,long,x1.5,mid,2.5R,,,281,0.298932384341637,0.0417636769407085,11.735593220339087,1.059191629052114,-0.17148594320770386,0.0029952660722793742,-0.04761904761904613,0.13981785985327516,2
E.IGN,XAUUSD,H1,short,x1.5,mid,2.5R,,,262,0.2595419847328244,-0.09184229530421342,-24.062681369703917,0.876005622513982,-0.2926011954728959,0.003389285099913643,-0.17647058823529374,0.026947877342165378,1
E.IGN,XAUUSD,H1,long,x1.5,mid,t10,,,264,0.3068181818181818,0.17191676855085025,45.386026897424465,1.25505586154284,-0.044198627359277716,0.0029666404043063505,0.010808590486037094,0.3652465822286261,3
E.IGN,XAUUSD,H1,short,x1.5,mid,t10,,,243,0.21810699588477367,-0.05273638205629257,-12.814940839679096,0.9310522548265361,-0.25894029646814887,0.003325763166713489,-0.15216015263880225,0.08470235963129435,1
E.IGN,XAUUSD,H1,long,x1.5,mid,t20,,,242,0.24380165289256198,0.305783937624957,73.99971290523959,1.4051688067414194,0.09182063508309568,0.0030015789324880668,0.14017191561853037,0.498012177453845,3
E.IGN,XAUUSD,H1,short,x1.5,mid,t20,,,232,0.1853448275862069,-0.10530504898676943,-24.430771364930507,0.8696516178760555,-0.31248571638726064,0.0033304028705322527,-0.22050773998535736,0.057898763261230224,1
E.IGN,XAUUSD,H1,long,x1.5,atr,1.5R,,,293,0.4300341296928328,0.07508532423208207,22.000000000000046,1.1317365269461082,-0.08565158233995929,0.0036898961067357828,0.09477124183006538,0.053571428571428825,2
E.IGN,XAUUSD,H1,short,x1.5,atr,1.5R,,,277,0.36462093862815886,-0.08844765342960324,-24.5000000000001,0.8607954545454539,-0.24025559054028361,0.0039288955131533245,-0.18209876543209907,0.0434782608695648,1
E.IGN,XAUUSD,H1,long,x1.5,atr,2.5R,,,268,0.31343283582089554,0.09701492537313414,25.99999999999995,1.1413043478260865,-0.06329513206745321,0.003689109411236239,0.15000000000000013,0.03906249999999946,3
E.IGN,XAUUSD,H1,short,x1.5,atr,2.5R,,,253,0.2648221343873518,-0.07312252964426874,-18.499999999999993,0.900537634408602,-0.2269294837074723,0.0038946992434041993,-0.1249999999999999,-8.458842092382145e-17,1
E.IGN,XAUUSD,H1,long,x1.5,atr,t10,,,255,0.3568627450980392,0.13951714072548788,35.57687088499941,1.2259370283204365,-0.020552693492193474,0.0037117341750439897,0.1428708329088697,0.13568434965876583,3
E.IGN,XAUUSD,H1,short,x1.5,atr,t10,,,241,0.24481327800829875,-0.10867951996128035,-26.191764310668564,0.8501455297680495,-0.26308119337645014,0.0038875071363363386,-0.20022639572298775,0.020401574862727204,1
E.IGN,XAUUSD,H1,long,x1.5,atr,t20,,,231,0.27705627705627706,0.26928496190060547,62.20482619903986,1.3765867115496107,0.11030333266387571,0.0037500104262800146,0.2410194391666875,0.29984228377511124,3
E.IGN,XAUUSD,H1,short,x1.5,atr,t20,,,227,0.22026431718061673,-0.06937817811242386,-15.748846431520215,0.9085018945409028,-0.22511508065503533,0.0038756200697048692,-0.15423128148363738,0.05067993623195275,1
E.IGN,XAUUSD,H1,long,x2.0,mid,1.5R,,,105,0.49523809523809526,0.23809523809523694,24.99999999999988,1.471698113207545,0.07928893508498355,0.0038178293309275068,0.22641509433961884,0.25000000000000155,4
E.IGN,XAUUSD,H1,short,x2.0,mid,1.5R,,,117,0.3162393162393162,-0.20940170940170938,-24.499999999999996,0.69375,-0.3503580786620172,0.004428632348987154,-0.26923076923076855,-0.1346153846153853,1
E.IGN,XAUUSD,H1,long,x2.0,mid,2.5R,,,101,0.33663366336633666,0.16569894277563552,16.735593220339187,1.24515840699176,0.005954794550923016,0.003801838442326808,0.07692307692307986,0.2599100657212048,2
E.IGN,XAUUSD,H1,short,x2.0,mid,2.5R,,,115,0.22608695652173913,-0.2086956521739128,-23.99999999999997,0.7303370786516857,-0.35018612541333344,0.004425565923900918,-0.2890625,-0.10784313725490136,1
E.IGN,XAUUSD,H1,long,x2.0,mid,t10,,,98,0.3877551020408163,0.10976089995565927,10.756568195654609,1.189010180594416,-0.05204581220464743,0.0037670243614955057,0.07979594933026253,0.14227605914491948,3
E.IGN,XAUUSD,H1,short,x2.0,mid,t10,,,109,0.22018348623853212,-0.11317862387425597,-12.3364700022939,0.8475211949341293,-0.2558046706277953,0.00443553944840942,-0.18556281003616107,-0.024544926533147767,1
E.IGN,XAUUSD,H1,long,x2.0,mid,t20,,,96,0.2916666666666667,0.3346466715703304,32.12608047075172,1.4723337633662288,0.17324351435793708,0.00378792299163401,0.21698883244260078,0.46799222258175727,3
E.IGN,XAUUSD,H1,short,x2.0,mid,t20,,,107,0.2336448598130841,-0.1031344460306164,-11.035385725275955,0.8654221253015127,-0.24681073880011611,0.0044087823852173415,-0.25223708602871986,0.08720934971164343,1
E.IGN,XAUUSD,H1,long,x2.0,atr,1.5R,,,105,0.47619047619047616,0.19047619047619022,19.99999999999997,1.363636363636363,0.03391714653626184,0.0036544736622384348,0.1320754716981125,0.2500000000000001,4
E.IGN,XAUUSD,H1,short,x2.0,atr,1.5R,,,118,0.3305084745762712,-0.17372881355932243,-20.500000000000046,0.7405063291139236,-0.31236284455205837,0.004197441673988709,-0.3076923076923078,-0.009433962264151701,1
E.IGN,XAUUSD,H1,long,x2.0,atr,2.5R,,,102,0.3333333333333333,0.16666666666666619,16.99999999999995,1.2499999999999991,0.008198311597522748,0.003590747965892841,0.18867924528302024,0.14285714285714035,2
E.IGN,XAUUSD,H1,short,x2.0,atr,2.5R,,,116,0.23275862068965517,-0.18534482758620646,-21.49999999999995,0.7584269662921355,-0.3241727632743223,0.004199326631090902,-0.28906249999999956,-0.057692307692307265,1
E.IGN,XAUUSD,H1,long,x2.0,atr,t10,,,98,0.3673469387755102,0.0833406058092858,8.167379369310009,1.1412618719804688,-0.07462604275927309,0.0036057881726078884,0.04382975376986774,0.12621408355418628,2
E.IGN,XAUUSD,H1,short,x2.0,atr,t10,,,109,0.21100917431192662,-0.1419688055131391,-15.474599800932161,0.8162344338003937,-0.28122151641144844,0.0042111577610412995,-0.20675008098686762,-0.0626447947289817,1
E.IGN,XAUUSD,H1,long,x2.0,atr,t20,,,97,0.27835051546391754,0.3043246351183631,29.519489606481223,1.4275463651519968,0.14685585546978736,0.0036179702602753294,0.12685115651691947,0.5010887092199637,3
E.IGN,XAUUSD,H1,short,x2.0,atr,t20,,,108,0.2037037037037037,-0.12748036080788866,-13.767878967251974,0.8399083841017212,-0.2672761749247696,0.00419270865239226,-0.23807577376851854,0.010763905392898704,1
D.SQZ,XAUUSD,H4,long,nr5,c10,1.5R,,,91,0.6153846153846154,0.5384615384615392,49.00000000000007,2.4000000000000017,0.3783651317812521,0.004280461892472832,0.7045454545454581,0.3829787234042536,4
D.SQZ,XAUUSD,H4,short,nr5,c10,1.5R,,,65,0.4153846153846154,0.03846153846153477,2.49999999999976,1.0657894736842044,-0.1093914052008343,0.004664069460721105,0.21212121212120771,-0.14062500000000294,3
D.SQZ,XAUUSD,H4,long,nr5,c10,2.5R,,,88,0.5,0.7462268777072485,65.66796523823787,2.481275686783473,0.5840240912832453,0.0042484537489666276,0.9090909090909072,0.5833628463235899,4
D.SQZ,XAUUSD,H4,short,nr5,c10,2.5R,,,62,0.3064516129032258,0.07258064516129249,4.500000000000134,1.1046511627907007,-0.07748087539970937,0.004606491987248379,0.27272727272727626,-0.15517241379310284,2
D.SQZ,XAUUSD,H4,long,nr5,c10,3.5R,,,86,0.3953488372093023,0.758893304951458,65.2648242258254,2.247073374240971,0.5961745252885726,0.00426283708466958,0.9883720930232555,0.5294145168796608,4
D.SQZ,XAUUSD,H4,short,nr5,c10,3.5R,,,59,0.2542372881355932,0.144067796610168,8.499999999999911,1.1931818181818163,-0.008484103893430281,0.0045491134281431846,0.3636363636363601,-0.13461538461538353,3
D.SQZ,XAUUSD,H4,long,nr7,c10,1.5R,,,61,0.5737704918032787,0.434426229508197,26.500000000000014,2.0192307692307696,0.2719899407641079,0.004388332488433988,0.6346153846153888,0.285714285714283,4
D.SQZ,XAUUSD,H4,short,nr7,c10,1.5R,,,42,0.4523809523809524,0.13095238095237577,5.499999999999782,1.2391304347825993,-0.0193954305282192,0.004849952067397213,0.49999999999999245,-0.20454545454545753,1
D.SQZ,XAUUSD,H4,long,nr7,c10,2.5R,,,61,0.4426229508196721,0.5437371350530811,33.16796523823795,1.9660937800045395,0.3813008463089922,0.004388332488433988,0.7499999999999987,0.3905132925210854,4
D.SQZ,XAUUSD,H4,short,nr7,c10,2.5R,,,41,0.3170731707317073,0.10975609756097839,4.500000000000114,1.1607142857142898,-0.04014113091320226,0.004896006890774032,0.4000000000000051,-0.1666666666666661,2
D.SQZ,XAUUSD,H4,long,nr7,c10,3.5R,,,61,0.36065573770491804,0.5945439243216549,36.26717938362095,1.9220773754344203,0.432107635577566,0.004388332488433988,0.557692307692306,0.6219194109605999,4
D.SQZ,XAUUSD,H4,short,nr7,c10,3.5R,,,41,0.2682926829268293,0.20731707317072892,8.499999999999886,1.2833333333333294,0.05741984469654829,0.004896006890774032,0.3499999999999949,0.07142857142857084,2
E.IGN,XAUUSD,H4,long,x1.5,mid,1.5R,,,84,0.5952380952380952,0.47226479473463784,39.67024275770958,2.122856363989493,0.3551091331660332,0.005261501914220111,0.47326299276352385,0.4712665967057518,4
E.IGN,XAUUSD,H4,short,x1.5,mid,1.5R,,,71,0.36619718309859156,-0.08450704225352193,-6.000000000000057,0.8666666666666654,-0.17871665317325505,0.007239056108731234,-0.08536585365853844,-0.08333333333333272,1
E.IGN,XAUUSD,H4,long,x1.5,mid,2.5R,,,79,0.4430379746835443,0.5338005412368321,42.17024275770973,1.9302993292531259,0.41893679958046953,0.005377809587078151,0.5096678383607192,0.557329926541042,3
E.IGN,XAUUSD,H4,short,x1.5,mid,2.5R,,,67,0.29850746268656714,0.04418118512209241,2.9601394031801913,1.0629283200592714,-0.05005824724466666,0.007155685360300181,-0.07894736842105075,0.2055220483855213,2
E.IGN,XAUUSD,H4,long,x1.5,mid,t10,,,67,0.44776119402985076,0.5625259073167351,37.689235790221254,1.9832891857879447,0.44457198698009276,0.005234065116959858,0.4459361800614265,0.6691222293787318,3
E.IGN,XAUUSD,H4,short,x1.5,mid,t10,,,60,0.23333333333333334,-0.22353806326274725,-13.412283795764836,0.7020652870099944,-0.32103147536441623,0.006797331110761134,-0.24361461326673048,-0.19543089325717078,1
E.IGN,XAUUSD,H4,long,x1.5,mid,t20,,,60,0.38333333333333336,1.014434515705059,60.86607094230354,2.5879586859253108,0.8949989321249121,0.005184583597102898,0.7569046325937397,1.2719643988163782,4
E.IGN,XAUUSD,H4,short,x1.5,mid,t20,,,55,0.12727272727272726,0.01857270776928144,1.0214989273104793,1.0215705592021014,-0.08071697386946908,0.0065868920855200455,0.020338365461052055,0.01611614054594849,2
E.IGN,XAUUSD,H4,long,x1.5,atr,1.5R,,,83,0.5542168674698795,0.3787916395554999,31.43970608310649,1.8370463275039983,0.2940623768967766,0.006700052482798105,0.44452553575351633,0.323283016099397,4
E.IGN,XAUUSD,H4,short,x1.5,atr,1.5R,,,71,0.38028169014084506,-0.049295774647888,-3.500000000000048,0.9204545454545443,-0.11876598936639247,0.008955036081057013,-0.0625000000000012,-0.03225806451612906,1
E.IGN,XAUUSD,H4,long,x1.5,atr,2.5R,,,78,0.44871794871794873,0.5633295651680316,43.93970608310646,2.00871004605563,0.4786716018885872,0.00672899743232793,0.5105937934765841,0.610920383523728,4
E.IGN,XAUUSD,H4,short,x1.5,atr,2.5R,,,64,0.28125,-0.015624999999999167,-0.9999999999999467,0.9782608695652186,-0.08728542240615444,0.008325615888057024,-0.05405405405405312,0.03703703703703763,2
E.IGN,XAUUSD,H4,long,x1.5,atr,t10,,,66,0.5151515151515151,0.556156144595456,36.7063055433001,2.161568556122663,0.4703799716024809,0.006672831463354542,0.5631846868575472,0.5495410459958407,4
E.IGN,XAUUSD,H4,short,x1.5,atr,t10,,,58,0.3103448275862069,-0.12097080512504302,-7.016306697252495,0.8135373569727428,-0.19512014313492546,0.008036036355392528,-0.12998065672320744,-0.10820684869431008,1
E.IGN,XAUUSD,H4,long,x1.5,atr,t20,,,59,0.4406779661016949,0.7941359522725524,46.854021184080594,2.396114745005118,0.7086207477273245,0.006745729365717955,0.6252139462290378,0.957427224781283,4
E.IGN,XAUUSD,H4,short,x1.5,atr,t20,,,54,0.14814814814814814,-0.0700725892142465,-3.783919817569311,0.9160315324614949,-0.14527528365361828,0.007867051543747335,-0.19410038441341432,0.11033147652999756,2
E.IGN,XAUUSD,H4,long,x2.0,mid,1.5R,,,21,0.7142857142857143,0.7857142857142827,16.499999999999936,3.749999999999989,0.7068287085317114,0.007999157166589974,0.7857142857142873,0.7857142857142804,4
E.IGN,XAUUSD,H4,short,x2.0,mid,1.5R,,,33,0.3333333333333333,-0.1666666666666668,-5.500000000000004,0.7499999999999999,-0.2404168613347863,0.008618474719643724,-0.11764705882352941,-0.21875000000000028,2
E.IGN,XAUUSD,H4,long,x2.0,mid,2.5R,,,21,0.5238095238095238,0.8333333333333345,17.500000000000025,2.750000000000002,0.7544477561507632,0.007999157166589974,1.4999999999999984,0.5000000000000026,4
E.IGN,XAUUSD,H4,short,x2.0,mid,2.5R,,,32,0.25,-0.1262456436506206,-4.039860596819859,0.8319515797294483,-0.2000782257665017,0.0086680837889201,-0.125,-0.1274912873012412,2
E.IGN,XAUUSD,H4,short,x2.0,mid,t10,,,31,0.1935483870967742,-0.3076273024661396,-9.536446376450328,0.6155972510127347,-0.3825996584813684,0.00852875904421546,-0.24372328749077732,-0.37579158510652616,1
E.IGN,XAUUSD,H4,short,x2.0,mid,t20,,,29,0.10344827586206896,-0.24239846446581126,-7.0295554695085265,0.728137141592127,-0.31826976201397167,0.008347766410339165,-0.2666511674609106,-0.21641342554249057,2
E.IGN,XAUUSD,H4,long,x2.0,atr,1.5R,,,22,0.6363636363636364,0.5909090909090917,13.000000000000018,2.625000000000002,0.5111648480511605,0.007730087153402662,0.7857142857142916,0.4999999999999984,4
E.IGN,XAUUSD,H4,short,x2.0,atr,1.5R,,,33,0.30303030303030304,-0.24242424242424335,-8.00000000000003,0.6521739130434769,-0.3088729197765245,0.009041231743499944,-0.26470588235294235,-0.21875000000000067,2
E.IGN,XAUUSD,H4,long,x2.0,atr,2.5R,,,21,0.5238095238095238,0.8333333333333315,17.49999999999996,2.7499999999999956,0.7535568027776209,0.007797052511609322,1.4999999999999942,0.5,4
E.IGN,XAUUSD,H4,short,x2.0,atr,2.5R,,,31,0.25806451612903225,-0.09677419354838636,-2.999999999999977,0.8695652173913053,-0.16419334111622358,0.00898797090602739,-0.1249999999999992,-0.06666666666666596,2
E.IGN,XAUUSD,H4,short,x2.0,atr,t10,,,30,0.2,-0.2759601980363093,-8.278805941089278,0.6490223264386739,-0.34430614274041477,0.008866856357065132,-0.276830651188665,-0.27496539443361695,2
E.IGN,XAUUSD,H4,short,x2.0,atr,t20,,,28,0.10714285714285714,-0.20904945972377836,-5.853384872265794,0.764480942449674,-0.2788303620815495,0.008504240112960294,-0.28929685545115585,-0.11645631080757345,2
