symbol,tf,direction,k,tol,bottoms,entry,tp,trades,winrate,avg_r,sum_r,pf,net05_avg_r,risk_pct,h1_avg_r,h2_avg_r,h1_n,h2_n
US100,M10,long,3,0.5,2,touch,1.5R,214,0.37383177570093457,-0.09356088660308677,-20.02202973306057,0.8533668769743954,-0.261104488245273,0.005187591347324193,-0.11978838015806723,-0.07055431330924425,100,114
US100,M10,long,3,0.5,2,touch,2.5R,200,0.31,-0.04863154959900969,-9.726309919801938,0.9299452559207421,-0.21520604828190276,0.005205139773122429,-0.13133365039292502,0.02324971557701017,93,107
US100,M10,long,3,0.5,2,touch,3.5R,193,0.26424870466321243,-0.1050034897197375,-20.265673515909338,0.8581219735145666,-0.2667502588735305,0.0053128557591607655,-0.16400569114454241,-0.0523642708015292,91,102
US100,M10,long,3,0.5,2,touch,measured,235,0.6,0.04750761917337196,11.164290505742409,1.1198743095827957,-0.11982705491039335,0.005079295803926265,0.09375602976630586,0.004670976574998738,113,122
US100,M10,long,3,0.5,2,confirm,1.5R,167,0.3532934131736527,-0.14195716189885763,-23.706846037109223,0.7766682246360879,-0.27839787282847817,0.0062801601439924,-0.13521506717203838,-0.14772539849846963,77,90
US100,M10,long,3,0.5,2,confirm,2.5R,157,0.2802547770700637,-0.19305407439908348,-30.309489680656107,0.7304536368260555,-0.3259870125939635,0.006327934893451617,-0.15001826991677306,-0.2285836339135492,71,86
US100,M10,long,3,0.5,2,confirm,3.5R,152,0.26973684210526316,-0.17270021468559837,-26.250432632210952,0.7603897294799153,-0.3050515669716645,0.006283030850317527,-0.10862733935345521,-0.2232047164179935,67,85
US100,M10,long,3,0.5,2,confirm,measured,178,0.6404494382022472,-0.00902295908990305,-1.606086718002743,0.9745588274180225,-0.1479618682961174,0.00612537657406885,0.08593804800075062,-0.0919888916006847,83,95
US100,M10,long,3,0.5,3,touch,1.5R,28,0.5357142857142857,0.3392857142857153,9.500000000000028,1.730769230769233,0.17124331591937228,0.004548937449994771,0.33333333333333154,0.3461538461538505,15,13
US100,M10,long,3,0.5,3,touch,2.5R,28,0.42857142857142855,0.4206562381200875,11.778374667362451,1.736148416710153,0.2526138397537446,0.004548937449994771,0.4852249778241686,0.3461538461538401,15,13
US100,M10,long,3,0.5,3,touch,3.5R,28,0.32142857142857145,0.23371457268301005,6.544008035124281,1.344421475532857,0.06567217431666697,0.004548937449994771,0.1862844459649781,0.28844164197304695,15,13
US100,M10,long,3,0.5,3,touch,measured,28,0.5357142857142857,-0.052575127751831915,-1.4721035770512936,0.8867612633037466,-0.2206175261181749,0.004548937449994771,-0.0569234370151839,-0.047557847832579596,15,13
US100,M10,long,3,0.5,3,confirm,1.5R,19,0.5263157894736842,0.3157894736842081,5.999999999999955,1.6666666666666614,0.1793289397610115,0.005922242523417142,0.38888888888888745,0.24999999999999672,9,10
US100,M10,long,3,0.5,3,confirm,2.5R,19,0.47368421052631576,0.4164632265822015,7.912801305061828,1.7912801305061827,0.2800026926590049,0.005922242523417142,0.434755700562424,0.40000000000000124,9,10
US100,M10,long,3,0.5,3,confirm,3.5R,19,0.42105263157894735,0.3644361126439584,6.92428614023521,1.629480558203201,0.22797557872076174,0.005922242523417142,0.07246345547082295,0.6272115040997803,9,10
US100,M10,long,3,0.5,3,confirm,measured,18,0.6666666666666666,0.041867900416664675,0.7536222074999641,1.125603701249994,-0.09948297486266688,0.005677742465393586,0.0015019224435585538,0.07416068279514956,8,10
US100,M10,long,3,1.0,2,touch,1.5R,298,0.3959731543624161,-0.03886223489634146,-11.580945999109755,0.9368433552991835,-0.19974305235226858,0.00528157374010945,-0.042056881719216475,-0.03603153517986993,140,158
US100,M10,long,3,1.0,2,touch,2.5R,273,0.30036630036630035,-0.04767244558743144,-13.014577645368782,0.9323724489557494,-0.2078493540124851,0.005374287036740693,-0.04630802531805925,-0.0488768993424634,128,145
US100,M10,long,3,1.0,2,touch,3.5R,264,0.2727272727272727,0.0036927502917533713,0.97488607702289,1.0050396058574493,-0.1530777904771892,0.005445527485584176,0.04324261573932917,-0.031337130533242344,124,140
US100,M10,long,3,1.0,2,touch,measured,330,0.5969696969696969,0.040080844218755914,13.226678592189451,1.0992805004597908,-0.11967448970691186,0.005201176841534122,0.04191541145081826,0.03841594794457216,157,173
US100,M10,long,3,1.0,2,confirm,1.5R,237,0.3924050632911392,-0.04445574616563868,-10.536011841256368,0.9266863722006173,-0.18223564125830952,0.0061192266329596606,0.02393388303835902,-0.10677855342412047,113,124
US100,M10,long,3,1.0,2,confirm,2.5R,220,0.3090909090909091,-0.06805077165453292,-14.971169763997242,0.902242430592953,-0.20691596711584612,0.006177052471324247,-0.028574181438451585,-0.10094793016793399,100,120
US100,M10,long,3,1.0,2,confirm,3.5R,212,0.2830188679245283,-0.045190008883079814,-9.58028188321292,0.9373420668531328,-0.18584860065268222,0.006028718218704229,0.04654844761705008,-0.11967849920369812,95,117
US100,M10,long,3,1.0,2,confirm,measured,255,0.6431372549019608,-0.012414273426248183,-3.1656397236932867,0.9653528203909723,-0.15107899015448958,0.005997768915259424,0.013767496450008816,-0.03643063376386739,122,133
US100,M10,long,3,1.0,3,touch,1.5R,69,0.391304347826087,-0.07198507605875122,-4.966970248053834,0.8889346127742822,-0.23973200479195222,0.004799448364259308,-0.07142857142857599,-0.07255794847216684,35,34
US100,M10,long,3,1.0,3,touch,2.5R,67,0.26865671641791045,-0.1987185355630196,-13.314141882722314,0.7441072599544144,-0.3674289363050618,0.0047871032395310825,0.0030646702224284895,-0.4194189168908535,35,32
US100,M10,long,3,1.0,3,touch,3.5R,67,0.22388059701492538,-0.23206729126806996,-15.548508514960687,0.7174548163196892,-0.40077769201011215,0.0047871032395310825,-0.03933841486008763,-0.44286449983930065,35,32
US100,M10,long,3,1.0,3,touch,measured,69,0.4927536231884058,-0.11616162992087749,-8.015152464540547,0.7663859154137264,-0.2839085586540785,0.004799448364259308,-0.18052103796333183,-0.04990929811246863,35,34
US100,M10,long,3,1.0,3,confirm,1.5R,49,0.3877551020408163,-0.08542623763782041,-4.1858856442532,0.8690133209076992,-0.22783566028027155,0.005430777599253736,0.14583333333332912,-0.307435425770124,24,25
US100,M10,long,3,1.0,3,confirm,2.5R,48,0.3125,-0.1108290564924355,-5.319794711636904,0.8491761921409069,-0.25390275563561054,0.005449670921200745,0.2550474318528782,-0.44743542577012413,23,25
US100,M10,long,3,1.0,3,confirm,3.5R,48,0.2708333333333333,-0.16802740398752844,-8.065315391401365,0.7836068560205176,-0.31110110313070344,0.005449670921200745,0.03688935703712818,-0.3565508241302125,23,25
US100,M10,long,3,1.0,3,confirm,measured,46,0.5434782608695652,-0.12560166527436564,-5.7776766026208195,0.716661999641885,-0.27243536715448735,0.005239894190415864,-0.0999274642667498,-0.14913634953134677,22,24
US100,M10,long,5,0.5,2,touch,1.5R,126,0.35714285714285715,-0.12985101900165125,-16.36122839420806,0.7968649821823367,-0.2671155610571728,0.005876733572840373,-0.11737870318948414,-0.14118948792180322,60,66
US100,M10,long,5,0.5,2,touch,2.5R,121,0.2892561983471074,-0.1532264723429273,-18.540403153494204,0.7832637369165348,-0.29216749725314045,0.005739284526791336,-0.23589507940028737,-0.07959974418246599,57,64
US100,M10,long,5,0.5,2,touch,3.5R,119,0.23529411764705882,-0.2792317326192924,-33.22857618169579,0.639966030819161,-0.4182874988157087,0.005771013180469373,-0.43043285869917,-0.1402242457394049,57,62
US100,M10,long,5,0.5,2,touch,measured,130,0.5230769230769231,-0.07036489353067996,-9.147436158988395,0.8513666062773202,-0.20643660475139514,0.005859691232657605,-0.024338046542538558,-0.11364386905684278,63,67
US100,M10,long,5,0.5,2,confirm,1.5R,99,0.32323232323232326,-0.22932337227341157,-22.703013855067745,0.6590643531167795,-0.33644323226703204,0.007356282085195837,-0.24187402711038972,-0.2196862623093033,43,56
US100,M10,long,5,0.5,2,confirm,2.5R,95,0.2736842105263158,-0.28517940430045874,-27.092043408543578,0.612255206717905,-0.3946226646832256,0.007166171463724491,-0.41795259502265847,-0.18437012986323292,41,54
US100,M10,long,5,0.5,2,confirm,3.5R,93,0.25806451612903225,-0.28823683371290815,-26.806025535300456,0.6163487311325552,-0.3977735582476646,0.007195607154988253,-0.43547759011965037,-0.1721431603922075,41,52
US100,M10,long,5,0.5,2,confirm,measured,98,0.5306122448979592,-0.16386529258080088,-16.058798672918485,0.6477585890551706,-0.27044458638514357,0.0073709692891589474,-0.09335695904217853,-0.2189899897109965,43,55
US100,M10,long,5,0.5,3,touch,1.5R,11,0.36363636363636365,-0.09090909090909091,-1.0,0.8571428571428571,-0.21308448520233975,0.005139727203491407,0.25,-0.2857142857142857,4,7
US100,M10,long,5,0.5,3,touch,2.5R,11,0.2727272727272727,-0.24742048478522705,-2.7216253326374975,0.6597968334203128,-0.3695958790784758,0.005139727203491407,-0.6804063331593744,0.0,4,7
US100,M10,long,5,0.5,3,touch,3.5R,11,0.18181818181818182,-0.5883530897261787,-6.471883986987966,0.2809017792235593,-0.7105284840194275,0.005139727203491407,-0.6804063331593744,-0.5357512363357813,4,7
US100,M10,long,5,0.5,3,touch,measured,11,0.36363636363636365,-0.3464595070599726,-3.8110545776596987,0.45556363176290027,-0.4686349013532214,0.005139727203491407,-0.11410634383724244,-0.47923274318724696,4,7
US100,M10,long,5,0.5,3,confirm,1.5R,7,0.2857142857142857,-0.285714285714287,-2.000000000000009,0.5999999999999982,-0.3752185378850162,0.006959201940946657,-0.16666666666666954,-0.375,3,4
US100,M10,long,5,0.5,3,confirm,2.5R,7,0.2857142857142857,-0.3426211400508813,-2.398347980356169,0.5203304039287662,-0.43212539222161045,0.006959201940946657,-0.632782660118723,-0.125,3,4
US100,M10,long,5,0.5,3,confirm,3.5R,7,0.2857142857142857,-0.3799503456101569,-2.659652419271098,0.46806951614578035,-0.46945459778088605,0.006959201940946657,-0.632782660118723,-0.19032610972873232,3,4
US100,M10,long,5,0.5,3,confirm,measured,7,0.5714285714285714,-0.13512607603579105,-0.9458825322505373,0.6847058225831542,-0.22463032820652032,0.006959201940946657,-0.013373722162634993,-0.2264403414406581,3,4
US100,M10,long,5,1.0,2,touch,1.5R,186,0.3709677419354839,-0.0969663875475248,-18.035748083839614,0.8463888117636369,-0.23610369216169266,0.005698153388693832,-0.08133720143149209,-0.11130656862305999,89,97
US100,M10,long,5,1.0,2,touch,2.5R,176,0.2840909090909091,-0.132323751797548,-23.288980316368445,0.8138753604850566,-0.2724463213558969,0.0056387196694183935,-0.11788647295319667,-0.14550561509021656,84,92
US100,M10,long,5,1.0,2,touch,3.5R,174,0.25862068965517243,-0.09304576309748383,-16.189962778962187,0.8753419636141055,-0.23344780325228726,0.0056539164823204814,-0.10108472795363177,-0.08554272923174576,84,90
US100,M10,long,5,1.0,2,touch,measured,197,0.5380710659898477,-0.05054771466583764,-9.957899789170016,0.8913843786036028,-0.18794526473126866,0.005660815913762231,-0.009940139022766789,-0.0891450142869743,96,101
US100,M10,long,5,1.0,2,confirm,1.5R,148,0.33783783783783783,-0.19412375965645728,-28.73031642915568,0.7074530815210803,-0.3132653926772816,0.006622870358620628,-0.16622709747995187,-0.21719877651850497,67,81
US100,M10,long,5,1.0,2,confirm,2.5R,141,0.28368794326241137,-0.1862526274915196,-26.261620476304266,0.7412652999473389,-0.3073915215647514,0.006511684419293618,-0.2153675875925246,-0.1627366981791694,63,78
US100,M10,long,5,1.0,2,confirm,3.5R,139,0.2589928057553957,-0.13346618932939192,-18.551800316785474,0.820755876598002,-0.2552374526596502,0.00648543788735295,-0.03775339115218324,-0.21280706150260434,63,76
US100,M10,long,5,1.0,2,confirm,measured,154,0.551948051948052,-0.1486581761968839,-22.89335913432012,0.6723150683988997,-0.26752415032052124,0.006572194604609841,-0.0972584943314801,-0.19378960417626284,72,82
US100,M10,long,5,1.0,3,touch,1.5R,27,0.25925925925925924,-0.3518518518518522,-9.500000000000009,0.5249999999999996,-0.48525356965521177,0.005698445513301631,-0.5,-0.16666666666666738,15,12
US100,M10,long,5,1.0,3,touch,2.5R,27,0.2222222222222222,-0.39030150877600045,-10.538140736952013,0.49818377443085654,-0.52370322657936,0.005698445513301631,-0.7389137096332308,0.0454637422955374,15,12
US100,M10,long,5,1.0,3,touch,3.5R,27,0.18518518518518517,-0.5254148823208025,-14.186201822661666,0.3551726444244698,-0.6588166001241619,0.005698445513301631,-0.7389137096332308,-0.2585413481802669,15,12
US100,M10,long,5,1.0,3,touch,measured,27,0.3333333333333333,-0.38421971170316194,-10.373932215985372,0.4236704324452572,-0.5176214295065215,0.005698445513301631,-0.3804278569575665,-0.3889595301351562,15,12
US100,M10,long,5,1.0,3,confirm,1.5R,15,0.2,-0.5000000000000006,-7.500000000000009,0.3749999999999993,-0.603768024539574,0.007697897341375982,-0.3750000000000011,-0.6428571428571429,8,7
US100,M10,long,5,1.0,3,confirm,2.5R,15,0.2,-0.5420032494302708,-8.130048741454061,0.32249593821216155,-0.6457712739698444,0.007697897341375982,-0.5787560926817577,-0.5,8,7
US100,M10,long,5,1.0,3,confirm,3.5R,15,0.2,-0.5594235453579327,-8.391353180368991,0.30072056830258415,-0.6631915698975063,0.007697897341375982,-0.5787560926817577,-0.5373292055592757,8,7
US100,M10,long,5,1.0,3,confirm,measured,14,0.35714285714285715,-0.4459541618485483,-6.243358265879676,0.3062935260133693,-0.5538527926321839,0.007470327787868272,-0.3339424143024348,-0.5579659093946618,7,7
US100,M10,short,3,0.5,2,touch,1.5R,230,0.43043478260869567,0.05035889254360564,11.582545285029298,1.0853661513747819,-0.14468912481352936,0.003981096210832394,0.07113908046469021,0.033206991402392964,104,126
US100,M10,short,3,0.5,2,touch,2.5R,224,0.32142857142857145,0.1026744585762471,22.99907872107935,1.1486071911537972,-0.09427869696906117,0.003930483130738881,0.16353224464849667,0.05359559884056195,100,124
US100,M10,short,3,0.5,2,touch,3.5R,214,0.24766355140186916,0.04170316278760982,8.924476836548502,1.0545651101903655,-0.15463981704357288,0.00391894455779144,0.13943748103411757,-0.037809502904464255,96,118
US100,M10,short,3,0.5,2,touch,measured,246,0.6463414634146342,0.07893613104616916,19.41828823735761,1.2102857226622832,-0.1142243365886701,0.0040175223829653555,0.10436343601742112,0.05870564752889568,109,137
US100,M10,short,3,0.5,2,confirm,1.5R,183,0.3825136612021858,-0.06708229257607543,-12.276059541421803,0.8940723058157346,-0.24107666487446403,0.004569609414962758,-0.07128043267325368,-0.06336023022187617,86,97
US100,M10,short,3,0.5,2,confirm,2.5R,181,0.30386740331491713,0.02089575799766131,3.782132197576697,1.0293567182863859,-0.15249433892041644,0.0045935787806556045,0.11130894448873054,-0.05915758420797296,85,96
US100,M10,short,3,0.5,2,confirm,3.5R,171,0.2222222222222222,-0.13582102783937824,-23.22539576053368,0.8271618356408822,-0.30816167793062016,0.004637975336934448,-0.09821559002573181,-0.16888075338983666,80,91
US100,M10,short,3,0.5,2,confirm,measured,187,0.6951871657754011,-0.003881452432919712,-0.7258316049559861,0.9880248353178477,-0.17540648931891886,0.0047310566044890465,-0.037232158978724235,0.025133662261930215,87,100
US100,M10,short,3,0.5,3,touch,1.5R,38,0.3684210526315789,-0.07904188916028754,-3.0035917880909264,0.8748690689873704,-0.24458891600622645,0.004028527634685031,-0.04761904761904584,-0.11785834047593902,21,17
US100,M10,short,3,0.5,3,touch,2.5R,38,0.2894736842105263,0.023004657426867567,0.8741769822209675,1.0328319234164984,-0.1425423694190714,0.004028527634685031,0.019809306227809236,0.026951855966880798,21,17
US100,M10,short,3,0.5,3,touch,3.5R,38,0.2894736842105263,0.312478341637392,11.874176982220897,1.4459646927830947,0.14693131479145308,0.004028527634685031,0.30552359194209755,0.3210695030256968,21,17
US100,M10,short,3,0.5,3,touch,measured,39,0.7435897435897436,0.2925288345806945,11.408624548647087,2.140862454864709,0.12825307158714713,0.004035784464798651,0.2694331601042646,0.32241735449136855,22,17
US100,M10,short,3,0.5,3,confirm,1.5R,28,0.39285714285714285,-0.017971729856903245,-0.5032084359932909,0.970405089257856,-0.15339065122824266,0.005038527059226204,-0.027777777777776767,-0.00032084359933095554,18,10
US100,M10,short,3,0.5,3,confirm,2.5R,28,0.25,-0.12306750577195766,-3.4458901616148143,0.8354860960777064,-0.25848642714329706,0.005038527059226204,-0.02270125047544654,-0.30372676530567755,18,10
US100,M10,short,3,0.5,3,confirm,3.5R,27,0.18518518518518517,-0.20304075264143678,-5.482100321318793,0.7383242574624118,-0.3340478573202297,0.005152385711159625,-0.261460745191881,-0.10372676530568145,17,10
US100,M10,short,3,0.5,3,confirm,measured,26,0.8076923076923077,0.20830600148176676,5.415956038525936,2.083191207705187,0.06702594043204511,0.004776580963027654,0.14715973643632876,0.3061400255544675,16,10
US100,M10,short,3,1.0,2,touch,1.5R,319,0.45454545454545453,0.1195122108621587,38.124395265028625,1.2144666293088728,-0.06149323284120587,0.00434539084395531,0.12348871139982469,0.11598277251511788,150,169
US100,M10,short,3,1.0,2,touch,2.5R,304,0.32894736842105265,0.12058951471813387,36.659212474312696,1.1772992378783427,-0.06247652826214993,0.004333908766100874,0.16308051418260042,0.08334431765668787,142,162
US100,M10,short,3,1.0,2,touch,3.5R,283,0.2508833922261484,0.039404143867848296,11.151372714601068,1.0521455336785237,-0.14267022423812517,0.0042563599870105405,0.14542066799741146,-0.05459717419369767,133,150
US100,M10,short,3,1.0,2,touch,measured,354,0.6581920903954802,0.11550705880483143,40.889498816910326,1.3260065459592405,-0.06465062391601671,0.004312318172620085,0.1624607278838753,0.07357517251499013,167,187
US100,M10,short,3,1.0,2,confirm,1.5R,253,0.4150197628458498,0.017800263242841986,4.5034666004390225,1.0297040086148188,-0.1399607270928383,0.004974750463487925,0.05211363501661949,-0.012192165418682033,118,135
US100,M10,short,3,1.0,2,confirm,2.5R,242,0.30578512396694213,0.019755563658969345,4.780846405470581,1.0278678659537483,-0.13649455770056332,0.004972411350418147,0.1328480486826745,-0.07767796189991509,112,130
US100,M10,short,3,1.0,2,confirm,3.5R,230,0.23043478260869565,-0.11218600395749072,-25.802780910222864,0.8553629825626587,-0.27011087946401546,0.004926863390600956,-0.019165682342609958,-0.19310612113466338,107,123
US100,M10,short,3,1.0,2,confirm,measured,270,0.7296296296296296,0.05050383001336835,13.636034103609454,1.1779896006772457,-0.10605332986816009,0.00497527362183735,0.06038606907042104,0.041856870838447226,126,144
US100,M10,short,3,1.0,3,touch,1.5R,69,0.4782608695652174,0.20350507217390934,14.041849979999744,1.4002466447346331,0.05541975905097698,0.004717589086445734,0.138509252476923,0.27865648869854975,37,32
US100,M10,short,3,1.0,3,touch,2.5R,68,0.3382352941176471,0.18264145221046202,12.419618750311416,1.2841678346378225,0.03544779776975653,0.004751736343321551,0.10921183168729649,0.27028325735101444,37,31
US100,M10,short,3,1.0,3,touch,3.5R,68,0.2647058823529412,0.15850964111002358,10.778655595481604,1.2213038931084859,0.011315986669318124,0.004751736343321551,0.041644264119732315,0.2979941233242422,37,31
US100,M10,short,3,1.0,3,touch,measured,70,0.7142857142857143,0.26990003921484007,18.893002745038807,1.9900440343418335,0.12227354861362577,0.0047117884424838835,0.29404513504888685,0.24122773791190952,38,32
US100,M10,short,3,1.0,3,confirm,1.5R,54,0.4444444444444444,0.11111111111111022,5.999999999999952,1.1999999999999986,-0.012183192536854638,0.0052433200468196455,-3.2566542055671256e-16,0.24999999999999842,30,24
US100,M10,short,3,1.0,3,confirm,2.5R,54,0.2777777777777778,-0.026716328252249524,-1.4426817256214743,0.9629537139792741,-0.15001063190021444,0.0052433200468196455,-0.06362075028526701,0.01941419928902229,30,24
US100,M10,short,3,1.0,3,confirm,3.5R,53,0.20754716981132076,-0.10627164533795058,-5.632397202911381,0.8615871297303132,-0.22708965335530928,0.005305187529645982,-0.10154595407800021,-0.1119818556103906,29,24
US100,M10,short,3,1.0,3,confirm,measured,52,0.7692307692307693,0.15704878707673064,8.166536927989993,1.6805447439991663,0.0312902450404737,0.005120223652089349,0.1473389579840489,0.16837692101819277,28,24
US100,M10,short,5,0.5,2,touch,1.5R,156,0.42948717948717946,0.03954282641431741,6.168680920633516,1.066262474290822,-0.1288483641826461,0.004673801143586729,0.057081818021338514,0.022447859911271524,77,79
US100,M10,short,5,0.5,2,touch,2.5R,151,0.33774834437086093,0.1531353709745406,23.12344101715563,1.22638994639502,-0.016544366520839227,0.004621265534452855,0.19391973086709513,0.11394001211676093,74,77
US100,M10,short,5,0.5,2,touch,3.5R,140,0.2357142857142857,-0.02563605337985598,-3.589047473179837,0.9670524372333398,-0.1935527704980017,0.004697789926060598,0.029413023164625147,-0.08228075533142352,71,69
US100,M10,short,5,0.5,2,touch,measured,163,0.6196319018404908,0.04340540412846091,7.075080872939129,1.107044706007425,-0.1215921176297241,0.004802424845833085,0.038161774121385356,0.04871377030846332,82,81
US100,M10,short,5,0.5,2,confirm,1.5R,127,0.4094488188976378,-0.006257936912863859,-0.7947579879337101,0.9897330868186693,-0.15095790846973026,0.005529605786305384,-0.04947616261767766,0.036285004015312206,63,64
US100,M10,short,5,0.5,2,confirm,2.5R,124,0.29838709677419356,0.006424350834744401,0.7966195035083057,1.0089188877828512,-0.13823917191635965,0.005489812701708286,-0.025010176286420265,0.03686095645999907,61,63
US100,M10,short,5,0.5,2,confirm,3.5R,113,0.22123893805309736,-0.1760173826723102,-19.889964241971054,0.776806218515931,-0.3184261928795952,0.0056601308070215505,-0.2064762223513762,-0.14501463514183238,57,56
US100,M10,short,5,0.5,2,confirm,measured,131,0.6564885496183206,-0.05527446244668266,-7.240954580515428,0.8495545728527459,-0.19684709145060705,0.005788162935082859,-0.09260935003848225,-0.01736519196885538,66,65
US100,M10,short,5,0.5,3,touch,1.5R,8,0.25,-0.37500000000000344,-3.0000000000000275,0.4999999999999954,-0.4992329460406423,0.005560309490924265,-0.49999999999999806,-0.1666666666666791,5,3
US100,M10,short,5,0.5,3,touch,2.5R,8,0.125,-0.5105005711519927,-4.084004569215941,0.3797081204483029,-0.6347335171926314,0.005560309490924265,-0.9168009138431957,0.1666666666666791,5,3
US100,M10,short,5,0.5,3,touch,3.5R,8,0.125,-0.385500571152002,-3.084004569216016,0.5315913686276105,-0.5097335171926407,0.005560309490924265,-0.9168009138431957,0.49999999999998757,5,3
US100,M10,short,5,0.5,3,touch,measured,8,0.5,-0.07783768765138499,-0.6227015012110799,0.84432462469723,-0.20207063369202372,0.005560309490924265,-0.273949655237595,0.2490155916589651,5,3
US100,M10,short,5,0.5,3,confirm,1.5R,5,0.2,-0.500000000000002,-2.5000000000000098,0.3749999999999976,-0.5666361254433803,0.008338132808416393,-0.3750000000000024,-1.0,4,1
US100,M10,short,5,0.5,3,confirm,2.5R,5,0.0,-0.9817245017116021,-4.90862250855801,0.0,-1.0483606271549806,0.008338132808416393,-0.9771556271395025,-1.0,4,1
US100,M10,short,5,0.5,3,confirm,3.5R,5,0.0,-0.9817245017116021,-4.90862250855801,0.0,-1.0483606271549806,0.008338132808416393,-0.9771556271395025,-1.0,4,1
US100,M10,short,5,1.0,2,touch,1.5R,215,0.4418604651162791,0.08237456232852583,17.710530900633053,1.143780418122378,-0.0726081492565838,0.005237930499995163,0.09740872527119467,0.06719989319013112,108,107
US100,M10,short,5,1.0,2,touch,2.5R,207,0.33816425120772947,0.14589845789157682,30.200980783556403,1.218494820542912,-0.010418639299801509,0.005241713769615087,0.22665071775396242,0.06436219550625544,104,103
US100,M10,short,5,1.0,2,touch,3.5R,194,0.2422680412371134,-0.03184075462382819,-6.177106397022669,0.9582670526698089,-0.1881650172325616,0.005193376444934101,0.05934224080892706,-0.1288439412544189,100,94
US100,M10,short,5,1.0,2,touch,measured,231,0.6320346320346321,0.08430748258516853,19.47502847717393,1.2208613324277577,-0.06687642515994215,0.005310255309687531,0.0839125798142493,0.08472706677927024,119,112
US100,M10,short,5,1.0,2,confirm,1.5R,170,0.4176470588235294,0.02179554124744817,3.705242012066189,1.0365373769654476,-0.10936830975297662,0.006064697328160819,0.016081415756817083,0.027645717344999026,86,84
US100,M10,short,5,1.0,2,confirm,2.5R,164,0.3048780487804878,0.015340290058177825,2.5158075695411632,1.0216286561795302,-0.11573259847318271,0.006043488454758753,0.019197312804580917,0.011290416174454587,84,80
US100,M10,short,5,1.0,2,confirm,3.5R,151,0.2251655629139073,-0.19130434117657427,-28.886955517662713,0.7549069682801414,-0.3204877422886048,0.0062068166329196095,-0.17225703492955619,-0.21165625744051142,78,73
US100,M10,short,5,1.0,2,confirm,measured,178,0.7078651685393258,0.03964285740833009,7.056428618682755,1.1279959161970439,-0.0889171727629557,0.006214859795683369,0.02729468260632062,0.051991032210339544,89,89
US100,M10,short,5,1.0,3,touch,1.5R,33,0.48484848484848486,0.2114984868255223,6.9794500652422355,1.4193022278685594,0.09765279458349552,0.005760476120733313,0.23124211708230327,0.1811236710458591,20,13
US100,M10,short,5,1.0,3,touch,2.5R,33,0.3333333333333333,0.1483468332129164,4.895445496026241,1.230597483839316,0.034501140970889646,0.005760476120733313,0.0020418886215033184,0.3734313633535518,20,13
US100,M10,short,5,1.0,3,touch,3.5R,33,0.2727272727272727,0.11724206832371295,3.8689882546825274,1.16655569149709,0.0033963760816862324,0.005760476120733313,-0.074280973445682,0.4118929018150898,20,13
US100,M10,short,5,1.0,3,touch,measured,33,0.6363636363636364,0.1605348718365133,5.297650770604939,1.4549138959740469,0.04668917959448658,0.005760476120733313,0.17102336620328837,0.14439872665685927,20,13
US100,M10,short,5,1.0,3,confirm,1.5R,27,0.4074074074074074,0.03193308289654779,0.8621932382067903,1.0551351766485135,-0.0634633916990324,0.00632031113218296,0.0937500000000013,-0.05798243289029373,16,11
US100,M10,short,5,1.0,3,confirm,2.5R,27,0.25925925925925924,-0.07579367667967814,-2.0464292703513096,0.8953041887064557,-0.1711901512752583,0.00632031113218296,-0.11928890678487698,-0.012527887435752515,16,11
US100,M10,short,5,1.0,3,confirm,3.5R,27,0.2222222222222222,-0.030159351290789106,-0.8143024848513059,0.958348794755902,-0.12555582588636927,0.00632031113218296,-0.22978098269112968,0.2601993852915244,16,11
US100,M10,short,5,1.0,3,confirm,measured,26,0.6538461538461539,0.035878015487475504,0.9328284026743632,1.107993664178788,-0.06088124489608209,0.00624269501412666,0.04161040826274161,0.028061116248476292,15,11
US100,M15,long,3,0.5,2,touch,1.5R,119,0.3865546218487395,-0.06830906839727033,-8.128779139275169,0.8914609605700816,-0.18903448475927542,0.006947400989693295,0.0495641123612341,-0.15671395396614865,51,68
US100,M15,long,3,0.5,2,touch,2.5R,112,0.3125,-0.057195527866691076,-6.4058991210694005,0.9204185868243678,-0.1793874444828588,0.006948874513898778,-0.07761308775955764,-0.04131520350557267,49,63
US100,M15,long,3,0.5,2,touch,3.5R,106,0.2830188679245283,-0.02580232896918388,-2.735046870733491,0.9651714438526495,-0.1491645604044176,0.0068278459648149405,0.0165724478225531,-0.05828965784284891,46,60
US100,M15,long,3,0.5,2,touch,measured,124,0.5403225806451613,-0.08058653335991559,-9.992730136629532,0.8303230422719788,-0.20065170997643347,0.006883999119557765,0.06068749683147798,-0.18261777738703322,52,72
US100,M15,long,3,0.5,2,confirm,1.5R,85,0.43529411764705883,0.030976876437992885,2.6330344972293953,1.0533945671533322,-0.06063457893837991,0.00850426420367405,0.13334856370017947,-0.05179172177398776,38,47
US100,M15,long,3,0.5,2,confirm,2.5R,79,0.3924050632911392,0.13779503899986972,10.885808080989708,1.2142757365570596,0.044987154158280536,0.00857951969153697,0.1617191285577136,0.11971906022283219,34,45
US100,M15,long,3,0.5,2,confirm,3.5R,76,0.32894736842105265,0.09436642327900298,7.171848169204226,1.135458284923813,-0.0007836983429990657,0.00830795094918096,0.23257580287713914,-0.006149489156005161,32,44
US100,M15,long,3,0.5,2,confirm,measured,86,0.5813953488372093,-0.14184374241609923,-12.198561847784534,0.673072815013405,-0.23133659068560647,0.008538697478605571,-0.055504194160848556,-0.2101958847848394,38,48
US100,M15,long,3,0.5,3,touch,1.5R,16,0.375,-0.09518754707836152,-1.5230007532537844,0.8552693486425091,-0.1989897948667339,0.006303659518042843,0.18462490584327795,-0.37500000000000094,8,8
US100,M15,long,3,0.5,3,touch,2.5R,16,0.3125,-0.07513645734769359,-1.2021833175630974,0.8956709850753385,-0.17893870513606597,0.006303659518042843,-0.02527291469538806,-0.12499999999999906,8,8
US100,M15,long,3,0.5,3,touch,3.5R,16,0.3125,0.11649853595141724,1.8639765752226758,1.1617613862167233,0.012696288163044744,0.006303659518042843,0.22472708530461194,0.008269986598222479,8,8
US100,M15,long,3,0.5,3,touch,measured,16,0.375,-0.36786115745982084,-5.8857785193571335,0.44067489327726,-0.4716634052481933,0.006303659518042843,-0.19814423940671239,-0.5375780755129294,8,8
US100,M15,long,3,0.5,3,confirm,1.5R,10,0.5,0.13159654433559123,1.3159654433559123,1.2631930886711824,0.044310545047658786,0.0069349822329756545,0.26319308867118457,-2.1316282072803005e-15,5,5
US100,M15,long,3,0.5,3,confirm,2.5R,10,0.4,0.18159654433559336,1.8159654433559336,1.302660907225989,0.09431054504766093,0.0069349822329756545,-0.03680691132881542,0.40000000000000213,5,5
US100,M15,long,3,0.5,3,confirm,3.5R,10,0.4,0.4018377020264151,4.018377020264151,1.6697295033773585,0.31455170273848276,0.0069349822329756545,0.1631930886711846,0.6404823153816457,5,5
US100,M15,long,3,0.5,3,confirm,measured,9,0.5555555555555556,-0.133738400125054,-1.203645601125486,0.6990885997186285,-0.22566568170385454,0.006484922471343011,0.10803704603431241,-0.3271587570525471,4,5
US100,M15,long,3,1.0,2,touch,1.5R,171,0.36257309941520466,-0.13389974307731367,-22.89685606622064,0.7934806887433514,-0.2512363769626317,0.0067742909538900786,-0.05758214899004699,-0.1964152190849683,77,94
US100,M15,long,3,1.0,2,touch,2.5R,157,0.29936305732484075,-0.1287423364082566,-20.212546816096285,0.8218626600467404,-0.24590357509890293,0.006829899097264456,-0.07498694578558407,-0.17312178680604434,71,86
US100,M15,long,3,1.0,2,touch,3.5R,149,0.26174496644295303,-0.1513249132561012,-22.54741207515908,0.8000198068369568,-0.2681126332995383,0.006830492805215258,-0.0736307757094699,-0.21654962131993985,68,81
US100,M15,long,3,1.0,2,touch,measured,190,0.5210526315789473,-0.1155811201369522,-21.960412826020917,0.7699048239177988,-0.2321675988806683,0.006674492488523783,0.03935877328433758,-0.24645268059959494,87,103
US100,M15,long,3,1.0,2,confirm,1.5R,129,0.3798449612403101,-0.10619121601211275,-13.698666865562544,0.8309108331848866,-0.20217777271619244,0.007981858034794532,-0.02529939191412534,-0.17437146775184495,59,70
US100,M15,long,3,1.0,2,confirm,2.5R,120,0.30833333333333335,-0.11302403813771024,-13.562884576525228,0.8416964328559493,-0.2080232571471918,0.00810372696172277,-0.05878926601899023,-0.15891499916124255,55,65
US100,M15,long,3,1.0,2,confirm,3.5R,117,0.2564102564102564,-0.1673451310834673,-19.579380336765674,0.7795578941639261,-0.26205426167632445,0.00800370733432811,-0.05263083603657082,-0.2623429066691785,53,64
US100,M15,long,3,1.0,2,confirm,measured,136,0.5588235294117647,-0.18616456529046174,-25.318380879502797,0.6028185339836098,-0.2810027091769887,0.007845222166196875,-0.05113830633650948,-0.3097801544736575,65,71
US100,M15,long,3,1.0,3,touch,1.5R,36,0.4166666666666667,0.027138867965173064,0.9769992467462303,1.045393263604218,-0.07284885231316941,0.0067615678475944265,0.21731245292164025,-0.1250000000000007,16,20
US100,M15,long,3,1.0,3,touch,2.5R,36,0.3611111111111111,0.107384156652575,3.8658296394927,1.1643425377588346,0.007396436374232522,0.0067615678475944265,0.09917160349259313,0.11395419918056049,16,20
US100,M15,long,3,1.0,3,touch,3.5R,36,0.3055555555555556,-0.010541521028236677,-0.37949475701652036,0.9857235386291072,-0.11052924130657915,0.0067615678475944265,0.013875934544281585,-0.030075485486251295,16,20
US100,M15,long,3,1.0,3,touch,measured,39,0.5128205128205128,-0.13607504854407082,-5.306926893218762,0.7595508007063494,-0.23741836330652846,0.006633864511501419,-0.05505970076221226,-0.19867781728459788,17,22
US100,M15,long,3,1.0,3,confirm,1.5R,25,0.4,-0.04736138226576395,-1.1840345566440988,0.9210643628903934,-0.12939368495268688,0.007833438245584742,0.02872413121417481,-0.10714285714285869,11,14
US100,M15,long,3,1.0,3,confirm,2.5R,25,0.32,-0.04174312825818905,-1.0435782064547263,0.9410883087232794,-0.1237754309451121,0.007833438245584742,0.04530681126654605,-0.11013950931333806,11,14
US100,M15,long,3,1.0,3,confirm,3.5R,25,0.28,-0.0802716363260312,-2.00679090815078,0.8927668664527695,-0.16230393901295423,0.007833438245584742,-0.18196591600618123,-0.00036898800591332403,11,14
US100,M15,long,3,1.0,3,confirm,measured,26,0.5769230769230769,-0.1918458439311535,-4.987991942209991,0.6286580745307528,-0.2797135139683308,0.007385089324862038,-0.01897669201026355,-0.3186165553398062,11,15
US100,M15,long,5,0.5,2,touch,1.5R,76,0.39473684210526316,-0.034138606179960077,-2.594534069676966,0.9427992987674315,-0.12802343980092465,0.008187626835038387,0.023871784354380934,-0.07632798111402629,32,44
US100,M15,long,5,0.5,2,touch,2.5R,73,0.3150684931506849,-0.08449863407074205,-6.16840028716417,0.8779488744615281,-0.1832838213946758,0.00808244503390325,-0.22878867223312674,0.016168834414642588,30,43
US100,M15,long,5,0.5,2,touch,3.5R,71,0.29577464788732394,-0.04839653907409778,-3.436154274260942,0.930696102042153,-0.14685801747279362,0.008173982550515348,-0.23920300131907582,0.09121794549539837,30,41
US100,M15,long,5,0.5,2,touch,measured,77,0.5324675324675324,-0.04964129250303032,-3.8223795227333346,0.891896235314798,-0.14318272818577743,0.008177575144855051,0.09037660844597237,-0.14920957762232115,32,45
US100,M15,long,5,0.5,2,confirm,1.5R,60,0.38333333333333336,-0.08899819031570286,-5.339891418942171,0.8574878962509257,-0.16882339519909273,0.009658331732488812,-0.12239718760240943,-0.06514176368234101,25,35
US100,M15,long,5,0.5,2,confirm,2.5R,59,0.3559322033898305,0.00740682479793417,0.437002663078116,1.0113596470236905,-0.07545861768277497,0.009628617152578442,-0.15786171780425698,0.12073382543943667,24,35
US100,M15,long,5,0.5,2,confirm,3.5R,59,0.3389830508474576,-0.03669747952338484,-2.1651512918797056,0.9451440188559641,-0.11956292200409399,0.009628617152578442,-0.3457666648510724,0.17523567612988658,24,35
US100,M15,long,5,0.5,2,confirm,measured,62,0.5483870967741935,-0.1402243998193309,-8.693912788798515,0.6836601102975283,-0.21961493727279985,0.009592831050140494,-0.04473573267249021,-0.20474376951314213,25,37
US100,M15,long,5,1.0,2,touch,1.5R,107,0.3925233644859813,-0.05967286517587785,-6.38499657381893,0.9007900525565835,-0.15182638716652908,0.008195969146413731,-0.01533401822489744,-0.09440496195414584,47,60
US100,M15,long,5,1.0,2,touch,2.5R,97,0.31958762886597936,-0.1218848368016863,-11.82282916976357,0.8191078188644141,-0.21558588068580642,0.007918492286917435,-0.17641678978492176,-0.08195965693896033,41,56
US100,M15,long,5,1.0,2,touch,3.5R,96,0.2916666666666667,-0.14068715978518412,-13.505967339377676,0.8009767066245023,-0.23392990106788478,0.007963152286432677,-0.28065459431578016,-0.03634779949873985,41,55
US100,M15,long,5,1.0,2,touch,measured,115,0.5217391304347826,-0.06866119898413518,-7.896037883175547,0.8547412477997325,-0.16273797708526147,0.0080583927792266,0.04288974937694925,-0.1575533609593743,51,64
US100,M15,long,5,1.0,2,confirm,1.5R,82,0.35365853658536583,-0.1616262173124083,-13.253349819617481,0.7439123261483583,-0.24400229802146442,0.009582986454782458,-0.12521409009050374,-0.19156507747264095,37,45
US100,M15,long,5,1.0,2,confirm,2.5R,77,0.2987012987012987,-0.19060050253924513,-14.676238695521874,0.7282576355186368,-0.2722522689858874,0.009348506927739088,-0.25342397036055153,-0.1409261326340261,34,43
US100,M15,long,5,1.0,2,confirm,3.5R,77,0.2857142857142857,-0.2205530641715646,-16.982585941210473,0.6912701427605709,-0.30220483061820685,0.009348506927739088,-0.3518320928411963,-0.11675104150255355,34,43
US100,M15,long,5,1.0,2,confirm,measured,86,0.5232558139534884,-0.18070918359706997,-15.540989789348018,0.6161090276696018,-0.26376244368907464,0.009322348288748065,-0.08448761499472224,-0.26438011281650275,40,46
US100,M15,long,5,1.0,3,touch,1.5R,14,0.5714285714285714,0.4285714285714278,5.999999999999989,1.9999999999999982,0.3555254298317479,0.007587682759218229,0.24999999999999667,0.5000000000000003,4,10
US100,M15,long,5,1.0,3,touch,2.5R,14,0.5,0.5913631416865138,8.279083983611194,2.182726283373028,0.5183171429468338,0.007587682759218229,-0.125,0.8779083983611194,4,10
US100,M15,long,5,1.0,3,touch,3.5R,14,0.5,0.7209006426199464,10.09260899667925,2.441801285239893,0.6478546438802664,0.007587682759218229,-0.09118267579324602,1.0457339699852233,4,10
US100,M15,long,5,1.0,3,touch,measured,15,0.6666666666666666,0.2362851002385074,3.544276503577611,1.7088553007155223,0.16418774593519775,0.007648573250284414,-0.08696109527154608,0.3538291713330723,4,11
US100,M15,long,5,1.0,3,confirm,1.5R,9,0.5555555555555556,0.38888888888888773,3.4999999999999893,1.8749999999999973,0.31875384168431203,0.008466983801935642,-0.16666666666666666,0.6666666666666649,3,6
US100,M15,long,5,1.0,3,confirm,2.5R,9,0.5555555555555556,0.8171929502530275,7.354736552277248,2.838684138069312,0.7470579030484519,0.008466983801935642,0.06080316019202788,1.1953878452835274,3,6
US100,M15,long,5,1.0,3,confirm,3.5R,9,0.5555555555555556,0.9879470945090216,8.891523850581194,3.2228809626452986,0.917812047304446,0.008466983801935642,0.06080316019202788,1.4515190616675184,3,6
US100,M15,long,5,1.0,3,confirm,measured,9,0.7777777777777778,0.288677579827127,2.598098218444143,2.299049109222072,0.21854253262255133,0.008466983801935642,0.019074843654983464,0.42347894791319884,3,6
US100,M15,short,3,0.5,2,touch,1.5R,164,0.4146341463414634,0.007343210668059329,1.20428654956173,1.0121005511253434,-0.13450527565945358,0.005382177312907234,0.07878843106171594,-0.05745594271223389,78,86
US100,M15,short,3,0.5,2,touch,2.5R,155,0.33548387096774196,0.10404752409744192,16.127366235103498,1.151397573262562,-0.0388305265650558,0.005389777978976832,0.2612133877856959,-0.03586842772258907,73,82
US100,M15,short,3,0.5,2,touch,3.5R,146,0.2191780821917808,-0.13576765344635683,-19.822077403168098,0.831338225145596,-0.2789278177013599,0.005394338460581231,0.04873120548983309,-0.3104265732392834,71,75
US100,M15,short,3,0.5,2,touch,measured,177,0.6497175141242938,0.07650781116801302,13.541882576738303,1.2066728401857199,-0.06547733375490634,0.005438957012352105,0.15977609498692483,-0.00042484236032943554,85,92
US100,M15,short,3,0.5,2,confirm,1.5R,133,0.41353383458646614,-0.013969728346077593,-1.85797387002832,0.9771983122297839,-0.1346350756648066,0.006691434916439087,0.09448573664753977,-0.10867731749543359,62,71
US100,M15,short,3,0.5,2,confirm,2.5R,121,0.2975206611570248,-0.04134653899399731,-5.002931218273675,0.9434595137862783,-0.16353195684154107,0.0065798790366303535,0.16452068435539396,-0.21870906987962674,56,65
US100,M15,short,3,0.5,2,confirm,3.5R,117,0.20512820512820512,-0.2244795356040193,-26.264105665670257,0.7277881098296639,-0.34650017461826865,0.006529338929804452,-0.12125955784249233,-0.31295380225675673,54,63
US100,M15,short,3,0.5,2,confirm,measured,135,0.6666666666666666,-0.05535741729145718,-7.473251334346719,0.8458616532756783,-0.17876817454086366,0.006555730956861259,0.01294841859258618,-0.11337059297379536,62,73
US100,M15,short,3,0.5,3,touch,1.5R,29,0.4482758620689655,0.028662807080713972,0.8312214053407052,1.0445246806654236,-0.10695203461026885,0.00567925180897776,0.09375000000000477,-0.05144450728149009,16,13
US100,M15,short,3,0.5,3,touch,2.5R,29,0.3448275862068966,0.06266003876382568,1.817141124150945,1.0838598777597366,-0.0729548029271571,0.00567925180897776,-0.0008800175743455818,0.14086318502619033,16,13
US100,M15,short,3,0.5,3,touch,3.5R,29,0.2413793103448276,-0.09251237502927076,-2.682858875848852,0.8912447624614188,-0.22812721672025346,0.00567925180897776,-0.03213001757434103,-0.16682912266610728,16,13
US100,M15,short,3,0.5,3,touch,measured,29,0.6206896551724138,-0.014910286214596526,-0.4323983002232993,0.9683659884291167,-0.15052512790557931,0.00567925180897776,0.08555518026161894,-0.1385600911084002,16,13
US100,M15,short,3,0.5,3,confirm,1.5R,22,0.45454545454545453,0.012078123824721398,0.26571872414387077,1.0180340472106557,-0.10876525690230351,0.0066707207073290675,0.36363636363636365,-0.33948011598692085,11,11
US100,M15,short,3,0.5,3,confirm,2.5R,22,0.3181818181818182,-0.08541993745915967,-1.8792386241015127,0.8940335616160575,-0.20626331818618462,0.0066707207073290675,0.12318569561405762,-0.29402557053237693,11,11
US100,M15,short,3,0.5,3,confirm,3.5R,22,0.18181818181818182,-0.4263290283682506,-9.379238624101513,0.5476458286970821,-0.5471724090952755,0.0066707207073290675,-0.42226884984048785,-0.4303892068960133,11,11
US100,M15,short,3,0.5,3,confirm,measured,22,0.5909090909090909,-0.2262744741653031,-4.978038431636668,0.5757696347471043,-0.347117854892328,0.0066707207073290675,-0.005938451453579438,-0.44661049687702686,11,11
US100,M15,short,3,1.0,2,touch,1.5R,226,0.42920353982300885,0.047596176636209686,10.75673591978339,1.0805924095227746,-0.08552573884492243,0.0057250345365170464,0.058322801833444966,0.03742437688021071,110,116
US100,M15,short,3,1.0,2,touch,2.5R,206,0.3300970873786408,0.08694791934731123,17.911271385546115,1.125720760118511,-0.046452061915906645,0.005785326881025238,0.19869205127975317,-0.020539293273418618,101,105
US100,M15,short,3,1.0,2,touch,3.5R,192,0.21875,-0.1356198161888939,-26.03900470826763,0.8308421555603731,-0.27039595849377696,0.00570740910485452,0.04041825787139541,-0.3153639549662419,97,95
US100,M15,short,3,1.0,2,touch,measured,253,0.6442687747035574,0.08212747287824201,20.778250638195228,1.2201146345395018,-0.05168025127952754,0.005696729310694599,0.10327796106043381,0.06179677105970105,124,129
US100,M15,short,3,1.0,2,confirm,1.5R,182,0.4010989010989011,-0.033264015008949786,-6.054050731628861,0.9462722407971392,-0.14593778595349668,0.0068548652384707864,0.024648165955317672,-0.08747967378400869,88,94
US100,M15,short,3,1.0,2,confirm,2.5R,163,0.2822085889570552,-0.06879107421808779,-11.21294509754831,0.9063199567377337,-0.17967607982651296,0.0069689737023882654,0.1312893055578423,-0.2616396330382614,80,83
US100,M15,short,3,1.0,2,confirm,3.5R,156,0.20512820512820512,-0.20836496119712947,-32.504933946752196,0.7417091469358016,-0.32135232467377695,0.006774755516570809,-0.035199066538042424,-0.37287256112326217,76,80
US100,M15,short,3,1.0,2,confirm,measured,195,0.6923076923076923,-0.011775716273178803,-2.2962646732698664,0.9639059832498322,-0.12768194008957945,0.006612650044672944,0.020106582354330677,-0.03910340081104407,90,105
US100,M15,short,3,1.0,3,touch,1.5R,48,0.5416666666666666,0.29856711261126323,14.331221405340635,1.580945722559738,0.16051210235188387,0.0058144346149450465,0.40000000000000113,0.18831397414524376,25,23
US100,M15,short,3,1.0,3,touch,2.5R,48,0.3958333333333333,0.2555681566180488,12.267271517666343,1.3873616875055317,0.11751314635866943,0.0058144346149450465,0.2574420044930339,0.2535313654495868,25,23
US100,M15,short,3,1.0,3,touch,3.5R,48,0.25,-0.03531034355674051,-1.6948964907235444,0.9555506316596923,-0.17336535381611987,0.0058144346149450465,0.03744200449303495,-0.11438898274127907,25,23
US100,M15,short,3,1.0,3,touch,measured,48,0.625,0.04131882301596709,1.9833035047664205,1.0959564928175716,-0.09673618724341226,0.0058144346149450465,0.12582318962786346,-0.05053374938826812,25,23
US100,M15,short,3,1.0,3,confirm,1.5R,35,0.5142857142857142,0.20759196354696488,7.26571872414377,1.3681775192407435,0.0780592302631187,0.006017191315159658,0.562499999999996,-0.09127796188716664,16,19
US100,M15,short,3,1.0,3,confirm,2.5R,35,0.3142857142857143,-0.025121103545755145,-0.87923862410143,0.9671119408437033,-0.1546538368296013,0.006017191315159658,0.42844016573466864,-0.40706743557137515,16,19
US100,M15,short,3,1.0,3,confirm,3.5R,35,0.14285714285714285,-0.5108353892600442,-17.879238624101546,0.4538068982351919,-0.6403681225438904,0.006017191315159658,-0.3215598342653364,-0.6702253303082193,16,19
US100,M15,short,3,1.0,3,confirm,measured,34,0.5882352941176471,-0.20493057219536664,-6.967639454642466,0.5836307912013393,-0.33526697852123566,0.00605028540801069,0.03500936702011526,-0.39435683999706295,15,19
US100,M15,short,5,0.5,2,touch,1.5R,88,0.4090909090909091,0.012562498201087029,1.1054998416956585,1.0209000905271262,-0.1210931003651404,0.005474187348556082,-0.04620732093425236,0.06382978723404265,41,47
US100,M15,short,5,0.5,2,touch,2.5R,87,0.3103448275862069,0.041131599238189334,3.578449133722472,1.058764734490303,-0.09232695618176938,0.0054989977077803285,-0.04803877165693714,0.11702127659574377,40,47
US100,M15,short,5,0.5,2,touch,3.5R,84,0.20238095238095238,-0.15980805372900453,-13.42387651323638,0.802290072414611,-0.2903889764278164,0.00558018274311114,-0.2480387716569367,-0.07959831015815712,40,44
US100,M15,short,5,0.5,2,touch,measured,90,0.6777777777777778,0.14284498829184217,12.856048946265794,1.4300472955957593,0.008393452772149541,0.005419534312204226,0.03362592065450336,0.23841167247451356,42,48
US100,M15,short,5,0.5,2,confirm,1.5R,72,0.3611111111111111,-0.12836192985231515,-9.24205894936669,0.8027306276684522,-0.24498596813805593,0.006098215422875257,-0.11006055733431447,-0.1447368421052632,34,38
US100,M15,short,5,0.5,2,confirm,2.5R,70,0.3,-0.019814518537314158,-1.387016297611991,0.972176171124023,-0.13663092749762476,0.006124013093822919,-0.08748534235187869,0.04054054054054076,33,37
US100,M15,short,5,0.5,2,confirm,3.5R,69,0.21739130434782608,-0.20482146847594013,-14.132681324839869,0.7423391817518938,-0.3189337942985034,0.006188882855671384,-0.32243391308067765,-0.09701006092159742,33,36
US100,M15,short,5,0.5,2,confirm,measured,72,0.7361111111111112,0.06184385655895985,4.452757672245109,1.2243209241732267,-0.056238999128505225,0.005920698998975819,0.0062165230025721715,0.11161568131993829,34,38
US100,M15,short,5,0.5,3,touch,1.5R,10,0.6,0.5000000000000038,5.000000000000037,2.2500000000000093,0.39123590850108,0.005876786401117814,-0.4999999999999982,1.5000000000000058,5,5
US100,M15,short,5,0.5,3,touch,2.5R,10,0.3,0.049999999999997116,0.49999999999997113,1.0714285714285674,-0.058764091498926765,0.005876786401117814,-1.0,1.0999999999999943,5,5
US100,M15,short,5,0.5,3,touch,3.5R,10,0.2,-0.09999999999999712,-0.9999999999999711,0.8750000000000036,-0.208764091498921,0.005876786401117814,-1.0,0.8000000000000057,5,5
US100,M15,short,5,0.5,3,touch,measured,10,0.6,0.08686069419742307,0.8686069419742307,1.2171517354935577,-0.02190339730150074,0.005876786401117814,-0.6357226773406028,0.8094440657354489,5,5
US100,M15,short,5,0.5,3,confirm,1.5R,6,0.5,0.25,1.5,1.5,0.16294569628550548,0.007111918504385868,-0.16666666666666666,0.6666666666666666,3,3
US100,M15,short,5,0.5,3,confirm,2.5R,6,0.3333333333333333,0.16666666666666666,1.0,1.25,0.07961236295217211,0.007111918504385868,-1.0,1.3333333333333333,3,3
US100,M15,short,5,0.5,3,confirm,3.5R,6,0.16666666666666666,-0.25,-1.5,0.7,-0.33705430371449463,0.007111918504385868,-1.0,0.5,3,3
US100,M15,short,5,0.5,3,confirm,measured,6,0.6666666666666666,0.0673739018674137,0.4042434112044822,1.202121705602241,-0.019680401847080864,0.007111918504385868,-0.38668692410986155,0.521434727844689,3,3
US100,M15,short,5,1.0,2,touch,1.5R,131,0.40458015267175573,-0.00017347784633880048,-0.022725597870382863,0.9997142251136447,-0.1243159112101345,0.006032792989137242,-0.1191326496787377,0.11345916390401238,64,67
US100,M15,short,5,1.0,2,touch,2.5R,128,0.3046875,-0.0028932548460482294,-0.37033662029417336,0.9959089099687595,-0.1272506847502965,0.006067543410505425,-0.12051775164294991,0.10760248456922297,62,66
US100,M15,short,5,1.0,2,touch,3.5R,121,0.19834710743801653,-0.21200007419560862,-25.652008977668643,0.7390553270124571,-0.3371591173393901,0.006024315034476881,-0.31921476396496745,-0.10299847293009376,61,60
US100,M15,short,5,1.0,2,touch,measured,139,0.6690647482014388,0.1399471195788853,19.452649621465056,1.4085840033741155,0.016208814702986286,0.005990746680071978,0.09385240220469294,0.18284081491320323,67,72
US100,M15,short,5,1.0,2,confirm,1.5R,104,0.34615384615384615,-0.1559970636947822,-16.223694624257348,0.7642986719595878,-0.26367304018453075,0.006639295005723986,-0.29862272034892323,-0.02393627049650347,50,54
US100,M15,short,5,1.0,2,confirm,2.5R,101,0.26732673267326734,-0.10492109086026416,-10.59703017688668,0.8569128237323201,-0.21301982340811626,0.006597978996704039,-0.2978985750385041,0.07692307692307733,49,52
US100,M15,short,5,1.0,2,confirm,3.5R,100,0.18,-0.32956410551799875,-32.95641055179988,0.5983862092844753,-0.4379872583744181,0.006597870788010861,-0.43572108185585917,-0.2275701478600545,49,51
US100,M15,short,5,1.0,2,confirm,measured,106,0.7264150943396226,0.07665036841960024,8.124939052477625,1.2721927782077864,-0.03283905449926684,0.0064350878665378995,0.04447637661498323,0.10430871225163942,49,57
US100,M15,short,5,1.0,3,touch,1.5R,18,0.5555555555555556,0.4065099278903106,7.317178702025591,1.9524077703010898,0.3063144457659093,0.0067679742302844265,0.11111111111111113,0.7019087446695101,9,9
US100,M15,short,5,1.0,3,touch,2.5R,18,0.2777777777777778,-0.01015673877636407,-0.18282129797455327,0.9855851238711569,-0.11035222090076534,0.0067679742302844265,-0.6111111111111129,0.5907976335583848,9,9
US100,M15,short,5,1.0,3,touch,3.5R,18,0.16666666666666666,-0.20249940590913446,-3.6449893063644203,0.7423123321327387,-0.3026948880335357,0.0067679742302844265,-0.4999999999999982,0.0950011881817293,9,9
US100,M15,short,5,1.0,3,touch,measured,18,0.6111111111111112,0.10227479979854252,1.8409463963737653,1.2629923423391094,0.0020793176741412678,0.0067679742302844265,-0.18556732654374264,0.3901169261408277,9,9
US100,M15,short,5,1.0,3,confirm,1.5R,12,0.4166666666666667,0.0589534494324015,0.707441393188818,1.104149472111943,-0.021952514283762502,0.007757680250928402,0.0,0.10106305616983115,5,7
US100,M15,short,5,1.0,3,confirm,2.5R,12,0.3333333333333333,0.18395344943240474,2.207441393188857,1.2832755587182136,0.10304748571624067,0.007757680250928402,-0.3,0.5296344847412653,5,7
US100,M15,short,5,1.0,3,confirm,3.5R,12,0.08333333333333333,-0.6077132172342652,-7.292558606811182,0.32429752086693675,-0.6886191809504293,0.007757680250928402,-1.0,-0.3275083724015974,5,7
US100,M15,short,5,1.0,3,confirm,measured,12,0.5833333333333334,-0.09360567660835502,-1.1232681193002603,0.7753463761399481,-0.17451164032451896,0.007757680250928402,-0.2947086650492845,0.05003931513516602,5,7
US100,M30,long,3,0.5,2,touch,1.5R,53,0.5283018867924528,0.29789063238252045,15.788203516273583,1.6486008681379196,0.22380585199790942,0.010800218478008154,0.14270680934040186,0.4364476172415549,25,28
US100,M30,long,3,0.5,2,touch,2.5R,52,0.40384615384615385,0.20926934720222012,10.882006054515447,1.3460047818412937,0.13681899905081546,0.010909819088952175,0.17881864558165703,0.23536994859127428,24,28
US100,M30,long,3,0.5,2,touch,3.5R,47,0.3617021276595745,0.23803842386957177,11.187805921869874,1.367410201185066,0.17034970667764887,0.011314677029469361,0.36600146045526466,0.12543095167416207,22,25
US100,M30,long,3,0.5,2,touch,measured,59,0.6779661016949152,0.1789456830802542,10.557795301734997,1.5756095163809762,0.10299718254831224,0.01032980803481896,0.29451664330388866,0.08788977502526954,26,33
US100,M30,long,3,0.5,2,confirm,1.5R,45,0.4666666666666667,0.11305990810421629,5.087695864689733,1.209104545651792,0.05640731808612617,0.012877640746633447,0.06363212568084702,0.1526021340429117,20,25
US100,M30,long,3,0.5,2,confirm,2.5R,43,0.3953488372093023,0.17942081078447333,7.715094863732354,1.2930056764574467,0.12259092064016928,0.013035950474572268,0.45854813426143015,-0.04155498696811751,19,24
US100,M30,long,3,0.5,2,confirm,3.5R,41,0.36585365853658536,0.2967541804494895,12.16692139842907,1.4620781853907954,0.23864738501947505,0.012941617087181695,0.47312679090832677,0.14443238050776652,19,22
US100,M30,long,3,0.5,2,confirm,measured,50,0.72,0.10128070794313981,5.0640353971569905,1.3783961652452785,0.039395859305942284,0.01202521257674005,0.22868028077445587,0.0011810435756772308,22,28
US100,M30,long,3,1.0,2,touch,1.5R,73,0.4520547945205479,0.10362728903217236,7.564792099348582,1.1888113245653367,0.029665877396743895,0.011495860892069446,0.039537024017208065,0.1595008534041925,34,39
US100,M30,long,3,1.0,2,touch,2.5R,67,0.34328358208955223,0.02844605079433827,1.905885403220664,1.0420292123437997,-0.045759341662925675,0.01117435386480513,0.02718422808883229,0.029469150285289052,30,37
US100,M30,long,3,1.0,2,touch,3.5R,62,0.2903225806451613,-0.003361741943296345,-0.20842800048437338,0.9954036771172349,-0.07478349296813736,0.010882140001832042,0.041278507416484804,-0.04012430023958672,28,34
US100,M30,long,3,1.0,2,touch,measured,82,0.5853658536585366,0.014249723525717328,1.1684773291088209,1.0343010500468186,-0.06038506065367825,0.011076919672786442,0.030451658691000222,-0.0004450548800043965,39,43
US100,M30,long,3,1.0,2,confirm,1.5R,58,0.4482758620689655,0.08030923400184635,4.657935572107088,1.144384511076,0.024658465263012738,0.013420834090714562,0.20178675920976277,-0.005439607321388718,24,34
US100,M30,long,3,1.0,2,confirm,2.5R,53,0.32075471698113206,-0.043200921605464584,-2.289648845089623,0.9368557931420518,-0.0997671349252725,0.013033480016774282,0.25943958373387266,-0.25797805442692967,22,31
US100,M30,long,3,1.0,2,confirm,3.5R,52,0.3076923076923077,0.055298842096239434,2.8755397890044505,1.0793019766566219,-0.004562633929610151,0.012257684501849452,0.33617374927026633,-0.13497125631197232,21,31
US100,M30,long,3,1.0,2,confirm,measured,68,0.6323529411764706,-0.050393377013218915,-3.426749636898886,0.8594609083243414,-0.10998377582317136,0.012531544817691948,0.04262455266039574,-0.12832731809111228,31,37
US100,M30,long,3,1.0,3,touch,1.5R,14,0.5714285714285714,0.4285714285714298,6.000000000000018,2.000000000000003,0.35993104074311394,0.010232894513036089,0.3888888888888929,0.4999999999999963,9,5
US100,M30,long,3,1.0,3,touch,2.5R,14,0.5,0.47066181504072063,6.589265410570089,1.795676977479591,0.4020214272124049,0.010232894513036089,0.14672750467865278,1.053743573692443,9,5
US100,M30,long,3,1.0,3,touch,3.5R,14,0.5,0.7422828379880801,10.391959731833122,2.254865693564347,0.6736424501597644,0.010232894513036089,0.3689497269008839,1.4142824379450332,9,5
US100,M30,long,3,1.0,3,touch,measured,14,0.7857142857142857,0.3805483021016561,5.327676229423185,2.775892076474394,0.31190791427334,0.010232894513036089,0.5474501308143817,0.0801250104187499,9,5
US100,M30,long,3,1.0,3,confirm,1.5R,11,0.5454545454545454,0.283841914462583,3.1222610590884132,1.5312010435434873,0.22465245661581823,0.011179506522902774,0.10371017651474006,0.49999999999999467,6,5
US100,M30,long,3,1.0,3,confirm,2.5R,11,0.5454545454545454,0.6348025138337529,6.982827652171281,2.18801255420989,0.575613055986988,0.011179506522902774,0.33117494669988784,0.999155594394391,6,5
US100,M30,long,3,1.0,3,confirm,3.5R,11,0.5454545454545454,0.9536883422773308,10.490571765050639,2.784797159334824,0.8944988844305659,0.011179506522902774,0.6645082800332237,1.3007044169702588,6,5
US100,M30,long,3,1.0,3,confirm,measured,11,0.8181818181818182,0.211312417764941,2.324436595414351,2.1622182977071756,0.15212295991817626,0.011179506522902774,0.41427416619629476,-0.03224168035268345,6,5
US100,M30,long,5,0.5,2,touch,1.5R,36,0.5833333333333334,0.4257824256953423,15.328167325032323,2.07175169044073,0.3579208007578853,0.012558376654633184,0.40451134890067464,0.4409760519772478,15,21
US100,M30,long,5,0.5,2,touch,2.5R,34,0.47058823529411764,0.41439999857611237,14.08959995158782,1.7656545796508725,0.34949130865788824,0.012951053620767483,0.5683704341896482,0.30662069364663713,14,20
US100,M30,long,5,0.5,2,touch,3.5R,33,0.42424242424242425,0.4279754392668703,14.12318949580672,1.7279232202990626,0.36408983434337344,0.013189953095236599,0.7804559992756017,0.16825292136569972,14,19
US100,M30,long,5,0.5,2,touch,measured,36,0.7222222222222222,0.275973527620559,9.935046994340123,2.068057649818403,0.20811190268310212,0.012558376654633184,0.4594994982915235,0.14488354856987015,15,21
US100,M30,long,5,0.5,2,confirm,1.5R,31,0.5161290322580645,0.25051847908313624,7.766072851577224,1.5069376263498346,0.19272893034336938,0.014326884162518403,0.2521670299295923,0.2493278590273624,13,18
US100,M30,long,5,0.5,2,confirm,2.5R,31,0.45161290322580644,0.35156127849750746,10.89839963342273,1.6292530178496132,0.2937717297577405,0.014326884162518403,0.59368795587961,0.17669201149932218,13,18
US100,M30,long,5,0.5,2,confirm,3.5R,30,0.43333333333333335,0.4867800206027487,14.603400618082462,1.8431727793880999,0.42879873189053463,0.014486911945019287,0.7722865412397923,0.26845150482148017,13,17
US100,M30,long,5,0.5,2,confirm,measured,32,0.75,0.18312073609189478,5.859863554940633,1.7943280504735646,0.12221428078993807,0.013800619815608227,0.2843980661474322,0.11382572079073756,13,19
US100,M30,long,5,1.0,2,touch,1.5R,51,0.45098039215686275,0.09028933153151625,4.604755908107329,1.1643065904074987,0.025175306136072953,0.013054713078476662,0.0383754007538684,0.12967231350076638,22,29
US100,M30,long,5,1.0,2,touch,2.5R,48,0.375,0.11259311390211772,5.4044694673016505,1.1736351004883976,0.05056057164147182,0.013528279451233312,0.1886027797184465,0.05830049546188295,20,28
US100,M30,long,5,1.0,2,touch,3.5R,46,0.34782608695652173,0.1616969350330564,7.438059011520594,1.2389703802968903,0.09935009321058906,0.013012453752227328,0.40743439503011986,-0.011229425705617945,19,27
US100,M30,long,5,1.0,2,touch,measured,53,0.5849056603773585,0.015240993061158723,0.8077726322414124,1.0366746157185054,-0.04968626103826342,0.0129397669342793,0.0015794601508664122,0.025714834959049526,23,30
US100,M30,long,5,1.0,2,confirm,1.5R,39,0.4358974358974359,0.05810443209172403,2.266072851577237,1.101528460000923,0.002656917920774836,0.01448431267239979,0.017385711817793456,0.08643049836924092,16,23
US100,M30,long,5,1.0,2,confirm,2.5R,39,0.38461538461538464,0.1621388773636757,6.323416217183352,1.2600133528279094,0.10669136319272653,0.01448431267239979,0.2901850006372233,0.07306331334729484,16,23
US100,M30,long,5,1.0,2,confirm,3.5R,37,0.3783783783783784,0.32509235680657084,12.028417201843121,1.5158075680984122,0.268444004371528,0.014073083623562452,0.5309827746585294,0.18471252645296277,15,22
US100,M30,long,5,1.0,2,confirm,measured,43,0.627906976744186,-0.01959330658491512,-0.8425121831513502,0.9452100602003074,-0.07827514735489721,0.013687206220246741,0.009444528945069986,-0.04050054816650439,18,25
US100,M30,long,5,1.0,3,touch,1.5R,7,0.5714285714285714,0.42857142857142616,2.999999999999983,1.9999999999999947,0.38256700662621207,0.013443858930948547,0.2499999999999975,0.6666666666666644,4,3
US100,M30,long,5,1.0,3,touch,2.5R,7,0.5714285714285714,0.6468360385879051,4.527852270115336,2.509284090038445,0.600831616642691,0.013443858930948547,0.1319630675288322,1.3333333333333357,4,3
US100,M30,long,5,1.0,3,touch,3.5R,6,0.5,0.47175776522971447,2.830546591378287,1.943515530459429,0.43453102208433486,0.014839940258892188,0.1319630675288322,1.1513471606314791,4,2
US100,M30,long,5,1.0,3,touch,measured,7,0.7142857142857143,0.28346515889231966,1.9842561122462374,1.9921280561231187,0.23746073694710554,0.013443858930948547,0.35354984010379453,0.19001891727701978,4,3
US100,M30,long,5,1.0,3,confirm,1.5R,5,0.6,0.4999999999999979,2.4999999999999893,2.2499999999999947,0.4604138000784152,0.014396719388058551,0.24999999999999778,0.6666666666666646,2,3
US100,M30,long,5,1.0,3,confirm,2.5R,5,0.4,0.07295772422218079,0.36478862111090393,1.121596207036968,0.03337152430059813,0.014396719388058551,-0.0676056894445512,0.16666666666666874,2,3
US100,M30,long,5,1.0,3,confirm,measured,5,0.8,0.20119104581139471,1.0059552290569735,2.0059552290569735,0.16160484588981205,0.014396719388058551,0.6063771523978809,-0.06893302524626277,2,3
US100,M30,short,3,0.5,2,touch,1.5R,77,0.4675324675324675,0.1709060986377875,13.159769595109637,1.3222256452680006,0.08016351745176026,0.008851227070396064,0.05912403717217198,0.27430450549348195,37,40
US100,M30,short,3,0.5,2,touch,2.5R,77,0.37662337662337664,0.3076310308489635,23.687589375370187,1.4852780076265668,0.21356324895635775,0.008080742196689302,0.14409970487139423,0.45121951219512185,36,41
US100,M30,short,3,0.5,2,touch,3.5R,72,0.2361111111111111,-0.09221123226542852,-6.639208723110853,0.8810442220859566,-0.18667886167395603,0.00812762545975785,-0.2628386439135158,0.06919307605032975,35,37
US100,M30,short,3,0.5,2,touch,measured,81,0.7037037037037037,0.1844065244234657,14.936928478300722,1.6025864579822435,0.09553900229209208,0.00897186344622369,-0.0034589289381844954,0.35885301683071225,39,42
US100,M30,short,3,0.5,2,confirm,1.5R,66,0.4696969696969697,0.16432170398338877,10.84523246290366,1.3041734166860004,0.09046938028975383,0.010380524506048167,-0.005732131003566715,0.28205128205128105,27,39
US100,M30,short,3,0.5,2,confirm,2.5R,60,0.3333333333333333,0.045524546152621,2.73147276915726,1.0671870222026203,-0.029631111126981444,0.010417621982776744,-0.0483912489733189,0.11260725695686377,25,35
US100,M30,short,3,0.5,2,confirm,3.5R,58,0.22413793103448276,-0.2454228435007011,-14.234524923040663,0.6882138341527082,-0.32103412803933806,0.0104485826083986,-0.2310406920522135,-0.2563184127798583,25,33
US100,M30,short,3,0.5,2,confirm,measured,66,0.7121212121212122,0.022401576664145918,1.4785040598336305,1.0751600495806264,-0.04874540997845847,0.011071343780101424,-0.19006212462929298,0.17895377761720618,28,38
US100,M30,short,3,0.5,3,touch,1.5R,7,0.42857142857142855,0.0714285714285693,0.4999999999999851,1.1249999999999962,-0.01319770274106372,0.00841161057716495,0.2500000000000029,-0.16666666666667548,4,3
US100,M30,short,3,0.5,3,touch,2.5R,7,0.14285714285714285,-0.4999999999999963,-3.499999999999974,0.416666666666671,-0.5846262741696293,0.00841161057716495,-1.0,0.1666666666666754,4,3
US100,M30,short,3,0.5,3,touch,3.5R,7,0.14285714285714285,-0.35714285714286087,-2.500000000000026,0.5833333333333289,-0.44176913131249396,0.00841161057716495,-1.0,0.4999999999999913,4,3
US100,M30,short,3,0.5,3,touch,measured,7,0.42857142857142855,-0.2806536032610047,-1.9645752228270328,0.5088561942932418,-0.36527987743063767,0.00841161057716495,-0.1598159164330396,-0.4417705190316248,4,3
US100,M30,short,3,0.5,3,confirm,1.5R,6,0.16666666666666666,-0.5833333333333334,-3.5,0.3,-0.6378652794577996,0.01259422650260341,-1.0,0.25,4,2
US100,M30,short,3,0.5,3,confirm,2.5R,6,0.16666666666666666,-0.4166666666666667,-2.5,0.5,-0.4711986127911329,0.01259422650260341,-1.0,0.75,4,2
US100,M30,short,3,0.5,3,confirm,3.5R,6,0.16666666666666666,-0.25,-1.5,0.7,-0.3045319461244662,0.01259422650260341,-1.0,1.25,4,2
US100,M30,short,3,0.5,3,confirm,measured,5,0.4,-0.5193201253827379,-2.5966006269136894,0.1344664576954369,-0.5782222751666832,0.012053183157087314,-0.6079478854584817,-0.38637848526912216,3,2
US100,M30,short,3,1.0,2,touch,1.5R,100,0.37,-0.0768154041960602,-7.68154041960602,0.8784211279340328,-0.16288969373441675,0.009214313551466534,-0.15230677257890554,0.0049669115520222795,52,48
US100,M30,short,3,1.0,2,touch,2.5R,98,0.30612244897959184,0.03870723616260309,3.7933091439351028,1.0544516766786316,-0.051009799310756776,0.008510278664539697,-0.06067188552699385,0.1380863578522,49,49
US100,M30,short,3,1.0,2,touch,3.5R,92,0.2391304347826087,-0.08045690792569409,-7.4020355291638555,0.8959712090576077,-0.1712778006701485,0.008278103772734495,-0.1654619062574763,0.008326090331945115,47,45
US100,M30,short,3,1.0,2,touch,measured,107,0.6074766355140186,0.02918193943214356,3.122467519239361,1.0723977655336077,-0.05573830383866535,0.009233222420406546,-0.2160395107049821,0.27903020938317724,54,53
US100,M30,short,3,1.0,2,confirm,1.5R,78,0.41025641025641024,-0.0012190067575362812,-0.09508252708782994,0.997973377135502,-0.07402509209467593,0.010428478100662693,-0.12638795628656033,0.1006626963474833,35,43
US100,M30,short,3,1.0,2,confirm,2.5R,73,0.3287671232876712,0.01927256794980352,1.406897460335657,1.0281848857168434,-0.055273366938523916,0.010044534931429018,-0.011683595428523789,0.04625999243347344,34,39
US100,M30,short,3,1.0,2,confirm,3.5R,71,0.2535211267605634,-0.12969249531157806,-9.208167167122042,0.8292150436453609,-0.20431920513047383,0.010122695888289807,-0.08716112710418089,-0.16877537420486197,34,37
US100,M30,short,3,1.0,2,confirm,measured,82,0.6463414634146342,-0.07473097367024667,-6.127939840960227,0.7952806970568512,-0.14461038346335095,0.01098305358794413,-0.3754913217048789,0.1725608680471176,37,45
US100,M30,short,3,1.0,3,touch,1.5R,20,0.3,-0.2500000000000028,-5.000000000000056,0.6428571428571389,-0.32705523584072976,0.009171571835065404,-0.6874999999999986,0.04166666666666108,8,12
US100,M30,short,3,1.0,3,touch,2.5R,20,0.1,-0.6499999999999984,-12.999999999999968,0.2777777777777797,-0.7270552358407254,0.009171571835065404,-1.0,-0.41666666666666385,8,12
US100,M30,short,3,1.0,3,touch,3.5R,19,0.10526315789473684,-0.5263157894736858,-10.000000000000032,0.411764705882351,-0.6058274443182868,0.00878815865343618,-1.0,-0.18181818181818488,8,11
US100,M30,short,3,1.0,3,touch,measured,20,0.55,-0.04913681224042293,-0.9827362448084586,0.8908070839101713,-0.12619204808114995,0.009171571835065404,-0.5643314793706229,0.29432629917971037,8,12
US100,M30,short,3,1.0,3,confirm,1.5R,17,0.17647058823529413,-0.5588235294117639,-9.499999999999988,0.32142857142857234,-0.6152007558641722,0.01200173916937971,-1.0,-0.31818181818181707,6,11
US100,M30,short,3,1.0,3,confirm,2.5R,16,0.125,-0.5625,-9.0,0.35714285714285715,-0.6206941789663551,0.011607410170265547,-1.0,-0.3,6,10
US100,M30,short,3,1.0,3,confirm,3.5R,16,0.0625,-0.71875,-11.5,0.23333333333333334,-0.7769441789663551,0.011607410170265547,-1.0,-0.55,6,10
US100,M30,short,3,1.0,3,confirm,measured,14,0.5,-0.24914579781721216,-3.48804116944097,0.5017084043655758,-0.3064946941839296,0.012022867230896192,-1.0,0.16799542561767014,5,9
US100,M30,short,5,0.5,2,touch,1.5R,46,0.3695652173913043,-0.03843790969283347,-1.7681438458703398,0.935157161563158,-0.12329150488228013,0.010238208983062798,-0.4318181818181793,0.32216067308873353,22,24
US100,M30,short,5,0.5,2,touch,2.5R,45,0.35555555555555557,0.2613261318753389,11.759675934390248,1.4164143409639862,0.1737468702144862,0.009597611930082288,-0.20454545454545706,0.7069424319300133,22,23
US100,M30,short,5,0.5,2,touch,3.5R,43,0.23255813953488372,-0.05571176078017211,-2.3956057135474005,0.9256953587478742,-0.14211314210265522,0.009844346070222627,-0.3571428571428562,0.23201792211148084,21,22
US100,M30,short,5,0.5,2,touch,measured,47,0.6382978723404256,0.09248065320828507,4.346590700789398,1.2556818059287884,0.008258451896639957,0.010213174087576209,-0.24744235172014778,0.391612897545306,22,25
US100,M30,short,5,0.5,2,confirm,1.5R,36,0.3888888888888889,-0.009899397134263521,-0.35637829683348676,0.98331279340157,-0.07468222115097797,0.012376954398568993,-0.4444444444444453,0.4246456501759184,18,18
US100,M30,short,5,0.5,2,confirm,2.5R,34,0.23529411764705882,-0.21922474866796376,-7.453641454710768,0.7060447131899117,-0.2856409897139981,0.012214302780071287,-0.5882352941176461,0.1497857967817186,17,17
US100,M30,short,5,0.5,2,confirm,3.5R,34,0.23529411764705882,-0.047138482057959244,-1.6027083899706143,0.936792692899255,-0.1135547231039936,0.012214302780071287,-0.4705882352941186,0.3763112711782001,17,17
US100,M30,short,5,0.5,2,confirm,measured,33,0.6363636363636364,-0.04337684009684558,-1.431435723195904,0.8807136897336748,-0.10638923972551376,0.01280276999495282,-0.4494978856733636,0.3881267708282049,17,16
US100,M30,short,5,1.0,2,touch,1.5R,66,0.2727272727272727,-0.2954835198653419,-19.501912311112566,0.5806212832573732,-0.37441608007740346,0.010375217890316391,-0.5454545454545446,-0.0455124942761393,33,33
US100,M30,short,5,1.0,2,touch,2.5R,65,0.24615384615384617,-0.11563534007768154,-7.516297105049301,0.8418164385067246,-0.19636380730875674,0.009933835452210708,-0.44067286588476984,0.21955960841087824,33,32
US100,M30,short,5,1.0,2,touch,3.5R,63,0.20634920634920634,-0.13579464901048144,-8.55506288766033,0.823666202943382,-0.21607272934632724,0.00985024199207997,-0.32715938735233907,0.06174314540691988,32,31
US100,M30,short,5,1.0,2,touch,measured,68,0.5294117647058824,-0.08489092260850907,-5.772582737378617,0.8209150523742447,-0.16320080172256363,0.010325171740086944,-0.40253034939629373,0.23274850417927556,34,34
US100,M30,short,5,1.0,2,confirm,1.5R,49,0.30612244897959184,-0.21092126327492625,-10.335141900471386,0.6852414424826033,-0.2721344675393903,0.012595006831922368,-0.5722903818631899,0.1655049019211816,25,24
US100,M30,short,5,1.0,2,confirm,2.5R,47,0.23404255319148937,-0.24151181160962068,-11.351055145652172,0.6741493065226012,-0.30435922965694373,0.012190584945489366,-0.46774623474513494,-0.005441109207344906,24,23
US100,M30,short,5,1.0,2,confirm,3.5R,47,0.23404255319148937,-0.07447068257259613,-3.5001220809120186,0.8995232431975637,-0.13731810061991917,0.012190584945489366,-0.3427462347451354,0.20546902404222747,24,23
US100,M30,short,5,1.0,2,confirm,measured,46,0.5869565217391305,-0.1345047824833086,-6.187219994232196,0.6772699744465631,-0.19421509839859272,0.012914704048894684,-0.5242162053337286,0.29063495153533125,24,22
US100,M30,short,5,1.0,3,touch,1.5R,10,0.3,-0.250000000000004,-2.50000000000004,0.6428571428571371,-0.32113642836802786,0.01169632769717301,-0.5000000000000009,-7.061018436615996e-15,5,5
US100,M30,short,5,1.0,3,touch,2.5R,10,0.1,-0.5542204574197342,-5.542204574197342,0.3108600355704744,-0.6253568857877582,0.01169632769717301,-0.8084409148394738,-0.29999999999999477,5,5
US100,M30,short,5,1.0,3,touch,3.5R,10,0.1,-0.45422045741973954,-4.542204574197395,0.4352040497986564,-0.5253568857877633,0.01169632769717301,-0.8084409148394738,-0.10000000000000524,5,5
US100,M30,short,5,1.0,3,touch,measured,10,0.7,0.208848066294285,2.08848066294285,1.69616022098095,0.13771163792626118,0.01169632769717301,-0.32422674428485365,0.7419228768734237,5,5
US100,M30,short,5,1.0,3,confirm,1.5R,9,0.1111111111111111,-0.6452510607310824,-5.807259546579742,0.20527531428688536,-0.6958998593161448,0.014006504376809639,-0.8268148866449353,-0.5,4,5
US100,M30,short,5,1.0,3,confirm,2.5R,9,0.1111111111111111,-0.5341399496199712,-4.807259546579742,0.34212552381147565,-0.5847887482050338,0.014006504376809639,-0.8268148866449353,-0.3,4,5
US100,M30,short,5,1.0,3,confirm,3.5R,9,0.1111111111111111,-0.42302883850886014,-3.807259546579741,0.47897573333606586,-0.47367763709392263,0.014006504376809639,-0.8268148866449353,-0.1,4,5
US100,M30,short,5,1.0,3,confirm,measured,6,0.6666666666666666,-0.09391666040405823,-0.5634999624243494,0.7182500187878252,-0.14144736186380866,0.015864995177358114,-0.5451581840163947,0.35732486320827817,3,3
US100,H1,long,3,0.5,2,touch,1.5R,27,0.48148148148148145,0.2033717916312157,5.491038374042824,1.4191563883164815,0.1587706536522517,0.019475525943026244,0.27275015630204796,0.11664883579267538,15,12
US100,H1,long,3,0.5,2,touch,2.5R,26,0.38461538461538464,0.17000114877985759,4.4200298682762975,1.2756583264270982,0.1257200932530443,0.0198612139463605,0.26801625591761336,0.03634418450109976,15,11
US100,H1,long,3,0.5,2,touch,3.5R,25,0.36,0.15175198061016645,3.793799515254161,1.2366030222286104,0.10589640650445226,0.01658904401764615,0.42112956835627857,-0.19109222197579429,14,11
US100,H1,long,3,0.5,2,touch,measured,30,0.6333333333333333,0.12414518018125513,3.7243554054376538,1.360350250947952,0.08103035783694824,0.01930098275717936,0.2094479948752955,0.0125953455813562,17,13
US100,H1,long,3,0.5,2,confirm,1.5R,24,0.4583333333333333,0.07094384655695915,1.7026523173670196,1.1346702831419921,0.033777308214242345,0.022262619479780688,0.14840924880152515,-0.02060617427752788,13,11
US100,H1,long,3,0.5,2,confirm,2.5R,24,0.4166666666666667,0.2179872001998999,5.231692804797597,1.3834675255933964,0.18082066185718312,0.022262619479780688,0.4634133029690737,-0.07206183034548722,13,11
US100,H1,long,3,0.5,2,confirm,3.5R,23,0.391304347826087,0.14902189302024885,3.4275035394657234,1.2512258173943716,0.11044718571814623,0.018681341565721342,0.627016380035483,-0.37242663826909744,12,11
US100,H1,long,3,0.5,2,confirm,measured,25,0.64,0.007410032872745216,0.1852508218186304,1.0205834246465146,-0.029036140308457196,0.022333086238278777,0.06388871077867539,-0.05377520152534576,13,12
US100,H1,long,3,1.0,2,touch,1.5R,39,0.46153846153846156,0.15151756169456002,5.90918490608784,1.2927938341357434,0.10892433225874132,0.018032313008522666,0.13207362508293294,0.1699893014756057,19,20
US100,H1,long,3,1.0,2,touch,2.5R,36,0.3333333333333333,0.037171566675591614,1.3381764003212981,1.055488452390735,-0.0054663340301056235,0.018456249096664455,0.052132798378288964,0.022210334972894298,18,18
US100,H1,long,3,1.0,2,touch,3.5R,36,0.3055555555555556,-0.01758126924612721,-0.6329256928605795,0.9748002060130706,-0.06065084280531939,0.01631109575577741,0.10077558272404998,-0.1359381212163044,18,18
US100,H1,long,3,1.0,2,touch,measured,44,0.6136363636363636,0.09632024222237737,4.238090657784604,1.2581489535594044,0.054817559130834255,0.017809920372421698,0.09462993531325385,0.09801054913150095,22,22
US100,H1,long,3,1.0,2,confirm,1.5R,33,0.42424242424242425,0.0061409793141521795,0.2026523173670219,1.010870086989747,-0.03132363365048324,0.020212886011470477,0.1619546822946551,-0.12370377316960021,15,18
US100,H1,long,3,1.0,2,confirm,2.5R,32,0.375,0.06563583790933511,2.1003468130987235,1.106925325404604,0.028309513053580093,0.02047153649123718,0.2682915292398639,-0.11317800738230793,15,17
US100,H1,long,3,1.0,2,confirm,3.5R,30,0.3333333333333333,0.004447315097228528,0.13341945291685584,1.0067921727637883,-0.034470304293911756,0.017595622013442874,0.3945854686018425,-0.3369235692193087,14,16
US100,H1,long,3,1.0,2,confirm,measured,36,0.6666666666666666,0.042735104284237733,1.5384637542325583,1.1282053128527132,0.0063495777993418205,0.02021926420209448,0.07928942661734335,0.010028605354616919,17,19
US100,H1,long,3,1.0,3,touch,1.5R,9,0.5555555555555556,0.2879169271700797,2.5912523445307176,1.6478130861326794,0.25603250395600735,0.025248634795564752,0.5152087240884518,-0.16666666666666438,6,3
US100,H1,long,3,1.0,3,touch,2.5R,8,0.5,0.2429395321889927,1.9435162575119416,1.4858790643779853,0.21063173435837315,0.026211533631717958,0.28870325150238973,0.1666666666666643,5,3
US100,H1,long,3,1.0,3,touch,3.5R,8,0.5,0.24559781319151422,1.9647825055321138,1.4911956263830284,0.21329001536089473,0.026211533631717958,0.48870325150238525,-0.15957791732660423,5,3
US100,H1,long,3,1.0,3,touch,measured,9,0.6666666666666666,0.1711385952011287,1.5402473568101582,1.5134157856033859,0.13925417198705628,0.025248634795564752,0.15136628098537516,0.2106832236326356,6,3
US100,H1,long,3,1.0,3,confirm,1.5R,5,0.8,0.5691541176938333,2.845770588469166,3.845770588469166,0.5427508231466243,0.03455794468220596,0.7819235294897199,0.25000000000000333,3,2
US100,H1,long,3,1.0,3,confirm,2.5R,5,0.8,0.9691541176938276,4.845770588469138,5.845770588469138,0.9427508231466188,0.03455794468220596,1.1152568628230484,0.7499999999999967,3,2
US100,H1,long,3,1.0,3,confirm,3.5R,5,0.8,0.9212406709584003,4.606203354792002,5.606203354792002,0.8948373764111917,0.03455794468220596,1.4485901961563865,0.13021638316142103,3,2
US100,H1,long,3,1.0,3,confirm,measured,6,0.8333333333333334,0.32426621354584695,1.9455972812750817,2.9455972812750817,0.2975305839470192,0.031732838022762284,0.536442827381946,-0.10008701412635135,4,2
US100,H1,long,5,0.5,2,touch,1.5R,15,0.4666666666666667,0.22665240196747363,3.3997860295121045,1.478828672437668,0.19433660154514992,0.020943808757764897,0.49999999999999967,-0.3200427940975784,10,5
US100,H1,long,5,0.5,2,touch,2.5R,15,0.4,0.3104855465441256,4.657283198161884,1.5749580461861996,0.27732558879241204,0.02064332199135093,0.525749716864979,-0.12004279409758123,10,5
US100,H1,long,5,0.5,2,touch,3.5R,15,0.4,0.16140112760891742,2.4210169141337614,1.2988830817253008,0.1284920373383924,0.020856374588918605,0.3999964636601473,-0.31578954449354235,10,5
US100,H1,long,5,0.5,2,touch,measured,18,0.6111111111111112,0.13210882262628335,2.3779588072731004,1.3780620337411704,0.09985579522411975,0.020273807020029216,0.32971114054175665,-0.2630958132046633,12,6
US100,H1,long,5,0.5,2,confirm,1.5R,13,0.46153846153846156,0.12012454896604186,1.5616191365585441,1.2507953141810852,0.09017739054716624,0.02316442331179638,0.4110358817014189,-0.34533358341056136,8,5
US100,H1,long,5,0.5,2,confirm,2.5R,13,0.46153846153846156,0.45633668453306464,5.93237689892984,1.9527369980151013,0.42638952611418895,0.02316442331179638,0.8323806019978326,-0.145333583410564,8,5
US100,H1,long,5,0.5,2,confirm,3.5R,13,0.46153846153846156,0.22939128001081033,2.982086640140534,1.4789217411086868,0.19959892979703528,0.023305730740360683,0.6185402238588131,-0.39324703014599427,8,5
US100,H1,long,5,0.5,2,confirm,measured,15,0.6,0.04444240365944428,0.6666360548916642,1.124109716174829,0.015439541473727133,0.02295000573010744,0.29327620086860096,-0.3288082921542908,9,6
US100,H1,long,5,1.0,2,touch,1.5R,25,0.44,0.132717302462285,3.317932561557125,1.251700469372583,0.10142434833144341,0.0219915959650973,0.24415332371750123,-0.009110360953444726,14,11
US100,H1,long,5,1.0,2,touch,2.5R,24,0.3333333333333333,0.1073095720919529,2.5754297302068694,1.1696362989197082,0.0744372816091613,0.020390124181957087,0.16735720774575194,0.036344184501099434,13,11
US100,H1,long,5,1.0,2,touch,3.5R,23,0.34782608695652173,0.13688900846063579,3.148447194594623,1.2220019900667105,0.10303473563388878,0.019163326572847906,0.3393555547685063,-0.08398358751158667,12,11
US100,H1,long,5,1.0,2,touch,measured,28,0.5714285714285714,0.043165153559317486,1.2086242996608896,1.106283355545678,0.011802962838777171,0.02144861764719589,0.09230820341394297,-0.022358912913516545,16,12
US100,H1,long,5,1.0,2,confirm,1.5R,19,0.5263157894736842,0.2324415684856669,4.416389801227671,1.5368382248751125,0.20201724522201356,0.026477189748382996,0.5143057718280475,-0.08074087967253378,10,9
US100,H1,long,5,1.0,2,confirm,2.5R,18,0.4444444444444444,0.32227949484616464,5.801030907230963,1.6287243628341106,0.29038911357379643,0.02106441326436648,0.6287827573314063,0.015776232360922772,9,9
US100,H1,long,5,1.0,2,confirm,3.5R,17,0.4117647058823529,0.2960364389823499,5.032619462699948,1.5454427869240437,0.2635722212453193,0.020974761349731683,0.699215411108754,-0.15753990465985482,9,8
US100,H1,long,5,1.0,2,confirm,measured,21,0.6666666666666666,0.09310979340605616,1.9553056615271793,1.306890582999739,0.062264412579370786,0.020958645205900166,0.3029835989617423,-0.13775139270519862,11,10
US100,H1,short,3,0.5,2,touch,1.5R,32,0.4375,0.043459055351875886,1.3906897712600284,1.0764001170357786,-0.01987821494380082,0.012792745476992504,-0.26470588235293885,0.3927126514173325,17,15
US100,H1,short,3,0.5,2,touch,2.5R,31,0.2903225806451613,0.009589747977210074,0.2972821872935123,1.0133894503277152,-0.05504858005192934,0.012504288997948518,-0.17647058823529543,0.23552015623525246,17,14
US100,H1,short,3,0.5,2,touch,3.5R,31,0.25806451612903225,0.15475103829979137,4.797282187293533,1.206755183854643,0.09011271027065197,0.012504288997948518,0.05882352941176601,0.2712344419495364,17,14
US100,H1,short,3,0.5,2,touch,measured,34,0.5882352941176471,-0.003849601645775038,-0.1308864559563513,0.9907844077674166,-0.06736784365140186,0.012514604189249153,-0.1992089237318282,0.24360553966322568,19,15
US100,H1,short,3,0.5,2,confirm,1.5R,23,0.30434782608695654,-0.20644045267696273,-4.748130411570143,0.6886090108484844,-0.2643060600158367,0.016108651920557764,-0.3749999999999997,-0.02255731014274064,12,11
US100,H1,short,3,0.5,2,confirm,2.5R,23,0.21739130434782608,-0.20644045267696476,-4.748130411570189,0.724716227308607,-0.26430606001583873,0.016108651920557764,-0.41666666666666696,0.022897235311801302,12,11
US100,H1,short,3,0.5,2,confirm,3.5R,23,0.21739130434782608,0.010950851670862613,0.2518695884298401,1.0146027182320516,-0.0469147556680113,0.016108651920557764,-0.2499999999999997,0.295624508039076,12,11
US100,H1,short,3,0.5,2,confirm,measured,23,0.6086956521739131,-0.09349158692838797,-2.150306499352923,0.7650215322993275,-0.15135719426726188,0.016108651920557764,-0.3488816332498142,0.1851157363313498,12,11
US100,H1,short,3,1.0,2,touch,1.5R,43,0.4418604651162791,0.0656253565775598,2.8218903328350713,1.1162634500199415,0.002459672834102293,0.012882014515463256,-0.20454545454545367,0.34866144442071667,22,21
US100,H1,short,3,1.0,2,touch,2.5R,43,0.3023255813953488,-0.004142085282906465,-0.178109667164978,0.9941162623040204,-0.06730776902636394,0.012882014515463256,-0.04545454545454646,0.039137634896906845,22,21
US100,H1,short,3,1.0,2,touch,3.5R,42,0.2857142857142857,0.1981402460198827,8.321890332835073,1.27490826653309,0.13421941545803726,0.012810193547516476,0.2272727272727283,0.1660945166417525,22,20
US100,H1,short,3,1.0,2,touch,measured,48,0.5833333333333334,-0.007569438188565832,-0.36333303305115994,0.9818333483474421,-0.0683812357940432,0.01329740056052999,-0.17825068721014423,0.17795365857401937,25,23
US100,H1,short,3,1.0,2,confirm,1.5R,29,0.41379310344827586,0.06561891363230166,1.902948495336748,1.1182172085854023,0.010877102022448338,0.016858817724873323,-0.5,0.6716391782383392,15,14
US100,H1,short,3,1.0,2,confirm,2.5R,28,0.25,-0.09275183945226215,-2.59705150466334,0.870774501221698,-0.14751645163152802,0.016890159744321554,-0.3,0.1463806534874354,15,13
US100,H1,short,3,1.0,2,confirm,3.5R,27,0.25925925925925924,0.20010920353098974,5.402948495336723,1.2829205594391038,0.14427806860218803,0.016802606481702967,-0.1,0.575245707944727,15,12
US100,H1,short,3,1.0,2,confirm,measured,31,0.6129032258064516,-0.09725578064426031,-3.0149291999720695,0.7487559000023275,-0.1492912254680942,0.01780505097477177,-0.35401838620847126,0.17662433195756475,16,15
US100,H1,short,3,1.0,3,touch,1.5R,7,0.2857142857142857,-0.2857142857142857,-2.0,0.6,-0.3323816485963023,0.01402298511761207,-0.5,0.25,5,2
US100,H1,short,3,1.0,3,touch,2.5R,7,0.14285714285714285,-0.5,-3.5,0.4166666666666667,-0.5466673628820166,0.01402298511761207,-0.3,-1.0,5,2
US100,H1,short,3,1.0,3,touch,3.5R,7,0.14285714285714285,-0.35714285714285715,-2.5,0.5833333333333334,-0.40381022002487377,0.01402298511761207,-0.1,-1.0,5,2
US100,H1,short,3,1.0,3,touch,measured,8,0.5,-0.15445755142469134,-1.2356604113975307,0.6910848971506174,-0.2057330495918865,0.013018324242949708,-0.15447266457350564,-0.15441221197824834,6,2
US100,H1,short,3,1.0,3,confirm,1.5R,6,0.16666666666666666,-0.5833333333333334,-3.5,0.3,-0.6213563961270291,0.01691377305962761,-0.5,-1.0,5,1
US100,H1,short,3,1.0,3,confirm,2.5R,6,0.16666666666666666,-0.4166666666666667,-2.5,0.5,-0.45468972946036246,0.01691377305962761,-0.3,-1.0,5,1
US100,H1,short,3,1.0,3,confirm,3.5R,6,0.16666666666666666,-0.25,-1.5,0.7,-0.28802306279369577,0.01691377305962761,-0.1,-1.0,5,1
US100,H1,short,3,1.0,3,confirm,measured,6,0.6666666666666666,-0.04082561299820317,-0.24495367798921902,0.8775231610053905,-0.07884867579189896,0.01691377305962761,-0.09149050195609458,0.2124988317912539,5,1
US100,H1,short,5,0.5,2,touch,1.5R,20,0.35,-0.20472971808932075,-4.094594361786415,0.6895212497974306,-0.25844197694699267,0.015872917054314983,-0.7727272727272717,0.48948951535706375,11,9
US100,H1,short,5,0.5,2,touch,2.5R,19,0.2631578947368421,-0.08884220767120561,-1.6880019457529067,0.881026098515711,-0.14417066538673748,0.015564391829418083,-0.6818181818181828,0.726499756780888,11,8
US100,H1,short,5,0.5,2,touch,3.5R,19,0.21052631578947367,-0.06252641819752068,-1.188001945752893,0.9217802348198211,-0.11785487591305256,0.015564391829418083,-0.5909090909090899,0.6639997567808871,11,8
US100,H1,short,5,0.5,2,touch,measured,20,0.55,-0.05484046863470913,-1.0968093726941825,0.8806259098365584,-0.10855272749238098,0.015872917054314983,-0.3750314115600777,0.3365040171629637,11,9
US100,H1,short,5,0.5,2,confirm,1.5R,14,0.14285714285714285,-0.5783608217616641,-8.097051504663298,0.27034208129423587,-0.6243070660032365,0.020219206935241606,-1.0,0.18058969906734043,9,5
US100,H1,short,5,0.5,2,confirm,2.5R,14,0.14285714285714285,-0.43550367890452285,-6.09705150466332,0.45057013549039054,-0.48144992314609525,0.020219206935241606,-1.0,0.580589699067336,9,5
US100,H1,short,5,0.5,2,confirm,3.5R,14,0.14285714285714285,-0.29264653604737845,-4.097051504663298,0.6307981896865491,-0.3385927802889509,0.020219206935241606,-1.0,0.9805896990673405,9,5
US100,H1,short,5,0.5,2,confirm,measured,14,0.5714285714285714,-0.14880581449917757,-2.083281402988486,0.6527864328352524,-0.19475205874075002,0.020219206935241606,-0.48592868745734896,0.45801535682553113,9,5
US100,H1,short,5,1.0,2,touch,1.5R,28,0.35714285714285715,-0.11486893136206314,-3.216330078137768,0.8234369895395214,-0.170605537330468,0.014014081145357989,-0.26470588235294124,0.1166972656238394,17,11
US100,H1,short,5,1.0,2,touch,2.5R,28,0.32142857142857145,0.0366184683489174,1.0253171137696873,1.0533565519326804,-0.019118137619487417,0.014014081145357989,0.029411764705882405,0.04775610125178965,17,11
US100,H1,short,5,1.0,2,touch,3.5R,28,0.2857142857142857,0.16161846834891705,4.5253171137696775,1.2238446392732487,0.1058818623805122,0.014014081145357989,0.32352941176470584,-0.0886075351118474,17,11
US100,H1,short,5,1.0,2,touch,measured,30,0.5666666666666667,-0.03444339795426664,-1.0333019386279991,0.9218162733134768,-0.09013277351373145,0.013907697521798127,-0.14616089563079104,0.13313284856051993,18,12
US100,H1,short,5,1.0,2,confirm,1.5R,23,0.34782608695652173,-0.13803879821236217,-3.17489235888433,0.7907799090894013,-0.18321811363724597,0.017934819233220652,-0.3333333333333342,0.22813845513946038,15,8
US100,H1,short,5,1.0,2,confirm,2.5R,22,0.3181818181818182,0.00455652967943126,0.10024365294748772,1.0066058888970504,-0.041838470127996394,0.01751715593060491,-0.06666666666666578,0.1571776647067821,15,7
US100,H1,short,5,1.0,2,confirm,3.5R,21,0.2857142857142857,0.12382112633083302,2.6002436529474933,1.171351703290676,0.07600592888075107,0.01691447437888947,-0.03571428571428666,0.44289195042107227,14,7
US100,H1,short,5,1.0,2,confirm,measured,23,0.6521739130434783,-0.09821025955456165,-2.258835969754918,0.7236861513778766,-0.14338957497944552,0.017934819233220652,-0.2870565198201203,0.25587647844336087,15,8
US100,H1,short,5,1.0,3,touch,1.5R,8,0.375,-0.08954125976722138,-0.716330078137771,0.8626754696486727,-0.13923330302003362,0.01295967301610404,0.24999999999999822,-0.42908251953444104,4,4
US100,H1,short,5,1.0,3,touch,2.5R,8,0.25,-0.1520412597672196,-1.2163300781377568,0.8043330931837945,-0.2017333030200319,0.01295967301610404,0.7500000000000018,-1.054082519534441,4,4
US100,H1,short,5,1.0,3,touch,3.5R,8,0.25,0.09795874023277862,0.783669921862229,1.1260663304573097,0.04826669697996633,0.01295967301610404,1.2499999999999982,-1.054082519534441,4,4
US100,H1,short,5,1.0,3,touch,measured,8,0.625,0.06901335152267841,0.5521068121814273,1.1716573855196772,0.019321308269866208,0.01295967301610404,0.31664938250498564,-0.17862267945962884,4,4
US100,H1,short,5,1.0,3,confirm,1.5R,7,0.2857142857142857,-0.31069890841204945,-2.174892358884346,0.5797222032743429,-0.3502793731570405,0.015977577053443246,0.24999999999999667,-1.0582974529614442,4,3
US100,H1,short,5,1.0,3,confirm,2.5R,7,0.2857142857142857,-0.024984622697759886,-0.1748923588843192,0.9662036721239116,-0.06456508744275095,0.015977577053443246,0.7500000000000033,-1.0582974529614442,4,3
US100,H1,short,5,1.0,3,confirm,3.5R,7,0.2857142857142857,0.260729663016522,1.825107641115654,1.3526851409734701,0.22114919827153093,0.015977577053443246,1.2499999999999967,-1.0582974529614442,4,3
US100,H1,short,5,1.0,3,confirm,measured,7,0.7142857142857143,-0.01679407387226106,-0.11755851710582743,0.9459474320071029,-0.0563745386172522,0.015977577053443246,0.045203851347902,-0.09945797416581181,4,3
US100,H2,long,3,0.5,2,touch,1.5R,12,0.6666666666666666,0.7370157552169778,8.844189062603734,3.8025091610528263,0.7056233783340398,0.020878649132556607,1.0833333333333328,0.3906981771006226,6,6
US100,H2,long,3,0.5,2,touch,2.5R,10,0.5,0.70275536996123,7.0275536996123,2.691018625600728,0.6712225485308012,0.021786483301074248,1.5366729274017132,-0.1311621874792533,5,5
US100,H2,long,3,0.5,2,touch,3.5R,9,0.4444444444444444,0.7582129791689165,6.823916812520249,2.6420181079738034,0.7255657780775921,0.021623633442917147,1.795841159252142,-0.07188956489766374,4,5
US100,H2,long,3,0.5,2,touch,measured,12,0.75,0.3075672721177381,3.6908072654128574,2.230269088470952,0.2754165544806191,0.02059582798273695,0.46379363849961935,0.1513409057358569,6,6
US100,H2,long,3,0.5,2,confirm,1.5R,10,0.5,0.32599857361090084,3.2599857361090083,1.7688619738551,0.29973588688448843,0.023782395041359185,1.0000000000000013,-0.3480028527781998,5,5
US100,H2,long,3,0.5,2,confirm,2.5R,9,0.4444444444444444,0.4935167968236623,4.4416511714129605,2.0475557144321788,0.4667514283986944,0.02386925975779723,1.295416358825988,-0.14800285277819822,4,5
US100,H2,long,3,0.5,2,confirm,3.5R,9,0.4444444444444444,0.6445949475259951,5.801354527733956,2.368239389461427,0.6178295791010272,0.02386925975779723,1.613132063094202,-0.13023474492857046,4,5
US100,H2,long,3,0.5,2,confirm,measured,11,0.8181818181818182,0.24992371253406345,2.749160837874698,2.3745804189373487,0.22373182785857954,0.02340401898315615,0.3757122341918769,0.09897748654468733,6,5
US100,H2,long,3,1.0,2,touch,1.5R,26,0.5,0.2807806226414054,7.3002961886765405,1.5983994612968055,0.2453664154464382,0.01823847253236887,0.3596461023702559,0.222945937506915,11,15
US100,H2,long,3,1.0,2,touch,2.5R,22,0.36363636363636365,0.30910437221257064,6.800296188676555,1.5151855136963663,0.2756042718026035,0.018863153606126646,0.7445133907591013,0.060299218757410296,8,14
US100,H2,long,3,1.0,2,touch,3.5R,19,0.3684210526315789,0.4690285416256486,8.911542290887324,1.7956944613014962,0.4379625813257537,0.02010077755675844,0.7838737644219564,0.24005019777378855,8,11
US100,H2,long,3,1.0,2,touch,measured,27,0.6666666666666666,0.16319770936384217,4.406338152823738,1.487216977716184,0.1275427812438024,0.01800163052954419,0.25939587714353535,0.09706146901530312,11,16
US100,H2,long,3,1.0,2,confirm,1.5R,22,0.4090909090909091,0.055273829347948694,1.2160242456548713,1.0989927259686048,0.02782760159399156,0.021715136824031433,0.5570048136932334,-0.23142959027792828,8,14
US100,H2,long,3,1.0,2,confirm,2.5R,19,0.42105263157894735,0.5113696971397301,9.716024245654872,1.944773157555307,0.4848076886566812,0.0224780501225959,0.9937197870779809,0.22999881134241718,7,12
US100,H2,long,3,1.0,2,confirm,3.5R,16,0.375,0.58517854977627,9.36285679642032,2.0084964722186256,0.5607134063803053,0.02366747108422458,1.0023384201771952,0.33488262753571474,6,10
US100,H2,long,3,1.0,2,confirm,measured,24,0.7083333333333334,0.0834538879763242,2.002893311431781,1.2843418883175424,0.056134260361892396,0.02151308640916221,0.28307442366198776,-0.0363184334350739,9,15
US100,H2,long,3,1.0,3,touch,1.5R,5,1.0,1.5000000000000007,7.5000000000000036,7500000000.000003,1.4707201930444325,0.01774307544271437,1.5,1.500000000000002,3,2
US100,H2,long,3,1.0,3,touch,measured,5,1.0,0.7973245642689682,3.986622821344841,3986622821.344841,0.7680447573133998,0.01774307544271437,0.7829937687297054,0.8188207575778625,3,2
US100,H2,long,5,0.5,2,touch,1.5R,7,0.7142857142857143,0.9063127232291056,6.344189062603739,6.488950534501366,0.8770779753244559,0.021246725243331457,1.4999999999999996,0.1147296875345805,4,3
US100,H2,long,5,0.5,2,touch,2.5R,6,0.6666666666666666,1.2545922832687164,7.527553699612298,7.51278981367826,1.2253240006222315,0.021917602430038666,2.0611215456695215,0.4480630208679112,3,3
US100,H2,long,5,0.5,2,touch,3.5R,5,0.6,1.2647833625040499,6.32391681252025,6.471411117432726,1.2339621042247413,0.021650696511148777,2.3416823185042843,0.5468507251705604,2,3
US100,H2,long,5,0.5,2,touch,measured,7,0.8571428571428571,0.548855304430154,3.841987131011078,4.841987131011078,0.5196205565255042,0.021246725243331457,0.7939161718157204,0.22210748124939905,4,3
US100,H2,long,5,0.5,2,confirm,1.5R,5,0.8,1.1519971472218018,5.759985736109009,24.99851426632279,1.1312626024121877,0.02666769016477638,1.5000000000000027,0.6299928680545005,3,2
US100,H2,long,5,0.5,2,confirm,measured,6,1.0,0.6652577610239899,3.9915465661439393,3991546566.143939,0.6437316629882784,0.025493118204167952,0.6422239450516136,0.7113253929687424,4,2
US100,H2,long,5,1.0,2,touch,1.5R,15,0.6666666666666666,0.7135562026153413,10.703343039230118,3.548594739079273,0.6833965910186967,0.025579977173148416,1.1227362823751978,0.35552363282546673,7,8
US100,H2,long,5,1.0,2,touch,2.5R,13,0.5384615384615384,0.8617956184023179,11.203343039230132,3.1546117713152224,0.8312523978370172,0.0267213084808875,1.5718307953252784,0.4180236328254676,5,8
US100,H2,long,5,1.0,2,touch,3.5R,12,0.5833333333333334,1.188405066831265,14.260860801975179,4.395682515401285,1.160753100805775,0.028309399816541014,1.5240617252927007,0.948650310787382,5,7
US100,H2,long,5,1.0,2,touch,measured,15,0.7333333333333333,0.31576517312795144,4.736477596919271,2.171266832377656,0.28560556153130673,0.025579977173148416,0.5294721287426218,0.12877158696511487,7,8
US100,H2,long,5,1.0,2,confirm,1.5R,14,0.6428571428571429,0.6456950164094218,9.039730229731905,3.1101263751465282,0.6217106921368972,0.029298570260676234,1.1113920705175573,0.17999796230128587,7,7
US100,H2,long,5,1.0,2,confirm,2.5R,11,0.6363636363636364,1.1854300208847193,13.039730229731912,4.970714525671707,1.1635624713115502,0.032496852155083994,1.5559488987245804,0.8766642893515014,5,6
US100,H2,long,5,1.0,2,confirm,3.5R,10,0.6,1.3186562780497357,13.186562780497358,5.015426351138497,1.2968743178956077,0.033525352245408306,1.4594341262850525,1.2248043792261913,4,6
US100,H2,long,5,1.0,2,confirm,measured,14,0.7857142857142857,0.23226263694931706,3.251676917290439,2.0682385199312474,0.20827831267679262,0.029298570260676234,0.3720512673031777,0.09247400659545628,7,7
US100,H2,short,3,0.5,2,touch,1.5R,19,0.5263157894736842,0.20242980752096112,3.8461663428982615,1.4273518158775844,0.1642014132172615,0.016196994330303468,-0.3750000000000008,0.6223787584452971,8,11
US100,H2,short,3,0.5,2,touch,2.5R,17,0.35294117647058826,-0.009049038653044428,-0.15383365710175528,0.9860151220816586,-0.04894884763609581,0.015477785248599552,-0.5625,0.48290737143313833,8,9
US100,H2,short,3,0.5,2,touch,3.5R,17,0.29411764705882354,-0.03846080335892618,-0.6538336571017451,0.945513861908188,-0.07836061234197765,0.015477785248599552,-0.4375,0.3162407047664728,8,9
US100,H2,short,3,0.5,2,touch,measured,20,0.7,0.18704064414141078,3.7408128828282154,1.6234688138047024,0.14933626081314375,0.01628810477367823,-0.166340638470601,0.422628165882752,8,12
US100,H2,short,3,0.5,2,confirm,1.5R,14,0.35714285714285715,-0.27999609900358813,-3.919945386050234,0.564450512661085,-0.30890886060202316,0.0198124257687759,-1.0,0.2600068267437207,6,8
US100,H2,short,3,0.5,2,confirm,2.5R,13,0.3076923076923077,-0.2630727220038641,-3.419945386050234,0.6200060682166405,-0.292063355229028,0.019957930022993595,-1.0,0.3685792305642522,6,7
US100,H2,short,3,0.5,2,confirm,3.5R,13,0.3076923076923077,-0.10922656815771038,-1.419945386050235,0.8422282904388627,-0.13821720138287413,0.019957930022993595,-1.0,0.6542935162785379,6,7
US100,H2,short,3,0.5,2,confirm,measured,13,0.6153846153846154,-0.09522865835171294,-1.2379725585722683,0.7524054882855463,-0.12327821512267621,0.020709669831778396,-0.7385601879860656,0.30685354766975736,5,8
US100,H2,short,3,1.0,2,touch,1.5R,25,0.48,0.1081707911483217,2.7042697787080425,1.2057746966352474,0.07445279754903168,0.017449462020444426,-0.31818181818181873,0.44316212705057495,11,14
US100,H2,short,3,1.0,2,touch,2.5R,23,0.34782608695652173,-0.020400984802213903,-0.46922265045091976,0.9690116328254015,-0.05496216310325005,0.01702678293311031,-0.36363636363636365,0.2942314457957567,11,12
US100,H2,short,3,1.0,2,touch,3.5R,22,0.3181818181818182,0.053241863879151204,1.1713210053413265,1.0780810245911623,0.01866736984700611,0.017137510653873013,-0.18181818181818182,0.28830190957648416,11,11
US100,H2,short,3,1.0,2,touch,measured,30,0.6666666666666666,0.13605792702403688,4.081737810721107,1.4081737810721109,0.10071363322565864,0.01742015975947323,-0.2760165240773077,0.41077422775826666,12,18
US100,H2,short,3,1.0,2,confirm,1.5R,17,0.4117647058823529,-0.17909966767643073,-3.0446943504993227,0.6991030839326257,-0.20631439969849466,0.021219725453429674,-0.6428571428571432,0.14553056495006797,7,10
US100,H2,short,3,1.0,2,confirm,2.5R,16,0.375,-0.08918797476272583,-1.4270075962036133,0.8573141117492536,-0.11631665282602119,0.02145297975970503,-0.4999999999999996,0.23033248931070924,7,9
US100,H2,short,3,1.0,2,confirm,3.5R,16,0.3125,-0.12842867116354284,-2.0548587386166854,0.797128999194551,-0.15555734922683817,0.02145297975970503,-0.8754073060590122,0.45255471153293325,7,9
US100,H2,short,3,1.0,2,confirm,measured,22,0.6363636363636364,-0.0542369255863249,-1.1932123628991478,0.8530296598200495,-0.08144757399524827,0.021464095597539253,-0.42819024670634676,0.159450686482259,8,14
US100,H2,short,3,1.0,3,touch,1.5R,8,0.75,0.8572629294762235,6.858103435809788,4.201883578539008,0.8245178293071636,0.016930137146765733,0.25,1.059683905968298,2,6
US100,H2,short,3,1.0,3,touch,2.5R,7,0.42857142857142855,0.3120872866644057,2.18461100665084,1.5274421929167497,0.27898439620339865,0.01698671660987053,0.75,0.13692220133016808,2,5
US100,H2,short,3,1.0,3,touch,3.5R,7,0.42857142857142855,0.5978015723786904,4.184611006650832,2.010312773822,0.5646986819176832,0.01698671660987053,1.25,0.3369222013301664,2,5
US100,H2,short,3,1.0,3,touch,measured,9,0.8888888888888888,0.5272266154723116,4.745039539250805,5.745039539250805,0.4945770136556791,0.01679134995415279,-0.12257748397040363,0.7128849295988019,2,7
US100,H2,short,3,1.0,3,confirm,measured,5,0.8,0.19861943267861348,0.9930971633930674,1.887701278641686,0.17249903435634906,0.019830739772948074,,0.19861943267861348,0,5
US100,H2,short,5,0.5,2,touch,1.5R,11,0.6363636363636364,0.39510603117256865,4.346166342898255,2.0865415857245635,0.3630424833660697,0.018626196976648284,-0.375,0.8351666204140364,4,7
US100,H2,short,5,0.5,2,touch,2.5R,10,0.5,0.334616634289825,3.34616634289825,1.66923326857965,0.30237078851521926,0.018835408583809898,-0.125,0.641027723816375,4,6
US100,H2,short,5,0.5,2,touch,3.5R,10,0.4,0.184616634289825,1.84616634289825,1.3076943904830418,0.1523707885152192,0.018835408583809898,0.125,0.22436105714970836,4,6
US100,H2,short,5,0.5,2,touch,measured,11,0.7272727272727273,0.22437606767957943,2.4681367444753737,1.8227122481584577,0.1923125198730805,0.018626196976648284,-0.11404564306882103,0.41775990239295113,4,7
US100,H2,short,5,0.5,2,confirm,1.5R,9,0.4444444444444444,-0.15777170956113765,-1.419945386050239,0.7160109227899522,-0.1828249623205804,0.022477976775411863,-1.0,0.2633424356582935,3,6
US100,H2,short,5,0.5,2,confirm,2.5R,8,0.375,-0.2399931732562789,-1.9199453860502311,0.6160109227899537,-0.2646905288042819,0.023047615064345113,-1.0,0.21601092278995387,3,5
US100,H2,short,5,0.5,2,confirm,3.5R,8,0.375,-0.11499317325627989,-0.9199453860502391,0.8160109227899521,-0.1396905288042829,0.023047615064345113,-1.0,0.41601092278995216,3,5
US100,H2,short,5,0.5,2,confirm,measured,8,0.625,-0.043137261690094686,-0.3450980935207575,0.8849673021597475,-0.06768056943050063,0.023142376624568174,-0.43439718268271776,0.19161869090547917,3,5
US100,H2,short,5,1.0,2,touch,1.5R,16,0.5,0.11538539643114092,1.8461663428982547,1.2307707928622817,0.08460663811173018,0.01860620634038198,-0.2857142857142857,0.4273518158775838,7,9
US100,H2,short,5,1.0,2,touch,2.5R,15,0.4,0.12307775619321666,1.84616634289825,1.205129593655361,0.09226311852754052,0.018744348036071966,0.0,0.23077079286228128,7,8
US100,H2,short,5,1.0,2,touch,3.5R,14,0.35714285714285715,0.16758331020701786,2.34616634289825,1.2606851492109166,0.1370018670596604,0.019035255993716065,0.2857142857142857,0.04945233469975001,7,7
US100,H2,short,5,1.0,2,touch,measured,18,0.6111111111111112,0.05377810331500289,0.968005859670052,1.138286551381436,0.024436882543717935,0.019636263830728733,0.004854060324377111,0.10270214630562867,9,9
US100,H2,short,5,1.0,2,confirm,1.5R,11,0.45454545454545453,-0.0836313987318401,-0.9199453860502411,0.8466757689916266,-0.10752247890465684,0.02364123102749984,-0.5000000000000006,0.2633424356582935,5,6
US100,H2,short,5,1.0,2,confirm,2.5R,10,0.4,-0.04199453860502282,-0.41994538605022824,0.9300091023249619,-0.06548468375002514,0.024213267083855235,-0.2999999999999995,0.21601092278995387,5,5
US100,H2,short,5,1.0,2,confirm,3.5R,10,0.3,-0.20477965284633237,-2.0477965284633237,0.6658214305680861,-0.22826979799133476,0.024213267083855235,-0.8255702284826171,0.41601092278995216,5,5
US100,H2,short,5,1.0,2,confirm,measured,13,0.6153846153846154,-0.05648735488897105,-0.7343356135566237,0.8531328772886753,-0.07898067802264871,0.0247243480202078,-0.09891843829771707,-0.006984424245434014,7,6
US100,H4,long,3,0.5,2,touch,1.5R,9,0.6666666666666666,0.731976602466025,6.587789422194225,3.731017549963108,0.7109831453109315,0.027653108170479834,0.8750000000000009,0.6175578844388443,4,5
US100,H4,long,3,0.5,2,touch,2.5R,7,0.5714285714285714,1.083969917456317,7.58778942219422,4.145575055514563,1.0649951776777609,0.030020777088057688,1.3333333333333333,0.8969473555485549,3,4
US100,H4,long,3,0.5,2,touch,3.5R,7,0.5714285714285714,1.6553984888848896,11.587789422194227,5.803805077720391,1.6364237491063334,0.030020777088057688,2.0,1.3969473555485568,3,4
US100,H4,long,3,0.5,2,touch,measured,11,0.8181818181818182,0.5011274177382231,5.512401595120455,4.903385006282387,0.4788255631779339,0.025850489393908747,0.7461428972616945,0.2969478514686637,5,6
US100,H4,long,3,0.5,2,confirm,1.5R,7,0.7142857142857143,0.8616664573706218,6.031665201594352,5.107826912597665,0.8425794707497125,0.03112657311866564,1.4999999999999982,0.606333040318871,2,5
US100,H4,long,3,0.5,2,confirm,2.5R,6,0.6666666666666666,1.4219442002657277,8.531665201594366,6.810435883463565,1.4031277594117215,0.03229056503786245,2.5,1.2063330403188732,1,5
US100,H4,long,3,0.5,2,confirm,3.5R,6,0.6666666666666666,2.0886108669323926,12.531665201594356,9.534610236848982,2.0697944260783863,0.03229056503786245,3.5,1.806333040318871,1,5
US100,H4,long,3,0.5,2,confirm,measured,9,0.7777777777777778,0.27551702796898725,2.4796532517208854,2.688751948406703,0.25575362862541257,0.029254075943276694,0.7037004274638944,0.061425328221533786,3,6
US100,H4,long,3,1.0,2,touch,1.5R,13,0.5384615384615384,0.3913684170918635,5.087789422194225,1.9400575511710636,0.371897311029752,0.03558307208887576,0.6666666666666673,0.1553984888848888,6,7
US100,H4,long,3,1.0,2,touch,2.5R,11,0.45454545454545453,0.5505880815040054,6.056468896544059,2.1190379253498075,0.5314731602421762,0.03779492058053658,0.49216986858745837,0.5839699174563179,4,7
US100,H4,long,3,1.0,2,touch,3.5R,10,0.5,1.1056468896544054,11.056468896544054,3.505879694899448,1.087643154636999,0.03992025053896916,1.3228931581166112,1.012541346027746,3,7
US100,H4,long,3,1.0,2,touch,measured,16,0.6875,0.24515127559099473,3.9224204094559156,1.8889921141086072,0.22240762309073878,0.03155310894979291,0.5018463425607511,0.04549955683673973,7,9
US100,H4,long,3,1.0,2,confirm,1.5R,11,0.5454545454545454,0.4119695637813047,4.531665201594352,2.0141731553354756,0.3951765198656751,0.04074616514271766,0.8749999999999991,0.14738074308490792,4,7
US100,H4,long,3,1.0,2,confirm,2.5R,10,0.5,0.6872267715854061,6.872267715854061,2.5379930166168787,0.6708254494004462,0.04240651949664094,0.9468675047532313,0.575952171656338,3,7
US100,H4,long,3,1.0,2,confirm,3.5R,9,0.5555555555555556,1.3191408573171168,11.87226771585405,4.423045468768361,1.3021076821103135,0.04193334367616652,1.2802008380865646,1.3386108669323926,3,6
US100,H4,long,3,1.0,2,confirm,measured,15,0.6666666666666666,0.08178271771809205,1.2267407657713807,1.2745409243302668,0.06166123741777393,0.03473952576107651,0.3690179482367473,-0.06183489754123559,5,10
US100,H4,long,5,0.5,2,touch,1.5R,7,0.42857142857142855,0.15539848888489008,1.0877894221942306,1.3187931686483823,0.13730050506543365,0.031240822021736763,0.6666666666666679,-0.2280526444514432,3,4
US100,H4,long,5,0.5,2,touch,2.5R,6,0.3333333333333333,0.26463157036570323,1.5877894221942195,1.4653257429426436,0.24687216947909627,0.03230776080386246,0.75,0.021947355548554856,2,4
US100,H4,long,5,0.5,2,touch,3.5R,6,0.3333333333333333,0.5979649036990379,3.587789422194227,2.0514560401197035,0.580205502812431,0.03230776080386246,1.25,0.27194735554855687,2,4
US100,H4,long,5,0.5,2,touch,measured,8,0.5,-0.043547972410693386,-0.3483837792855471,0.897900855957848,-0.06287297788085655,0.029574726520565107,0.32056021080076436,-0.4076561556221511,4,4
US100,H4,long,5,0.5,2,confirm,1.5R,7,0.42857142857142855,0.14738074308490817,1.0316652015943573,1.2974525994631787,0.13139630996994325,0.03471671526500818,0.6666666666666655,-0.2420836996014098,3,4
US100,H4,long,5,0.5,2,confirm,2.5R,6,0.3333333333333333,0.25527753359906014,1.5316652015943608,1.4416139994035329,0.2400807385019891,0.036479064208595396,0.75,0.00791630039859019,2,4
US100,H4,long,5,0.5,2,confirm,3.5R,6,0.3333333333333333,0.5886108669323934,3.5316652015943606,2.018259599164946,0.5734140718353224,0.036479064208595396,1.25,0.2579163003985902,2,4
US100,H4,long,5,0.5,2,confirm,measured,8,0.5,-0.1253867584103406,-1.0030940672827249,0.7107851099773189,-0.14232980267694534,0.03301946079542034,0.27777532059792076,-0.5285488374186019,4,4
US100,H4,long,5,1.0,2,touch,1.5R,10,0.6,0.5587789422194228,5.587789422194228,2.6375863372967614,0.5432114721606096,0.042360708517649545,1.0000000000000002,0.1175578844388454,5,5
US100,H4,long,5,1.0,2,touch,2.5R,9,0.5555555555555556,0.8951632107271172,8.056468896544056,3.361070254264545,0.8801026308191638,0.044307543983056995,1.367169868587459,0.5175578844388439,4,5
US100,H4,long,5,1.0,2,touch,3.5R,8,0.5,0.8765286812221799,7.012229449777439,3.055040065635884,0.8626530573386989,0.04729914838857516,1.4811100068958039,0.27194735554855587,4,4
US100,H4,long,5,1.0,2,touch,measured,12,0.6666666666666666,0.2378336819982748,2.8540041839792973,1.836409160250176,0.22020512768712372,0.03828381689918148,0.4801191268095395,-0.004451762812989914,6,6
US100,H4,long,5,1.0,2,confirm,1.5R,10,0.6,0.553166520159436,5.53166520159436,2.594905198926359,0.5389080868184212,0.044910677842635124,0.9999999999999998,0.10633304031887217,5,5
US100,H4,long,5,1.0,2,confirm,2.5R,9,0.5555555555555556,0.8746964128726725,7.872267715854052,3.269754269245535,0.8611548492962482,0.047218239646985155,1.3351506285649228,0.5063330403188722,4,5
US100,H4,long,5,1.0,2,confirm,3.5R,8,0.5,0.8228061094163028,6.582448875330423,2.897870089806875,0.8099183982894903,0.04979116075571806,1.3876959184340152,0.2579163003985902,4,4
US100,H4,long,5,1.0,2,confirm,measured,11,0.6363636363636364,0.10926393677064113,1.2019033044770524,1.3465361259326971,0.09415142261262009,0.042749587084968795,0.4365785178899555,-0.283513560572536,6,5
US100,H4,short,3,0.5,2,touch,1.5R,14,0.2857142857142857,-0.30735237756010897,-4.302933285841526,0.5823584248813211,-0.3358554247493889,0.02323580861470385,-0.4128666607301913,-0.16666666666666585,8,6
US100,H4,short,3,0.5,2,touch,2.5R,13,0.15384615384615385,-0.4848410219878104,-6.302933285841536,0.4423630462601404,-0.5138662178139931,0.02325199108308153,-0.600366660730192,-0.3,8,5
US100,H4,short,3,0.5,2,touch,3.5R,13,0.15384615384615385,-0.3309948681416566,-4.302933285841536,0.6193082647641965,-0.36002006396783925,0.02325199108308153,-0.47536666073019196,-0.1,8,5
US100,H4,short,3,0.5,2,touch,measured,15,0.5333333333333333,-0.13362068507943756,-2.004310276191563,0.7255472290733652,-0.1619573892277313,0.022968416483492994,-0.41246090930856816,0.18505385689671186,8,7
US100,H4,short,3,0.5,2,confirm,1.5R,6,0.16666666666666666,-0.6326962606710459,-3.7961775640262756,0.2832231325076015,-0.6585867297393404,0.01985611218417591,-1.0987258546754253,-0.16666666666666666,3,3
US100,H4,short,3,0.5,2,confirm,2.5R,6,0.16666666666666666,-0.46602959400437927,-2.7961775640262756,0.4720385541793358,-0.49192006307267383,0.01985611218417591,-1.0987258546754253,0.16666666666666666,3,3
US100,H4,short,3,0.5,2,confirm,3.5R,6,0.16666666666666666,-0.2993629273377126,-1.7961775640262756,0.6608539758510702,-0.32525339640600714,0.01985611218417591,-1.0987258546754253,0.5,3,3
US100,H4,short,3,0.5,2,confirm,measured,6,0.3333333333333333,-0.5164564335491874,-3.098738601295124,0.2787219440736849,-0.5423469026174819,0.01985611218417591,-0.5423613296531817,-0.4905515374451929,3,3
US100,H4,short,3,1.0,2,touch,1.5R,20,0.3,-0.2651466642920767,-5.302933285841533,0.6292415562693771,-0.29239899010332426,0.023146725715303677,-0.5729939350765028,0.11111111111111081,11,9
US100,H4,short,3,1.0,2,touch,2.5R,17,0.17647058823529413,-0.4001725462259726,-6.802933285841534,0.5243679635578142,-0.4268927669538825,0.02416509838804343,-0.7093575714401396,0.1666666666666671,11,6
US100,H4,short,3,1.0,2,touch,3.5R,17,0.11764705882352941,-0.4332017234020521,-7.364429297834886,0.4873148702855248,-0.45941761938534165,0.024445468760205296,-0.6184484805310487,-0.09358266866555824,11,6
US100,H4,short,3,1.0,2,touch,measured,22,0.5454545454545454,-0.09068721576063789,-1.9951187467340334,0.806354298200129,-0.1176298821798924,0.022964439018063845,-0.3047965602271839,0.16624399759921732,12,10
US100,H4,short,3,1.0,2,confirm,1.5R,11,0.18181818181818182,-0.5723797785478435,-6.296177564026278,0.32271328503977764,-0.5974932744916246,0.02274181565880701,-1.0493629273377125,-4.440892098500626e-16,6,5
US100,H4,short,3,1.0,2,confirm,2.5R,11,0.09090909090909091,-0.6348028057271413,-6.982830862998554,0.2636343551960683,-0.6599163016709224,0.02274181565880701,-1.0493629273377125,-0.13733065979445575,6,5
US100,H4,short,3,1.0,2,confirm,3.5R,11,0.09090909090909091,-0.5438937148180504,-5.982830862998554,0.36908809727449565,-0.5690072107618316,0.02274181565880701,-1.0493629273377125,0.06266934020554427,6,5
US100,H4,short,3,1.0,2,confirm,measured,12,0.5,-0.23349410815059568,-2.801929297807148,0.5549793077920484,-0.25786049911122116,0.023426925522381584,-0.115319313196993,-0.3989388210856394,7,5
US100,H4,short,3,1.0,3,touch,1.5R,7,0.2857142857142857,-0.2857142857142854,-1.999999999999998,0.6000000000000003,-0.30870575915639137,0.03149693446160927,-1.0,0.25000000000000044,3,4
US100,H4,short,3,1.0,3,touch,2.5R,5,0.2,-0.2999999999999995,-1.4999999999999973,0.6250000000000007,-0.3204342426945878,0.0367918559343672,-1.0,0.7500000000000013,3,2
US100,H4,short,3,1.0,3,touch,measured,7,0.5714285714285714,0.013381518886024426,0.09367063220217098,1.0312235440673903,-0.00960995455608149,0.03149693446160927,-0.4002395369595364,0.32359731077019505,3,4
US100,H4,short,5,0.5,2,touch,1.5R,9,0.3333333333333333,-0.16666666666666663,-1.4999999999999998,0.75,-0.1916239425402018,0.030554252295146175,-0.16666666666666577,-0.16666666666666838,6,3
US100,H4,short,5,0.5,2,touch,2.5R,9,0.1111111111111111,-0.6111111111111112,-5.5,0.3125,-0.6360683869846462,0.030554252295146175,-0.4166666666666667,-1.0,6,3
US100,H4,short,5,0.5,2,touch,3.5R,9,0.1111111111111111,-0.5,-4.5,0.4375,-0.5249572758735351,0.030554252295146175,-0.25,-1.0,6,3
US100,H4,short,5,0.5,2,touch,measured,10,0.4,-0.3276122726204589,-3.276122726204589,0.45397954563256854,-0.3521853697758822,0.029866757106386636,-0.4496650784692422,-0.14453306384728398,6,4
US100,H4,short,5,1.0,2,touch,1.5R,12,0.3333333333333333,-0.16666666666666688,-2.0000000000000027,0.7499999999999997,-0.1904499423703602,0.028191678935216697,-0.37499999999999933,0.249999999999998,8,4
US100,H4,short,5,1.0,2,touch,2.5R,11,0.18181818181818182,-0.36363636363636337,-3.9999999999999973,0.5555555555555558,-0.3879549715491126,0.028214435500341497,-0.5625,0.16666666666666755,8,3
US100,H4,short,5,1.0,2,touch,3.5R,11,0.09090909090909091,-0.5055905465448499,-5.561496011993349,0.38624968717831715,-0.5282987813065803,0.02947805865216586,-0.4375,-0.6871653373311165,8,3
US100,H4,short,5,1.0,2,touch,measured,13,0.5384615384615384,-0.06256880953674931,-0.8133945239777411,0.8644342460037097,-0.08614687085495984,0.027844572894627013,-0.13198273988413936,0.04849347901907475,8,5
US100,H4,short,5,1.0,2,confirm,1.5R,5,0.2,-0.5000000000000004,-2.500000000000002,0.37499999999999944,-0.5153902790327406,0.03301877339992702,-1.0,0.2499999999999989,3,2
US100,H4,short,5,1.0,2,confirm,2.5R,5,0.0,-0.8373306597944559,-4.18665329897228,0.0,-0.8527096873060167,0.033036552986116255,-1.0,-0.5933266494861394,3,2
US100,H4,short,5,1.0,2,confirm,3.5R,5,0.0,-0.8373306597944559,-4.18665329897228,0.0,-0.8527096873060167,0.033036552986116255,-1.0,-0.5933266494861394,3,2
US100,H4,short,5,1.0,2,confirm,measured,6,0.6666666666666666,0.00512456957470538,0.030747417448232284,1.0153737087241161,-0.010660663473375354,0.03220783586656365,0.025496729337857182,-0.015247590188446422,3,3
XAUUSD,M10,long,3,0.5,2,touch,1.5R,135,0.45185185185185184,0.11666028064771805,15.749137887441936,1.211139727870834,0.0056244484125911555,0.006579334258666056,0.2776159191677733,-0.004579031484271615,58,77
XAUUSD,M10,long,3,0.5,2,touch,2.5R,124,0.3629032258064516,0.2053984417571835,25.469406777890754,1.3206135869044997,0.09877039949077743,0.006779123123856858,0.43704035120960294,0.032482650194109834,53,71
XAUUSD,M10,long,3,0.5,2,touch,3.5R,122,0.32786885245901637,0.329223131368547,40.16522202696273,1.487208024671247,0.22194949501197123,0.006763724045818078,0.5351744206632485,0.17102866277986326,53,69
XAUUSD,M10,long,3,0.5,2,touch,measured,143,0.6083916083916084,0.04246736646569531,6.072833404594429,1.1073108102448712,-0.06958467090640279,0.006496065719861574,0.20243860337667052,-0.07653562684612773,61,82
XAUUSD,M10,long,3,0.5,2,confirm,1.5R,115,0.43478260869565216,0.07681876576240237,8.834158062676273,1.1350010639277504,-0.022180911524321924,0.0073450438109098235,0.09865628699339256,0.0606060606060612,49,66
XAUUSD,M10,long,3,0.5,2,confirm,2.5R,108,0.3148148148148148,0.03098165389416591,3.346018620569918,1.044950595907039,-0.06443447507490352,0.007553250547978224,0.12788081283212546,-0.040911270479158955,46,62
XAUUSD,M10,long,3,0.5,2,confirm,3.5R,104,0.28846153846153844,0.12116984483302666,12.601663862634773,1.1692914368627008,0.025781733485092963,0.00752945892632904,0.2418337197839487,0.02913807580266242,45,59
XAUUSD,M10,long,3,0.5,2,confirm,measured,120,0.6333333333333333,-0.03759143909289818,-4.510972691147781,0.8988047141103803,-0.13678876827051858,0.007333043050998318,0.022500788829702176,-0.08200743364438538,51,69
XAUUSD,M10,long,3,0.5,3,touch,1.5R,23,0.5217391304347826,0.2852359109299617,6.560425951389119,1.5734851598067796,0.1908683183317905,0.006777052448388786,0.5075532439236333,0.1666666666666701,8,15
XAUUSD,M10,long,3,0.5,3,touch,2.5R,23,0.43478260869565216,0.3591313351920853,8.260020709417962,1.6146043527526606,0.2647637425939142,0.006777052448388786,0.5315826863838939,0.26715728122312093,8,15
XAUUSD,M10,long,3,0.5,3,touch,3.5R,23,0.43478260869565216,0.6836328304644306,15.723555100681903,2.169944452391857,0.5892652378662596,0.006777052448388786,0.9065826863838893,0.5647262406407194,8,15
XAUUSD,M10,long,3,0.5,3,touch,measured,23,0.6086956521739131,0.05600978235744411,1.2882249942212145,1.1364706699250675,-0.03835781024072709,0.006777052448388786,0.2506488139509576,-0.0477977011590964,8,15
XAUUSD,M10,long,3,0.5,3,confirm,1.5R,19,0.5263157894736842,0.29275304417166537,5.562307839261642,1.5893716116744463,0.2049816969986881,0.007304752684609719,0.00890111989451817,0.4583333333333346,7,12
XAUUSD,M10,long,3,0.5,3,confirm,2.5R,19,0.47368421052631576,0.42623836859232184,8.098529003254114,1.7758926857142758,0.33846702141934454,0.007304752684609719,0.19161696272161702,0.5631008553502329,7,12
XAUUSD,M10,long,3,0.5,3,confirm,3.5R,19,0.47368421052631576,0.6619943515771647,12.57789267996613,2.205045376532392,0.5742230044041873,0.007304752684609719,0.4773312484358937,0.7697144950762395,7,12
XAUUSD,M10,long,3,0.5,3,confirm,measured,19,0.6842105263157895,0.09350808556339955,1.7766536257045915,1.2759767912699984,0.005736738390422237,0.007304752684609719,0.07514058720486096,0.10422245960588039,7,12
XAUUSD,M10,long,3,1.0,2,touch,1.5R,208,0.47115384615384615,0.16803308500468908,34.95088168097533,1.3171269065149507,0.06773458644625979,0.00696065738847417,0.38775782839359973,-0.002863937631130264,91,117
XAUUSD,M10,long,3,1.0,2,touch,2.5R,180,0.39444444444444443,0.2609091182659135,46.963641287864434,1.4338856640144781,0.16386137974057552,0.007214569751752436,0.6553291007414251,-0.027320868927729704,76,104
XAUUSD,M10,long,3,1.0,2,touch,3.5R,170,0.3588235294117647,0.36917395694600375,62.75957268082064,1.579820433832486,0.2718015378850246,0.007218017822484716,0.7056690772569693,0.10979230170630112,74,96
XAUUSD,M10,long,3,1.0,2,touch,measured,237,0.6244725738396625,0.09088782823135776,21.54041529083179,1.2414546306773482,-0.012252707947520003,0.006781805999617721,0.24135348542637022,-0.026769527770757244,104,133
XAUUSD,M10,long,3,1.0,2,confirm,1.5R,164,0.4634146341463415,0.12724391318413666,20.868001762198414,1.238106718603927,0.03747621336039572,0.007797982124041914,0.2951480265812663,-0.004159305996225715,72,92
XAUUSD,M10,long,3,1.0,2,confirm,2.5R,146,0.3904109589041096,0.19857416991399776,28.991828807443675,1.3270687834257164,0.1128538658273093,0.008114399625852945,0.5398457522765803,-0.053316759925051325,62,84
XAUUSD,M10,long,3,1.0,2,confirm,3.5R,137,0.3722627737226277,0.35197136773087906,48.22007737913043,1.563046468146266,0.2653778801358555,0.008046065533102907,0.5629324791963232,0.187586086069494,60,77
XAUUSD,M10,long,3,1.0,2,confirm,measured,193,0.6683937823834197,0.035200276103794254,6.793653288032291,1.1052025215613586,-0.05562990216660748,0.0076533732736062095,0.13322309561713755,-0.04358441995365925,86,107
XAUUSD,M10,long,3,1.0,3,touch,1.5R,44,0.5454545454545454,0.34646965962444976,15.24466502347579,1.7458406416503491,0.2612974085115383,0.007537710449542988,0.5152915639672381,0.24999999999999936,16,28
XAUUSD,M10,long,3,1.0,3,touch,2.5R,42,0.38095238095238093,0.15245254506504055,6.403006892731703,1.2582146972039931,0.06774331898830331,0.007629382669565825,0.3054928690682309,0.05827388414000039,16,26
XAUUSD,M10,long,3,1.0,3,touch,3.5R,42,0.38095238095238093,0.3379019426059889,14.191881589451533,1.572317423480354,0.25319271652925174,0.007629382669565825,0.44494422412271095,0.2720297693649293,16,26
XAUUSD,M10,long,3,1.0,3,touch,measured,46,0.6304347826086957,0.12461875469922586,5.732462716164389,1.3287042848744914,0.04042001088267461,0.007556589756997263,0.2768136052973358,0.026779207886155194,18,28
XAUUSD,M10,long,3,1.0,3,confirm,1.5R,36,0.4722222222222222,0.20381279657542178,7.337260676715184,1.4094982708968287,0.1287524318332382,0.008611478447998193,0.14080873831061172,0.24390628819848273,14,22
XAUUSD,M10,long,3,1.0,3,confirm,2.5R,36,0.4166666666666667,0.2030197492783672,7.308710974021219,1.366945821614677,0.12795938453618363,0.008611478447998193,0.16320772866681965,0.22835467148571562,14,22
XAUUSD,M10,long,3,1.0,3,confirm,3.5R,36,0.3888888888888889,0.2336372852949854,8.410942270619474,1.4020972021314024,0.15857692055280173,0.008611478447998193,0.2485266570991314,0.2241622305105288,14,22
XAUUSD,M10,long,3,1.0,3,confirm,measured,39,0.717948717948718,0.1886682460360075,7.358061595404292,1.643316981432844,0.1140768869057723,0.00853848002758345,0.2005628193856224,0.18039376022757975,16,23
XAUUSD,M10,long,5,0.5,2,touch,1.5R,90,0.45555555555555555,0.12111813619073024,10.900632257165721,1.2204839436207076,0.031025538373886954,0.007916707501407057,0.22358009740384627,0.05890908831133834,34,56
XAUUSD,M10,long,5,0.5,2,touch,2.5R,88,0.375,0.1649217340721489,14.513112598349103,1.2617825415762325,0.07831409359652387,0.008027552395773048,0.35571849389306043,0.050443678179601985,33,55
XAUUSD,M10,long,5,0.5,2,touch,3.5R,86,0.3488372093023256,0.3260704715561964,28.04206055383289,1.4968510309748353,0.23956380225550628,0.008084553145767037,0.48625816855094584,0.2311444288926411,32,54
XAUUSD,M10,long,5,0.5,2,touch,measured,95,0.5368421052631579,-0.04938341640825815,-4.691424558784524,0.8944313788054598,-0.1383385486167103,0.007942235081508802,0.0742265589621118,-0.13179006665517146,38,57
XAUUSD,M10,long,5,0.5,2,confirm,1.5R,74,0.44594594594594594,0.08843004904658698,6.543823629447436,1.157919596585247,0.008869286541580389,0.008821984912059627,0.16669510560952608,0.03799256815047063,29,45
XAUUSD,M10,long,5,0.5,2,confirm,2.5R,71,0.38028169014084506,0.16517412591584793,11.727362940025204,1.2639057603982997,0.08967026179117314,0.00900760885494924,0.41853259365152456,0.009704157078046364,27,44
XAUUSD,M10,long,5,0.5,2,confirm,3.5R,69,0.34782608695652173,0.22432152354773524,15.478185124793733,1.340646375041206,0.14850574568316974,0.00908095637196353,0.45503787247398575,0.0848186148946536,26,43
XAUUSD,M10,long,5,0.5,2,confirm,measured,78,0.5641025641025641,-0.12365135863314662,-9.644805973385436,0.7199346016461211,-0.20179516567418526,0.008967835114943484,-0.008272667915397958,-0.20826239849282896,33,45
XAUUSD,M10,long,5,0.5,3,touch,1.5R,14,0.35714285714285715,-0.13854100347220363,-1.9395740486108508,0.7945273760635131,-0.2363790832773016,0.007976398958769533,-1.1465246828703042,0.136363636363642,3,11
XAUUSD,M10,long,5,0.5,3,touch,2.5R,14,0.2857142857142857,-0.17372963073315045,-2.4322148302641065,0.767019725236037,-0.2715677105382485,0.007976398958769533,-1.1465246828703042,0.09157811075880047,3,11
XAUUSD,M10,long,5,0.5,3,touch,3.5R,14,0.2857142857142857,0.04055608355257353,0.5677851697360294,1.0543877716746095,-0.05728199625252449,0.007976398958769533,-1.1465246828703042,0.3643053834860856,3,11
XAUUSD,M10,long,5,0.5,3,touch,measured,14,0.5,-0.1546270616047167,-2.164778862466034,0.7090184399911669,-0.2524651414098146,0.007976398958769533,-0.5872378136821658,-0.03664231103813965,3,11
XAUUSD,M10,long,5,0.5,3,confirm,1.5R,11,0.36363636363636365,-0.130699287339847,-1.437692160738317,0.8067018465314386,-0.23222763369773933,0.007355834630735699,-1.1458973869127804,0.25000000000000305,3,8
XAUUSD,M10,long,5,0.5,3,confirm,2.5R,11,0.36363636363636365,0.02904710031495035,0.31951810346445386,1.042959307344166,-0.07248124604294205,0.007355834630735699,-1.1458973869127804,0.4696512830253493,3,8
XAUUSD,M10,long,5,0.5,3,confirm,3.5R,11,0.36363636363636365,0.11485946064979609,1.263454067147757,1.1698717881626246,0.013331114291903721,0.007355834630735699,-1.1458973869127804,0.5876432784857623,3,8
XAUUSD,M10,long,5,0.5,3,confirm,measured,11,0.5454545454545454,-0.19519503320612264,-2.147145365267349,0.6051366458788638,-0.2967233795640151,0.007355834630735699,-0.6221156203743535,-0.035099813018036136,3,8
XAUUSD,M10,long,5,1.0,2,touch,1.5R,147,0.48299319727891155,0.19513314526114284,28.684572353387995,1.377133171974912,0.10751052345345767,0.007725643257457832,0.36593788282796114,0.05973914597037228,65,82
XAUUSD,M10,long,5,1.0,2,touch,2.5R,130,0.4153846153846154,0.2931717068766401,38.11232189396322,1.5000781306745723,0.20875150514394747,0.008028441560390951,0.6869752064424,0.013363957185179295,54,76
XAUUSD,M10,long,5,1.0,2,touch,3.5R,126,0.3968253968253968,0.44485456287664316,56.05167492245704,1.7354633730893456,0.3605453642747553,0.008076507742770583,0.8102244443735637,0.17958601877613922,53,73
XAUUSD,M10,long,5,1.0,2,touch,measured,161,0.5962732919254659,0.06422832108766395,10.340759695113896,1.1589430397850136,-0.022913756676931938,0.007733243152642448,0.1948713665201484,-0.036266329245016396,70,91
XAUUSD,M10,long,5,1.0,2,confirm,1.5R,115,0.4782608695652174,0.15576059047315305,17.9124679044126,1.2957231180317619,0.07819794606632086,0.008536716682053599,0.4249037875636179,-0.04405784373037391,49,66
XAUUSD,M10,long,5,1.0,2,confirm,2.5R,105,0.42857142857142855,0.2940309827831986,30.873253192235854,1.5096971978686948,0.2207531993827271,0.00885196513197236,0.7187467923708077,0.01088710972479243,42,63
XAUUSD,M10,long,5,1.0,2,confirm,3.5R,101,0.4158415841584158,0.424538870443775,42.87842591482127,1.7197778001318165,0.3504231288890456,0.008889951524440037,0.8478743010789083,0.12318144524588336,42,59
XAUUSD,M10,long,5,1.0,2,confirm,measured,132,0.6363636363636364,0.016878147738720848,2.227915501511152,1.0459954923970762,-0.06017474879892624,0.00855266420509784,0.17783664252311965,-0.10545030829742223,57,75
XAUUSD,M10,long,5,1.0,3,touch,1.5R,27,0.48148148148148145,0.1757283342028088,4.744665023475838,1.3285876028962416,0.09015828165501986,0.00823467552042541,-0.3255334976524208,0.47058823529412036,10,17
XAUUSD,M10,long,5,1.0,3,touch,2.5R,27,0.3333333333333333,-0.017816158979889793,-0.4810362924570244,0.9741277870928666,-0.10338621152767873,0.00823467552042541,-0.23351922742373254,0.10906799892825297,10,17
XAUUSD,M10,long,5,1.0,3,touch,3.5R,27,0.3333333333333333,0.13747357678972258,3.7117865733225095,1.1996359401498142,0.05190352424193364,0.00823467552042541,-0.22364880330422449,0.34989850625675034,10,17
XAUUSD,M10,long,5,1.0,3,touch,measured,27,0.6296296296296297,0.11733160318529928,3.1679532860030806,1.3034561823357733,0.031761550637510336,0.00823467552042541,0.03519150908577253,0.1656493055967856,10,17
XAUUSD,M10,long,5,1.0,3,confirm,1.5R,24,0.4166666666666667,0.007632958477038154,0.1831910034489157,1.0125716509973435,-0.07598879779748473,0.008264892010116537,-0.31827473369177345,0.24042416716904638,10,14
XAUUSD,M10,long,5,1.0,3,confirm,2.5R,24,0.375,0.09965106759669505,2.391625622320681,1.1535874282312277,0.01602931132217215,0.008264892010116537,-0.2231522982248788,0.3302249003263906,10,14
XAUUSD,M10,long,5,1.0,3,confirm,3.5R,24,0.375,0.1730390756128679,4.15293781470883,1.266696857824439,0.08941731933834503,0.008264892010116537,-0.20370579841964237,0.442142557064661,10,14
XAUUSD,M10,long,5,1.0,3,confirm,measured,24,0.6666666666666666,0.08649275644417269,2.0758261546601444,1.2460182375838775,0.0028710001696498253,0.008264892010116537,-0.008889839433011859,0.15462318207073314,10,14
XAUUSD,M10,short,3,0.5,2,touch,1.5R,172,0.43023255813953487,0.0637049498194481,10.957251368945075,1.109525692955059,-0.05433780521925236,0.005890854981066642,-0.03544401174380461,0.1440677923496635,77,95
XAUUSD,M10,short,3,0.5,2,touch,2.5R,159,0.3270440251572327,0.07325419047122537,11.647416284924834,1.1083803667236845,-0.04359756915778467,0.005989518896352519,-0.17316185764797215,0.2771847130526302,72,87
XAUUSD,M10,short,3,0.5,2,touch,3.5R,150,0.2733333333333333,0.08690749856596144,13.036124784894216,1.11908621918357,-0.03146314927494674,0.005845003649234587,-0.19727169268301134,0.3289860688891605,69,81
XAUUSD,M10,short,3,0.5,2,touch,measured,187,0.6203208556149733,0.054764531983521825,10.240967480918581,1.1399041155162022,-0.06322056490034193,0.005837197505857287,0.036318620268721694,0.06916991065603238,82,105
XAUUSD,M10,short,3,0.5,2,confirm,1.5R,133,0.3684210526315789,-0.09221472121392736,-12.264557921452338,0.8539165508015569,-0.18926098554964244,0.006975738552854861,-0.23307888712065855,0.027128530457053206,61,72
XAUUSD,M10,short,3,0.5,2,confirm,2.5R,127,0.30708661417322836,-0.004224921817566308,-0.5365650708309211,0.9938355329465046,-0.10212078291361577,0.007001427263648416,-0.26426226263320923,0.2075197699894572,57,70
XAUUSD,M10,short,3,0.5,2,confirm,3.5R,120,0.24166666666666667,-0.08159357125830269,-9.791228550996323,0.891258833327392,-0.17898095536083944,0.007041646281013975,-0.3193076438729264,0.11954910556945587,55,65
XAUUSD,M10,short,3,0.5,2,confirm,measured,148,0.6418918918918919,-0.05759094452380487,-8.523459789523121,0.8407139980677993,-0.1554194476817913,0.006863644742009429,-0.08344291820557002,-0.03843006991261423,63,85
XAUUSD,M10,short,3,0.5,3,touch,1.5R,43,0.4883720930232558,0.18433206699510638,7.926278880789574,1.336233674807088,0.08114135686738642,0.006512985118469835,0.07060061642927984,0.2662187114025015,18,25
XAUUSD,M10,short,3,0.5,3,touch,2.5R,42,0.38095238095238093,0.18776017671359005,7.8859274219707824,1.2859943127689324,0.08303296538585381,0.006360102685217052,-0.22575858530933196,0.4978992482307816,18,24
XAUUSD,M10,short,3,0.5,3,touch,3.5R,41,0.3170731707317073,0.2343300476016992,9.607531951669667,1.3248671992591707,0.1287922312788258,0.006344647878853058,-0.39155199074404756,0.724150773263588,18,23
XAUUSD,M10,short,3,0.5,3,touch,measured,44,0.6590909090909091,0.14092650354614616,6.200766156030431,1.3913505348037127,0.03715820435087289,0.006453323750654971,0.12400391655162117,0.15378766966198512,19,25
XAUUSD,M10,short,3,0.5,3,confirm,1.5R,34,0.47058823529411764,0.12638961631618714,4.297246954750363,1.2295806223769896,0.03504771057967866,0.007380502764100384,-0.15841515102572662,0.32575295345552674,14,20
XAUUSD,M10,short,3,0.5,3,confirm,2.5R,34,0.47058823529411764,0.4401779573833538,14.96605055103403,1.7995619605323525,0.3488360516468453,0.007380502764100384,-0.010229259238717394,0.7554630090188036,14,20
XAUUSD,M10,short,3,0.5,3,confirm,3.5R,33,0.36363636363636365,0.34321014994967936,11.32593494833942,1.5215044171438672,0.25091045313455096,0.0073505079941373445,-0.2334475830661608,0.7681158479613511,14,19
XAUUSD,M10,short,3,0.5,3,confirm,measured,34,0.7058823529411765,0.11843200690117908,4.026688234640089,1.402668823464009,0.027115929866072766,0.007477942001726899,0.05445420280182711,0.16321646977072557,14,20
XAUUSD,M10,short,3,1.0,2,touch,1.5R,225,0.40444444444444444,0.003168829664887651,0.7129866745997215,1.0052972477381414,-0.1108157711846687,0.006196270189927834,-0.06082118138864754,0.05916008933673094,105,120
XAUUSD,M10,short,3,1.0,2,touch,2.5R,201,0.31343283582089554,0.0044188092138425245,0.8881806519823474,1.006484408538973,-0.10992030853040191,0.006140168824713545,-0.09374626312480668,0.09416973249489323,96,105
XAUUSD,M10,short,3,1.0,2,touch,3.5R,191,0.2774869109947644,0.07199225194022836,13.750520120583616,1.1003894758191666,-0.042755890368887196,0.006037261180390009,-0.08623558625744006,0.21597958470010664,91,100
XAUUSD,M10,short,3,1.0,2,touch,measured,256,0.6171875,0.060870226026195365,15.582777862706013,1.1569466021536747,-0.05182341754663175,0.006190062350229277,0.0384465406736108,0.07915904741305513,115,141
XAUUSD,M10,short,3,1.0,2,confirm,1.5R,172,0.37209302325581395,-0.08185720515381599,-14.07943928645635,0.868839526585415,-0.17859594285920977,0.007392117630568155,-0.08214612258720413,-0.08158776530020682,83,89
XAUUSD,M10,short,3,1.0,2,confirm,2.5R,161,0.3105590062111801,-0.0015195805427066595,-0.24465246737577218,0.9977286564168086,-0.09935372253819312,0.007250020192016302,-0.05382774838763347,0.046429573315142914,77,84
XAUUSD,M10,short,3,1.0,2,confirm,3.5R,151,0.24503311258278146,-0.11205103056034281,-16.919705614611765,0.8484481511133721,-0.20907607664079905,0.007253999646939884,-0.2342780922409311,-0.003574513318820749,71,80
XAUUSD,M10,short,3,1.0,2,confirm,measured,202,0.6683168316831684,-0.008323903480054207,-1.68142850297095,0.9750937903970723,-0.10406664392528309,0.007285951729931475,-0.02150243139255133,0.0026981380467615457,92,110
XAUUSD,M10,short,3,1.0,3,touch,1.5R,73,0.4520547945205479,0.09225956217757084,6.734948038962671,1.162000125503574,-0.0043158392333740294,0.006706080192539844,-0.07334908321514595,0.22888669462656214,33,40
XAUUSD,M10,short,3,1.0,3,touch,2.5R,72,0.3611111111111111,0.10711225101033957,7.712082072744449,1.1621080271063828,0.009732436520451563,0.006619580649171137,-0.11378743567863021,0.29402737051639094,33,39
XAUUSD,M10,short,3,1.0,3,touch,3.5R,70,0.3,0.0324424336784359,2.270970357490513,1.0449041578755394,-0.06490526366291888,0.006651892611364484,-0.3875619662553889,0.3861303494121831,32,38
XAUUSD,M10,short,3,1.0,3,touch,measured,80,0.5875,0.017426386478030152,1.394110918242412,1.0401403925822859,-0.07988448718252114,0.006625726777798252,-0.014998184322768313,0.04532659856243809,37,43
XAUUSD,M10,short,3,1.0,3,confirm,1.5R,57,0.42105263157894735,0.008306398595138582,0.4734647199228992,1.0140419763393025,-0.0734051719484414,0.007799066102098123,-0.2583773890138529,0.23197667207364758,26,31
XAUUSD,M10,short,3,1.0,3,confirm,2.5R,57,0.3684210526315789,0.1340748827404658,7.64226831620655,1.208135176802043,0.05343993339351593,0.007877454424075414,-0.19781575497469436,0.41243477243705173,26,31
XAUUSD,M10,short,3,1.0,3,confirm,3.5R,55,0.3090909090909091,0.06383893615193717,3.5111414883565444,1.0906854312424923,-0.01759331946699804,0.007854118999859869,-0.43037109552326636,0.4756806292146068,25,30
XAUUSD,M10,short,3,1.0,3,confirm,measured,62,0.6451612903225806,0.01887139441373801,1.1700264536517566,1.0531830206205344,-0.0631088415333391,0.007793601829956241,-0.04996878516481535,0.0755633070078408,28,34
XAUUSD,M10,short,5,0.5,2,touch,1.5R,116,0.3879310344827586,-0.04778231578495752,-5.542748631055073,0.9241163738367523,-0.14336834315493674,0.006637221295290974,-0.06458377808545913,-0.03505393525427448,50,66
XAUUSD,M10,short,5,0.5,2,touch,2.5R,112,0.26785714285714285,-0.11298565261821973,-12.65439309324061,0.846553813305113,-0.2081661827818391,0.006628251421037984,-0.21362558674804144,-0.03471014829502509,49,63
XAUUSD,M10,short,5,0.5,2,touch,3.5R,108,0.23148148148148148,-0.1343592971559252,-14.510804092839923,0.8261511949629914,-0.230342300451953,0.006650175653767571,-0.40857805823182813,0.08501571170479716,48,60
XAUUSD,M10,short,5,0.5,2,touch,measured,122,0.5573770491803278,-0.04900572930856219,-5.978698975644587,0.8936172695726257,-0.1479925020319838,0.006462159112814433,-0.07012307714394693,-0.03331855663084778,52,70
XAUUSD,M10,short,5,0.5,2,confirm,1.5R,87,0.3218390804597701,-0.21361735511906033,-18.584709895358248,0.6890157060324125,-0.29397419585889384,0.007949560727266516,-0.2679453028590034,-0.16738080385102358,40,47
XAUUSD,M10,short,5,0.5,2,confirm,2.5R,85,0.2823529411764706,-0.07564525589518915,-6.429846751091079,0.8943270944748332,-0.15648827968756104,0.007886825427513075,-0.1939217684639221,0.02463265693482354,39,46
XAUUSD,M10,short,5,0.5,2,confirm,3.5R,83,0.24096385542168675,-0.13787292672098805,-11.44345291784201,0.817914793502254,-0.21900455007945924,0.007900302274133563,-0.3346228339221239,0.03651903648001856,39,44
XAUUSD,M10,short,5,0.5,2,confirm,measured,95,0.5789473684210527,-0.13753828147733052,-13.0661367403464,0.6774622698292223,-0.2216524337519984,0.007656894877369385,-0.16633536535427496,-0.11567382890409493,41,54
XAUUSD,M10,short,5,0.5,3,touch,1.5R,14,0.42857142857142855,0.01934364969479117,0.2708110957270764,1.0310236264442065,-0.08216443523316362,0.0069063165940470095,0.030090121747450935,3.597122599785507e-15,9,5
XAUUSD,M10,short,5,0.5,3,touch,2.5R,14,0.35714285714285715,0.07559723064391037,1.0583612290147453,1.1087820618376447,-0.025910854284044302,0.0069063165940470095,-0.10462653010947072,0.39999999999999636,9,5
XAUUSD,M10,short,5,0.5,3,touch,3.5R,14,0.2857142857142857,-0.08780368431295651,-1.2292515803813913,0.8854292163788974,-0.18931176924091123,0.0069063165940470095,-0.38240430788724705,0.4424774381207664,9,5
XAUUSD,M10,short,5,0.5,3,touch,measured,14,0.7142857142857143,0.2681279445947447,3.753791224326426,1.9384478060816064,0.16661985966679,0.0069063165940470095,0.39011818828553085,0.04854550595132952,9,5
XAUUSD,M10,short,5,0.5,3,confirm,1.5R,12,0.3333333333333333,-0.22648434286334737,-2.7178121143601683,0.6882460784072957,-0.3273782884048033,0.006584893076451707,-0.15222651429502104,-0.375,8,4
XAUUSD,M10,short,5,0.5,3,confirm,2.5R,12,0.3333333333333333,-0.039804410457553674,-0.4776529254906441,0.9452095411985487,-0.14069835599900957,0.006584893076451707,0.002793384313669489,-0.125,8,4
XAUUSD,M10,short,5,0.5,3,confirm,3.5R,12,0.25,-0.16480441045755365,-1.9776529254906436,0.7964919570148682,-0.2656983559990096,0.006584893076451707,-0.30970661568633046,0.125,8,4
XAUUSD,M10,short,5,0.5,3,confirm,measured,12,0.6666666666666666,0.12832009248010925,1.5398411097613112,1.3849602774403278,0.02742614693865329,0.006584893076451707,0.2797511503090493,-0.1745420231777708,8,4
XAUUSD,M10,short,5,1.0,2,touch,1.5R,159,0.3710691823899371,-0.08355855966022263,-13.285810985975399,0.867927037677045,-0.1756652455914025,0.006881752045830668,-0.11429310211315853,-0.05999541044630511,69,90
XAUUSD,M10,short,5,1.0,2,touch,2.5R,148,0.27702702702702703,-0.09703606212059002,-14.361337193847323,0.8631622983152585,-0.1883462840261348,0.007005598509456664,-0.038456019384331463,-0.1429119992032021,65,83
XAUUSD,M10,short,5,1.0,2,touch,3.5R,144,0.22916666666666666,-0.13216163652519386,-19.031275659627916,0.8240159570790895,-0.22313067617587962,0.006987114771117759,-0.24071445796377292,-0.047731664295187985,63,81
XAUUSD,M10,short,5,1.0,2,touch,measured,174,0.5689655172413793,-0.012861762645608819,-2.2379467003359346,0.970663702508605,-0.10670162848600531,0.006754639998493489,-0.0367410049920352,0.004808876690746672,74,100
XAUUSD,M10,short,5,1.0,2,confirm,1.5R,121,0.2975206611570248,-0.2583252859588402,-31.25735960101966,0.6256962278453403,-0.3366167334133213,0.008239320607066742,-0.1306808602631758,-0.3682958680966433,56,65
XAUUSD,M10,short,5,1.0,2,confirm,2.5R,116,0.28448275862068967,-0.06460812754664122,-7.494542795410381,0.9065527246770456,-0.14258610838058575,0.008342487556244766,0.028327228056303472,-0.1375266373274132,51,65
XAUUSD,M10,short,5,1.0,2,confirm,3.5R,112,0.24107142857142858,-0.147599365644356,-16.531128952167872,0.7989918977273496,-0.22521409450522395,0.008332710536611776,-0.20474876331303446,-0.10314983412427278,49,63
XAUUSD,M10,short,5,1.0,2,confirm,measured,138,0.6014492753623188,-0.09462802114159027,-13.058666917539458,0.7613027566709702,-0.17571021294588754,0.007964688125690123,-0.11955873521245687,-0.07487771518934534,61,77
XAUUSD,M10,short,5,1.0,3,touch,1.5R,31,0.41935483870967744,-0.013565153099991952,-0.4205197460997505,0.9775473594585927,-0.10054207761574434,0.007364605355477772,0.006113865684631792,-0.027777777777775778,13,18
XAUUSD,M10,short,5,1.0,3,touch,2.5R,31,0.3548387096774194,0.009525859988661551,0.2953016596485081,1.0142456929218122,-0.07745106452709079,0.007364605355477772,-0.09653733672267942,0.08612705761351894,13,18
XAUUSD,M10,short,5,1.0,3,touch,3.5R,30,0.3,-0.15365332159193987,-4.609599647758196,0.78786140301575,-0.2404093939502002,0.007432034257950729,-0.28884502903037074,-0.05027142766843394,13,17
XAUUSD,M10,short,5,1.0,3,touch,measured,33,0.6060606060606061,0.08811056169350519,2.9076485358856714,1.2236652719912053,0.000587500937675328,0.007282879190220004,0.24355957614361626,-0.012931297699067068,13,20
XAUUSD,M10,short,5,1.0,3,confirm,1.5R,26,0.3076923076923077,-0.29006132112260113,-7.54159434918763,0.5970899641950261,-0.36952960794685186,0.008223460306807403,-0.15616473766910557,-0.3882521489884979,11,15
XAUUSD,M10,short,5,1.0,3,confirm,2.5R,26,0.3076923076923077,-0.1333458409295971,-3.466991864169524,0.8147757952164894,-0.21281412775384775,0.008223460306807403,-0.05847360266745955,-0.18825214898849793,11,15
XAUUSD,M10,short,5,1.0,3,confirm,3.5R,26,0.2692307692307692,-0.2021152327807329,-5.254996052299055,0.7334899013226764,-0.2815835196049835,0.008223460306807403,-0.28574632994018684,-0.14078576153046668,11,15
XAUUSD,M10,short,5,1.0,3,confirm,measured,28,0.5714285714285714,-0.02640103103641917,-0.7392288690197368,0.9383975942483552,-0.10711668071518396,0.008065441319114339,0.09431294891696149,-0.10451007688860664,11,17
XAUUSD,M15,long,3,0.5,2,touch,1.5R,93,0.4946236559139785,0.20573245616282018,19.133118423142278,1.4028676773904911,0.11641286291279361,0.0076914072366964055,0.2877944186319121,0.1320441633334317,44,49
XAUUSD,M15,long,3,0.5,2,touch,2.5R,87,0.40229885057471265,0.30831591467618213,26.823484576827845,1.5109983213597533,0.22157931742860168,0.007873818958958341,0.4626965489989421,0.1707157840841569,41,46
XAUUSD,M15,long,3,0.5,2,touch,3.5R,83,0.37349397590361444,0.48712733820637194,40.43156907112887,1.7702378811415078,0.4015203747155419,0.008024437317012073,0.6742639627239171,0.31304675725981834,40,43
XAUUSD,M15,long,3,0.5,2,touch,measured,102,0.6568627450980392,0.15652593622714445,15.965645495168735,1.4512830214236745,0.06948681567532443,0.007750918299655026,0.2296532597275587,0.08621120209213076,50,52
XAUUSD,M15,long,3,0.5,2,confirm,1.5R,79,0.4430379746835443,0.09705646141063981,7.6674604514405456,1.1738480112996101,0.021162370663500376,0.008776895874373872,0.29921806176151594,-0.07219511097614019,36,43
XAUUSD,M15,long,3,0.5,2,confirm,2.5R,73,0.3561643835616438,0.19207663807118572,14.021594579196558,1.2976706554754918,0.11849063081992793,0.009005394161938757,0.4532251818347155,-0.03559132315855821,34,39
XAUUSD,M15,long,3,0.5,2,confirm,3.5R,70,0.3142857142857143,0.23418419753733752,16.392893827613626,1.3407775029538833,0.1619010199646019,0.009206681236230509,0.5749513979627414,-0.05277765545247609,32,38
XAUUSD,M15,long,3,0.5,2,confirm,measured,84,0.6666666666666666,0.03021810847113944,2.538321111575713,1.0906543254134182,-0.04475773534649032,0.008795499112303986,0.0787990948810409,-0.01836287793876199,42,42
XAUUSD,M15,long,3,0.5,3,touch,1.5R,17,0.47058823529411764,0.09791753062438283,1.6645980206145081,1.1753627133229652,0.016007555594216568,0.008098330199396497,0.18694284324373778,0.04935826919564377,6,11
XAUUSD,M15,long,3,0.5,3,touch,2.5R,17,0.29411764705882354,-0.13853073429397703,-2.3550224829976094,0.8114822926324301,-0.22044070932414336,0.008098330199396497,-0.47972382342293535,0.047574587049091184,6,11
XAUUSD,M15,long,3,0.5,3,touch,3.5R,17,0.29411764705882354,0.03793985394132253,0.644977517002483,1.0516299456530749,-0.04397012108884379,0.008098330199396497,-0.31305715675626394,0.2293927688672788,6,11
XAUUSD,M15,long,3,0.5,3,touch,measured,18,0.6111111111111112,0.07279609446077721,1.3103297002939898,1.1775913251598626,-0.007937944739171606,0.008105722050591263,-0.18557860810712187,0.20198344574472674,6,12
XAUUSD,M15,long,3,0.5,3,confirm,1.5R,13,0.3076923076923077,-0.23879921322877365,-3.1043897719740574,0.659022751691686,-0.3141162796886239,0.008392903879024662,-2.264854970235319e-15,-0.3880487214967558,5,8
XAUUSD,M15,long,3,0.5,3,confirm,2.5R,13,0.23076923076923078,-0.2606201233218266,-3.3880616031837456,0.6646940904258241,-0.33593718978167675,0.008392903879024662,-0.3000000000000019,-0.23600770039796704,5,8
XAUUSD,M15,long,3,0.5,3,confirm,3.5R,13,0.23076923076923078,-0.10677396947567533,-1.3880616031837794,0.8626278642740238,-0.18209103593552559,0.008392903879024662,-0.09999999999999813,-0.11100770039797359,5,8
XAUUSD,M15,long,3,0.5,3,confirm,measured,14,0.6428571428571429,-0.051967321985911426,-0.72754250780276,0.854491498439448,-0.12591607336572205,0.008429341459977749,-0.22222558925736724,0.04262060427600851,5,9
XAUUSD,M15,long,3,1.0,2,touch,1.5R,136,0.5073529411764706,0.25117974270445087,34.16044500780532,1.5061382955625924,0.16769462883911224,0.008219596030202656,0.43712423637690384,0.029245992192168363,74,62
XAUUSD,M15,long,3,1.0,2,touch,2.5R,121,0.4214876033057851,0.3724322318612799,45.064300055214865,1.6482276477500362,0.2883606199830289,0.008190798749440738,0.6464243546035112,0.05440566082118987,65,56
XAUUSD,M15,long,3,1.0,2,touch,3.5R,117,0.39316239316239315,0.5086477411662595,59.511785716452366,1.8439083727561631,0.42529206817264065,0.008273129919315345,0.839963869092794,0.12211225858530243,63,54
XAUUSD,M15,long,3,1.0,2,touch,measured,159,0.6666666666666666,0.1665178039632728,26.47633083016037,1.488804883499599,0.08298975575255751,0.008008111040145593,0.2858960724013375,0.025880391830758173,86,73
XAUUSD,M15,long,3,1.0,2,confirm,1.5R,116,0.4396551724137931,0.0919822469537536,10.669940646635418,1.1662657422867155,0.021169747557096257,0.009309728886453828,0.34852646619792077,-0.2129665419591245,63,53
XAUUSD,M15,long,3,1.0,2,confirm,2.5R,102,0.39215686274509803,0.26187437770016575,26.711186525416906,1.4366426734650726,0.19310642520872398,0.009576985626799405,0.6091039978204065,-0.12875894493510495,54,48
XAUUSD,M15,long,3,1.0,2,confirm,3.5R,99,0.35353535353535354,0.28145996716491534,27.864536749326618,1.4410759023191155,0.21324971316530447,0.00968736730836252,0.6131887612704273,-0.0855591241858638,52,47
XAUUSD,M15,long,3,1.0,2,confirm,measured,135,0.6888888888888889,0.05249450731643425,7.086758487718623,1.1661849557569444,-0.018613779272943116,0.009117499187058781,0.14662948529671557,-0.06876410838697898,76,59
XAUUSD,M15,long,3,1.0,3,touch,1.5R,37,0.4864864864864865,0.19437634068317552,7.191924605277494,1.368962065409093,0.12651669489806114,0.009077594097438621,0.5191185082218208,-0.05304626315579243,16,21
XAUUSD,M15,long,3,1.0,3,touch,2.5R,36,0.3333333333333333,0.12903800917599875,4.645368330335955,1.1975134531628495,0.061592405240131036,0.009161938659316651,0.26743502251372736,0.01832039850581587,16,20
XAUUSD,M15,long,3,1.0,3,touch,3.5R,35,0.3142857142857143,0.1881480085545698,6.585180299409943,1.2799910810392854,0.1201933475898454,0.009135855927527619,0.2030020401224378,0.17700748487866877,15,20
XAUUSD,M15,long,3,1.0,3,touch,measured,39,0.5897435897435898,0.050484986509989616,1.968914473889595,1.120214510163686,-0.017112381774899793,0.009021145902867258,0.23747254741099286,-0.09400540145896744,17,22
XAUUSD,M15,long,3,1.0,3,confirm,1.5R,31,0.41935483870967744,0.06712668951872386,2.0809273750804396,1.1211671864950326,0.00795231496784696,0.01049169950181675,0.29895122478960345,-0.12378763364552986,14,17
XAUUSD,M15,long,3,1.0,3,confirm,2.5R,30,0.3333333333333333,0.12657518479569022,3.797255543870706,1.198041727771569,0.06752531261998047,0.01057649175051181,0.2275226533610343,0.038246149801014095,14,16
XAUUSD,M15,long,3,1.0,3,confirm,3.5R,29,0.3448275862068966,0.2639236952437281,7.653787162068115,1.421138979515984,0.2045168162694789,0.010587141760090173,0.396964663756622,0.15582790832700177,13,16
XAUUSD,M15,long,3,1.0,3,confirm,measured,32,0.625,-0.008247394562132367,-0.26391662598823573,0.9780069478343135,-0.06821201101592919,0.010161761170968535,0.14433106226211284,-0.14287544470117225,15,17
XAUUSD,M15,long,5,0.5,2,touch,1.5R,61,0.4918032786885246,0.18251013808430044,11.133118423142328,1.3535185841890365,0.10762962087854266,0.009321768710181526,0.2642398075794539,0.10844262510431764,29,32
XAUUSD,M15,long,5,0.5,2,touch,2.5R,59,0.3728813559322034,0.15112790231020887,8.916546236302324,1.2378233076060385,0.0765922641765045,0.00938450106714652,0.25227214887253807,0.05977180864100834,28,31
XAUUSD,M15,long,5,0.5,2,touch,3.5R,59,0.3559322033898305,0.32245136831531,19.024630730603292,1.4942449160080418,0.24791573018160565,0.00938450106714652,0.41298643458682643,0.24067776007006939,28,31
XAUUSD,M15,long,5,0.5,2,touch,measured,68,0.5882352941176471,0.05083083320116376,3.4564966576791356,1.1218005105133053,-0.023138411457861875,0.009297351543481977,0.1504804073483984,-0.04881874094607089,34,34
XAUUSD,M15,long,5,0.5,2,confirm,1.5R,49,0.42857142857142855,0.05443796839674548,2.6674604514405287,1.0949125909896307,-0.011395817635336206,0.01053367893291639,0.2196604259756081,-0.10417559087896265,24,25
XAUUSD,M15,long,5,0.5,2,confirm,2.5R,47,0.3404255319148936,0.09999667330683822,4.699843645421396,1.1510990467865119,0.03643933900264658,0.010802510640159364,0.06903935863500492,0.12966409986734512,23,24
XAUUSD,M15,long,5,0.5,2,confirm,3.5R,46,0.34782608695652173,0.32013225606035534,14.726083778776346,1.4891673237796614,0.25652273814745113,0.010859615351420394,0.3118093019079177,0.3284552102127927,23,23
XAUUSD,M15,long,5,0.5,2,confirm,measured,53,0.6037735849056604,-0.03674566962008786,-1.9475204898646563,0.9072609290540639,-0.10211519964600949,0.010463030546240988,0.048005515158682614,-0.13166699657231076,28,25
XAUUSD,M15,long,5,0.5,3,touch,1.5R,10,0.3,-0.2613971526271649,-2.6139715262716487,0.6325580561268296,-0.3191504340029702,0.009986014446932857,0.2500000000000072,-0.38924644078395787,2,8
XAUUSD,M15,long,5,0.5,3,touch,2.5R,10,0.2,-0.3633592029883692,-3.633592029883692,0.5521808256143452,-0.4211124843641745,0.009986014446932857,0.7499999999999929,-0.6416990037354597,2,8
XAUUSD,M15,long,5,0.5,3,touch,3.5R,10,0.2,-0.26335920298836635,-2.6335920298836637,0.6754250342934363,-0.32111248436417167,0.009986014446932857,1.250000000000007,-0.6416990037354597,2,8
XAUUSD,M15,long,5,0.5,3,touch,measured,10,0.5,-0.09796837194091043,-0.9796837194091043,0.8040632561181793,-0.15572165331671578,0.009986014446932857,-0.09509108866858634,-0.09868769275899142,2,8
XAUUSD,M15,long,5,0.5,3,confirm,1.5R,8,0.25,-0.3880487214967514,-3.1043897719740112,0.49144961446815877,-0.43745709279468314,0.010849922085557425,0.25000000000000466,-0.6007316286623366,2,6
XAUUSD,M15,long,5,0.5,3,confirm,2.5R,8,0.25,-0.23600770039797148,-1.8880616031837718,0.6907042843410671,-0.2854160716959033,0.010849922085557425,0.7499999999999953,-0.5646769338639605,2,6
XAUUSD,M15,long,5,0.5,3,confirm,3.5R,8,0.25,-0.11100770039796914,-0.8880616031837532,0.8545208224971231,-0.16041607169590097,0.010849922085557425,1.2500000000000047,-0.5646769338639605,2,6
XAUUSD,M15,long,5,0.5,3,confirm,measured,8,0.5,-0.22347737897895623,-1.7878190318316498,0.5530452420420875,-0.272885750276888,0.010849922085557425,-0.4067612393295328,-0.16238275886209738,2,6
XAUUSD,M15,long,5,1.0,2,touch,1.5R,96,0.5208333333333334,0.2689308072419705,25.817357495229167,1.5553037699093275,0.1945777814162316,0.009259515413790461,0.3499449704292334,0.1771147556297393,51,45
XAUUSD,M15,long,5,1.0,2,touch,2.5R,86,0.4069767441860465,0.26005580174908366,22.364798950421193,1.4388078670988347,0.18393869099161947,0.009207979924975204,0.5393998904175831,-0.04654136874073279,45,41
XAUUSD,M15,long,5,1.0,2,touch,3.5R,82,0.3902439024390244,0.40475328911227976,33.18976970720694,1.6642314137306569,0.3280181162762897,0.009078751131994123,0.6231563508901092,0.17543007424555895,42,40
XAUUSD,M15,long,5,1.0,2,touch,measured,107,0.6448598130841121,0.14567720757854177,15.587461210903971,1.3977638563007093,0.07237883056472892,0.009253151342306047,0.31419277309341476,-0.04643053710841343,57,50
XAUUSD,M15,long,5,1.0,2,confirm,1.5R,75,0.4533333333333333,0.10986091097868886,8.239568323401665,1.200454704938099,0.04497727607811317,0.010567523041966979,0.32119987300603076,-0.11908963121759819,39,36
XAUUSD,M15,long,5,1.0,2,confirm,2.5R,69,0.36231884057971014,0.09513912224058192,6.564599434600153,1.1488423140766728,0.030439679385228288,0.010793092024403593,0.36693857349787884,-0.18465443052428257,35,34
XAUUSD,M15,long,5,1.0,2,confirm,3.5R,63,0.3492063492063492,0.20130712635662296,12.682348960467246,1.3085400131426932,0.13582406593182325,0.010776741180347207,0.481305695296385,-0.08772365448442175,32,31
XAUUSD,M15,long,5,1.0,2,confirm,measured,83,0.6746987951807228,0.0693104424586058,5.752766724064282,1.213065434224603,0.005245731978642347,0.010582181399785251,0.2131497073691799,-0.10951675175454043,46,37
XAUUSD,M15,long,5,1.0,3,touch,1.5R,22,0.5909090909090909,0.41941727423812974,9.227180033238854,2.0124214242540535,0.3609931998407601,0.010925278681017921,0.7406055817266777,0.2695293974101408,7,15
XAUUSD,M15,long,5,1.0,3,touch,2.5R,22,0.45454545454545453,0.26620763261447666,5.856567917518486,1.4834556449812764,0.207783558217107,0.010925278681017921,1.0835578315305283,-0.11522246021301413,7,15
XAUUSD,M15,long,5,1.0,3,touch,3.5R,21,0.38095238095238093,0.18009366693861115,3.781967005710834,1.2883921928711137,0.1199171052995262,0.01034435081072577,0.8692721172448189,-0.1644955582144927,7,14
XAUUSD,M15,long,5,1.0,3,touch,measured,24,0.7083333333333334,0.2907840025215008,6.978816060516019,1.99697372293086,0.23277967156179605,0.010810404913836886,0.5681411006966862,0.17657813856701274,7,17
XAUUSD,M15,long,5,1.0,3,confirm,1.5R,19,0.5789473684210527,0.4289765816761392,8.150555051846645,2.005696330158291,0.37569092559824124,0.011528274830174285,0.7507064034029495,0.24130085233549994,7,12
XAUUSD,M15,long,5,1.0,3,confirm,2.5R,19,0.42105263157894735,0.18121129107466513,3.4430145304186377,1.3100588687104935,0.12792563499676707,0.011528274830174285,0.581571407001589,-0.052332109882707166,7,12
XAUUSD,M15,long,5,1.0,3,confirm,3.5R,17,0.4117647058823529,0.3028208869129512,5.147955077520171,1.5094770880472934,0.24905443631006735,0.011140994330836615,1.1091180907146925,-0.13697758788799852,6,11
XAUUSD,M15,long,5,1.0,3,confirm,measured,20,0.75,0.24019056010782283,4.8038112021564565,1.9607622404312917,0.18676115406685487,0.011397012589283963,0.3626260621881574,0.17426375129533497,7,13
XAUUSD,M15,short,3,0.5,2,touch,1.5R,124,0.3548387096774194,-0.1313571527804494,-16.288286944775727,0.7992919483418565,-0.22125838690584054,0.006980439813102399,-0.26470588235294046,-0.038195711572270766,51,73
XAUUSD,M15,short,3,0.5,2,touch,2.5R,116,0.28448275862068967,-0.050404432564148755,-5.846914177441255,0.930521362337713,-0.140722692244854,0.007025688019657679,-0.18486994352378566,0.04793601574961556,49,67
XAUUSD,M15,short,3,0.5,2,touch,3.5R,113,0.23008849557522124,-0.10011932131984456,-11.313483309142436,0.8716624672410535,-0.19013258291564122,0.007075730367265648,-0.2437635402600454,0.005956409589842241,48,65
XAUUSD,M15,short,3,0.5,2,touch,measured,135,0.5407407407407407,-0.08229029187926641,-11.109189403700965,0.8240940104894934,-0.17279174230503677,0.006893017929705309,-0.2093446792118617,0.005059599411892862,55,80
XAUUSD,M15,short,3,0.5,2,confirm,1.5R,88,0.38636363636363635,-0.047619860131582904,-4.190547691579296,0.9223972649707539,-0.12400361772036571,0.008373446976876963,-0.12162162162162068,0.006067692321973935,37,51
XAUUSD,M15,short,3,0.5,2,confirm,2.5R,84,0.2976190476190476,-0.05774892081550912,-4.850909348502766,0.9177811974830039,-0.1345198160656949,0.008388587992404847,-0.10239293581628298,-0.027390990614982905,34,50
XAUUSD,M15,short,3,0.5,2,confirm,3.5R,82,0.2804878048780488,0.07601838644156325,6.233507688208187,1.1056526726814948,-0.0006541941507941924,0.008440520130732768,-0.08520419944243006,0.1902177181093919,34,48
XAUUSD,M15,short,3,0.5,2,confirm,measured,96,0.6145833333333334,-0.08929218245218867,-8.572049515410113,0.768322986069997,-0.16737912743482256,0.008183002063655725,-0.2221273070410829,0.009730364968623433,41,55
XAUUSD,M15,short,3,0.5,3,touch,1.5R,22,0.3181818181818182,-0.28933304223284045,-6.36532692912249,0.5962216034019637,-0.3780747623841694,0.00734236321584296,-0.1857800042522561,-0.47055085869886304,14,8
XAUUSD,M15,short,3,0.5,3,touch,2.5R,22,0.2727272727272727,-0.17569667859647742,-3.865326929122503,0.7694325269488748,-0.2644383987478063,0.00734236321584296,-0.15006571853796946,-0.22055085869886631,14,8
XAUUSD,M15,short,3,0.5,3,touch,3.5R,22,0.22727272727272727,-0.2810431789495152,-6.182949936889335,0.6519472908789711,-0.36978489910084417,0.00734236321584296,-0.4584673619498879,0.029449141301136905,14,8
XAUUSD,M15,short,3,0.5,3,touch,measured,22,0.5454545454545454,-0.0769716478779498,-1.6933762533148955,0.8426874537696427,-0.16571336802927875,0.00734236321584296,0.009513350118460202,-0.2283203943716674,14,8
XAUUSD,M15,short,3,0.5,3,confirm,1.5R,16,0.3125,-0.27150169225268084,-4.344027076042893,0.6050884476324643,-0.3538013714724061,0.007897836057082424,-0.08440270760428814,-0.5833333333333353,10,6
XAUUSD,M15,short,3,0.5,3,confirm,2.5R,16,0.25,-0.382114464718056,-6.113831435488896,0.490514047042592,-0.46441414393778124,0.007897836057082424,-0.3613831435488908,-0.4166666666666647,10,6
XAUUSD,M15,short,3,0.5,3,confirm,3.5R,16,0.25,-0.25711446471805754,-4.113831435488921,0.6571807137092566,-0.3394141439377827,0.007897836057082424,-0.26138314354889075,-0.250000000000002,10,6
XAUUSD,M15,short,3,0.5,3,confirm,measured,16,0.625,-0.0029745840953718516,-0.047593345525949626,0.992067775745675,-0.08527426331509705,0.007897836057082424,0.11216862576717768,-0.19487993386628766,10,6
XAUUSD,M15,short,3,1.0,2,touch,1.5R,165,0.3696969696969697,-0.0926923222264685,-15.294233167367302,0.8547541017202136,-0.17938101505236975,0.006933507128483505,-0.15736176772254143,-0.040103981932958666,74,91
XAUUSD,M15,short,3,1.0,2,touch,2.5R,151,0.2913907284768212,-0.05461089007267551,-8.246244400974001,0.9238566183023363,-0.14126387388160783,0.007001600805286594,-0.05312380766583209,-0.05586221551258032,69,82
XAUUSD,M15,short,3,1.0,2,touch,3.5R,143,0.23076923076923078,-0.13085883589283342,-18.71281353267518,0.8318688351145058,-0.21700036223951996,0.0070481008559483615,-0.09556917316301733,-0.16110711823267582,66,77
XAUUSD,M15,short,3,1.0,2,touch,measured,186,0.5483870967741935,-0.05615602225194419,-10.445020138861619,0.8773398264309542,-0.14339740403689186,0.006904110658165729,-0.06372664864713957,-0.05018687451727085,82,104
XAUUSD,M15,short,3,1.0,2,confirm,1.5R,118,0.4067796610169492,0.006045436338122544,0.7133614878984602,1.0102384522125045,-0.06827857290832014,0.008247815991948352,-0.04720165128222214,0.052530989022550434,55,63
XAUUSD,M15,short,3,1.0,2,confirm,2.5R,111,0.3063063063063063,-0.010534430759484324,-1.16932181430276,0.9847112619658066,-0.08642664000141598,0.0081073937405046,-0.03194060607712176,0.007660818260507491,51,60
XAUUSD,M15,short,3,1.0,2,confirm,3.5R,105,0.2857142857142857,0.08969018175021212,9.417469083772273,1.1264385805774042,0.014706232244600631,0.008192361788782567,0.004519512759418545,0.16141285037403827,48,57
XAUUSD,M15,short,3,1.0,2,confirm,measured,137,0.6204379562043796,-0.06911341027463698,-9.468537207625266,0.8179127460072064,-0.14625700822193966,0.007960506471541465,-0.1136726787533264,-0.031177816840077078,63,74
XAUUSD,M15,short,3,1.0,3,touch,1.5R,47,0.3191489361702128,-0.2418154665770739,-11.365326929122473,0.6531197108386911,-0.32609296810487504,0.007227839508761184,-0.24403680238126324,-0.2392912213450405,25,22
XAUUSD,M15,short,3,1.0,3,touch,2.5R,46,0.2608695652173913,-0.17081479338894812,-7.857480495891613,0.7742440991064059,-0.25571922033685257,0.007188902699667482,-0.10634479657980311,-0.24114569899892446,24,22
XAUUSD,M15,short,3,1.0,3,touch,3.5R,45,0.2,-0.33106070032234874,-14.897731514505693,0.5884978197635663,-0.41665043578351807,0.00714314422129679,-0.3653324876935395,-0.2918929433267022,24,21
XAUUSD,M15,short,3,1.0,3,touch,measured,48,0.5625,-0.012839298709139283,-0.6162863380386856,0.9716837522046256,-0.09659806320552396,0.007252688885258085,-0.0006371179558327355,-0.026102538658385542,25,23
XAUUSD,M15,short,3,1.0,3,confirm,1.5R,31,0.3870967741935484,-0.07307673157845833,-2.2653786789322083,0.8807695432140943,-0.15153623252263787,0.007837148559620158,-0.06326893394661011,-0.09090909090909148,20,11
XAUUSD,M15,short,3,1.0,3,confirm,2.5R,30,0.3,-0.17646101115099164,-5.2938303345297495,0.7479128412128692,-0.2560438270795002,0.0077260310021738795,-0.16393834186104714,-0.19809107628816844,19,11
XAUUSD,M15,short,3,1.0,3,confirm,3.5R,30,0.26666666666666666,-0.1423210049476849,-4.269630148430547,0.8011887712947056,-0.22190382087619345,0.0077260310021738795,-0.2152962268031932,-0.016272894469988787,19,11
XAUUSD,M15,short,3,1.0,3,confirm,measured,32,0.625,0.005925648979221598,0.18962076733509114,1.0158017306112574,-0.07174048690077095,0.007886650037515031,0.05578739793099472,-0.07717726594040032,20,12
XAUUSD,M15,short,5,0.5,2,touch,1.5R,86,0.3953488372093023,-0.033317754989796215,-2.8653269291224746,0.9456958374192621,-0.11553058869432659,0.007789988074722897,-0.09002300148828934,0.01599115500889344,40,46
XAUUSD,M15,short,5,0.5,2,touch,2.5R,82,0.2926829268292683,-0.02215465838422213,-1.8166819875062146,0.969085334400843,-0.10490984821842342,0.0077988830974594905,-0.23114257075446643,0.14967984734242318,37,45
XAUUSD,M15,short,5,0.5,2,touch,3.5R,79,0.25316455696202533,-0.012906841025372467,-1.0196404410044249,0.9829390017501668,-0.09466042508570215,0.007913388897132605,-0.26942505119002913,0.20185259074038656,36,43
XAUUSD,M15,short,5,0.5,2,touch,measured,92,0.5978260869565217,0.024471551955361312,2.2513827798932406,1.0596165269500402,-0.058991052563174835,0.007665312589921524,-0.06253567209449237,0.10082483020319212,43,49
XAUUSD,M15,short,5,0.5,2,confirm,1.5R,63,0.38095238095238093,-0.061016302794331345,-3.8440270760428747,0.9014352031783878,-0.13207564212329695,0.009024744222343803,-0.2532423129669957,0.10294117647058824,29,34
XAUUSD,M15,short,5,0.5,2,confirm,2.5R,61,0.3114754098360656,0.006314286961313087,0.3851715046400983,1.0091707501104785,-0.06521741367221306,0.0089857701727012,-0.05767244626285346,0.0606060606060605,28,33
XAUUSD,M15,short,5,0.5,2,confirm,3.5R,61,0.29508196721311475,0.12017274830100326,7.330537646361199,1.1704776196828186,0.04864104766747717,0.0089857701727012,-0.07267630066928425,0.28380224439700474,28,33
XAUUSD,M15,short,5,0.5,2,confirm,measured,69,0.6666666666666666,0.014599832160626049,1.0073884190831974,1.043799496481878,-0.05772269743455017,0.008848639400054134,-0.05397693158523913,0.07390946567056352,32,37
XAUUSD,M15,short,5,0.5,3,touch,1.5R,9,0.2222222222222222,-0.44444444444444364,-3.999999999999993,0.4285714285714296,-0.5257998280446485,0.009024220081506384,-0.1666666666666655,-1.0,6,3
XAUUSD,M15,short,5,0.5,3,touch,2.5R,9,0.1111111111111111,-0.6111111111111119,-5.500000000000007,0.31249999999999917,-0.6924664947113168,0.009024220081506384,-0.4166666666666678,-1.0,6,3
XAUUSD,M15,short,5,0.5,3,touch,3.5R,9,0.1111111111111111,-0.4999999999999992,-4.499999999999993,0.43750000000000083,-0.5813553836002041,0.009024220081506384,-0.2499999999999989,-1.0,6,3
XAUUSD,M15,short,5,0.5,3,touch,measured,9,0.6666666666666666,0.18554387420651086,1.6698948678585976,1.5566316226195325,0.10418849060630597,0.009024220081506384,0.48857521081463245,-0.4205187990097324,6,3
XAUUSD,M15,short,5,0.5,3,confirm,1.5R,8,0.125,-0.6875,-5.5,0.21428571428571427,-0.7677157599618946,0.008802812974919137,-0.5,-1.0,5,3
XAUUSD,M15,short,5,0.5,3,confirm,2.5R,8,0.125,-0.5625,-4.5,0.35714285714285715,-0.6427157599618946,0.008802812974919137,-0.3,-1.0,5,3
XAUUSD,M15,short,5,0.5,3,confirm,3.5R,8,0.125,-0.4375,-3.5,0.5,-0.5177157599618946,0.008802812974919137,-0.1,-1.0,5,3
XAUUSD,M15,short,5,0.5,3,confirm,measured,8,0.625,0.060524103416047415,0.4841928273283793,1.1613976091094598,-0.019691656545847147,0.008802812974919137,0.36709578378066376,-0.4504286971916465,5,3
XAUUSD,M15,short,5,1.0,2,touch,1.5R,112,0.4375,0.0901641233480146,10.098381814977635,1.162090989648891,0.01205806603062146,0.007932372140877305,-0.020124987910182485,0.18923739278334428,53,59
XAUUSD,M15,short,5,1.0,2,touch,2.5R,108,0.32407407407407407,0.07395005562052577,7.986606007016783,1.1094358970149407,-0.0057776043483341024,0.007807943594151718,-0.07055684370811285,0.203245702388255,51,57
XAUUSD,M15,short,5,1.0,2,touch,3.5R,103,0.27184466019417475,0.047818585427664435,4.925314299049437,1.065688580417369,-0.03128575847927564,0.007895198850574759,-0.18579100017364675,0.25979765384366904,49,54
XAUUSD,M15,short,5,1.0,2,touch,measured,122,0.6639344262295082,0.16108003819340208,19.651764659595052,1.4812481359354872,0.08124920263702116,0.007745411400540878,0.06996989541695274,0.23838561388251064,56,66
XAUUSD,M15,short,5,1.0,2,confirm,1.5R,86,0.43023255813953487,0.07447334167065489,6.404707383676321,1.1339058939570743,0.0070426334232102355,0.009346877980024258,-0.10829555845280715,0.2409961173386981,41,45
XAUUSD,M15,short,5,1.0,2,confirm,2.5R,80,0.3375,0.07007112558258197,5.605690046606557,1.1067526841808637,0.0007687583065715986,0.009229226126625578,-0.10538214947517406,0.22881456492055163,38,42
XAUUSD,M15,short,5,1.0,2,confirm,3.5R,80,0.325,0.20364924455021677,16.29193956401734,1.3044596437873652,0.13434687727420652,0.009229226126625578,-0.09012183166938621,0.4694421230346196,38,42
XAUUSD,M15,short,5,1.0,2,confirm,measured,95,0.7263157894736842,0.11960570730265017,11.362542193751766,1.4516980033069247,0.05087738772181334,0.009169964489763639,0.03289804014666931,0.1944123221038885,44,51
XAUUSD,M15,short,5,1.0,3,touch,1.5R,23,0.2608695652173913,-0.3478260869565211,-7.999999999999986,0.5294117647058831,-0.42647185246111574,0.007591571828853771,-0.23076923076922967,-0.5,13,10
XAUUSD,M15,short,5,1.0,3,touch,2.5R,22,0.18181818181818182,-0.4068797753810778,-8.951355058383712,0.5027024967564605,-0.4864261161562537,0.007550342553111558,-0.20427958819864264,-0.65,12,10
XAUUSD,M15,short,5,1.0,3,touch,3.5R,22,0.18181818181818182,-0.2705161390174408,-5.951355058383697,0.6693691634231279,-0.35006247979261673,0.007550342553111558,-0.037612921531974854,-0.55,12,10
XAUUSD,M15,short,5,1.0,3,touch,measured,25,0.68,0.21885858721374848,5.471464680343712,1.6839330850429637,0.14034555809696259,0.007509435226578987,0.27496852619330064,0.14744593760340932,14,11
XAUUSD,M15,short,5,1.0,3,confirm,1.5R,17,0.29411764705882354,-0.2894912707581965,-4.92135160288934,0.5898873664258883,-0.3680003207737896,0.007567081719316937,-0.12921378208084788,-0.5833333333333355,11,6
XAUUSD,M15,short,5,1.0,3,confirm,2.5R,16,0.25,-0.18756231624193556,-3.000997059870969,0.7499169116774193,-0.26818067867010903,0.007341857121586211,-0.05009970598709819,-0.4166666666666645,10,6
XAUUSD,M15,short,5,1.0,3,confirm,3.5R,16,0.25,-6.231624193714369e-05,-0.000997059870994299,0.999916911677417,-0.08068067867011068,0.007341857121586211,0.1499002940129018,-0.25000000000000216,10,6
XAUUSD,M15,short,5,1.0,3,confirm,measured,19,0.6842105263157895,0.1361983987503062,2.587769576255818,1.4312949293759696,0.059606471957753766,0.007679935570352294,0.241444224633678,-0.04422301704975976,12,7
XAUUSD,M30,long,3,0.5,2,touch,1.5R,52,0.4423076923076923,0.06603691774152644,3.433919722559375,1.1170525145192456,0.0038374053724136523,0.010971085154095169,-0.10164628578734357,0.24713477755270602,27,25
XAUUSD,M30,long,3,0.5,2,touch,2.5R,47,0.3617021276595745,0.09167076399513473,4.308525907771332,1.1420241437288328,0.02958378674586312,0.011083707014234013,-0.11479374124185387,0.3262895199462581,25,22
XAUUSD,M30,long,3,0.5,2,touch,3.5R,43,0.32558139534883723,0.12945466473014883,5.566550583396399,1.1900771241668,0.06542067491975342,0.010931419309928154,-0.28624348046026366,0.6545470586548803,24,19
XAUUSD,M30,long,3,0.5,2,touch,measured,55,0.6363636363636364,0.0943213556843125,5.187674562637188,1.2557300228110047,0.032699990668541394,0.010957001290015015,0.030111957648627626,0.1659395304164225,29,26
XAUUSD,M30,long,3,0.5,2,confirm,1.5R,40,0.425,0.04325381461452797,1.730152584581119,1.0750878955058065,-0.013227861702710442,0.012363083244539849,-0.010370444390246066,0.10879457562036293,22,18
XAUUSD,M30,long,3,0.5,2,confirm,2.5R,38,0.34210526315789475,0.02398077554894119,0.9112694708597653,1.0363900836118478,-0.03338647279382289,0.012330892123375023,-0.18395604046848815,0.3098938975729065,22,16
XAUUSD,M30,long,3,0.5,2,confirm,3.5R,37,0.2972972972972973,0.03586679984672926,1.3270715943289826,1.050959488614523,-0.021412953460107957,0.012441181001329956,-0.24434432223035882,0.4036438975729075,21,16
XAUUSD,M30,long,3,0.5,2,confirm,measured,43,0.6976744186046512,0.0357372181890355,1.5367003821285263,1.1182077217021944,-0.020747671730161277,0.012177919080013835,0.031828583259174814,0.040674441258333215,24,19
XAUUSD,M30,long,3,0.5,3,touch,1.5R,6,0.5,0.03819934882201822,0.22919609293210932,1.0763986976440365,-0.005043354855223984,0.013889083337727577,1.5000000000000102,-0.2541607814135802,1,5
XAUUSD,M30,long,3,0.5,3,touch,2.5R,6,0.3333333333333333,-0.21180065117797786,-1.2708039070678672,0.6822990232330333,-0.25504335485522006,0.013889083337727577,-1.0,-0.05416078141357343,1,5
XAUUSD,M30,long,3,0.5,3,touch,3.5R,6,0.3333333333333333,-0.04513398451131682,-0.2708039070679009,0.9322990232330248,-0.0883766881885591,0.013889083337727577,-1.0,0.14583921858641982,1,5
XAUUSD,M30,long,3,0.5,3,touch,measured,6,0.5,-0.22527618014739892,-1.3516570808843935,0.5494476397052022,-0.2685188838246411,0.013889083337727577,0.7230220434150568,-0.41493582485989,1,5
XAUUSD,M30,long,3,1.0,2,touch,1.5R,87,0.5287356321839081,0.2944608474840825,25.618093731115177,1.6197430289054255,0.23916664549086808,0.011777755116106466,0.2546290086787421,0.32996313859319004,41,46
XAUUSD,M30,long,3,1.0,2,touch,2.5R,73,0.4657534246575342,0.4933589801248062,36.01520554911085,1.9400335051466442,0.43750874437963067,0.01183325548661815,0.48020721582530296,0.5061552913351338,36,37
XAUUSD,M30,long,3,1.0,2,touch,3.5R,68,0.39705882352941174,0.4948422942810532,33.64927601111162,1.8347069367237583,0.43883687000881766,0.011733585350324365,0.397758006620334,0.5978104781636342,35,33
XAUUSD,M30,long,3,1.0,2,touch,measured,97,0.6804123711340206,0.1886183389510129,18.295978878248253,1.584802364906051,0.13353459664228268,0.011757004819980084,0.15404436381073489,0.2198027086853814,46,51
XAUUSD,M30,long,3,1.0,2,confirm,1.5R,65,0.5076923076923077,0.26784041862314456,17.409627210504397,1.55948623929566,0.21790219293928836,0.013271209722599214,0.20829572162803378,0.32213117176574557,31,34
XAUUSD,M30,long,3,1.0,2,confirm,2.5R,58,0.4827586206896552,0.5426448304978515,31.473400168875386,2.082690171296224,0.4917573652462583,0.013235194714052047,0.40460947522492496,0.6905398540045583,30,28
XAUUSD,M30,long,3,1.0,2,confirm,3.5R,57,0.38596491228070173,0.39683235106098025,22.619444010475874,1.6639181450726936,0.34634155013815887,0.01304184943796299,0.28887433554341774,0.5167857016360498,30,27
XAUUSD,M30,long,3,1.0,2,confirm,measured,79,0.7341772151898734,0.12966566192324458,10.243587291936322,1.4877898710445867,0.08110433698397844,0.013468196515006239,0.09004567649889914,0.16456898241612028,37,42
XAUUSD,M30,long,3,1.0,3,touch,1.5R,23,0.5217391304347826,0.20673769088330007,4.7549668903159015,1.4322697173014456,0.1614686423821254,0.014058781112798265,0.07602656356519037,0.2907662727306563,9,14
XAUUSD,M30,long,3,1.0,3,touch,2.5R,22,0.4090909090909091,0.17466444335703188,3.842617753854701,1.319500979045299,0.1305803222530088,0.01437922838225545,-0.26029963324919486,0.47579341946903503,9,13
XAUUSD,M30,long,3,1.0,3,touch,3.5R,22,0.4090909090909091,0.4019371706297569,8.842617753854652,1.7352344705235898,0.3578530495257339,0.01437922838225545,-0.149188522138086,0.7834857271613405,9,13
XAUUSD,M30,long,3,1.0,3,touch,measured,25,0.64,0.12544766796216358,3.1361916990540895,1.348465744339343,0.07919013250775662,0.013638988239787129,0.07981360664403118,0.15587037550758515,10,15
XAUUSD,M30,long,3,1.0,3,confirm,1.5R,15,0.4666666666666667,0.14507290441155873,2.176093566173381,1.307808793569846,0.10556627668234217,0.016196672520142275,-0.4691138088242543,0.554530713235434,6,9
XAUUSD,M30,long,3,1.0,3,confirm,2.5R,15,0.4666666666666667,0.3821609022547955,5.732413533821933,1.8108508390988003,0.3426542745255789,0.016196672520142275,-0.4691138088242543,0.9496773763074953,6,9
XAUUSD,M30,long,3,1.0,3,confirm,3.5R,15,0.4666666666666667,0.6488275689214639,9.732413533821958,2.376651498325276,0.6093209411922473,0.016196672520142275,-0.4691138088242543,1.3941218207519426,6,9
XAUUSD,M30,long,3,1.0,3,confirm,measured,18,0.7777777777777778,0.2101599914576609,3.782879846237896,1.9457199615594738,0.16847552970056642,0.015091416841487647,0.09166298040742807,0.28556718030780903,7,11
XAUUSD,M30,long,5,0.5,2,touch,1.5R,38,0.42105263157894735,-0.018815256157049615,-0.7149797339678854,0.9675758308210872,-0.07506583625282938,0.01250657912484124,-0.14793513198291466,0.12465127253835605,20,18
XAUUSD,M30,long,5,0.5,2,touch,2.5R,38,0.39473684210526316,0.06844641497265813,2.600963768961009,1.1128360300473974,0.012195834876878373,0.01250657912484124,-0.08786728857988431,0.24212830780881633,20,18
XAUUSD,M30,long,5,0.5,2,touch,3.5R,33,0.3939393939393939,0.20205521551744487,6.667822112075681,1.3333911056037842,0.14415279127644018,0.012397264664326986,-0.20285365318282783,0.6322708885114846,17,16
XAUUSD,M30,long,5,0.5,2,touch,measured,42,0.5952380952380952,0.047768641695078606,2.0062829511933016,1.1180166441878414,-0.00913132559452767,0.012205521361172816,0.01108672457213651,0.09217306768600851,23,19
XAUUSD,M30,long,5,0.5,2,confirm,1.5R,31,0.3870967741935484,-0.09149135175558358,-2.836231904423091,0.8510515208140422,-0.14203927489757698,0.013814781139281156,-0.20711943203252223,0.06860906708940838,18,13
XAUUSD,M30,long,5,0.5,2,confirm,2.5R,29,0.3448275862068966,-0.1356809798803069,-3.9347484165288997,0.7933614695937401,-0.18584537426593836,0.014130817207603175,-0.3051866410212352,0.07294137229314333,16,13
XAUUSD,M30,long,5,0.5,2,confirm,3.5R,28,0.35714285714285715,0.03132687379864433,0.8771524663620411,1.0486180670977454,-0.019884012628966424,0.01377954952479946,-0.25444283584055255,0.41235315331757355,16,12
XAUUSD,M30,long,5,0.5,2,confirm,measured,35,0.6,-0.07793332196237929,-2.727666268683275,0.8051666950940518,-0.1286092810608237,0.013590913879568178,-0.14063484735424966,0.01611896612542623,21,14
XAUUSD,M30,long,5,1.0,2,touch,1.5R,55,0.4727272727272727,0.1267126231743257,6.969194274587912,1.239896053529911,0.07385555720520266,0.0128188026350214,0.22234058687244346,0.027542883042944277,28,27
XAUUSD,M30,long,5,1.0,2,touch,2.5R,52,0.4423076923076923,0.2924604238480175,15.207942040096912,1.5244117944861004,0.23968446494416007,0.012832711329166675,0.4046997518699648,0.1712419495843146,27,25
XAUUSD,M30,long,5,1.0,2,touch,3.5R,50,0.42,0.43300554269125685,21.65027713456284,1.7465612805021666,0.3803741200661255,0.012815096658442784,0.41476913579820057,0.45124194958431296,25,25
XAUUSD,M30,long,5,1.0,2,touch,measured,63,0.6190476190476191,0.09367328232426085,5.901416786428434,1.245892366101185,0.04167497015667735,0.012821540749591447,0.06164900895985753,0.12673059676493523,32,31
XAUUSD,M30,long,5,1.0,2,confirm,1.5R,43,0.4418604651162791,0.05611326507596141,2.4128703982663406,1.1003375140332807,0.011048031268790476,0.014919084643019788,-0.021509316034763026,0.13743215957291083,22,21
XAUUSD,M30,long,5,1.0,2,confirm,2.5R,40,0.425,0.20355010691927608,8.142004276771043,1.3540001859465671,0.1589387567400161,0.015014984688829508,0.018597928374043303,0.38850228546450866,20,20
XAUUSD,M30,long,5,1.0,2,confirm,3.5R,40,0.425,0.4241061368309733,16.964245473238933,1.7375758901408231,0.3791934870421547,0.014795597541574885,0.1591929725185886,0.6890193011433577,20,20
XAUUSD,M30,long,5,1.0,2,confirm,measured,51,0.6274509803921569,-0.004711838323370157,-0.24030375449187802,0.9873524339741118,-0.048089297811365304,0.015312287639154171,-0.17173173185484666,0.16898885094936536,26,25
XAUUSD,M30,long,5,1.0,3,touch,1.5R,13,0.5384615384615384,0.1734589915627603,2.2549668903158837,1.375827815052647,0.13430899314086606,0.01650931261543719,0.43684781441734016,0.008840977278647744,5,8
XAUUSD,M30,long,5,1.0,3,touch,2.5R,13,0.46153846153846156,0.04827918925456057,0.6276294603092873,1.0896613514727553,0.009129190832666346,0.01650931261543719,0.41138032841602035,-0.1786590227213518,5,8
XAUUSD,M30,long,5,1.0,3,touch,3.5R,12,0.5,0.3023024550257709,3.627629460309251,1.6046049100515418,0.26164903867907113,0.015911205508701256,0.6113803284160163,0.08153254546130993,5,7
XAUUSD,M30,long,5,1.0,3,touch,measured,14,0.5714285714285714,0.00296421744499164,0.04149904422988296,1.006916507371647,-0.036996704793763886,0.01603724852252213,0.1137489671938523,-0.058582865748819865,5,9
XAUUSD,M30,long,5,1.0,3,confirm,1.5R,9,0.5555555555555556,0.24952458254883592,2.2457212429395232,1.5614303107348808,0.21307145777664918,0.018272575538020034,0.1887362059551554,0.2981552838237803,4,5
XAUUSD,M30,long,5,1.0,3,confirm,2.5R,9,0.4444444444444444,-0.05206851066274222,-0.46861659596467997,0.9062766808070639,-0.08852163543492887,0.018272575538020034,-0.11484825377089247,-0.0018447161762220165,4,5
XAUUSD,M30,long,5,1.0,3,confirm,3.5R,8,0.5,0.1914229255044159,1.5313834040353271,1.3828458510088317,0.15302098728698266,0.017560858439509143,-0.11484825377089247,0.4976941047797243,4,4
XAUUSD,M30,long,5,1.0,3,confirm,measured,10,0.6,0.03757322100783469,0.3757322100783469,1.0939330525195867,4.441805031272228e-05,0.017504417727765294,-0.08684019939668769,0.12051550127751631,4,6
XAUUSD,M30,short,3,0.5,2,touch,1.5R,67,0.4626865671641791,0.16469385669559264,11.034488398604706,1.3144318342374983,0.09885282779338551,0.009369418197408313,0.1474252974896982,0.17709179663828606,28,39
XAUUSD,M30,short,3,0.5,2,touch,2.5R,63,0.30158730158730157,0.04816648251753392,3.034488398604637,1.070416513784607,-0.017486729078522303,0.009399256321713748,-0.11046506424186542,0.159637299159274,26,37
XAUUSD,M30,short,3,0.5,2,touch,3.5R,60,0.26666666666666666,0.11940905334113279,7.164543200467968,1.166256082991832,0.05427470802205954,0.009464979709181892,-0.16133715292868578,0.3065731908543452,24,36
XAUUSD,M30,short,3,0.5,2,touch,measured,73,0.6575342465753424,0.12886149148283846,9.406888878247207,1.3904339402685642,0.061245734321196836,0.009226927394033023,0.029319649149482575,0.19830928845959836,30,43
XAUUSD,M30,short,3,0.5,2,confirm,1.5R,47,0.5106382978723404,0.26626584062638103,12.514494509439908,1.560867635069581,0.2119958420034008,0.011483705256041548,0.12500000000000117,0.37090720405332905,20,27
XAUUSD,M30,short,3,0.5,2,confirm,2.5R,42,0.30952380952380953,0.02753570366098686,1.1564995537614482,1.040847318060914,-0.024292625054372928,0.011955440524214846,-0.5333333333333338,0.339129613102276,15,27
XAUUSD,M30,short,3,0.5,2,confirm,3.5R,42,0.2857142857142857,0.18229760842289305,7.656499553761509,1.2612003921885548,0.13046927970753328,0.011955440524214846,-0.3999999999999996,0.5057962797689444,15,27
XAUUSD,M30,short,3,0.5,2,confirm,measured,51,0.7254901960784313,0.08422218052276177,4.29533120666085,1.3226481363011742,0.0280221716662591,0.011076585544175914,-0.05337374024828029,0.17299374231053086,20,31
XAUUSD,M30,short,3,0.5,3,touch,1.5R,14,0.35714285714285715,-0.10714285714285574,-1.4999999999999802,0.8333333333333355,-0.16801460224101694,0.008820815145734169,0.5000000000000014,-0.4444444444444431,5,9
XAUUSD,M30,short,3,0.5,3,touch,2.5R,14,0.21428571428571427,-0.25000000000000144,-3.50000000000002,0.68181818181818,-0.31087174509816257,0.008820815145734169,-0.3000000000000013,-0.22222222222222365,5,9
XAUUSD,M30,short,3,0.5,3,touch,3.5R,14,0.14285714285714285,-0.35714285714285576,-4.9999999999999805,0.5833333333333349,-0.4180146022410169,0.008820815145734169,-0.09999999999999867,-0.4999999999999986,5,9
XAUUSD,M30,short,3,0.5,3,touch,measured,14,0.5714285714285714,-0.007680671941057585,-0.10752940717480619,0.9820784321375324,-0.06855241703921879,0.008820815145734169,0.0579587459389352,-0.04414701520772021,5,9
XAUUSD,M30,short,3,0.5,3,confirm,1.5R,10,0.4,3.3750779948604757e-15,3.375077994860476e-14,1.0000000000000056,-0.05487327406392377,0.009579370397831782,0.25000000000000216,-0.1666666666666625,4,6
XAUUSD,M30,short,3,0.5,3,confirm,2.5R,10,0.2,-0.3000000000000011,-3.000000000000011,0.6249999999999987,-0.3548732740639282,0.009579370397831782,-0.125,-0.4166666666666685,4,6
XAUUSD,M30,short,3,0.5,3,confirm,3.5R,10,0.2,-0.0999999999999989,-0.9999999999999889,0.8750000000000013,-0.15487327406392598,0.009579370397831782,0.125,-0.24999999999999814,4,6
XAUUSD,M30,short,3,0.5,3,confirm,measured,10,0.6,-0.040325833851385204,-0.403258338513852,0.899185415371537,-0.09519910791531233,0.009579370397831782,-0.10993639205745823,0.00608120495266352,4,6
XAUUSD,M30,short,3,1.0,2,touch,1.5R,88,0.5,0.2634658583066736,23.184995530987273,1.5447714432572877,0.19890110703998126,0.009762609878194583,0.1508118703455466,0.3378600012998705,35,53
XAUUSD,M30,short,3,1.0,2,touch,2.5R,78,0.3333333333333333,0.14054206189051616,10.96228082746026,1.2168210188415194,0.0755979798202927,0.009586069198969828,0.18057548319044314,0.11269272533404523,32,46
XAUUSD,M30,short,3,1.0,2,touch,3.5R,74,0.2972972972972973,0.23773426526112784,17.59233562932346,1.3479557032873053,0.1727335360691206,0.009582987292463652,0.2926138487364702,0.20031636743703085,30,44
XAUUSD,M30,short,3,1.0,2,touch,measured,100,0.73,0.2584610430970664,25.846104309706643,1.9905219161745302,0.19190738728957335,0.009516484594404111,0.13689615904437782,0.342938335404867,41,59
XAUUSD,M30,short,3,1.0,2,confirm,1.5R,70,0.5285714285714286,0.31913936131152937,22.339755291807055,1.6983905843745877,0.2651522467112847,0.011638076338865459,0.2181124407712807,0.39059742705951,29,41
XAUUSD,M30,short,3,1.0,2,confirm,2.5R,61,0.3114754098360656,0.027704476991035322,1.6899730964531547,1.0412314460504084,-0.025026194916430412,0.011870055050551552,0.0014553714213792794,0.04359209352003762,23,38
XAUUSD,M30,short,3,1.0,2,confirm,3.5R,60,0.2833333333333333,0.16149955160755475,9.689973096453285,1.2307824368220193,0.10970146540322644,0.012055076945963101,0.11515788830417079,0.18832893562530337,22,38
XAUUSD,M30,short,3,1.0,2,confirm,measured,79,0.7974683544303798,0.1953953843322603,15.436235362248565,2.008064783681794,0.13972267414516998,0.011217052870017482,0.10042809896004426,0.26005396160696065,32,47
XAUUSD,M30,short,3,1.0,3,touch,1.5R,22,0.36363636363636365,-0.09090909090908969,-1.9999999999999731,0.8571428571428591,-0.15079129903184194,0.009781286273050251,0.11111111111111269,-0.2307692307692298,9,13
XAUUSD,M30,short,3,1.0,3,touch,2.5R,22,0.22727272727272727,-0.20454545454545575,-4.500000000000027,0.7352941176470572,-0.26442766266820805,0.009781286273050251,0.16666666666666513,-0.4615384615384625,9,13
XAUUSD,M30,short,3,1.0,3,touch,3.5R,22,0.18181818181818182,-0.21101936868976653,-4.6424261111748635,0.7420874382680631,-0.27090157681251875,0.009781286273050251,0.4286193209805693,-0.6538461538461529,9,13
XAUUSD,M30,short,3,1.0,3,touch,measured,23,0.6086956521739131,0.06054323885529623,1.3924944936718133,1.1547216104079792,0.0002285464596716254,0.009667330927796971,0.17877093399771246,-0.015460279450542735,9,14
XAUUSD,M30,short,3,1.0,3,confirm,1.5R,17,0.47058823529411764,0.17647058823529557,3.000000000000025,1.3333333333333361,0.12200399572086228,0.010210832681296132,0.11111111111111145,0.25000000000000255,9,8
XAUUSD,M30,short,3,1.0,3,confirm,2.5R,17,0.23529411764705882,-0.17965855898092994,-3.054195502675809,0.7650618844095531,-0.23412515149536334,0.010210832681296132,0.1606449441471335,-0.5625000000000013,9,8
XAUUSD,M30,short,3,1.0,3,confirm,3.5R,17,0.23529411764705882,-0.003187970745634542,-0.05419550267578721,0.9958311151787856,-0.05765456326006785,0.010210832681296132,0.3828671663693558,-0.4374999999999986,9,8
XAUUSD,M30,short,3,1.0,3,confirm,measured,18,0.7222222222222222,0.15334314739384114,2.7601766530891405,1.5520353306178283,0.09855839319680804,0.010105038884558996,0.11021932020488417,0.19646697458279816,9,9
XAUUSD,M30,short,5,0.5,2,touch,1.5R,39,0.5128205128205128,0.27251046999260403,10.627908329711557,1.5593635963006083,0.2126674359790666,0.010560251540892051,0.695494270606972,-0.021739130434782376,16,23
XAUUSD,M30,short,5,0.5,2,touch,2.5R,38,0.3157894736842105,0.060473576156190686,2.297995893935246,1.0883844574590478,0.00025941409645833716,0.01055048682082804,-0.01262525662904676,0.1136363636363634,16,22
XAUUSD,M30,short,5,0.5,2,touch,3.5R,38,0.2631578947368421,-0.0018934027421432652,-0.07194930420144408,0.9974303819928056,-0.062107564801875625,0.01055048682082804,-0.387625256629045,0.27863885463014887,16,22
XAUUSD,M30,short,5,0.5,2,touch,measured,40,0.675,0.16533842522928738,6.613537009171495,1.5087336160901152,0.10430500439839822,0.010412569221341445,0.2055144247347015,0.1385544255590113,16,24
XAUUSD,M30,short,5,0.5,2,confirm,1.5R,26,0.4230769230769231,0.012585997099996664,0.32723592459991324,1.0218157283066607,-0.042315043261708644,0.01202872507011771,0.04166666666666644,-0.012340291100006054,12,14
XAUUSD,M30,short,5,0.5,2,confirm,2.5R,26,0.3076923076923077,-0.04206675500604504,-1.093735630157171,0.9392369094357128,-0.09696779536775028,0.01202872507011771,-0.42191471658989127,0.2835172120658232,12,14
XAUUSD,M30,short,5,0.5,2,confirm,3.5R,26,0.2692307692307692,-0.022835985775274955,-0.5937356301571488,0.9687507563075185,-0.0777370261369802,0.01202872507011771,-0.3385813832565579,0.24780292635153908,12,14
XAUUSD,M30,short,5,0.5,2,confirm,measured,28,0.6785714285714286,-0.010152058166140149,-0.28425762865192417,0.9684158190386754,-0.06540985810594746,0.011829916096727854,-0.017015004143063672,-0.0050048486834474715,12,16
XAUUSD,M30,short,5,0.5,3,touch,1.5R,6,0.5,0.25000000000000117,1.500000000000007,1.5000000000000024,0.1981493373954928,0.01071198732506178,0.8750000000000018,-1.0,4,2
XAUUSD,M30,short,5,0.5,3,touch,2.5R,6,0.3333333333333333,0.16666666666666555,0.9999999999999933,1.2499999999999982,0.11481600406215704,0.01071198732506178,0.7499999999999983,-1.0,4,2
XAUUSD,M30,short,5,0.5,3,touch,3.5R,6,0.16666666666666666,-0.2499999999999989,-1.4999999999999933,0.7000000000000013,-0.3018506626045074,0.01071198732506178,0.12500000000000167,-1.0,4,2
XAUUSD,M30,short,5,0.5,3,touch,measured,6,0.8333333333333334,0.4634063989751396,2.7804383938508375,3.7804383938508375,0.41155573637063103,0.01071198732506178,0.3327015317723958,0.7248161333806271,4,2
XAUUSD,M30,short,5,1.0,2,touch,1.5R,52,0.5192307692307693,0.30343106657873364,15.77841546209415,1.6449197320790963,0.2481730045198763,0.011458019274844519,0.4418293077187694,0.20967741935483847,21,31
XAUUSD,M30,short,5,1.0,2,touch,2.5R,48,0.3333333333333333,0.09845392339147556,4.725788322790827,1.1501885442568869,0.04171220554672698,0.011135177515037046,0.17242515131589453,0.04561733201689059,20,28
XAUUSD,M30,short,5,1.0,2,touch,3.5R,48,0.2916666666666667,0.11158006509696052,5.355843124654105,1.1600397552278863,0.05483834725221196,0.011135177515037046,-0.027574848684105625,0.21097643208343633,20,28
XAUUSD,M30,short,5,1.0,2,touch,measured,55,0.6727272727272727,0.1762023678172183,9.691130229947007,1.538396123885945,0.11999735157992389,0.011256986694021781,0.19940038815504557,0.16073702092533346,22,33
XAUUSD,M30,short,5,1.0,2,confirm,1.5R,40,0.5,0.22881241767417587,9.152496706967035,1.4651902424589385,0.17979637638340598,0.013128653418749267,0.048544751903948635,0.3620537358521699,17,23
XAUUSD,M30,short,5,1.0,2,confirm,2.5R,37,0.32432432432432434,0.011884808446880191,0.43973791253456707,1.0178213803459504,-0.03706617282868947,0.013270198263269781,-0.16863353709246418,0.1349654985873423,15,22
XAUUSD,M30,short,5,1.0,2,confirm,3.5R,37,0.2972972972972973,0.1064794030414755,3.9397379125345937,1.1534480206065292,0.05752842176590584,0.013270198263269781,-0.03530020375912984,0.203147316769161,15,22
XAUUSD,M30,short,5,1.0,2,confirm,measured,45,0.6888888888888889,0.04895068333545526,2.202780750095487,1.1573414821496777,-0.000664021392254393,0.012752794997222833,0.016603278972648322,0.0725891711390449,19,26
XAUUSD,M30,short,5,1.0,3,touch,1.5R,9,0.3333333333333333,-0.16666666666666588,-1.499999999999993,0.7500000000000012,-0.22092633705421563,0.01113192417685749,0.8750000000000018,-1.0,4,5
XAUUSD,M30,short,5,1.0,3,touch,2.5R,9,0.3333333333333333,0.13000972935819316,1.1700875642237385,1.1950145940372898,0.07575005897064341,0.01113192417685749,1.5425218910559346,-1.0,4,5
XAUUSD,M30,short,5,1.0,3,touch,3.5R,9,0.2222222222222222,-0.14776804841958308,-1.3299124357762477,0.8100125091748218,-0.20202771880713277,0.01113192417685749,0.9175218910559381,-1.0,4,5
XAUUSD,M30,short,5,1.0,3,touch,measured,9,0.5555555555555556,-0.019470172955586246,-0.17523155660027623,0.9561921108499309,-0.073729843343136,0.01113192417685749,0.3437840441596174,-0.31007354664774917,4,5
XAUUSD,M30,short,5,1.0,3,confirm,1.5R,5,0.4,0.0,0.0,1.0,-0.054833322323773005,0.009771191112898665,0.6666666666666666,-1.0,3,2
XAUUSD,M30,short,5,1.0,3,confirm,2.5R,5,0.4,0.3874046801842609,1.9370234009213045,1.6456744669737684,0.3325713578604879,0.009771191112898665,1.312341133640435,-1.0,3,2
XAUUSD,M30,short,5,1.0,3,confirm,3.5R,5,0.4,0.587404680184261,2.937023400921305,1.9790078003071017,0.532571357860488,0.009771191112898665,1.6456744669737684,-1.0,3,2
XAUUSD,M30,short,5,1.0,3,confirm,measured,5,0.6,0.04013305156541973,0.20066525782709865,1.1003326289135493,-0.014700270758353251,0.009771191112898665,0.21561393154224562,-0.22308826839981905,3,2
XAUUSD,H1,long,3,0.5,2,touch,1.5R,27,0.4444444444444444,0.04605313541162422,1.243434656113854,1.0828956437409236,-0.004126376889517079,0.013704483780056452,0.0946633963947003,0.012633580985759445,11,16
XAUUSD,H1,long,3,0.5,2,touch,2.5R,26,0.38461538461538464,0.20167056369668745,5.243434656113874,1.327714666007117,0.15172479379739554,0.013889740382339484,0.25412973603417055,0.1688835809857605,10,16
XAUUSD,H1,long,3,0.5,2,touch,3.5R,25,0.32,0.2097373862445537,5.243434656113843,1.308437332712579,0.15929755514063368,0.013913333603634146,0.10412973603416945,0.2801424863848098,10,15
XAUUSD,H1,long,3,0.5,2,touch,measured,30,0.7333333333333333,0.2577508009542523,7.7325240286275685,1.9665655035784462,0.2077863783723153,0.013680488437803165,0.22384653899202922,0.2836775895135993,13,17
XAUUSD,H1,long,3,0.5,2,confirm,1.5R,25,0.4,-0.08501601317654947,-2.1254003294137367,0.8583066447057508,-0.12962149748749857,0.015679597549371822,0.07016820212859795,-0.2069464680591653,11,14
XAUUSD,H1,long,3,0.5,2,confirm,2.5R,23,0.34782608695652173,0.038026072634186295,0.8745996705862848,1.0583066447057523,-0.005472228445801354,0.016284694998691934,0.22718502234146082,-0.10748081175602492,10,13
XAUUSD,H1,long,3,0.5,2,confirm,3.5R,23,0.2608695652173913,-0.09240870997451052,-2.125400329413742,0.8749764512109564,-0.13714959324590134,0.015897081499106673,0.07718502234145772,-0.22286542714063995,10,13
XAUUSD,H1,long,3,0.5,2,confirm,measured,28,0.7142857142857143,0.07872678845720794,2.2043500768018225,1.275543759600228,0.034936137555430354,0.015709763780587922,0.06921309868505743,0.08697198625973841,13,15
XAUUSD,H1,long,3,0.5,3,touch,1.5R,6,0.6666666666666666,0.4503562159620282,2.702137295772169,2.3510686478860845,0.4085736367873565,0.015745503501316396,1.500000000000005,-0.07446567605696033,2,4
XAUUSD,H1,long,3,0.5,3,touch,2.5R,6,0.3333333333333333,-0.21631045070463992,-1.2978627042278394,0.6755343239430401,-0.2580930298793116,0.015745503501316396,0.75,-0.6994656760569599,2,4
XAUUSD,H1,long,3,0.5,3,touch,3.5R,6,0.3333333333333333,-0.04964378403797326,-0.29786270422783956,0.9255343239430401,-0.09142636321264497,0.015745503501316396,1.25,-0.6994656760569599,2,4
XAUUSD,H1,long,3,0.5,3,touch,measured,7,0.8571428571428571,0.42998496655477536,3.0098947658834274,4.009894765883427,0.39121775591426555,0.016950974074894577,0.7411572272017601,0.30551606229598144,2,5
XAUUSD,H1,long,3,0.5,3,confirm,1.5R,6,0.5,0.01712490786194584,0.10274944717167504,1.0342498157238917,-0.018307922240349963,0.017767422762624073,0.24999999999999667,-0.09931263820707957,2,4
XAUUSD,H1,long,3,0.5,3,confirm,2.5R,6,0.3333333333333333,-0.23287509213805221,-1.3972505528283132,0.6506873617929217,-0.268307922240348,0.017767422762624073,0.7500000000000033,-0.7243126382070799,2,4
XAUUSD,H1,long,3,0.5,3,confirm,3.5R,6,0.3333333333333333,-0.06620842547138775,-0.3972505528283265,0.9006873617929184,-0.10164125557368354,0.017767422762624073,1.2499999999999967,-0.7243126382070799,2,4
XAUUSD,H1,long,3,0.5,3,confirm,measured,7,0.8571428571428571,0.2506708964347827,1.7546962750434787,2.7546962750434787,0.21749499165026528,0.018867158172357238,0.4491011029196368,0.17129881384084097,2,5
XAUUSD,H1,long,3,1.0,2,touch,1.5R,42,0.5714285714285714,0.39703461652558875,16.675453894074728,1.9665685954853034,0.3517678035407136,0.014343861545767818,1.0132668489663792,-0.022003301534148662,17,25
XAUUSD,H1,long,3,1.0,2,touch,2.5R,39,0.46153846153846156,0.4621802325104734,18.025029067908463,1.9000392907692376,0.4177405067821303,0.01439756336581103,0.9799067107399282,0.1386011836170641,15,24
XAUUSD,H1,long,3,1.0,2,touch,3.5R,37,0.40540540540540543,0.4772729602678171,17.659099529909234,1.8398322856907976,0.43305286569764495,0.014588897066926607,0.9555114082066491,0.15120129121861353,15,22
XAUUSD,H1,long,3,1.0,2,touch,measured,49,0.7142857142857143,0.24120661699983956,11.819124232992138,1.8442231594994383,0.19512490859228449,0.013913622515595483,0.4499407481499214,0.07112695458125418,22,27
XAUUSD,H1,long,3,1.0,2,confirm,1.5R,41,0.4634146341463415,0.12341260530831014,5.059916817640715,1.2401521704733478,0.08246541281758797,0.015521720352499175,0.46806866885112014,-0.12071877303451357,17,24
XAUUSD,H1,long,3,1.0,2,confirm,2.5R,37,0.4594594594594595,0.4349044323183275,16.091463995778117,1.843826857478894,0.39616427064434595,0.01631490426858099,0.9638111580312729,0.07428621024131939,15,22
XAUUSD,H1,long,3,1.0,2,confirm,3.5R,37,0.3783783783783784,0.31102097320763367,11.507776008682447,1.5214304553400915,0.271508395576834,0.01607395533640637,0.6379540704369764,0.08811204327853644,15,22
XAUUSD,H1,long,3,1.0,2,confirm,measured,48,0.7083333333333334,0.07651337005930751,3.6726417628467605,1.262331554489054,0.036099619955776235,0.01562819167081399,0.2782610701869589,-0.09419622235639741,22,26
XAUUSD,H1,long,3,1.0,3,touch,1.5R,10,0.6,0.4134156533733021,4.134156533733021,2.2711799154389607,0.3787982285582945,0.017712463435161818,0.9368478144173448,-0.11001650767074038,5,5
XAUUSD,H1,long,3,1.0,3,touch,2.5R,10,0.3,-0.1392779237596464,-1.392779237596464,0.7361738615627844,-0.17389534857465408,0.017712463435161818,0.3314606601514472,-0.61001650767074,5,5
XAUUSD,H1,long,3,1.0,3,touch,3.5R,10,0.3,-0.039277923759646415,-0.39277923759646416,0.9255980942879242,-0.07389534857465405,0.017712463435161818,0.5314606601514471,-0.61001650767074,5,5
XAUUSD,H1,long,3,1.0,3,touch,measured,12,0.75,0.3021550689852087,3.6258608278225046,2.208620275940835,0.2661886867718072,0.017419229746139464,0.4875781086165359,0.11673202935388144,6,6
XAUUSD,H1,long,3,1.0,3,confirm,1.5R,10,0.4,-0.004087412489620075,-0.04087412489620075,0.9907074026780152,-0.034905481088243887,0.019361911046488628,0.13706342941089356,-0.14523825439013374,5,5
XAUUSD,H1,long,3,1.0,3,confirm,2.5R,10,0.3,-0.1540874124896189,-1.540874124896189,0.7145772708798678,-0.18490548108824273,0.019361911046488628,0.3370634294108962,-0.645238254390134,5,5
XAUUSD,H1,long,3,1.0,3,confirm,3.5R,10,0.3,-0.054087412489620235,-0.5408741248962023,0.8998115638753179,-0.08490548108824404,0.019361911046488628,0.5370634294108936,-0.645238254390134,5,5
XAUUSD,H1,long,3,1.0,3,confirm,measured,12,0.75,0.1704258197909474,2.0451098374913688,1.6817032791637896,0.13841489185576267,0.018996928115560325,0.3050158473254305,0.035835792256464244,6,6
XAUUSD,H1,long,5,0.5,2,touch,1.5R,19,0.3684210526315789,-0.15270360366241226,-2.901368469585833,0.7582192942011806,-0.19899879827004105,0.015427965034546517,-0.49541140440647813,0.15573341700724697,9,10
XAUUSD,H1,long,5,0.5,2,touch,2.5R,19,0.3157894736842105,-0.07375623524135955,-1.4013684695858315,0.8922024254164745,-0.12005142984898835,0.015427965034546517,-0.3843002932953653,0.20573341700724548,9,10
XAUUSD,H1,long,5,0.5,2,touch,3.5R,18,0.2777777777777778,-0.050076026088101945,-0.901368469585835,0.9306639638780128,-0.0968546070748441,0.01554619032257838,-0.27318918218425586,0.17303713000805188,9,9
XAUUSD,H1,long,5,0.5,2,touch,measured,23,0.6086956521739131,0.08054074920463361,1.8524372317065732,1.2058263590785083,0.031373263615079035,0.014393709876009304,-0.1134528511031087,0.2921701313585343,12,11
XAUUSD,H1,long,5,0.5,2,confirm,1.5R,15,0.4,-0.10740924598005902,-1.6111386897008853,0.8209845900332351,-0.146544045792199,0.01813636705723399,-0.3897356823693429,0.13962638586056442,7,8
XAUUSD,H1,long,5,0.5,2,confirm,2.5R,15,0.3333333333333333,-0.07407591264672649,-1.1111386897008972,0.8888861310299102,-0.11321071245886645,0.01813636705723399,-0.24687853951220198,0.07712638586056464,7,8
XAUUSD,H1,long,5,0.5,2,confirm,3.5R,14,0.2857142857142857,-0.11508133497863501,-1.6111386897008901,0.8388861310299109,-0.15499577714325152,0.01816624671856871,-0.10402139665505723,-0.12614127330221278,7,7
XAUUSD,H1,long,5,0.5,2,confirm,measured,19,0.6842105263157895,0.050684648754195975,0.9630083263297236,1.1605013877216204,0.00887371235451619,0.016786626777778563,-0.12405091095079009,0.24483527064862493,10,9
XAUUSD,H1,long,5,1.0,2,touch,1.5R,32,0.46875,0.1415828365117195,4.530650768375024,1.2787711964652184,0.09918293682439383,0.015423524757069162,0.11503576216189468,0.1650067256439178,15,17
XAUUSD,H1,long,5,1.0,2,touch,2.5R,30,0.43333333333333335,0.2991616878013771,8.974850634041312,1.5279323902377242,0.2567001885702511,0.015283022401530547,0.3018240308877448,0.2968321376008053,14,16
XAUUSD,H1,long,5,1.0,2,touch,3.5R,29,0.41379310344827586,0.40028800210405735,11.608352061017664,1.682844238883392,0.3576586663402576,0.015351405592963567,0.38278841852891343,0.4166209467741916,14,15
XAUUSD,H1,long,5,1.0,2,touch,measured,36,0.6111111111111112,0.08858912761606105,3.189208594178198,1.2278006138698712,0.04523161642758473,0.014891706601386109,-0.01084189500974659,0.1880201502418687,18,18
XAUUSD,H1,long,5,1.0,2,confirm,1.5R,27,0.48148148148148145,0.15980983018508774,4.314865414997369,1.3237215549174928,0.12302807031430239,0.017450146190288344,0.168899587269601,0.15253802451747708,12,15
XAUUSD,H1,long,5,1.0,2,confirm,2.5R,26,0.4230769230769231,0.3198025159614378,8.314865414997383,1.5802847243202687,0.28407609192057337,0.017821856545678076,0.32061773156683787,0.3192046911841446,11,15
XAUUSD,H1,long,5,1.0,2,confirm,3.5R,25,0.4,0.46476134967264565,11.619033741816141,1.81087876414411,0.4287346609452453,0.017826008735563285,0.5933450042941103,0.3637313353272094,11,14
XAUUSD,H1,long,5,1.0,2,confirm,measured,31,0.6451612903225806,-0.01223094869386328,-0.3791594095097617,0.9655309627718399,-0.04945230407907448,0.016907029214747002,-0.0694902721232188,0.04144966702115751,15,16
XAUUSD,H1,long,5,1.0,3,touch,1.5R,7,0.42857142857142855,0.13314560542297846,0.9320192379608492,1.2865794089873877,0.10200043849618834,0.01863526035207762,0.17105976802167788,0.08259338862471255,4,3
XAUUSD,H1,long,5,1.0,3,touch,2.5R,7,0.2857142857142857,-0.08114010886273341,-0.567980762039134,0.8664272346690902,-0.11228527578952364,0.01863526035207762,0.42105976802168166,-0.7507399447086202,4,3
XAUUSD,H1,long,5,1.0,3,touch,3.5R,7,0.2857142857142857,0.061717033994407276,0.43201923796085095,1.1015985190826012,0.030571867067617102,0.01863526035207762,0.6710597680216779,-0.7507399447086202,4,3
XAUUSD,H1,long,5,1.0,3,touch,measured,7,0.5714285714285714,0.05051787395367339,0.3536251176757137,1.117875039225238,0.019372707026883144,0.01863526035207762,-0.06967526605756114,0.21077539396865275,4,3
XAUUSD,H1,long,5,1.0,3,confirm,1.5R,5,0.6,0.5852008209396559,2.926004104698279,3.201756679282617,0.5597437841020797,0.022772962383290008,1.3774724119103139,0.0570197602925504,2,3
XAUUSD,H1,long,5,1.0,3,confirm,2.5R,5,0.4,0.2852008209396528,1.426004104698264,1.612297295929304,0.2597437841020769,0.022772962383290008,1.8774724119103072,-0.7763135730407834,2,3
XAUUSD,H1,long,5,1.0,3,confirm,3.5R,5,0.4,0.4852008209396555,2.4260041046982774,2.0416770529103485,0.4597437841020796,0.022772962383290008,2.377472411910314,-0.7763135730407834,2,3
XAUUSD,H1,long,5,1.0,3,confirm,measured,5,0.8,0.3575154283531827,1.7875771417659134,2.7875771417659134,0.33205839151560673,0.022772962383290008,0.7224970369030845,0.11419435598658145,2,3
XAUUSD,H1,short,3,0.5,2,touch,1.5R,34,0.5588235294117647,0.3955598300841839,13.449034222862252,1.8935661951534815,0.3488958928547404,0.013362849291745435,0.7307692307692324,0.18804924870772535,13,21
XAUUSD,H1,short,3,0.5,2,touch,2.5R,32,0.3125,0.1127405407286175,3.60769730331576,1.168644645434778,0.06479161460677907,0.012886538540607319,0.07692307692307597,0.13724722649030383,13,19
XAUUSD,H1,short,3,0.5,2,touch,3.5R,32,0.28125,0.2145649004924482,6.866076815758342,1.306626652415477,0.16661597437060982,0.012886538540607319,0.3846153846153856,0.09821456925043848,13,19
XAUUSD,H1,short,3,0.5,2,touch,measured,37,0.7027027027027027,0.20897364961142434,7.7320250356227005,1.7029113668747906,0.16147742025047532,0.013143682857534205,0.2652683021326921,0.17059093198328723,15,22
XAUUSD,H1,short,3,0.5,2,confirm,1.5R,29,0.5172413793103449,0.30465850173034137,8.8350965501799,1.6465538949926657,0.26313456152153053,0.01531317950915769,0.45833333333333354,0.19618215001058226,12,17
XAUUSD,H1,short,3,0.5,2,confirm,2.5R,26,0.2692307692307692,-0.10438067330767588,-2.7138975059995727,0.854598899303402,-0.14388103657428492,0.015859446359496567,0.05000000000000075,-0.2008685941249737,10,16
XAUUSD,H1,short,3,0.5,2,confirm,3.5R,25,0.24,-0.13505366260876725,-3.3763415652191813,0.8191074722515255,-0.17391337461650813,0.016133571895057947,-0.24027156213551018,-0.07586859412497432,9,16
XAUUSD,H1,short,3,0.5,2,confirm,measured,31,0.7096774193548387,0.04451689558295716,1.380023763071672,1.1533359736746303,0.00345634505365444,0.015370011419374538,0.03324511577883111,0.05265762544149263,13,18
XAUUSD,H1,short,3,0.5,3,touch,1.5R,5,0.4,1.4210854715202005e-15,7.105427357601002e-15,1.0000000000000024,-0.042849690472276644,0.01234382930085018,0.2500000000000018,-1.0,4,1
XAUUSD,H1,short,3,0.5,3,touch,2.5R,5,0.2,-0.3000000000000013,-1.5000000000000067,0.6249999999999983,-0.34284969047227937,0.01234382930085018,-0.12500000000000167,-1.0,4,1
XAUUSD,H1,short,3,0.5,3,touch,3.5R,5,0.2,-0.09999999999999867,-0.49999999999999334,0.8750000000000017,-0.14284969047227675,0.01234382930085018,0.12500000000000167,-1.0,4,1
XAUUSD,H1,short,3,0.5,3,touch,measured,5,0.6,0.03345502289797668,0.16727511448988341,1.0836375572449417,-0.009394667574301296,0.01234382930085018,-0.12309222363689906,0.6596440090374797,4,1
XAUUSD,H1,short,3,1.0,2,touch,1.5R,46,0.5,0.2605071722424813,11.983329923154141,1.5321981395231579,0.21596057819922237,0.013832093561146373,0.21233135264694253,0.29440867492082345,19,27
XAUUSD,H1,short,3,1.0,2,touch,2.5R,40,0.325,0.14958324807885345,5.983329923154138,1.2256440912759528,0.10354798276589561,0.013495314819340775,0.0019053166828830984,0.27041064649373836,18,22
XAUUSD,H1,short,3,1.0,2,touch,3.5R,38,0.3157894736842105,0.38800561296292874,14.744213292591292,1.5778267010619997,0.34091330896612365,0.013187183644568343,0.3549585706054046,0.41475798058568636,17,21
XAUUSD,H1,short,3,1.0,2,touch,measured,53,0.7358490566037735,0.2680359118779268,14.20590332953012,2.0147073806807225,0.22164380819710525,0.013266473476281909,0.19803330413302245,0.32170457781568673,23,30
XAUUSD,H1,short,3,1.0,2,confirm,1.5R,39,0.46153846153846156,0.16085501513505945,6.2733455902673185,1.3026704390517327,0.12196208761653843,0.01615663574070533,-0.009707734312938377,0.30705165751905766,18,21
XAUUSD,H1,short,3,1.0,2,confirm,2.5R,33,0.3333333333333333,0.08834283024719465,2.9153133981574233,1.1341814226515925,0.050005597384330636,0.01644346881310218,0.0688982361794502,0.10454665863698168,15,18
XAUUSD,H1,short,3,1.0,2,confirm,3.5R,32,0.3125,0.0924965521334842,2.9598896682714946,1.1362331085335249,0.05568194596455962,0.016804026878833957,-0.20871072765672488,0.3267688808592024,14,18
XAUUSD,H1,short,3,1.0,2,confirm,measured,46,0.7608695652173914,0.10721324895358846,4.931809451865069,1.4483463138059154,0.06759669853004144,0.015605170945275408,-0.013411231075542651,0.20000131051445857,20,26
XAUUSD,H1,short,3,1.0,3,touch,1.5R,11,0.36363636363636365,-0.09090909090908977,-0.9999999999999876,0.8571428571428589,-0.12780131655623472,0.015646811325627643,0.5000000000000024,-0.5833333333333334,5,6
XAUUSD,H1,short,3,1.0,3,touch,2.5R,11,0.18181818181818182,-0.36363636363636426,-4.000000000000007,0.5555555555555548,-0.4005285892835092,0.015646811325627643,0.3999999999999987,-1.0,5,6
XAUUSD,H1,short,3,1.0,3,touch,3.5R,11,0.18181818181818182,-0.1818181818181812,-1.9999999999999933,0.7777777777777786,-0.2187104074653262,0.015646811325627643,0.8000000000000014,-1.0,5,6
XAUUSD,H1,short,3,1.0,3,touch,measured,11,0.6363636363636364,0.1115924666781589,1.2275171334597479,1.3068792833649372,0.07470024103101393,0.015646811325627643,0.05816991361609578,0.15611126089654484,5,6
XAUUSD,H1,short,3,1.0,3,confirm,1.5R,8,0.375,-0.06250000000000061,-0.5000000000000049,0.8999999999999989,-0.09616033739080299,0.01665265340192284,0.25,-0.3750000000000012,4,4
XAUUSD,H1,short,3,1.0,3,confirm,2.5R,8,0.25,-0.125,-1.0,0.8333333333333334,-0.15866033739080243,0.01665265340192284,0.75,-1.0,4,4
XAUUSD,H1,short,3,1.0,3,confirm,3.5R,8,0.25,-0.14530550740244896,-1.1624440592195917,0.8062593234634013,-0.1789658447932514,0.01665265340192284,0.7093889851951021,-1.0,4,4
XAUUSD,H1,short,3,1.0,3,confirm,measured,8,0.625,-0.03028672992461616,-0.24229383939692928,0.9192353868676904,-0.06394706731541855,0.01665265340192284,-0.20585005896552772,0.14527659911629542,4,4
XAUUSD,H1,short,5,0.5,2,touch,1.5R,22,0.6363636363636364,0.590909090909092,13.000000000000025,2.625000000000003,0.545730767903795,0.014300825007415148,0.7500000000000027,0.4583333333333332,10,12
XAUUSD,H1,short,5,0.5,2,touch,2.5R,21,0.2857142857142857,0.03136490859302468,0.6586630804535183,1.0459275926748361,-0.014473861861995983,0.014221345894222784,-0.30000000000000154,0.3326057345866849,10,11
XAUUSD,H1,short,5,0.5,2,touch,3.5R,21,0.2857142857142857,0.2103353615664813,4.417042592896108,1.3079937817286698,0.16449659111146064,0.014221345894222784,-0.09999999999999845,0.49245841753600833,10,11
XAUUSD,H1,short,5,0.5,2,touch,measured,24,0.75,0.2834061333447483,6.801747200273959,2.133624533378993,0.2360595822265712,0.013707802310987333,0.23979677676455033,0.32030635814337727,11,13
XAUUSD,H1,short,5,0.5,2,confirm,1.5R,18,0.3888888888888889,-0.006277125428906485,-0.11298825772031673,0.9893537753009266,-0.04451922343479046,0.017501468213143523,-0.16666666666666666,0.1541124158088537,9,9
XAUUSD,H1,short,5,0.5,2,confirm,2.5R,18,0.2777777777777778,-0.09233235077221123,-1.6619823138998022,0.8682324695828909,-0.1305744487780952,0.017501468213143523,-0.2222222222222222,0.03755752067779975,9,9
XAUUSD,H1,short,5,0.5,2,confirm,3.5R,18,0.2222222222222222,-0.1756656841055446,-3.1619823138998027,0.7677231292617512,-0.21390778211142855,0.017501468213143523,-0.5,0.14866863178891088,9,9
XAUUSD,H1,short,5,0.5,2,confirm,measured,19,0.7368421052631579,0.0056639888469773745,0.10761578809257011,1.021523157618514,-0.03294701027672037,0.017161887045833314,-0.05411839967170213,0.05946813851378892,9,10
XAUUSD,H1,short,5,1.0,2,touch,1.5R,34,0.5588235294117647,0.41277340294976195,14.034295700291906,1.9701771451650014,0.3679018808759123,0.014094011455382317,0.3549585706054058,0.4705882352941182,17,17
XAUUSD,H1,short,5,1.0,2,touch,2.5R,30,0.3333333333333333,0.20901369469984685,6.270410840995406,1.3347863526403507,0.163068949348161,0.013994495039074843,0.12714348126824293,0.3025796529073942,16,14
XAUUSD,H1,short,5,1.0,2,touch,3.5R,28,0.35714285714285715,0.5019562001825282,14.054773605110789,1.8401146896991125,0.45576090689779214,0.014040963821390114,0.4040185967976473,0.6149611271650829,15,13
XAUUSD,H1,short,5,1.0,2,touch,measured,36,0.8055555555555556,0.39302668289863185,14.148960584350746,3.021280083478678,0.3466926309200039,0.013710152632876707,0.33170643566842817,0.4543469301288354,18,18
XAUUSD,H1,short,5,1.0,2,confirm,1.5R,27,0.37037037037037035,-0.03166814918934088,-0.8550400281122039,0.9460714052694821,-0.06728327134937744,0.018357660821792753,-0.25700266854081383,0.2500000000000003,15,12
XAUUSD,H1,short,5,1.0,2,confirm,2.5R,23,0.34782608695652173,0.14290990346860172,3.2869277797778396,1.2372369746394511,0.10840292227394004,0.01897671506221348,0.027167133247107785,0.29337550475654395,13,10
XAUUSD,H1,short,5,1.0,2,confirm,3.5R,22,0.3181818181818182,0.11295026332411484,2.4849057931305265,1.179350314982028,0.08069503890515098,0.019568877143627997,-0.2040707712029094,0.4933755047565439,12,10
XAUUSD,H1,short,5,1.0,2,confirm,measured,30,0.8,0.11653586265542427,3.4960758796627283,1.5826793132771213,0.07906002887648615,0.017335785220487416,0.04749561961992366,0.19543899755313923,16,14
XAUUSD,H2,long,3,0.5,2,touch,1.5R,17,0.5882352941176471,0.4119466332102377,7.003092764574041,2.000441823510577,0.386903327341226,0.023386910987404995,0.42857142857142766,0.4003092764574047,7,10
XAUUSD,H2,long,3,0.5,2,touch,2.5R,16,0.5,0.5775460305661333,9.240736489058133,2.1550920611322666,0.5530177005775193,0.023909672900216644,0.6229406207473467,0.5503092764574053,6,10
XAUUSD,H2,long,3,0.5,2,touch,3.5R,15,0.4,0.4257891004494922,6.386836506742383,1.7096485007491535,0.4009219665318975,0.02378952640400649,0.06395729036138942,0.6670103071748941,6,9
XAUUSD,H2,long,3,0.5,2,touch,measured,20,0.65,0.13898181646338068,2.7796363292676136,1.397090904181088,0.10978859599203813,0.021380920092646048,0.23214208215954732,0.04582155076721398,10,10
XAUUSD,H2,long,3,0.5,2,confirm,1.5R,13,0.6153846153846154,0.524793140001499,6.822310820019487,2.364462164003897,0.5023248088475119,0.02701701916268902,0.6370518033365796,0.4285714285714298,6,7
XAUUSD,H2,long,3,0.5,2,confirm,2.5R,11,0.45454545454545453,0.4838464381835896,5.322310820019485,1.8870518033365806,0.4611177016396821,0.027438754085758063,0.16446216400389577,0.7500000000000009,5,6
XAUUSD,H2,long,3,0.5,2,confirm,3.5R,11,0.45454545454545453,0.7698971902854838,8.468869093140322,2.4114781821900535,0.7471684537415763,0.027438754085758063,0.19377381862806323,1.2500000000000009,5,6
XAUUSD,H2,long,3,0.5,2,confirm,measured,16,0.75,0.1617676591561586,2.5882825464985375,1.6470706366246344,0.13488258352338378,0.024036538833683743,0.17599305270111232,0.14347786745550378,9,7
XAUUSD,H2,long,3,1.0,2,touch,1.5R,20,0.55,0.32515463822870266,6.5030927645740535,1.7225658627304503,0.29694842264868704,0.02131008417999898,0.5624999999999998,0.16692439704783787,8,12
XAUUSD,H2,long,3,1.0,2,touch,2.5R,17,0.4117647058823529,0.27886685229753666,4.740736489058123,1.4740736489058122,0.25100820324646433,0.02211273059500559,0.3910919606405829,0.2003092764574043,7,10
XAUUSD,H2,long,3,1.0,2,touch,3.5R,17,0.35294117647058826,0.17877374011534666,3.0391535819608935,1.276286689269172,0.15086494832445002,0.022089529497889636,-0.08803660826166622,0.3655409839792557,7,10
XAUUSD,H2,long,3,1.0,2,touch,measured,26,0.6923076923076923,0.20983239545074023,5.455642281719246,1.6819552852149058,0.1766496549497364,0.01880127863412972,0.3685448943001574,0.05111989660132311,13,13
XAUUSD,H2,long,3,1.0,2,confirm,1.5R,15,0.6,0.4881540546679664,7.322310820019496,2.220385136669916,0.46384177386314057,0.025398490623803994,1.053718470003248,0.11111111111111205,6,9
XAUUSD,H2,long,3,1.0,2,confirm,2.5R,11,0.36363636363636365,0.0745916249036008,0.8205078739396088,1.1172154105628012,0.05059519442548067,0.027310303103040622,0.16446216400389577,-0.00030049101331168043,5,6
XAUUSD,H2,long,3,1.0,2,confirm,3.5R,11,0.36363636363636365,0.17882419518731332,1.9670661470604465,1.2810094495800637,0.15482776470919324,0.027310303103040622,0.19377381862806323,0.166366175653355,5,6
XAUUSD,H2,long,3,1.0,2,confirm,measured,21,0.8095238095238095,0.241882373152443,5.079529836201303,2.2698824590503257,0.21252055276370607,0.022608410006113834,0.45230824033257716,0.010413919254295268,11,10
XAUUSD,H2,long,3,1.0,3,touch,1.5R,5,0.6,0.5000000000000009,2.5000000000000044,2.250000000000002,0.47864310531291016,0.024657267583223383,1.5000000000000044,0.25,1,4
XAUUSD,H2,long,3,1.0,3,touch,2.5R,5,0.4,0.30117866342142036,1.5058933171071018,1.5019644390357005,0.27982176873432957,0.024657267583223383,2.4999999999999956,-0.24852667072322343,1,4
XAUUSD,H2,long,3,1.0,3,touch,3.5R,5,0.4,0.3303986669582727,1.6519933347913636,1.5506644449304545,0.3090417722711821,0.024657267583223383,2.6461000176842577,-0.24852667072322343,1,4
XAUUSD,H2,long,3,1.0,3,touch,measured,5,0.6,0.09568777615973904,0.47843888079869523,1.2392194403993475,0.07433088147264821,0.024657267583223383,0.8110017433273947,-0.0831407156321749,1,4
XAUUSD,H2,long,5,0.5,2,touch,1.5R,13,0.5384615384615384,0.3461538461538457,4.499999999999994,1.749999999999999,0.3211243094496395,0.02419898192650872,0.42857142857142766,0.25,7,6
XAUUSD,H2,long,5,0.5,2,touch,2.5R,13,0.5384615384615384,0.8259725941910822,10.737643724484068,2.789607287414011,0.7981371609456025,0.023594732270939226,0.891091960640581,0.75,7,6
XAUUSD,H2,long,5,0.5,2,touch,3.5R,11,0.45454545454545453,0.80761306746985,8.883743742168349,2.480623957028058,0.7802027275782811,0.024815265468641823,0.8139572903613913,0.8,6,5
XAUUSD,H2,long,5,0.5,2,touch,measured,15,0.6,0.061539832118485197,0.9230974817772779,1.1538495802962128,0.03172154067574805,0.02208969968188224,0.1789681613078699,-0.1146026616655919,9,6
XAUUSD,H2,long,5,0.5,2,confirm,1.5R,11,0.6363636363636364,0.5747555290926815,6.322310820019496,2.580577705004874,0.5515458637158063,0.027378281354937948,0.6370518033365813,0.5000000000000014,6,5
XAUUSD,H2,long,5,0.5,2,confirm,2.5R,11,0.5454545454545454,0.8020282563654064,8.82231082001947,2.764462164003894,0.7771770610816471,0.02682723108836999,0.5537184700032465,1.0999999999999985,6,5
XAUUSD,H2,long,5,0.5,2,confirm,3.5R,10,0.5,0.9058549749804282,9.058549749804282,2.811709949960856,0.8816261559963048,0.027900941578451917,0.7448115155233861,1.1474201641659916,6,4
XAUUSD,H2,long,5,0.5,2,confirm,measured,13,0.6923076923076923,0.08125719266723791,1.0563435046740928,1.2640858761685232,0.0539023065396721,0.024701342358435886,0.14951284058782416,-0.0279518440057001,8,5
XAUUSD,H2,long,5,1.0,2,touch,1.5R,15,0.6,0.37932022496441037,5.689803374466155,1.948300562411026,0.35464500025799,0.024744283210015126,0.7857142857142855,0.023725421808269642,7,8
XAUUSD,H2,long,5,1.0,2,touch,2.5R,15,0.5333333333333333,0.5618298065966817,8.427447098950225,2.2039210141357466,0.5347228048878244,0.02422060017518823,0.891091960640581,0.27372542180826964,7,8
XAUUSD,H2,long,5,1.0,2,touch,3.5R,13,0.46153846153846156,0.42873439358726956,5.573547116634504,1.7962210166620722,0.4020991526450481,0.025349646404667196,0.8139572903613913,0.09854333920945102,6,7
XAUUSD,H2,long,5,1.0,2,touch,measured,19,0.6842105263157895,0.18937427139446006,3.598111156494741,1.5996851927491234,0.1597028550599929,0.022750105919172196,0.42402984504498276,-0.07135414377278752,10,9
XAUUSD,H2,long,5,1.0,2,confirm,1.5R,13,0.6153846153846154,0.5935464120882441,7.7161033571471735,2.8791313948247788,0.5706092904351269,0.02751960546496586,1.053718470003248,0.19911321958966927,6,7
XAUUSD,H2,long,5,1.0,2,confirm,2.5R,13,0.46153846153846156,0.593546412088243,7.716103357147159,2.263649065981384,0.569220303590839,0.02705333216248529,0.5537184700032465,0.6276846481610974,6,7
XAUUSD,H2,long,5,1.0,2,confirm,3.5R,11,0.45454545454545453,0.6148496204687054,6.763345825155759,2.3245340841187203,0.5906170180845005,0.028066353531701362,0.7448115155233861,0.4588953464030883,6,5
XAUUSD,H2,long,5,1.0,2,confirm,measured,17,0.7058823529411765,0.16120435262435454,2.7404739946140273,1.6673978408039443,0.13345534364054665,0.02410589232183352,0.37985830046724683,-0.15115843000834886,10,7
XAUUSD,H2,short,3,0.5,2,touch,1.5R,21,0.42857142857142855,0.07142857142857151,1.5000000000000016,1.1250000000000002,0.03421178527932449,0.016609366340082504,0.041666666666666664,0.11111111111111129,12,9
XAUUSD,H2,short,3,0.5,2,touch,2.5R,20,0.25,-0.12499999999999978,-2.4999999999999956,0.8333333333333336,-0.16262805617874093,0.016577509538171203,-0.36363636363636365,0.16666666666666716,11,9
XAUUSD,H2,short,3,0.5,2,touch,3.5R,18,0.2222222222222222,-0.18630903768221618,-3.353562678279891,0.7604598086942936,-0.22204236110744058,0.017401875738409886,-0.37261807536443187,-4.934324553889585e-16,9,9
XAUUSD,H2,short,3,0.5,2,touch,measured,25,0.68,0.14755030070107703,3.6887575175269256,1.4610946896908656,0.10851060514826061,0.015915326543693827,0.08389746697147794,0.22856299817511222,14,11
XAUUSD,H2,short,3,0.5,2,confirm,1.5R,17,0.47058823529411764,0.17647058823529416,3.000000000000001,1.3333333333333333,0.14533356778944728,0.02036008740111428,0.11111111111111084,0.25000000000000033,9,8
XAUUSD,H2,short,3,0.5,2,confirm,2.5R,15,0.2,-0.2413995135575452,-3.6209927033631777,0.6744002266750767,-0.2705346522628999,0.021627321944203654,-0.37442752905188187,-0.12500000000000056,7,8
XAUUSD,H2,short,3,0.5,2,confirm,3.5R,14,0.21428571428571427,-0.18791264180821937,-2.6307769853150713,0.7400672975052268,-0.21805158712438044,0.02080409922456792,-0.23157038619474105,-0.1442548974216977,7,7
XAUUSD,H2,short,3,0.5,2,confirm,measured,18,0.6666666666666666,-0.007191552122386206,-0.1294479382029517,0.9784253436328414,-0.03816907323756001,0.020211697884726324,-0.10138628779421173,0.11055186746739576,10,8
XAUUSD,H2,short,3,0.5,3,touch,measured,5,0.8,0.37267082685759895,1.8633541342879947,2.8633541342879947,0.3362678605203252,0.014079020483008898,0.2992169098701011,0.6664864948075903,4,1
XAUUSD,H2,short,3,1.0,2,touch,1.5R,29,0.3793103448275862,-0.05172413793103457,-1.5000000000000027,0.9166666666666666,-0.08893977258354678,0.01629686123630195,-0.21875,0.15384615384615366,16,13
XAUUSD,H2,short,3,1.0,2,touch,2.5R,26,0.19230769230769232,-0.32692307692307665,-8.499999999999993,0.5952380952380956,-0.36362271949543634,0.016697652580670384,-0.5,-0.12499999999999926,14,12
XAUUSD,H2,short,3,1.0,2,touch,3.5R,24,0.20833333333333334,-0.20223177826166228,-4.853562678279895,0.7445493327221109,-0.23743300346835272,0.01732593915105766,-0.5294635565233239,0.12499999999999926,12,12
XAUUSD,H2,short,3,1.0,2,touch,measured,34,0.5882352941176471,-0.0017947501538078572,-0.06102150522946714,0.9956413210550379,-0.04015797218280692,0.015823686074236218,-0.10734159007765004,0.13189791374972556,19,15
XAUUSD,H2,short,3,1.0,2,confirm,1.5R,24,0.375,-0.06249999999999978,-1.4999999999999947,0.9000000000000002,-0.09325160521515276,0.019908015277957214,-0.16666666666666688,0.04166666666666724,12,12
XAUUSD,H2,short,3,1.0,2,confirm,2.5R,20,0.2,-0.2560496351681591,-5.120992703363182,0.6613322416176961,-0.28419485661007016,0.02155655475756517,-0.5134436337070193,-0.04545454545454622,9,11
XAUUSD,H2,short,3,1.0,2,confirm,3.5R,19,0.21052631578947367,-0.16477773606921403,-3.1307769853150664,0.7782891719383571,-0.19361050357890652,0.020946245006957864,-0.40233252259590974,0.049021571804812016,9,10
XAUUSD,H2,short,3,1.0,2,confirm,measured,26,0.5769230769230769,-0.13802278804510218,-3.588592489172657,0.6737643191661221,-0.16856961553539426,0.019745933492353037,-0.24179785740417728,-0.016951873792847846,14,12
XAUUSD,H2,short,3,1.0,3,touch,1.5R,5,0.6,0.5000000000000012,2.500000000000006,2.250000000000003,0.46678751066066865,0.01649414834599375,0.6666666666666666,0.250000000000003,3,2
XAUUSD,H2,short,3,1.0,3,touch,2.5R,5,0.2,-0.3,-1.5,0.625,-0.33321248933933256,0.01649414834599375,0.16666666666666666,-1.0,3,2
XAUUSD,H2,short,3,1.0,3,touch,3.5R,5,0.2,-0.7707125356559773,-3.8535626782798866,0.03660933043002841,-0.8039250249953097,0.01649414834599375,-0.6178542260932954,-1.0,3,2
XAUUSD,H2,short,3,1.0,3,touch,measured,6,0.8333333333333334,0.42525605655546234,2.551536339332774,3.551536339332774,0.3917646451209305,0.016133854946403996,0.2992169098701011,0.6773343499261848,4,2
XAUUSD,H2,short,3,1.0,3,confirm,1.5R,5,0.6,0.5000000000000021,2.5000000000000107,2.2500000000000053,0.4720231616998797,0.020060244204945187,0.6666666666666683,0.2500000000000028,3,2
XAUUSD,H2,short,3,1.0,3,confirm,2.5R,5,0.0,-0.8241985406726361,-4.12099270336318,0.0,-0.8521753789727583,0.020060244204945187,-0.7069975677877266,-1.0,3,2
XAUUSD,H2,short,3,1.0,3,confirm,3.5R,5,0.0,-0.8241985406726361,-4.12099270336318,0.0,-0.8521753789727583,0.020060244204945187,-0.7069975677877266,-1.0,3,2
XAUUSD,H2,short,3,1.0,3,confirm,measured,5,0.8,0.20263637959783543,1.0131818979891771,2.013181897989177,0.17465954129771305,0.020060244204945187,0.030567358838050968,0.46073991073751214,3,2
XAUUSD,H2,short,5,0.5,2,touch,1.5R,7,0.2857142857142857,-0.2857142857142857,-2.0,0.6,-0.3271628593765145,0.013243569970579457,-0.5,0.25,5,2
XAUUSD,H2,short,5,0.5,2,touch,2.5R,6,0.16666666666666666,-0.4166666666666667,-2.5,0.5,-0.4599334624868226,0.012722101926456049,-1.0,0.75,4,2
XAUUSD,H2,short,5,0.5,2,touch,3.5R,6,0.0,-1.0,-6.0,0.0,-1.0432667958201558,0.012722101926456049,-1.0,-1.0,4,2
XAUUSD,H2,short,5,0.5,2,touch,measured,7,0.42857142857142855,-0.2680069807444737,-1.8760488652113159,0.530987783697171,-0.3094555544067025,0.013243569970579457,-0.3049408293431375,-0.17567235924781416,5,2
XAUUSD,H2,short,5,0.5,2,confirm,1.5R,6,0.3333333333333333,-0.16666666666666585,-0.9999999999999951,0.7500000000000012,-0.19965242406948125,0.016248011624712465,-0.3749999999999988,0.25,4,2
XAUUSD,H2,short,5,0.5,2,confirm,2.5R,5,0.0,-1.0,-5.0,0.0,-1.0339895630604476,0.015921936594250338,-1.0,-1.0,3,2
XAUUSD,H2,short,5,0.5,2,confirm,3.5R,5,0.0,-1.0,-5.0,0.0,-1.0339895630604476,0.015921936594250338,-1.0,-1.0,3,2
XAUUSD,H2,short,5,0.5,2,confirm,measured,6,0.3333333333333333,-0.48285326512550153,-2.897119590753009,0.27572010231174776,-0.5158390225283169,0.016248011624712465,-0.5474525732762394,-0.35365464882402575,4,2
XAUUSD,H2,short,5,1.0,2,touch,1.5R,13,0.23076923076923078,-0.4230769230769234,-5.500000000000004,0.44999999999999957,-0.4583523301789952,0.01602080548704961,-0.6428571428571429,-0.1666666666666674,7,6
XAUUSD,H2,short,5,1.0,2,touch,2.5R,11,0.09090909090909091,-0.6818181818181814,-7.499999999999996,0.25000000000000044,-0.7170455380828143,0.016324057789816857,-1.0,-0.2999999999999991,6,5
XAUUSD,H2,short,5,1.0,2,touch,3.5R,11,0.09090909090909091,-0.5909090909090913,-6.500000000000004,0.34999999999999953,-0.6261364471737242,0.016324057789816857,-1.0,-0.1000000000000009,6,5
XAUUSD,H2,short,5,1.0,2,touch,measured,13,0.38461538461538464,-0.3401861718608971,-4.422420234191662,0.44719747072604227,-0.3754615789629688,0.01602080548704961,-0.5035291638165268,-0.14961934791266238,7,6
XAUUSD,H2,short,5,1.0,2,confirm,1.5R,11,0.2727272727272727,-0.3181818181818174,-3.499999999999991,0.5625000000000011,-0.3473574621721988,0.019182178089920086,-0.5833333333333325,7.993605777301127e-16,6,5
XAUUSD,H2,short,5,1.0,2,confirm,2.5R,9,0.1111111111111111,-0.6111111111111115,-5.5000000000000036,0.3124999999999995,-0.640142920244169,0.019704697986714755,-1.0,-0.125000000000001,5,4
XAUUSD,H2,short,5,1.0,2,confirm,3.5R,9,0.1111111111111111,-0.4999999999999996,-4.4999999999999964,0.4375000000000005,-0.5290318091330569,0.019704697986714755,-1.0,0.125000000000001,5,4
XAUUSD,H2,short,5,1.0,2,confirm,measured,11,0.36363636363636365,-0.44237302522066657,-4.8661032774273325,0.3048423889389525,-0.471548669211048,0.019182178089920086,-0.698301715517493,-0.135258596864475,6,5
XAUUSD,H4,long,3,0.5,2,touch,1.5R,6,0.8333333333333334,1.0833333333333341,6.500000000000005,7.500000000000005,1.0618340323781477,0.029782987481623873,1.5000000000000013,0.25,4,2
XAUUSD,H4,long,3,0.5,2,touch,2.5R,5,0.8,1.537916336734432,7.689581683672159,8.68958168367216,1.5185138160609715,0.032612943722252236,2.0631938945573864,0.75,3,2
XAUUSD,H4,long,3,0.5,2,touch,3.5R,5,0.6,1.237916336734433,6.189581683672165,4.094790841836082,1.2185138160609725,0.032612943722252236,1.229860561224055,1.25,3,2
XAUUSD,H4,long,3,0.5,2,touch,measured,7,0.8571428571428571,0.5339017005222119,3.737311903655483,4.737311903655483,0.5119735091359298,0.02844354435096338,0.7894809528513064,-0.10504643030052446,5,2
XAUUSD,H4,long,3,0.5,2,confirm,1.5R,6,0.6666666666666666,0.6666666666666652,3.999999999999991,2.9999999999999956,0.6431360272056031,0.03191366012761753,0.8749999999999978,0.25,4,2
XAUUSD,H4,long,3,0.5,2,confirm,2.5R,6,0.5,0.49568763964166856,2.9741258378500115,1.9913752792833372,0.4721570001806066,0.03191366012761753,0.3685314594625029,0.75,4,2
XAUUSD,H4,long,3,0.5,2,confirm,3.5R,6,0.5,0.8290209729750001,4.974125837850001,2.6580419459500004,0.8054903335139381,0.03191366012761753,0.6185314594625002,1.25,4,2
XAUUSD,H4,long,3,0.5,2,confirm,measured,7,0.8571428571428571,0.28047934274001957,1.963355399180137,2.963355399180137,0.2572966856211078,0.030740646587179836,0.4765140578737251,-0.20960744509424412,5,2
XAUUSD,H4,long,3,1.0,2,touch,1.5R,13,0.6153846153846154,0.5384615384615391,7.000000000000009,2.4000000000000012,0.5179797459225903,0.029670080872654457,0.4285714285714293,0.6666666666666671,7,6
XAUUSD,H4,long,3,1.0,2,touch,2.5R,12,0.5833333333333334,0.932465140306013,11.189581683672156,3.2379163367344312,0.9129417985858033,0.03083982042216882,0.5315969472786932,1.3333333333333328,6,6
XAUUSD,H4,long,3,1.0,2,touch,3.5R,11,0.45454545454545453,0.8354165166974695,9.189581683672165,2.531596947278694,0.815394841496095,0.030406323055020768,0.11493028061202744,1.7,6,5
XAUUSD,H4,long,3,1.0,2,touch,measured,15,0.7333333333333333,0.2982722964862313,4.47408444729347,2.1185211118233678,0.27764749241264053,0.028865948046773414,0.32601352467403616,0.26656803570016857,8,7
XAUUSD,H4,long,3,1.0,2,confirm,1.5R,11,0.6363636363636364,0.5909090909090898,6.4999999999999885,2.6249999999999973,0.5707092851657609,0.03411205013197683,0.24999999999999853,0.9999999999999994,6,5
XAUUSD,H4,long,3,1.0,2,confirm,2.5R,11,0.5454545454545454,0.7703750761681831,8.474125837850014,2.6948251675700026,0.7501752704248541,0.03411205013197683,-0.08764569369166475,1.8000000000000003,6,5
XAUUSD,H4,long,3,1.0,2,confirm,3.5R,10,0.5,0.997412583785,9.97412583785,2.99482516757,0.9763617773990921,0.03324602175204133,0.07902097297500014,2.375,6,4
XAUUSD,H4,long,3,1.0,2,confirm,measured,13,0.8461538461538461,0.23446567101604637,3.0480537232086027,2.5240268616043013,0.2144822624965772,0.0330194943530377,0.2096958025931109,0.2633638508428044,7,6
XAUUSD,H4,long,5,0.5,2,touch,measured,5,0.8,0.4175961563092577,2.0879807815462885,3.0879807815462885,0.39842804705614226,0.032799267755251174,0.7660245473824459,-0.10504643030052446,3,2
XAUUSD,H4,long,5,0.5,2,confirm,measured,5,0.8,0.19212798954610358,0.9606399477305179,1.9606399477305179,0.17610415146244446,0.03791212684591926,0.4599516126396687,-0.20960744509424412,3,2
XAUUSD,H4,long,5,1.0,2,touch,1.5R,10,0.6,0.5000000000000006,5.000000000000005,2.2500000000000013,0.4810542000340159,0.03270555955931962,0.2500000000000012,0.6666666666666666,4,6
XAUUSD,H4,long,5,1.0,2,touch,2.5R,10,0.6,0.9689581683672159,9.68958168367216,3.42239542091804,0.9500123684012316,0.03270555955931962,0.42239542091803994,1.3333333333333333,4,6
XAUUSD,H4,long,5,1.0,2,touch,3.5R,9,0.4444444444444444,0.7432868537413516,6.689581683672165,2.337916336734433,0.723860448503086,0.03253963264336493,-0.45260457908195884,1.7,4,5
XAUUSD,H4,long,5,1.0,2,touch,measured,12,0.6666666666666666,0.1789175058637428,2.1470100703649138,1.5367525175912287,0.15978992215278523,0.03163104046830175,0.05961472842946747,0.2641337754596539,5,7
XAUUSD,H4,long,5,1.0,2,confirm,1.5R,8,0.75,0.8749999999999998,6.999999999999998,4.499999999999999,0.8596588027322453,0.04131504575873396,0.6666666666666655,1.0000000000000004,3,5
XAUUSD,H4,long,5,1.0,2,confirm,2.5R,7,0.5714285714285714,0.7820179768357153,5.474125837850007,2.824708612616669,0.7660383704271945,0.04064743964835406,-0.34195805404999796,1.6250000000000002,3,4
XAUUSD,H4,long,5,1.0,2,confirm,3.5R,7,0.5714285714285714,1.2105894054071435,8.474125837850005,3.8247086126166683,1.1946097989986229,0.04064743964835406,-0.34195805404999796,2.375,3,4
XAUUSD,H4,long,5,1.0,2,confirm,measured,10,0.8,0.14078064896206569,1.4078064896206568,1.7039032448103284,0.1249425641602588,0.03885718316365415,0.09496370947975152,0.17132527528360844,4,6
XAUUSD,H4,short,3,0.5,2,touch,1.5R,6,0.5,0.2500000000000001,1.5000000000000007,1.5000000000000002,0.22461887104139566,0.020892177864870087,1.5,1.3322676295501878e-16,1,5
XAUUSD,H4,short,3,0.5,2,touch,2.5R,6,0.3333333333333333,0.16666666666666732,1.000000000000004,1.2500000000000009,0.14128553770806299,0.020892177864870087,-1.0,0.4000000000000008,1,5
XAUUSD,H4,short,3,0.5,2,touch,3.5R,6,0.3333333333333333,0.49999999999999933,2.999999999999996,1.7499999999999991,0.474618871041395,0.020892177864870087,-1.0,0.7999999999999992,1,5
XAUUSD,H4,short,3,0.5,2,touch,measured,6,0.6666666666666666,0.10597704686644667,0.63586228119868,1.3179311405993401,0.08059591790784225,0.020892177864870087,0.6891832555944649,-0.010664194879156996,1,5
XAUUSD,H4,short,3,0.5,2,confirm,1.5R,6,0.5,0.24999999999999933,1.499999999999996,1.499999999999999,0.22761056533604263,0.02388152122030947,1.5,-7.993605777301127e-16,1,5
XAUUSD,H4,short,3,0.5,2,confirm,2.5R,6,0.3333333333333333,0.01817435036372635,0.1090461021823581,1.0272615255455895,-0.004215084300230432,0.02388152122030947,-1.0,0.2218092204364716,1,5
XAUUSD,H4,short,3,0.5,2,confirm,3.5R,6,0.3333333333333333,0.18484101703039169,1.1090461021823501,1.2772615255455875,0.1624515823664349,0.02388152122030947,-1.0,0.42180922043646996,1,5
XAUUSD,H4,short,3,0.5,2,confirm,measured,6,0.6666666666666666,-0.017881900537626862,-0.10729140322576117,0.9463542983871194,-0.040271335201583616,0.02388152122030947,0.7671293615283639,-0.174884152950825,1,5
XAUUSD,H4,short,3,1.0,2,touch,1.5R,10,0.3,-0.24999999999999992,-2.499999999999999,0.642857142857143,-0.2788363886454059,0.01846818487470115,-0.5,1.3322676295501878e-16,5,5
XAUUSD,H4,short,3,1.0,2,touch,2.5R,10,0.2,-0.29999999999999966,-2.9999999999999964,0.6250000000000004,-0.3288363886454055,0.01846818487470115,-1.0,0.4000000000000008,5,5
XAUUSD,H4,short,3,1.0,2,touch,3.5R,10,0.2,-0.10000000000000035,-1.0000000000000036,0.8749999999999996,-0.1288363886454062,0.01846818487470115,-1.0,0.7999999999999992,5,5
XAUUSD,H4,short,3,1.0,2,touch,measured,11,0.5454545454545454,-0.0861122950594457,-0.9472352456539027,0.8105529508692195,-0.11518153335524817,0.018236960403375326,-0.14898571187635298,-0.010664194879156996,6,5
XAUUSD,H4,short,3,1.0,2,confirm,1.5R,10,0.3,-0.25000000000000033,-2.5000000000000036,0.6428571428571423,-0.27517596220176105,0.02129001813724068,-0.5,-7.993605777301127e-16,5,5
XAUUSD,H4,short,3,1.0,2,confirm,2.5R,10,0.2,-0.3890953897817642,-3.890953897817642,0.5136307627727947,-0.4142713519835248,0.02129001813724068,-1.0,0.2218092204364716,5,5
XAUUSD,H4,short,3,1.0,2,confirm,3.5R,10,0.2,-0.2890953897817649,-2.890953897817649,0.6386307627727937,-0.3142713519835255,0.02129001813724068,-1.0,0.42180922043646996,5,5
XAUUSD,H4,short,3,1.0,2,confirm,measured,10,0.6,-0.13503627292610484,-1.3503627292610485,0.6624093176847379,-0.16021223512786542,0.02129001813724068,-0.09518839290138463,-0.174884152950825,5,5
XAUUSD,H4,short,5,0.5,2,touch,1.5R,6,0.3333333333333333,-0.2926999694994681,-1.7561998169968085,0.5609500457507979,-0.31746868461912064,0.02375939697058531,0.25,-0.5640499542492021,2,4
XAUUSD,H4,short,5,0.5,2,touch,2.5R,5,0.2,-0.6512399633993617,-3.2561998169968085,0.18595004575079785,-0.675197712770635,0.025041890348869507,-1.0,-0.5640499542492021,1,4
XAUUSD,H4,short,5,0.5,2,touch,3.5R,5,0.2,-0.6512399633993617,-3.2561998169968085,0.18595004575079785,-0.675197712770635,0.025041890348869507,-1.0,-0.5640499542492021,1,4
XAUUSD,H4,short,5,0.5,2,touch,measured,6,0.5,-0.14101124642430848,-0.846067478545851,0.717977507151383,-0.16577996154396102,0.02375939697058531,-0.15540837220276754,-0.133812683535079,2,4
XAUUSD,H4,short,5,0.5,2,confirm,1.5R,6,0.3333333333333333,-0.319820372599294,-1.918922235595764,0.520269441101059,-0.34238128853889066,0.026289986050446367,0.25,-0.604730558898941,2,4
XAUUSD,H4,short,5,0.5,2,confirm,2.5R,5,0.2,-0.6837844471191528,-3.418922235595764,0.145269441101059,-0.7051786497611064,0.028026172280031608,-1.0,-0.604730558898941,1,4
XAUUSD,H4,short,5,0.5,2,confirm,3.5R,5,0.2,-0.6837844471191528,-3.418922235595764,0.145269441101059,-0.7051786497611064,0.028026172280031608,-1.0,-0.604730558898941,1,4
XAUUSD,H4,short,5,0.5,2,confirm,measured,6,0.5,-0.22075302169427138,-1.3245181301656284,0.5584939566114572,-0.24331393763386802,0.026289986050446367,-0.11643531923581807,-0.27291187292349806,2,4
XAUUSD,H4,short,5,1.0,2,touch,1.5R,7,0.2857142857142857,-0.39374283099954405,-2.7561998169968085,0.4487600366006383,-0.41756922001928637,0.02429579787425959,-0.16666666666666666,-0.5640499542492021,3,4
XAUUSD,H4,short,5,1.0,2,touch,2.5R,6,0.16666666666666666,-0.7093666361661347,-4.2561998169968085,0.14876003660063827,-0.7323601660455763,0.025453942506775462,-1.0,-0.5640499542492021,2,4
XAUUSD,H4,short,5,1.0,2,touch,3.5R,6,0.16666666666666666,-0.7093666361661347,-4.2561998169968085,0.14876003660063827,-0.7323601660455763,0.025453942506775462,-1.0,-0.5640499542492021,2,4
XAUUSD,H4,short,5,1.0,2,touch,measured,7,0.42857142857142855,-0.26372392550655016,-1.846067478545851,0.5384831303635372,-0.2875503145262925,0.02429579787425959,-0.436938914801845,-0.133812683535079,3,4
XAUUSD,H4,short,5,1.0,2,confirm,1.5R,7,0.2857142857142857,-0.4169888907993949,-2.918922235595764,0.4162155528808472,-0.4387355106940289,0.026770631855483482,-0.16666666666666666,-0.604730558898941,3,4
XAUUSD,H4,short,5,1.0,2,confirm,2.5R,6,0.16666666666666666,-0.7364870392659606,-4.418922235595764,0.1162155528808472,-0.7571256820717315,0.028297561347644034,-1.0,-0.604730558898941,2,4
XAUUSD,H4,short,5,1.0,2,confirm,3.5R,6,0.16666666666666666,-0.7364870392659606,-4.418922235595764,0.1162155528808472,-0.7571256820717315,0.028297561347644034,-1.0,-0.604730558898941,2,4
XAUUSD,H4,short,5,1.0,2,confirm,measured,7,0.42857142857142855,-0.3320740185950898,-2.3245181301656284,0.4188704674585929,-0.3538206384897237,0.026770631855483482,-0.4109568794905454,-0.27291187292349806,3,4
