Date,Open,High,Low,Close,Volume
1999-03-10,43.079719,43.106051,42.368745,43.027054,5232000
1999-03-11,43.343050,43.593207,42.395085,43.237720,9688600
1999-03-12,43.079725,43.106058,41.842105,42.184425,8743600
1999-03-15,42.500399,43.448363,42.052749,43.395699,6369000
1999-03-16,43.580032,43.948685,43.106050,43.764359,4905800
1999-03-17,43.764372,43.817036,43.316722,43.448383,3965000
1999-03-18,43.395723,44.317356,43.382557,44.291023,4848400
1999-03-19,44.870317,44.870317,43.132382,43.158714,7160400
1999-03-22,43.343046,43.448375,42.553075,42.632072,5024800
1999-03-23,42.395071,42.553065,41.052122,41.131119,10962400
1999-03-24,41.499776,42.553070,40.867799,42.526737,8447000
1999-03-25,43.185045,44.080345,42.901973,44.080345,8133800
1999-03-26,43.711683,44.211998,43.422027,43.606354,8256200
1999-03-29,44.133023,45.212650,43.869700,45.186317,5113800
1999-03-30,45.133643,45.502296,44.685993,44.870319,4940600
1999-03-31,45.607620,45.660285,44.080344,44.212006,8256600
1999-04-01,45.502305,45.554969,44.396346,45.133652,8715800
1999-04-05,45.864383,46.832097,45.581310,46.766266,5697200
1999-04-06,46.713593,47.371902,46.318608,46.858421,7522400
1999-04-07,47.292894,47.398223,45.370632,46.371262,11923600
1999-04-08,46.292279,46.963754,45.344314,46.739929,7952400
1999-04-09,46.660926,47.134909,46.529264,47.029579,4946800
1999-04-12,45.923607,47.029565,45.870942,46.713577,10934000
1999-04-13,47.003259,47.108589,45.712974,46.081627,9962200
1999-04-14,46.660920,46.713584,44.244927,44.501667,21253800
1999-04-15,44.659654,45.179718,43.079713,45.107304,17650600
1999-04-16,45.001968,45.001968,43.553689,43.790680,17274000
1999-04-19,44.080362,44.449015,41.295715,41.736782,19460600
1999-04-20,41.552436,43.027047,41.157451,42.684727,17413600
1999-04-21,43.079722,44.817657,42.500410,44.791325,10940400
1999-04-22,45.212650,46.134282,44.916411,46.002621,13630600
1999-04-23,45.765637,46.950593,45.291655,46.608273,7064400
1999-04-26,46.924235,48.030193,46.772824,47.681290,5421000
1999-04-27,48.030199,48.267190,46.351512,46.950573,16482800
1999-04-28,46.555579,46.713573,45.140216,45.344292,7676800
1999-04-29,45.133660,45.396984,44.027701,44.975666,19148200
1999-04-30,45.607617,45.844608,43.659024,45.265297,15295200
1999-05-03,45.133623,45.317949,44.271239,45.028294,11109800
1999-05-04,45.107304,45.818277,44.054010,44.317333,15428400
1999-05-05,44.343684,45.660301,43.000733,45.660301,12642600
1999-05-06,45.238982,45.633968,43.580044,44.001362,15173400
1999-05-07,44.396329,44.764982,43.448364,44.633320,16430400
1999-05-10,44.923003,45.383820,44.396356,45.080997,10604200
1999-05-11,45.449626,46.028938,45.186302,45.791946,8800800
1999-05-12,46.002623,46.897923,44.659673,46.739929,12507400
1999-05-13,47.108569,47.187566,45.660290,45.870949,9864000
1999-05-14,44.975670,45.502318,44.659682,45.002003,12205400
1999-05-17,44.606990,45.949940,44.165924,45.811695,9906800
1999-05-18,45.765610,46.028934,45.080970,45.607616,9267800
1999-05-19,45.791970,46.265953,45.080996,46.239620,7985600
1999-05-20,46.338353,46.338353,44.896656,44.969070,5997200
1999-05-21,45.107308,45.238970,44.317338,44.554329,10958600
1999-05-24,44.633315,44.712312,43.132372,43.422028,9569800
1999-05-25,43.369374,44.001350,41.815765,42.000092,17771200
1999-05-26,42.553072,43.343043,41.236455,43.171883,26772000
1999-05-27,43.000720,43.757775,42.447740,43.132381,23334800
1999-05-28,43.395719,44.080360,42.842739,43.843369,12969800
1999-06-01,43.764349,43.975007,42.632058,42.869049,6960200
1999-06-02,42.842725,43.817022,41.769682,43.593197,11996600
1999-06-03,43.922364,43.922364,42.711076,42.974400,11147800
1999-06-04,43.290394,44.442434,43.290394,44.291023,12987200
1999-06-07,44.600404,45.495704,44.501658,45.212631,11491800
1999-06-08,45.317965,45.528624,43.849937,44.080345,8134800
1999-06-09,44.238350,44.942740,44.212017,44.817661,8384400
1999-06-10,44.343663,44.606987,43.770935,44.304165,9392400
1999-06-11,44.607003,44.653084,43.237720,43.632706,16567600
1999-06-14,43.790710,43.790710,42.711083,42.809830,14136800
1999-06-15,42.915153,43.705124,42.790074,43.448383,9147800
1999-06-16,44.528009,45.680050,44.475345,45.680050,15060200
1999-06-17,45.080977,46.397594,45.080977,46.186935,16278200
1999-06-18,45.765626,46.529264,45.686629,46.397602,5392800
1999-06-21,46.713593,47.812969,46.634596,47.786636,10565200
1999-06-22,47.503540,48.109184,46.344917,46.344917,10862800
1999-06-23,46.351506,47.187558,46.055267,47.075645,9607000
1999-06-24,47.055903,47.082235,45.923612,46.140854,14988800
1999-06-25,46.450280,46.818933,45.660309,46.081627,8635600
1999-06-28,46.476604,47.240243,46.094785,47.174412,7666200
1999-06-29,47.134897,48.003865,46.897906,47.819538,9000400
1999-06-30,47.865630,50.505448,47.299485,48.556854,19467600
1999-07-01,48.714826,49.162476,47.872191,48.885986,6822600
1999-07-02,48.872838,49.557479,48.872838,49.504814,3302000
1999-07-06,49.768143,50.268458,48.925508,49.188831,8794800
1999-07-07,49.162489,49.478477,48.820169,49.267818,10520000
1999-07-08,49.267812,50.130196,49.030821,49.926121,11225000
1999-07-09,50.110453,50.479106,49.741800,50.426441,4206800
1999-07-12,50.610782,50.874105,49.873476,50.163132,7816200
1999-07-13,49.926121,50.110447,49.531136,49.926121,6230000
1999-07-14,50.426434,50.874083,49.715460,50.775337,6909400
1999-07-15,50.953089,51.242744,50.670016,51.242744,6539800
1999-07-16,51.269090,52.006396,51.249340,51.716740,4913800
1999-07-19,51.927392,51.927392,50.986011,51.190086,6833000
1999-07-20,50.564685,50.637099,49.083491,49.215153,14837400
1999-07-21,49.320479,49.880041,48.925494,49.452141,10980400
1999-07-22,49.452140,49.452140,48.056526,48.194771,15148400
1999-07-23,48.556852,48.760928,47.766882,48.267197,12115000
1999-07-26,47.608873,48.135519,47.003229,47.082226,10720000
1999-07-27,48.030197,48.767503,47.622046,48.030197,13732800
1999-07-28,48.609526,49.241502,47.984132,48.971596,10161800
1999-07-29,48.056539,48.451524,47.450895,47.924877,13033800
1999-07-30,48.135539,48.662186,47.615475,47.687889,10947400
1999-08-02,47.766872,48.714837,47.371887,47.556213,9642400
1999-08-03,48.207949,48.214532,46.555594,47.246819,13005000
1999-08-04,47.246792,47.602279,46.351493,46.390991,13227600
1999-08-05,46.397611,47.128334,45.291652,47.128334,18695200
1999-08-06,46.792586,47.661553,46.292271,46.621426,12392200
1999-08-09,46.792571,46.924233,45.930187,46.022350,7983400
1999-08-10,45.897272,46.233010,44.606987,45.607616,16767200
1999-08-11,46.423933,47.187571,45.726126,47.108574,13101400
1999-08-12,47.292913,47.608901,46.450277,46.555607,12715000
1999-08-13,47.529901,48.635859,47.450903,48.583195,14342600
1999-08-16,48.556861,49.136173,48.240873,48.971596,11470600
1999-08-17,49.399479,49.452144,48.319853,49.215153,11408400
1999-08-18,48.978178,49.583822,48.477863,48.662189,7035200
1999-08-19,48.214521,48.556841,47.773454,48.082859,10157800
1999-08-20,48.135527,48.846500,47.872204,48.846500,6920800
1999-08-23,49.294154,50.400112,49.182241,50.400112,9652000
1999-08-24,50.031455,51.295407,49.932708,50.742428,13891400
1999-08-25,51.058414,52.032711,50.505435,51.822052,11352000
1999-08-26,51.822067,52.006393,50.880685,50.959682,9753000
1999-08-27,51.341495,51.348078,50.321116,50.452778,9635400
1999-08-30,50.663427,50.821421,49.610133,49.741795,10141600
1999-08-31,50.084107,50.610754,48.978149,50.294765,14590400
1999-09-01,50.610779,51.084761,50.294791,50.656860,10752000
1999-09-02,49.715469,50.742430,49.610139,50.479107,14583200
1999-09-03,51.927396,52.816113,51.743070,52.796364,14195400
1999-09-07,52.691026,53.217673,52.480367,52.559364,9009000
1999-09-08,52.243385,52.770032,51.427082,51.848400,14303400
1999-09-09,51.874716,52.717351,51.611393,52.585690,12677600
1999-09-10,53.296675,53.711409,52.691031,53.191345,10251000
1999-09-13,53.138683,53.244012,52.269715,52.552788,7240800
1999-09-14,52.348718,53.211102,52.243388,52.842449,10022600
1999-09-15,53.500739,53.500739,51.769387,51.822052,16096000
1999-09-16,51.795734,52.269717,50.722691,51.795734,15371000
1999-09-17,52.269712,53.454668,52.190715,53.349339,14506400
1999-09-20,53.507330,53.717989,53.112345,53.474415,6187200
1999-09-21,53.007026,53.112356,52.039312,52.190723,12265800
1999-09-22,52.269716,53.020188,51.637739,52.743698,12441800
1999-09-23,53.296657,53.401987,50.248689,50.558094,19766000
1999-09-24,50.242120,50.821432,49.399485,50.623940,23570800
1999-09-27,51.348069,51.716721,50.821422,50.979416,12608800
1999-09-28,50.722680,51.400738,49.636471,51.216412,20622000
1999-09-29,51.216403,51.585056,50.189442,50.189442,15557000
1999-09-30,50.663426,51.242738,50.031450,50.716091,17604200
1999-10-01,50.031450,50.735840,49.504803,50.735840,19607400
1999-10-04,51.005754,52.059048,50.716098,51.874722,12434200
1999-10-05,52.059059,52.875362,51.137427,52.243385,19526400
1999-10-06,52.559362,53.369082,51.762809,53.290085,19098200
1999-10-07,53.586326,53.843066,52.770023,53.165009,22013600
1999-10-08,52.954369,53.876001,52.243395,53.724590,22523200
1999-10-11,53.875988,54.507965,53.744326,54.481632,13016000
1999-10-12,54.297293,54.731777,53.086005,53.243999,20182800
1999-10-13,52.638344,53.270320,51.453389,51.664047,22570600
1999-10-14,51.848392,52.348707,51.005757,51.986637,22130400
1999-10-15,50.663437,51.400742,50.143373,50.452778,33703000
1999-10-18,50.505437,50.689763,48.379100,49.814213,24714800
1999-10-19,50.354021,50.610761,49.241479,50.084114,26657200
1999-10-20,50.847763,52.026135,50.347448,51.611401,22486400
1999-10-21,50.768766,52.454037,50.400114,52.454037,22454800
1999-10-22,52.763441,53.296671,52.032718,52.217045,16589400
1999-10-25,51.980062,52.816114,51.769403,52.243385,13855400
1999-10-26,52.875346,53.165002,51.716723,51.822052,13542400
1999-10-27,51.690400,51.927391,50.933345,51.743065,15225200
1999-10-28,52.559368,53.717991,52.085386,53.533665,14103800
1999-10-29,54.771294,55.824588,54.586968,55.403271,19000000
1999-11-01,55.403261,56.061570,55.041192,55.113605,9681800
1999-11-02,55.403267,56.087908,54.935868,55.146526,12834800
1999-11-03,55.929922,56.561899,55.771928,56.245911,18752600
1999-11-04,57.029287,57.141200,56.272232,56.877876,20048600
1999-11-05,58.036480,58.326136,57.457169,57.457169,15134600
1999-11-08,57.667868,58.819909,57.483542,58.615833,10890800
1999-11-09,59.089766,59.195095,57.720484,58.220798,14629800
1999-11-10,58.247153,59.484774,57.983830,58.984459,16561000
1999-11-11,59.616436,60.116751,59.089790,60.037754,18501400
1999-11-12,60.353723,60.880370,58.457795,60.827705,28646600
1999-11-15,60.880404,61.091063,60.406422,60.709244,10909400
1999-11-16,60.933043,62.539316,60.669720,62.249660,19126400
1999-11-17,62.249663,62.519570,61.091040,61.407028,21683600
1999-11-18,61.828368,63.289814,61.459715,63.289814,17738400
1999-11-19,63.013292,63.961256,62.776301,63.855927,17939400
1999-11-22,63.987592,65.304209,62.881634,62.881634,18841800
1999-11-23,64.408958,64.461623,62.565693,63.171337,24047600
1999-11-24,63.355605,65.508274,62.697297,65.251534,18617800
1999-11-26,66.067863,66.383851,65.198896,65.462219,8045200
1999-11-29,65.330548,65.883527,64.303587,64.382584,20485200
1999-11-30,64.514240,64.619569,61.933670,61.933670,23702400
1999-12-01,62.618333,63.592630,62.144351,63.276642,23205800
1999-12-02,63.513604,65.409533,63.474106,65.284454,17229200
1999-12-03,66.831479,67.568784,66.489158,66.673485,21444600
1999-12-06,66.930294,67.832177,66.304900,67.279198,16018400
1999-12-07,67.489857,67.753180,66.429979,67.279198,23397000
1999-12-08,67.298928,67.825575,66.304881,66.462875,19563000
1999-12-09,67.410831,67.779484,65.093584,66.778854,28445400
1999-12-10,67.331795,67.568786,65.830851,67.331795,20428400
1999-12-13,67.101385,68.536497,66.805146,68.246841,16209200
1999-12-14,68.042769,68.437755,66.568158,67.015808,27760200
1999-12-15,66.252184,68.306107,65.672872,68.306107,31797200
1999-12-16,69.201408,70.149373,68.885420,69.991379,27219600
1999-12-17,71.202690,71.518678,70.300807,70.597046,23892400
1999-12-20,71.123684,71.834657,70.518040,71.518669,15392000
1999-12-21,71.729347,75.363213,71.321195,75.363213,26003800
1999-12-22,75.152530,75.257860,73.677919,75.126198,22313600
1999-12-23,75.725230,76.469119,74.994508,76.021469,17543600
1999-12-27,76.100484,76.126817,74.072893,75.573837,19281800
1999-12-28,75.626485,76.258461,74.625856,75.099838,15346400
1999-12-29,75.837153,77.943741,75.731824,77.943741,16512600
1999-12-30,78.891704,78.997034,77.101105,77.101105,21887000
1999-12-31,78.049067,78.523049,76.995773,76.995773,14464400
2000-01-03,81.050964,81.050964,76.469135,79.839676,36345200
2000-01-04,77.522415,78.786367,74.099210,74.362534,33786600
2000-01-05,73.730574,75.521174,70.992010,72.466621,42496600
2000-01-06,73.203951,74.151916,67.200174,67.489830,37134800
2000-01-07,69.886062,75.837173,69.517409,75.837173,28138200
2000-01-10,76.679788,79.155029,75.784489,77.943741,29675600
2000-01-11,77.311823,78.259788,73.309304,74.151939,32546600
2000-01-12,74.994559,75.198635,72.466653,72.519318,29050000
2000-01-13,74.573225,77.101131,73.375103,76.890472,25165200
2000-01-14,78.365088,78.891735,77.522452,78.681076,21898600
2000-01-18,77.575110,79.576369,77.048463,79.102386,16752400
2000-01-19,78.779819,80.892990,77.884519,80.892990,19006000
2000-01-20,80.471611,81.630234,79.214242,80.102959,25958000
2000-01-21,81.314281,81.366946,80.102993,81.103622,18698200
2000-01-24,82.104269,82.262263,76.653472,77.206451,28340400
2000-01-25,77.417087,79.306433,75.336832,78.365051,33276200
2000-01-26,78.575765,78.628430,74.994564,75.205223,23095600
2000-01-27,77.311771,77.943747,73.835901,76.311142,30739200
2000-01-28,75.837162,76.232147,71.413327,72.466621,35313800
2000-01-31,72.361291,75.837161,70.360032,75.573837,36014600
2000-02-01,75.442173,77.943746,74.520541,77.601425,26417600
2000-02-02,77.733081,79.813336,77.601419,78.259727,26169200
2000-02-03,79.471014,81.419607,77.759411,81.314278,30579800
2000-02-04,81.735587,82.782297,81.077278,81.867249,26640000
2000-02-07,81.946249,83.104872,81.103614,82.999542,17761000
2000-02-08,83.736876,86.686100,83.736876,86.475441,21999400
2000-02-09,86.001461,86.113374,83.210232,83.420891,27258200
2000-02-10,84.105501,86.159424,83.045624,86.159424,26341600
2000-02-11,86.001429,86.001429,82.578224,84.158165,24876000
2000-02-14,84.256879,84.263462,82.367534,84.052803,22814600
2000-02-15,83.368223,84.790170,80.787653,84.658508,30572800
2000-02-16,84.184507,85.685451,83.684192,84.263504,25310600
2000-02-17,85.264137,87.002072,83.947520,86.054108,30080200
2000-02-18,86.475450,86.791438,82.946915,82.946915,25271200
2000-02-22,83.420871,84.210842,81.103625,83.210213,37226200
2000-02-23,83.993613,88.476695,83.552546,87.844719,32170800
2000-02-24,88.371357,89.997379,85.948781,89.740639,48868200
2000-02-25,89.477337,90.583296,87.528743,87.686737,32617600
2000-02-28,87.002072,89.055995,84.684826,87.634048,38216200
2000-02-29,89.108697,90.240988,88.424055,89.951332,23978600
2000-03-01,90.372595,91.478554,89.740619,90.688583,24468400
2000-03-02,91.057234,91.162564,88.266006,88.588577,32739200
2000-03-03,91.004597,93.637832,90.161962,93.585167,32017200
2000-03-06,94.164485,95.402106,92.900532,94.322479,23268400
2000-03-07,95.902408,95.955073,91.636568,92.900520,39471000
2000-03-08,93.532498,94.375133,89.556313,93.743156,43512600
2000-03-09,93.716809,97.324340,91.926210,96.903023,30101400
2000-03-10,96.797685,98.114302,95.645645,96.481697,29750600
2000-03-13,92.689851,96.165721,92.294866,93.953804,37544200
2000-03-14,95.007107,95.533754,88.476685,90.477943,39106800
2000-03-15,89.740641,90.161958,85.843453,86.686089,51202600
2000-03-16,88.792695,92.057907,85.106165,91.636589,55282200
2000-03-17,91.004548,93.585117,90.951884,93.374458,31422400
2000-03-20,93.532524,93.953842,89.530007,90.741295,21167200
2000-03-21,89.424630,94.322446,87.265378,94.164452,33435100
2000-03-22,95.639077,97.719332,93.637819,96.060394,24370200
2000-03-23,96.468540,99.220270,95.691736,97.745659,19227400
2000-03-24,98.996463,101.537535,96.916208,99.062294,22063000
2000-03-27,99.430942,100.694895,98.693637,99.220284,11752600
2000-03-28,98.575099,99.272906,95.323056,96.692337,18336300
2000-03-29,97.218997,97.271662,92.689835,92.689835,27189500
2000-03-30,90.372635,95.007129,87.212753,90.372635,42328700
2000-03-31,91.123067,93.216488,87.634032,92.268524,31349900
2000-04-03,90.807142,91.952600,84.895527,86.738792,31551300
2000-04-04,87.318042,87.581365,74.415195,85.896095,66213000
2000-04-05,82.156933,87.581397,81.103639,84.368851,37631500
2000-04-06,86.264727,87.528679,84.052811,86.370056,30499900
2000-04-07,87.739397,90.477962,86.475444,89.845985,20645500
2000-04-10,90.688615,90.741280,83.631545,84.368851,26988200
2000-04-11,81.840945,85.527474,80.103010,82.367592,34497100
2000-04-12,82.262261,83.210226,76.047826,77.522438,34824400
2000-04-13,78.207124,80.893025,74.151939,74.151939,46330500
2000-04-14,72.519295,74.573218,65.725548,67.726807,60851300
2000-04-17,65.738705,75.837160,65.725538,75.521172,55398500
2000-04-18,75.402684,78.365073,73.625250,77.522438,36260900
2000-04-19,77.943756,78.891721,75.047197,75.152527,28082500
2000-04-20,76.153108,76.653422,72.519246,73.519875,21255600
2000-04-24,70.307364,71.834640,67.305476,71.413322,31190900
2000-04-25,72.887917,76.258457,72.466600,76.232124,28663200
2000-04-26,76.363832,77.877943,73.414608,73.625267,25688300
2000-04-27,70.781366,77.930600,69.306755,76.890472,37010400
2000-04-28,78.839047,79.839676,77.627759,79.839676,24828400
2000-05-01,80.682333,81.630298,79.418380,80.577003,23205700
2000-05-02,79.945022,80.576999,75.626517,75.942505,20307900
2000-05-03,75.415826,76.047803,72.058453,75.099838,26589700
2000-05-04,74.994520,76.469131,73.835896,75.257843,17750700
2000-05-05,74.257203,77.785737,74.178206,77.048431,20571200
2000-05-08,76.258472,76.469130,73.941225,74.046555,13903000
2000-05-09,74.573209,75.099856,71.044675,72.466621,19825800
2000-05-10,71.097321,71.610801,66.989476,67.200134,34847500
2000-05-11,69.728080,71.834669,68.148139,71.308022,24709700
2000-05-12,71.939998,73.783263,70.781374,71.308022,17832000
2000-05-15,71.465955,74.678500,69.622692,74.415176,17950800
2000-05-16,75.837149,77.101101,74.204543,76.521790,23758800
2000-05-17,75.205180,76.258474,73.941227,74.941856,20339400
2000-05-18,74.994562,75.297384,71.940008,72.255997,19063000
2000-05-19,70.570691,71.623985,68.516768,68.832756,28178100
2000-05-22,68.780106,69.306753,63.684795,68.780106,43879800
2000-05-23,68.569452,69.622746,62.565675,63.039658,31898500
2000-05-24,63.197629,67.305475,60.880383,66.989487,49476000
2000-05-25,67.621473,69.306743,64.461591,65.514885,29632700
2000-05-26,65.514885,66.778838,63.829615,65.514885,18203200
2000-05-30,67.410818,72.413965,67.410818,72.097977,31590400
2000-05-31,71.176320,73.032750,69.728041,70.044029,29675400
2000-06-01,71.782002,74.467902,70.781373,73.625267,28993500
2000-06-02,78.049051,79.155009,69.517373,78.891685,31677200
2000-06-05,77.733057,80.313626,77.417069,79.089172,23784300
2000-06-06,78.523078,80.050355,76.574484,76.890472,23200500
2000-06-07,77.153797,79.207721,75.468526,78.944397,22524400
2000-06-08,79.734337,79.944996,77.206432,78.575714,19313800
2000-06-09,79.839652,79.839652,78.365041,78.997017,17014600
2000-06-12,79.471066,79.471066,75.837201,76.469177,16484700
2000-06-13,76.258476,79.734346,75.297346,79.418358,25187900
2000-06-14,79.945032,79.945032,77.101138,77.627785,20274500
2000-06-15,77.417077,79.102346,76.574442,78.997017,18807800
2000-06-16,79.839675,80.313658,78.417729,79.418358,21203400
2000-06-19,79.220851,82.788883,78.101726,82.578224,20042500
2000-06-20,82.788884,84.000172,81.893585,82.262238,20988300
2000-06-21,81.577617,84.026525,81.472287,83.315552,20880600
2000-06-22,83.104856,83.420844,79.628987,80.260963,21526700
2000-06-23,80.050327,80.471645,76.995775,77.101105,24888100
2000-06-26,78.417747,79.563205,77.522447,79.207718,22169200
2000-06-27,79.010199,80.102992,77.838410,78.259727,14786000
2000-06-28,78.351916,80.471671,77.943765,79.207718,19259800
2000-06-29,78.312443,78.681096,76.363849,77.219650,21355800
2000-06-30,77.364399,79.168164,76.943082,78.733681,15153100
2000-07-03,78.786353,80.260963,78.575694,80.260963,5212000
2000-07-05,78.891674,79.181330,76.574429,77.153740,16489000
2000-07-06,77.153794,79.839694,75.889841,79.207718,23594700
2000-07-07,80.050331,81.735601,79.576349,80.840302,16603200
2000-07-10,79.786997,80.787626,79.207686,79.615837,12659400
2000-07-11,79.260361,80.682307,78.207067,80.050331,14374600
2000-07-12,80.419005,82.367599,79.734364,81.946281,18252600
2000-07-13,82.525560,84.052836,81.840919,82.999542,19566700
2000-07-14,84.474165,85.211471,83.262877,84.790154,17219400
2000-07-17,85.053457,86.001422,84.158158,85.738098,13140500
2000-07-18,84.579476,84.921797,82.881040,83.842171,20684000
2000-07-19,82.841581,83.368228,80.603331,81.946281,21828500
2000-07-20,82.472918,84.684835,81.959437,84.579506,19521200
2000-07-21,82.946884,83.855349,81.735596,81.735596,14411400
2000-07-24,82.525572,83.420871,79.418355,80.050331,18579200
2000-07-25,80.577013,81.735637,79.049736,80.682343,19065700
2000-07-26,80.471674,80.998321,78.575745,80.577003,20318700
2000-07-27,79.155042,80.103006,77.153783,77.417107,26141800
2000-07-28,77.680433,78.259745,72.466628,73.203934,36485600
2000-07-31,73.835936,75.942524,72.229662,75.363213,27609900
2000-08-01,75.679151,75.823979,73.888551,74.362534,15751800
2000-08-02,74.046574,76.166328,72.887950,73.045944,23578200
2000-08-03,70.992013,76.890459,70.202043,76.205818,35874700
2000-08-04,77.522446,78.167589,75.099870,75.942505,22283400
2000-08-07,76.574447,78.391379,76.047801,77.733070,15103300
2000-08-08,77.575107,79.418371,77.101124,79.313042,14832300
2000-08-09,78.944387,79.576363,76.995793,77.206451,18649800
2000-08-10,77.364431,77.719918,75.415838,75.679161,15336200
2000-08-11,75.205176,76.771951,74.046553,76.732452,21050600
2000-08-14,76.995769,78.365051,76.008307,78.365051,12539300
2000-08-15,78.154393,79.194520,77.522416,78.365051,14090300
2000-08-16,78.733735,79.787029,77.522446,79.155052,15245300
2000-08-17,78.312430,80.787672,78.259766,80.682343,14492400
2000-08-18,80.840275,81.419586,79.786981,80.260963,14706700
2000-08-21,80.892936,81.617075,79.523655,80.471619,13560100
2000-08-22,80.892936,82.038393,80.274126,80.471619,14878200
2000-08-23,79.787026,82.104273,79.062886,81.788284,21396400
2000-08-24,82.104274,83.157568,80.945650,83.052238,13567700
2000-08-25,82.986403,84.224023,81.735616,82.604584,11764700
2000-08-28,82.788883,84.131833,82.525560,82.999542,12314200
2000-08-29,83.104903,83.565719,82.459760,83.420891,11162800
2000-08-30,82.841569,83.842199,82.380753,83.315552,10545300
2000-08-31,83.947527,85.948785,83.315551,85.632797,15588700
2000-09-01,86.791429,87.225913,85.264153,86.475441,14071900
2000-09-05,85.632770,85.738099,83.776340,83.842171,16348300
2000-09-06,83.631555,83.829048,80.471672,80.892990,20964900
2000-09-07,81.577597,83.776348,81.366938,82.683556,16669700
2000-09-08,82.380761,82.578254,79.852856,80.155678,23475200
2000-09-11,79.629008,80.998290,77.522421,78.207062,27262100
2000-09-12,78.786373,79.787002,76.548123,76.995773,24256000
2000-09-13,76.047843,79.102396,75.837184,78.786407,34093100
2000-09-14,80.260980,80.840291,78.062229,78.365051,28615300
2000-09-15,78.470407,78.891724,76.416483,76.943130,24994600
2000-09-18,77.364424,78.365053,74.151879,75.731819,29218500
2000-09-19,76.469155,79.023394,75.731849,78.523079,27568700
2000-09-20,78.681066,80.247841,76.943131,79.734360,33123200
2000-09-21,78.997041,79.615852,73.309254,73.941231,25031400
2000-09-22,73.835909,78.575732,73.730580,78.312408,33710100
2000-09-25,78.891691,79.418337,75.837139,76.232124,20560800
2000-09-26,76.482338,77.943784,74.928729,75.363213,26011200
2000-09-27,76.363798,76.837780,74.151881,75.468498,28482900
2000-09-28,74.757497,78.365027,74.757497,77.153740,29050000
2000-09-29,77.522415,77.904234,74.731187,74.783852,27198800
2000-10-02,76.047818,76.047818,72.466618,73.098595,24968200
2000-10-03,74.204546,74.836523,70.162531,70.781342,35731200
2000-10-04,70.360028,73.190755,69.201404,72.150627,37672100
2000-10-05,71.834643,73.467249,71.255331,72.361290,23443100
2000-10-06,72.097973,72.940609,68.464109,69.938721,36335800
2000-10-09,69.570062,70.623356,66.884162,69.622726,28834600
2000-10-10,68.938100,70.202053,65.620223,65.988876,35283200
2000-10-11,64.777553,67.792606,64.092912,64.935547,48462600
2000-10-12,66.778853,67.042177,62.697338,63.302982,53223600
2000-10-13,62.934304,68.780084,62.881639,68.464096,42410200
2000-10-16,68.358756,69.359385,67.200133,69.096062,27644900
2000-10-17,70.044033,70.083532,65.725529,65.936188,52101400
2000-10-18,64.672224,68.411416,62.828960,65.725517,64354400
2000-10-19,69.425235,71.716150,68.622099,71.676651,44278900
2000-10-20,71.202674,74.046567,71.110510,72.729950,40692200
2000-10-23,72.624596,73.730554,70.886661,72.624596,28989200
2000-10-24,72.835311,73.309293,69.412104,69.517433,31466200
2000-10-25,68.464086,69.096062,64.790725,65.620193,48635400
2000-10-26,65.883549,67.410826,62.039025,67.305496,69991300
2000-10-27,68.134951,68.977586,65.291058,67.173820,51046400
2000-10-30,65.883539,67.305486,63.790117,64.685417,35496700
2000-10-31,65.725534,69.570056,65.620204,68.845917,43863800
2000-11-01,67.674129,69.780717,66.726165,68.253441,45186400
2000-11-02,69.254056,70.149355,68.306091,69.096062,26594300
2000-11-03,69.833385,70.728685,68.793257,69.991379,29837100
2000-11-06,70.465374,70.886692,69.096092,69.464745,23485800
2000-11-07,68.622112,69.491080,67.621482,69.201424,24334400
2000-11-08,69.201417,69.306747,63.724288,63.790119,40338200
2000-11-09,62.986958,64.830222,61.512347,63.776928,64955900
2000-11-10,62.565680,63.776968,60.459091,60.459091,49235500
2000-11-13,59.787623,62.513023,57.523040,60.551262,75023400
2000-11-14,61.512390,64.040296,61.301731,63.908634,44829500
2000-11-15,63.671600,65.778187,63.026457,65.198875,37760900
2000-11-16,63.513616,64.882898,61.407028,61.407028,33898700
2000-11-17,61.670357,63.355627,59.827092,61.367535,49913800
2000-11-20,59.774413,60.722378,58.352467,58.865948,46862300
2000-11-21,59.142437,59.932408,57.667826,58.773785,42128600
2000-11-22,57.667832,59.089779,56.035227,56.140556,56623700
2000-11-24,57.615187,59.511117,57.444027,59.353123,19987900
2000-11-27,61.143740,61.459728,57.931192,58.615833,35416600
2000-11-28,58.089144,58.931779,55.034592,55.153088,48812700
2000-11-29,55.455908,56.245878,52.664680,53.033333,66189300
2000-11-30,52.032718,54.139306,50.979424,53.072845,74792600
2000-12-01,53.981318,56.259067,52.348713,53.928654,57112500
2000-12-04,54.033973,55.074100,52.032714,54.771278,49106300
2000-12-05,55.666576,59.827086,55.192594,59.563763,76531800
2000-12-06,59.484760,60.919872,57.088517,57.299175,63352100
2000-12-07,56.456562,58.128666,55.192609,56.035244,41481100
2000-12-08,59.906077,61.933667,56.983187,57.299175,65856900
2000-12-11,60.722396,63.013311,59.787598,62.670990,51829800
2000-12-12,61.933686,62.249674,60.090422,60.380077,31054500
2000-12-13,61.881001,61.933666,57.562497,57.917984,51661600
2000-12-14,57.733670,58.721133,54.981939,55.087269,41562700
2000-12-15,54.139322,55.297946,52.717375,53.823334,59026100
2000-12-18,54.902951,55.587592,52.717366,53.928654,42950000
2000-12-19,53.467831,55.495422,49.504813,49.820801,80489200
2000-12-20,48.293544,49.188845,46.134291,46.963760,81432100
2000-12-21,46.358093,49.504808,45.712951,47.240227,85875600
2000-12-22,48.556840,51.190075,48.451511,50.979416,57240000
2000-12-26,51.058408,52.177532,48.872823,51.295399,37082800
2000-12-27,50.294781,52.401368,49.662804,51.874722,33955500
2000-12-28,51.216422,52.651535,50.768772,51.769402,30996900
2000-12-29,51.874731,52.440877,48.872843,49.188831,49191000
2001-01-02,49.346797,49.452126,44.185659,45.028294,62514100
2001-01-03,43.975020,54.981941,43.948688,52.612030,118175700
2001-01-04,51.927371,53.612640,50.755582,51.664047,58465400
2001-01-05,51.664062,51.664062,47.187564,47.714211,68782000
2001-01-08,47.450878,48.451507,45.094134,48.240849,55576500
2001-01-09,48.662166,49.820789,47.714202,48.240849,53318900
2001-01-10,47.292887,50.874085,46.976899,50.716091,74258300
2001-01-11,49.939307,53.665335,49.873476,52.190723,65451700
2001-01-12,52.875368,54.455309,51.822074,52.862202,60793900
2001-01-16,52.717369,53.020191,51.032099,52.230221,32203300
2001-01-17,54.349981,55.284779,53.204523,53.823334,61388800
2001-01-18,54.033979,56.245896,52.822691,56.087902,54934700
2001-01-19,57.417689,57.562517,55.245270,55.877247,56292500
2001-01-22,55.508580,56.456544,54.560615,55.929897,35777100
2001-01-23,55.534940,57.641528,55.034625,57.101715,49859500
2001-01-24,57.351841,58.247140,56.245882,56.561871,53905400
2001-01-25,56.351207,57.022681,54.257786,54.349949,57151900
2001-01-26,53.559982,55.561240,53.086000,55.232086,45681400
2001-01-29,54.560625,56.667213,54.139308,56.456554,31514100
2001-01-30,56.582966,57.080118,55.613934,56.245911,42439300
2001-01-31,56.667197,57.290745,54.181427,54.181427,59322200
2001-02-01,54.392083,55.285274,53.591576,54.897663,45142600
2001-02-02,54.720741,55.024090,50.558120,51.864204,47471000
2001-02-05,51.560834,52.159107,50.659215,51.822052,36016300
2001-02-06,51.813647,53.187140,51.535576,51.906334,42417700
2001-02-07,50.987861,51.569281,49.361577,51.063698,61972200
2001-02-08,51.316466,51.822045,49.361553,49.538506,48269500
2001-02-09,49.083482,49.378403,47.187553,47.524609,55385200
2001-02-12,47.398207,48.822258,46.867346,48.097595,50540400
2001-02-13,48.577933,49.867164,46.328095,46.555607,58914000
2001-02-14,46.681992,48.662183,45.603417,48.409393,63048200
2001-02-15,49.546937,50.970992,49.125619,49.209885,67801300
2001-02-16,47.153857,47.920655,45.948889,46.454472,66779700
2001-02-20,46.968484,47.052746,44.069817,44.651237,55298400
2001-02-21,43.437830,45.561270,42.906969,43.395699,72349000
2001-02-22,43.353586,43.951856,41.196439,42.974400,103855500
2001-02-23,42.207603,43.479981,40.640301,43.126076,93337900
2001-02-26,43.884425,44.322592,42.342401,43.943409,78342700
2001-02-27,43.429406,43.884429,41.204850,41.289112,66741700
2001-02-28,41.668306,42.308707,39.485881,39.983036,102187900
2001-03-01,39.578588,41.457665,38.550572,41.120609,101773000
2001-03-02,39.772380,41.819984,38.466296,39.351063,95927100
2001-03-05,40.025183,40.749850,39.679703,40.067314,43888400
2001-03-06,41.541887,42.687870,41.373359,41.626152,60828600
2001-03-07,42.468810,42.494088,41.263841,41.643024,55215500
2001-03-08,41.584036,41.971651,40.530743,40.867798,48965200
2001-03-09,39.814505,39.915620,37.876445,38.002838,79990900
2001-03-12,37.075951,37.876455,35.222153,35.643471,80674000
2001-03-13,36.047922,37.699489,35.500211,37.455124,80024400
2001-03-14,35.980522,38.078681,35.651894,36.865288,97190000
2001-03-15,38.087107,38.179798,35.432805,35.517071,74135500
2001-03-16,35.289556,36.064779,34.177278,34.716564,77784500
2001-03-19,34.918775,36.452370,34.337358,36.452370,53248200
2001-03-20,36.604071,36.915848,33.873935,34.000328,104796200
2001-03-21,34.143578,35.222150,33.461042,34.000328,96200700
2001-03-22,34.210987,36.064785,33.275665,36.064785,130208100
2001-03-23,36.696761,36.932701,34.969360,36.064785,95277500
2001-03-26,36.629346,36.654624,35.011485,35.230572,57666200
2001-03-27,35.222148,36.840009,34.901946,36.443970,69945300
2001-03-28,35.306412,35.559202,33.435761,33.452614,77863500
2001-03-29,33.182959,34.219399,32.357177,32.820625,79654700
2001-03-30,33.115552,33.688544,32.020127,32.989159,63661300
2001-04-02,33.006018,33.579010,31.430291,31.514557,69713600
2001-04-03,31.346039,31.809487,29.172038,29.205744,89015700
2001-04-04,29.247868,30.174768,28.312542,28.691729,76473900
2001-04-05,30.334860,31.986424,30.090495,31.438713,87035800
2001-04-06,31.093240,31.261765,29.913550,30.292736,86123600
2001-04-09,31.000540,31.506120,30.208461,31.219624,51638700
2001-04-10,31.935861,34.093004,31.834743,33.536865,94265100
2001-04-11,35.525487,35.811983,34.084582,34.548031,92829500
2001-04-12,33.958197,36.064785,33.705407,36.064785,79531500
2001-04-16,35.340117,35.753010,33.755966,33.916065,65229800
2001-04-17,33.663291,35.980539,33.621160,34.758717,94694300
2001-04-18,36.840006,40.446483,36.401836,38.382027,128891400
2001-04-19,38.845489,41.078474,38.407321,40.699287,110467600
2001-04-20,40.598154,41.659873,36.275436,40.783535,80598100
2001-04-23,39.595424,40.210547,37.825888,38.044975,79317600
2001-04-24,38.002831,39.115109,36.865275,37.328724,88888300
2001-04-25,36.991679,38.407306,36.317568,38.002838,68418400
2001-04-26,38.676937,38.971858,36.966386,37.033798,71110200
2001-04-27,38.044975,38.314618,37.278177,38.044975,55580000
2001-04-30,38.971858,40.084136,38.171355,38.887596,73859100
2001-05-01,38.929751,40.513906,38.255643,40.488625,54498300
2001-05-02,41.120596,41.626179,40.025171,41.272270,77566500
2001-05-03,40.362230,40.362230,38.929750,39.435329,67124900
2001-05-04,38.171370,40.615013,38.011270,40.615013,72673400
2001-05-07,40.446492,40.952072,39.688119,39.772385,45561600
2001-05-08,40.699275,40.741406,39.595425,40.615013,56970700
2001-05-09,39.646015,40.404389,39.132007,39.224697,60984600
2001-05-10,40.379073,40.488617,38.525278,38.567410,61130300
2001-05-11,38.626392,39.115118,37.994415,38.382027,48760400
2001-05-14,38.171356,38.221915,36.528217,37.766891,43108000
2001-05-15,37.834317,39.014004,37.564674,38.044975,69007600
2001-05-16,37.337185,40.042045,37.126526,39.730270,80110500
2001-05-17,39.983019,41.112150,39.822917,40.362206,73810700
2001-05-18,40.143127,40.766679,39.679679,40.480183,41095100
2001-05-21,40.589713,43.100768,40.151546,43.016502,85426900
2001-05-22,43.235609,43.774895,42.283431,42.890129,77233900
2001-05-23,42.502504,42.510932,40.985762,40.994190,65618000
2001-05-24,41.263842,42.123330,40.673997,42.047493,61792500
2001-05-25,42.098047,42.148606,40.463336,41.280693,36191100
2001-05-29,40.867808,40.867808,38.845482,38.862335,66609600
2001-05-30,38.280917,38.634822,37.143361,37.438282,81397400
2001-05-31,37.530960,38.634809,37.328726,37.691059,68018300
2001-06-01,38.373614,38.955031,37.354026,38.803356,61874300
2001-06-04,39.039287,39.317355,38.162946,38.617970,41696000
2001-06-05,39.014015,40.749845,38.929753,40.320099,68146400
2001-06-06,40.513887,41.196420,39.662824,40.008305,61169500
2001-06-07,39.713398,41.702018,39.662839,41.036335,65400200
2001-06-08,41.053194,41.095325,39.561729,39.898781,56391400
2001-06-11,39.519598,39.603860,38.331482,38.803356,48809400
2001-06-12,37.809050,39.435336,37.269764,38.592701,78450500
2001-06-13,38.988752,39.393216,37.514139,37.539417,68535400
2001-06-14,37.092806,37.413008,35.390682,35.601341,91050300
2001-06-15,35.222148,36.292295,34.783977,35.896255,84589400
2001-06-18,35.929966,36.376562,34.885101,35.415958,63539100
2001-06-19,36.502959,36.705193,34.767129,35.239006,73386900
2001-06-20,34.800834,36.208037,34.783981,36.039509,83588600
2001-06-21,35.955244,37.269756,35.643470,36.528236,67212600
2001-06-22,36.755744,37.244474,35.887831,36.443970,51870400
2001-06-25,36.747314,36.907414,35.938385,36.536655,39212100
2001-06-26,35.845705,36.983262,35.795146,36.663059,55155100
2001-06-27,36.806293,37.202332,36.233301,36.898983,53289400
2001-06-28,37.412999,39.064563,37.370865,37.370865,89963700
2001-06-29,37.994415,39.199383,37.665788,38.508423,59719600
2001-07-02,38.466276,39.165661,38.078662,38.297749,50884300
2001-07-03,38.129232,38.499990,37.750046,38.457859,24758400
2001-07-05,37.809032,38.070250,36.612492,36.612492,44409800
2001-07-06,36.241749,36.326015,34.960946,35.095768,53434800
2001-07-09,35.297982,35.972090,34.969355,35.399097,45547500
2001-07-10,36.031074,36.132193,34.042458,34.126720,58620000
2001-07-11,34.059301,34.632293,33.595853,34.548031,77840200
2001-07-12,35.921530,36.932693,35.643459,36.738884,70363300
2001-07-13,36.553513,37.438279,36.149048,36.359707,62474200
2001-07-16,36.545081,36.957973,35.306409,35.685593,53390800
2001-07-17,35.239003,36.570369,35.003067,36.486103,59813000
2001-07-18,35.618201,36.106928,34.666022,35.095768,64797200
2001-07-19,35.778295,36.528240,35.180025,35.929970,76590200
2001-07-20,34.960946,35.508658,34.851403,35.095768,49012800
2001-07-23,35.592910,35.727731,34.168854,34.219414,55329400
2001-07-24,34.025593,34.463763,33.123974,33.831787,70422900
2001-07-25,33.823371,34.312101,33.199823,34.126720,68859600
2001-07-26,34.084587,35.297980,33.688547,34.632298,69199300
2001-07-27,35.087319,35.609752,34.800823,35.348537,47452900
2001-07-30,35.500219,35.643466,34.885096,35.137886,39459400
2001-07-31,35.255855,36.047930,34.969359,35.188442,55732500
2001-08-01,35.921537,36.654629,35.736156,36.317574,53864800
2001-08-02,36.898992,37.075944,36.081634,37.000107,53187300
2001-08-03,36.679904,36.679904,35.862550,36.384983,51513700
2001-08-06,35.837290,36.106933,35.685615,35.812012,31105700
2001-08-07,35.474939,36.081637,35.340118,35.626614,38407500
2001-08-08,35.264276,35.938387,33.958193,34.126720,76045200
2001-08-09,34.050875,34.446914,33.688542,34.269958,66861400
2001-08-10,34.059306,34.337377,33.056571,33.941338,68491900
2001-08-13,34.202555,34.834531,33.873928,34.632298,48425700
2001-08-14,34.960943,35.137896,34.160439,34.210995,51267600
2001-08-15,34.227835,34.489053,32.921751,32.947029,58935300
2001-08-16,32.559418,33.359922,32.053839,33.334644,68227300
2001-08-17,32.390898,32.694247,31.775774,31.817905,56649300
2001-08-20,31.893766,32.567877,31.615698,32.256100,49921300
2001-08-21,32.264503,32.567852,30.882582,30.916285,56445600
2001-08-22,31.556688,31.885315,30.789890,31.758919,65221400
2001-08-23,31.742066,32.407749,31.430292,31.447145,54711800
2001-08-24,31.902180,33.191411,31.809490,33.115574,58450600
2001-08-27,33.098715,33.621152,32.719532,33.157700,50927500
2001-08-28,33.132405,33.233520,32.028552,32.121243,65275500
2001-08-29,32.331902,32.399315,31.287037,31.649370,59060500
2001-08-30,31.008974,31.438720,30.124208,30.478113,76105800
2001-08-31,30.360142,31.202777,30.284304,30.865725,54309000
2001-09-04,30.764602,31.598812,29.787145,29.888264,74073600
2001-09-05,29.905131,30.259036,28.775999,29.770309,95461200
2001-09-06,29.273140,29.930394,28.464208,28.565327,88701800
2001-09-07,28.329387,29.576486,28.101875,28.396799,95528800
2001-09-10,28.219853,28.919239,28.093457,28.733858,80371300
2001-09-17,26.332349,27.638433,26.197528,26.290218,97700900
2001-09-18,26.568282,27.385637,25.590825,25.700367,66285300
2001-09-19,25.818346,26.121695,23.812875,25.253780,116632800
2001-09-20,24.689206,25.354889,24.267889,24.411137,90840200
2001-09-21,23.096626,24.411136,22.919673,23.753881,112341900
2001-09-24,24.503836,25.279061,24.090945,24.950434,85696500
2001-09-25,25.034685,25.641384,24.394284,25.026260,83860600
2001-09-26,25.236924,25.279055,23.939265,24.158350,59759800
2001-09-27,23.930840,24.259469,23.105058,23.998251,70050700
2001-09-28,24.301593,25.211639,23.854996,24.419561,84810800
2001-10-01,24.310023,24.419565,23.467388,24.208906,53460800
2001-10-02,24.141494,24.781897,23.930836,24.284742,74133400
2001-10-03,23.947694,26.635701,23.871856,26.121693,136198600
2001-10-04,26.669408,27.975493,26.071137,26.374485,127371500
2001-10-05,26.121690,26.880061,25.498140,26.762093,96443400
2001-10-08,26.231231,27.259245,26.087983,26.846355,67789600
2001-10-09,26.846358,26.981180,26.012150,26.197529,57564800
2001-10-10,26.012145,27.419345,25.911028,27.385639,73840600
2001-10-11,27.967060,29.702890,27.924929,29.239441,117232200
2001-10-12,28.927656,29.323692,27.924918,29.113033,111901600
2001-10-15,28.750716,29.113050,28.363105,28.986656,78322000
2001-10-16,29.205727,29.576485,28.708572,29.458517,81346800
2001-10-17,30.225310,30.334853,27.217104,27.343500,141530300
2001-10-18,27.554170,28.261984,27.301381,28.085032,94448200
2001-10-19,27.688990,28.438934,26.964323,28.270407,73434200
2001-10-22,28.177717,29.070911,27.992339,29.028780,74104900
2001-10-23,29.340546,29.829276,28.649586,29.180447,104062200
2001-10-24,29.155179,30.065227,28.919243,29.812437,90171400
2001-10-25,29.239436,31.025821,28.843397,31.008968,118551900
2001-10-26,30.756187,31.228064,30.343294,30.343294,93823900
2001-10-29,30.334874,30.461271,28.683310,28.683310,92146800
2001-10-30,28.405223,28.725425,27.672132,28.127155,96092200
2001-10-31,28.683295,29.458518,28.379946,28.565327,106175500
2001-11-01,29.020352,29.964105,28.464213,29.778725,92716000
2001-11-02,29.719742,30.208469,29.399540,29.997810,64917700
2001-11-05,30.553944,31.312317,30.469682,30.975262,64473000
2001-11-06,30.840447,32.188665,30.663494,32.180237,107214900
2001-11-07,31.691512,32.727953,31.598821,32.138107,92562100
2001-11-08,32.483588,33.199830,31.388163,31.809481,105916300
2001-11-09,31.674659,32.087552,31.278619,31.792627,74121900
2001-11-12,31.177503,32.315059,30.587657,32.020138,112994400
2001-11-13,32.888032,33.284072,32.550980,33.166103,97931800
2001-11-14,33.671704,33.907645,32.643692,33.402061,88660100
2001-11-15,32.997592,33.798096,32.820639,33.267235,86349700
2001-11-16,33.267232,33.435759,32.795355,33.174541,64035500
2001-11-19,33.528449,34.118294,33.275659,34.118294,69196300
2001-11-20,33.772810,33.899203,32.424592,32.542561,85176500
2001-11-21,32.416173,32.820637,32.003280,32.374039,60867900
2001-11-23,32.660538,33.225106,32.500439,33.098709,27046000
2001-11-26,33.351501,34.008756,32.871196,33.916065,75267500
2001-11-27,33.747551,34.522777,33.031312,33.873947,100289700
2001-11-28,33.477889,34.017175,32.601548,32.652107,101568200
2001-11-29,32.888051,33.705408,32.685820,33.663277,83774700
2001-11-30,33.477890,33.739108,33.166116,33.410480,66018200
2001-12-03,33.107137,33.368352,32.753228,32.837494,60449800
2001-12-04,33.149265,34.413218,32.390892,34.404793,79378700
2001-12-05,34.716561,36.359700,34.649149,36.106907,115773700
2001-12-06,35.980522,36.435546,35.694026,36.157475,77702100
2001-12-07,35.795135,35.896250,34.666004,35.163158,81632600
2001-12-10,34.817674,35.584471,34.446916,34.548031,69088000
2001-12-11,34.935642,35.609749,34.657574,34.741837,66056500
2001-12-12,34.969365,35.340123,34.210992,35.019924,76093400
2001-12-13,34.303686,34.548051,33.503181,33.503181,79582600
2001-12-14,33.595869,34.093024,33.343079,33.798103,70006300
2001-12-17,33.722240,34.750255,33.722240,34.379494,62295500
2001-12-18,34.682881,34.969377,33.840245,34.767143,50850400
2001-12-19,34.177289,34.817690,33.975055,34.135155,79596200
2001-12-20,33.789695,33.958223,32.593154,32.685844,83048800
2001-12-21,33.216676,33.461040,32.989167,33.267235,56205000
2001-12-24,33.317777,33.393615,32.989150,33.132397,13660400
2001-12-26,33.174540,33.958191,32.997588,33.444183,37672900
2001-12-27,33.579011,33.873936,33.368353,33.713833,34255200
2001-12-28,33.949780,34.379523,33.899221,33.983486,38240400
2001-12-31,33.966605,34.084573,32.786915,32.786915,46176900
2002-01-02,33.343079,33.831810,32.803793,33.798103,61708800
2002-01-03,33.966626,35.011491,33.924491,34.969360,85769100
2002-01-04,35.348542,35.635038,34.489054,35.112602,86876900
2002-01-07,35.483368,35.576058,33.798097,34.724995,75166200
2002-01-08,34.632292,35.196859,34.413208,34.960922,66956800
2002-01-09,35.424383,35.896256,34.463779,34.640732,85123000
2002-01-10,34.691285,35.003062,34.278395,34.868240,75548000
2002-01-11,34.842960,35.053619,34.101443,34.421642,60832900
2002-01-14,34.118298,34.278398,33.452616,33.671700,71310700
2002-01-15,33.730676,34.337374,33.334640,33.991894,66916100
2002-01-16,33.309371,33.654852,32.668970,32.677395,90942000
2002-01-17,33.267231,33.680123,32.871191,33.410480,75285900
2002-01-18,32.719518,33.241951,32.205510,32.517284,81985600
2002-01-22,32.862772,32.879625,31.455573,31.514557,81773800
2002-01-23,31.725211,32.601549,31.472418,32.382465,74968800
2002-01-24,32.812218,33.292520,32.668971,32.812218,77251200
2002-01-25,32.416179,32.989171,32.323489,32.719528,58832100
2002-01-28,32.989173,33.191403,32.374046,32.904907,47795900
2002-01-29,32.972324,33.199836,31.607252,32.003292,83339800
2002-01-30,32.020138,32.736377,31.051106,32.247650,101385500
2002-01-31,32.500434,32.652109,32.036985,32.449875,69655500
2002-02-01,32.357194,32.761659,31.767349,32.138107,61207100
2002-02-04,31.986422,32.079112,30.848866,31.110081,82763300
2002-02-05,30.832021,31.455573,30.494966,30.596085,86853800
2002-02-06,31.042666,31.084797,30.082063,30.385412,98507600
2002-02-07,30.326453,30.798327,29.492242,29.652342,97725900
2002-02-08,29.879843,30.537101,29.466954,30.478113,80483100
2002-02-11,30.452832,31.008971,30.318010,30.865725,57641200
2002-02-12,30.596085,31.160649,30.368573,30.612938,51477700
2002-02-13,30.941561,31.303894,30.848870,31.135366,60984700
2002-02-14,31.303892,31.657797,30.334860,31.076380,77482300
2002-02-15,31.034258,31.101667,30.031520,30.149488,79719900
2002-02-19,29.804003,29.879840,28.919237,29.222586,72437200
2002-02-20,29.407986,29.635495,28.590628,29.618645,106552700
2002-02-21,29.315269,29.450091,28.211416,28.211416,109307800
2002-02-22,28.320969,28.818124,27.882798,28.354675,99824200
2002-02-25,28.649592,29.702886,28.607461,29.500652,88994700
2002-02-26,29.686042,29.854570,28.961375,29.391121,94683300
2002-02-27,29.820863,29.921979,28.700160,28.986656,95159300
2002-02-28,29.079324,29.466938,28.438923,28.464201,95711200
2002-03-01,28.775984,30.124199,28.725425,30.115774,86081600
2002-03-04,30.082073,31.371303,29.829283,31.303894,105734600
2002-03-05,31.118500,31.910575,31.017385,31.531389,91452600
2002-03-06,31.244919,31.978011,30.840451,31.683086,86943400
2002-03-07,32.121247,32.298202,31.185921,31.750488,85496000
2002-03-08,32.213958,32.888066,32.129696,32.584717,84443700
2002-03-11,32.315057,33.022871,32.070696,32.466732,71035200
2002-03-12,31.657804,32.020138,31.447146,32.020138,82652100
2002-03-13,31.522977,31.733636,31.067953,31.244909,71376200
2002-03-14,31.228048,31.514544,30.949977,31.059521,70700500
2002-03-15,31.084809,31.455571,30.832019,31.371305,63966500
2002-03-18,31.708355,31.969570,31.219625,31.548252,78938300
2002-03-19,31.683075,31.919015,31.362876,31.497698,58947600
2002-03-20,31.067944,31.244900,30.368559,30.385412,61816500
2002-03-21,30.461271,31.295478,30.250612,31.194363,89198800
2002-03-22,31.126947,31.295475,30.730911,30.907864,58930100
2002-03-25,30.916283,31.093239,29.930401,29.964108,87421900
2002-03-26,29.846129,30.688764,29.829279,30.242168,92457500
2002-03-27,30.023096,30.334870,29.829290,30.006243,64531800
2002-03-28,30.351706,30.646627,30.250591,30.385412,59539400
2002-04-01,30.166331,31.093232,29.745014,30.966835,70730500
2002-04-02,30.318016,30.461266,29.492234,29.568071,77759800
2002-04-03,29.745006,29.871402,28.902371,29.517494,85766400
2002-04-04,29.070915,29.627054,28.885534,29.289999,90521500
2002-04-05,29.500664,29.635486,28.801279,28.961378,68426000
2002-04-08,28.203001,29.323704,28.160866,29.323704,74950700
2002-04-09,29.306838,29.475366,28.219842,28.304104,80910200
2002-04-10,28.447368,28.860260,27.916510,28.514780,85748700
2002-04-11,28.363100,28.523200,27.705846,27.806961,90665600
2002-04-12,28.076593,28.481058,27.764819,28.245121,78360100
2002-04-15,28.481064,28.615885,27.975484,28.472639,69306800
2002-04-16,29.011931,29.677614,28.995078,29.660761,72064700
2002-04-17,29.829295,29.913557,29.197318,29.509092,69130100
2002-04-18,29.306843,29.618620,28.649589,28.944510,91086100
2002-04-19,29.534352,29.542780,28.969788,29.037197,62286800
2002-04-22,28.658009,28.658009,28.017608,28.304104,64625600
2002-04-23,28.304120,28.599041,27.554175,27.815390,73070300
2002-04-24,27.983909,28.068175,27.132849,27.385639,68953900
2002-04-25,27.217112,27.579446,26.964323,27.318228,103073700
2002-04-26,27.520472,27.621587,26.130123,26.155403,100193400
2002-04-29,26.323917,26.585133,25.750924,26.222801,85326800
2002-04-30,26.146971,27.124426,26.071134,26.736814,95357900
2002-05-01,26.686259,26.829507,25.767787,26.593569,109975700
2002-05-02,26.450322,26.955903,25.666670,25.708803,85852200
2002-05-03,25.675092,25.708798,24.840884,25.059969,92103200
2002-05-06,24.967276,25.262198,24.310021,24.411137,96491200
2002-05-07,24.663934,24.731344,23.947693,24.183632,101954400
2002-05-08,25.388591,26.863202,25.279049,26.770514,129741500
2002-05-09,26.601984,26.871627,25.953155,26.079552,106477200
2002-05-10,26.130112,26.197523,24.857733,24.908291,112282800
2002-05-13,25.169510,26.104834,25.000982,25.919455,93971200
2002-05-14,27.006461,27.512044,26.854788,27.444632,107284700
2002-05-15,27.031729,28.337813,26.837922,27.646852,150522100
2002-05-16,27.419345,27.849087,27.149702,27.688988,89916300
2002-05-17,28.051327,28.152443,27.360367,27.747978,82695000
2002-05-20,27.469906,27.554172,26.913769,27.141279,78144200
2002-05-21,27.267670,27.461476,26.121686,26.399755,104180000
2002-05-22,26.096405,26.618839,25.624530,26.458738,89543100
2002-05-23,26.652549,27.048587,25.953162,26.989603,94445800
2002-05-24,26.618846,26.703110,26.130117,26.323923,55874600
2002-05-28,26.517730,26.559862,25.691948,26.205956,68829400
2002-05-29,25.835185,26.037417,25.481278,25.514984,73470200
2002-05-30,25.287490,25.885760,25.194799,25.734087,92080500
2002-05-31,25.919460,26.155398,25.279057,25.312763,79907400
2002-06-03,25.279049,25.489708,24.259462,24.419561,77043700
2002-06-04,24.225759,25.009410,24.107791,24.739767,98366200
2002-06-05,24.790325,25.110526,24.411139,24.992558,95347100
2002-06-06,24.866163,24.866163,23.509520,24.335302,91129700
2002-06-07,23.282011,24.259469,23.189322,23.846577,106049200
2002-06-10,23.897130,24.225757,23.711749,23.804440,73142900
2002-06-11,24.099375,24.175212,23.054507,23.138769,84609500
2002-06-12,22.953375,23.560071,22.607895,23.475809,152974400
2002-06-13,23.391553,23.770738,23.046073,23.324142,97556300
2002-06-14,22.633187,23.357852,22.077048,23.273590,122106800
2002-06-17,23.593781,24.225758,23.517944,24.065657,87618100
2002-06-18,23.855000,24.562814,23.829722,24.453272,100513400
2002-06-19,23.678052,23.863431,22.961812,23.037649,93507600
2002-06-20,22.978661,23.130336,21.630444,22.296125,99913200
2002-06-21,22.211850,22.565757,21.613578,21.756826,168755100
2002-06-24,21.445061,22.582617,21.242827,22.186579,219672100
2002-06-25,22.397247,22.515216,21.318673,21.453495,136336400
2002-06-26,20.585574,21.723132,20.551868,21.613588,149080300
2002-06-27,21.908519,22.119178,21.082737,22.085472,121371100
2002-06-28,21.950638,22.540484,21.782112,21.992771,87842000
2002-07-01,21.883238,22.026486,20.880503,20.939487,64753900
2002-07-02,20.728815,20.855210,19.456436,20.181103,111629600
2002-07-03,20.096851,20.855223,19.903046,20.855223,101067000
2002-07-05,21.284956,22.237133,21.108002,22.195002,56768300
2002-07-08,22.077050,22.371971,21.133297,21.386087,97288500
2002-07-09,21.276538,21.470343,20.720399,20.779383,91039600
2002-07-10,21.057445,21.091152,20.079989,20.138973,115365200
2002-07-11,20.021001,20.973178,19.827196,20.897341,170271200
2002-07-12,21.276527,21.504039,20.686682,20.897341,130027800
2002-07-15,20.796230,21.605159,20.012580,21.546175,140207200
2002-07-16,21.276540,21.925370,20.981618,21.225983,148281700
2002-07-17,21.967495,22.279271,20.973186,21.613588,157954700
2002-07-18,21.386076,21.546177,20.661411,20.838364,114052300
2002-07-19,20.501303,20.821504,20.054706,20.214808,124116400
2002-07-22,20.096851,20.644564,19.456448,19.717665,150034800
2002-07-23,19.759791,20.012580,18.773908,18.875023,150786800
2002-07-24,18.377873,19.936748,18.234625,19.903044,186493600
2002-07-25,19.591276,19.717671,18.369453,18.748640,153915500
2002-07-26,19.009847,19.245785,18.546398,19.102537,96034200
2002-07-29,19.608119,20.324359,19.448018,20.079994,96735200
2002-07-30,19.995727,20.804657,19.877759,20.484455,117394300
2002-07-31,20.223239,20.383340,19.683953,20.096844,93831300
2002-08-01,20.004157,20.138978,19.094111,19.153095,85149700
2002-08-02,19.195237,19.245795,18.386307,18.748640,86706000
2002-08-05,18.630661,18.807613,17.948125,18.066095,84897800
2002-08-06,18.369448,19.389038,18.361023,18.959293,115364600
2002-08-07,19.549135,19.692383,18.504266,19.212080,125677100
2002-08-08,19.169946,19.886186,18.790760,19.860907,111697900
2002-08-09,19.549140,19.978883,19.279495,19.658682,93576900
2002-08-12,19.422742,19.785075,19.296347,19.717665,62870900
2002-08-13,19.574420,20.113707,19.001427,19.043560,88434400
2002-08-14,19.102543,20.391776,18.934015,20.256954,102613500
2002-08-15,20.425471,20.686688,19.987301,20.669836,120307800
2002-08-16,20.332773,21.065866,19.995719,20.813076,95853000
2002-08-19,20.872075,21.563035,20.796237,21.318670,76015900
2002-08-20,21.217556,21.428215,20.939487,21.225983,89981300
2002-08-21,21.394500,21.782113,21.065873,21.697849,101365500
2002-08-22,21.689423,22.085460,21.419780,22.043329,80345500
2002-08-23,21.739987,21.748413,21.023748,21.192274,75211200
2002-08-26,21.318668,21.394505,20.737251,21.276537,83335400
2002-08-27,21.428212,21.495622,20.349638,20.535019,92340400
2002-08-28,20.240092,20.299076,19.709231,19.785069,115562300
2002-08-29,19.549133,20.408619,19.397458,20.046288,97028200
2002-08-30,19.903048,20.223249,19.700814,19.793505,59474900
2002-09-03,19.431166,19.742942,18.824469,19.077259,81828100
2002-09-04,18.959290,19.397460,18.740204,19.153095,82717600
2002-09-05,18.875027,18.959291,18.478989,18.681221,91576600
2002-09-06,19.094110,19.565985,19.043553,19.254211,86008800
2002-09-09,19.102535,19.692380,18.866597,19.448015,72679500
2002-09-10,19.574424,19.945184,19.405898,19.928331,74615800
2002-09-11,20.324354,20.518160,19.734509,19.759789,73902800
2002-09-12,19.574408,19.599687,19.136237,19.220501,70763500
2002-09-13,19.043554,19.448018,18.976143,19.372181,79716100
2002-09-16,19.262640,19.380608,18.849749,19.094112,58853600
2002-09-17,19.422747,19.557569,18.689655,18.689655,89139700
2002-09-18,18.546394,19.001416,18.352588,18.478983,92358300
2002-09-19,18.285182,18.647514,18.158785,18.184065,86247700
2002-09-20,18.394723,18.453707,18.099800,18.259901,78116900
2002-09-23,18.074522,18.133506,17.535235,17.712189,72757500
2002-09-24,17.425687,18.074516,17.400408,17.720610,91507300
2002-09-25,17.990260,18.571679,17.779601,18.428431,98051900
2002-09-26,18.672795,18.816043,18.007114,18.200920,104453500
2002-09-27,18.158785,18.714924,17.956553,17.956553,92249700
2002-09-30,17.754329,17.897577,17.265600,17.459406,91502500
2002-10-01,17.619504,18.529550,17.248744,18.521124,102096000
2002-10-02,18.125091,18.512703,17.670067,17.906006,94829700
2002-10-03,17.745897,18.032393,17.425696,17.476254,74354800
2002-10-04,17.644786,17.712196,16.945398,17.147631,81837100
2002-10-07,17.071784,17.349853,16.726304,16.987520,79861800
2002-10-08,17.088643,17.366713,16.650473,17.021233,94103100
2002-10-09,16.802140,17.299295,16.717876,16.903255,103301000
2002-10-10,16.936967,17.872291,16.776866,17.762749,109610500
2002-10-11,18.158787,18.858174,18.049245,18.723352,124777400
2002-10-14,18.428434,18.959293,18.352596,18.942440,78890300
2002-10-15,19.751370,19.911470,19.532285,19.852486,118176000
2002-10-16,19.136248,19.515435,18.596962,19.195234,97441900
2002-10-17,19.886192,20.063144,19.026703,19.844059,95754500
2002-10-18,19.616545,20.096847,19.321623,20.063141,84941900
2002-10-21,19.818773,20.602423,19.633392,20.467602,85311500
2002-10-22,19.995725,20.509733,19.928315,20.341206,89947000
2002-10-23,20.096850,20.754105,19.945176,20.728827,88093500
2002-10-24,20.796228,20.947902,20.155825,20.206383,88674800
2002-10-25,20.214805,20.855207,20.214805,20.813076,71557300
2002-10-28,21.065879,21.099585,20.366492,20.636135,90272000
2002-10-29,20.484458,20.619279,19.692382,20.155830,90293800
2002-10-30,20.273800,20.888925,20.096848,20.695118,103531100
2002-10-31,20.779382,21.099584,20.526592,20.686691,81493100
2002-11-01,20.535019,21.402932,20.341211,21.276537,86658400
2002-11-04,21.950640,22.599470,21.739982,21.824245,110562400
2002-11-05,21.664142,22.051755,21.537748,21.992771,79603300
2002-11-06,22.152872,22.422514,21.605158,22.304544,116251700
2002-11-07,21.900084,21.992774,21.327092,21.520899,82711600
2002-11-08,21.478773,21.798976,21.032176,21.124866,76937600
2002-11-11,21.023743,21.082727,20.349634,20.484455,74384300
2002-11-12,20.560300,21.402935,20.560300,21.006897,88748800
2002-11-13,20.813088,21.655723,20.636134,21.259684,119341800
2002-11-14,21.554601,22.262414,21.504043,21.992771,85720100
2002-11-15,21.824248,22.287699,21.697853,22.279272,69291300
2002-11-18,22.506783,22.557342,21.900086,21.950644,76238000
2002-11-19,21.739983,21.950642,21.318666,21.613588,88139200
2002-11-20,21.537755,22.540491,21.520903,22.532064,75104700
2002-11-21,22.692165,23.458962,22.540490,23.366272,105472900
2002-11-22,23.062922,23.543224,23.020790,23.357843,73808600
2002-11-25,23.391561,23.762321,23.206182,23.585367,72666100
2002-11-26,23.408405,23.484242,22.666885,22.793280,80017900
2002-11-27,23.197742,23.762307,23.155609,23.517942,73643900
2002-11-29,23.770734,23.838147,22.936526,23.357843,34652100
2002-12-02,23.947689,24.259465,23.231449,23.593782,85136000
2002-12-03,23.214598,23.239878,22.692165,22.894398,76595500
2002-12-04,22.380385,22.709013,22.085462,22.388811,130115900
2002-12-05,22.709018,22.751149,22.018056,22.077042,84933200
2002-12-06,21.748406,22.515203,21.689421,22.304544,81727900
2002-12-09,22.093888,22.371958,21.234402,21.251253,75855200
2002-12-10,21.419786,21.866383,21.360802,21.571461,69578300
2002-12-11,21.436633,21.967492,21.335516,21.672569,64237600
2002-12-12,21.908513,22.489932,21.537753,21.790545,62296400
2002-12-13,21.504049,21.546180,21.074305,21.099585,72647800
2002-12-16,21.251255,21.874805,21.124860,21.782116,60278500
2002-12-17,21.748409,22.077037,21.622014,21.849525,62562700
2002-12-18,21.529336,21.571468,21.108018,21.386087,67130700
2002-12-19,21.209117,21.723125,20.905768,21.116426,95969700
2002-12-20,21.343952,21.445069,21.124867,21.335526,65578600
2002-12-23,21.217554,21.706283,21.175422,21.630445,45941700
2002-12-24,21.487199,21.681004,21.335524,21.360804,16772700
2002-12-26,21.512476,21.832676,21.209127,21.301817,33795400
2002-12-27,21.217561,21.782126,20.855227,20.914211,42490200
2002-12-30,20.931049,21.040591,20.526585,20.754095,57396400
2002-12-31,20.678267,20.821513,20.459182,20.535019,46015400
2003-01-02,20.829934,21.529320,20.602423,21.402925,65903200
2003-01-03,21.453489,21.664148,21.301817,21.638870,39059500
2003-01-06,21.664150,22.405670,21.234407,22.178158,67223400
2003-01-07,22.253998,22.692169,22.119176,22.456230,88726100
2003-01-08,22.237136,22.725865,21.773688,21.824245,74989900
2003-01-09,22.110743,22.734293,22.093890,22.498356,75391100
2003-01-10,22.203440,22.970238,22.093897,22.835417,82594300
2003-01-13,23.029219,23.147188,22.523638,22.700592,72870300
2003-01-14,22.675308,23.020788,22.624750,22.818556,46993800
2003-01-15,22.953382,23.046072,22.397243,22.532064,55131000
2003-01-16,22.574195,22.734294,22.119171,22.279272,68740300
2003-01-17,21.824252,21.857958,21.293392,21.327097,77289400
2003-01-21,21.411359,21.529327,21.082731,21.091158,67729600
2003-01-22,21.032175,21.512478,20.956339,21.006897,80020200
2003-01-23,21.402923,21.773683,21.158560,21.495613,78471100
2003-01-24,21.512483,21.512483,20.762537,20.914211,74519700
2003-01-27,20.602425,21.091154,20.535015,20.669836,76561000
2003-01-28,20.872076,21.108013,20.577153,20.880503,65217200
2003-01-29,20.863647,21.445066,20.509740,21.192274,95717500
2003-01-30,21.335516,21.419780,20.636130,20.644556,70333800
2003-01-31,20.273794,20.863639,20.231663,20.593996,90505600
2003-02-03,20.661415,20.888927,20.543445,20.636135,53158800
2003-02-04,20.374912,20.476028,20.071563,20.383339,68235700
2003-02-05,20.501320,20.947917,20.231677,20.290661,80107700
2003-02-06,20.256953,20.518170,20.105279,20.400200,103552000
2003-02-07,20.526591,20.602428,19.928319,20.063141,72312400
2003-02-10,20.130548,20.433897,19.903038,20.240091,67572600
2003-02-11,20.433908,20.737257,20.155838,20.349644,77823300
2003-02-12,20.282228,20.501314,20.037865,20.071569,51753000
2003-02-13,20.096852,20.206394,19.650255,20.172689,77387400
2003-02-14,20.079996,20.644562,19.903043,20.636135,67510400
2003-02-18,20.813088,21.352374,20.796235,21.276537,73976800
2003-02-19,21.234406,21.268111,20.821514,21.133289,45541400
2003-02-20,21.192282,21.293399,20.931066,21.049034,59759800
2003-02-21,21.006882,21.377642,20.652975,21.209114,70228500
2003-02-24,21.175414,21.242824,20.821507,20.846786,56646600
2003-02-25,20.602429,21.023747,20.290654,20.872072,74440700
2003-02-26,20.796236,21.015321,20.391771,20.408623,60005600
2003-02-27,20.577150,20.998467,20.450755,20.872072,66424000
2003-02-28,20.905780,21.251260,20.829943,21.200703,50185800
2003-03-03,21.293387,21.470339,20.695115,20.770952,60414400
2003-03-04,20.779378,20.872068,20.577145,20.644556,56043500
2003-03-05,20.560296,20.880499,20.492886,20.686691,69096500
2003-03-06,20.585577,20.796236,20.417050,20.636135,59108600
2003-03-07,20.290646,20.804654,20.189529,20.678259,73291000
2003-03-10,20.501311,20.602428,20.147405,20.231668,55948000
2003-03-11,20.273792,20.425466,20.037855,20.054707,54934200
2003-03-12,20.021011,20.425476,19.835632,20.417049,77859800
2003-03-13,20.762523,21.613584,20.560291,21.588306,128537600
2003-03-14,21.680996,21.891655,21.369222,21.672569,89794400
2003-03-17,21.428214,22.582623,21.360803,22.414097,141040800
2003-03-18,22.582622,22.725870,22.262421,22.692165,96548700
2003-03-19,22.624751,22.709015,22.186580,22.498356,91315100
2003-03-20,22.363539,22.869119,22.051763,22.582623,92789700
2003-03-21,22.928102,23.071350,22.077042,22.894398,93304600
2003-03-24,22.304551,22.414094,21.883233,21.942219,85244500
2003-03-25,22.034907,22.548915,21.916938,22.253992,78731500
2003-03-26,22.329831,22.557342,22.211862,22.380388,67880200
2003-03-27,22.136035,22.456236,21.992787,22.220299,64113100
2003-03-28,22.026474,22.270838,21.866374,21.975916,45374700
2003-03-31,21.571460,21.681001,21.242831,21.276537,89345300
2003-04-01,21.436638,21.630444,21.276537,21.445065,73159500
2003-04-02,21.959071,22.380389,21.933793,22.034908,75843800
2003-04-03,22.447798,22.624753,22.169729,22.312977,70138200
2003-04-04,22.388814,22.414094,21.883233,21.950644,65665700
2003-04-07,22.843840,22.919678,21.967499,21.984352,83842700
2003-04-08,22.034906,22.152876,21.807394,21.959068,54250600
2003-04-09,21.992783,22.144457,21.411364,21.453495,76457100
2003-04-10,21.453487,21.714705,21.318665,21.714705,57017500
2003-04-11,21.925357,22.043325,21.369218,21.495613,67974500
2003-04-14,21.571457,22.026479,21.478767,21.933790,52476200
2003-04-15,21.883231,22.296122,21.782116,22.144449,64655700
2003-04-16,22.456232,22.607907,22.009637,22.093899,70711600
2003-04-17,22.043335,22.734295,22.034908,22.599474,70179900
2003-04-21,22.700588,22.835409,22.430945,22.683735,52729600
2003-04-22,22.523644,23.138767,22.456233,23.113489,70757200
2003-04-23,23.172463,23.383122,22.970231,23.282005,70327100
2003-04-24,23.054496,23.383123,22.978658,23.155611,72383900
2003-04-25,23.020799,23.105062,22.633187,22.709024,63277900
2003-04-28,22.793278,23.282006,22.709015,23.155611,59666200
2003-04-29,23.290435,23.644342,23.096629,23.366272,79903800
2003-04-30,23.298853,23.416823,23.113474,23.130327,60202100
2003-05-01,23.121907,23.484240,22.911248,23.332565,66022600
2003-05-02,23.265154,23.838146,23.231448,23.829720,85004100
2003-05-05,23.871850,24.192051,23.737029,23.804440,80520300
2003-05-06,23.779161,24.352153,23.770735,24.107790,77338300
2003-05-07,23.939254,24.175192,23.694891,23.838139,70353200
2003-05-08,23.467389,23.753885,23.391552,23.399979,80249100
2003-05-09,23.627483,23.998241,23.593776,23.939257,58528200
2003-05-12,23.897135,24.402715,23.737034,24.301600,67487300
2003-05-13,24.124646,24.427995,24.048810,24.149925,64934300
2003-05-14,24.326867,24.411130,23.897124,24.099356,62181200
2003-05-15,24.225763,24.419569,24.065662,24.369011,62232100
2003-05-16,24.208910,24.385864,23.998251,24.183632,70590400
2003-05-19,24.031952,24.166774,23.265155,23.332565,91334800
2003-05-20,23.391552,23.560078,23.096629,23.399979,71817800
2003-05-21,23.298859,23.383123,23.121907,23.332565,63648500
2003-05-22,23.391547,23.863422,23.273579,23.669617,62401400
2003-05-23,23.627480,23.804433,23.551643,23.678038,37922500
2003-05-27,23.534793,24.621791,23.509513,24.520676,101422100
2003-05-28,24.571236,24.773468,24.402708,24.596516,76290400
2003-05-29,24.630234,25.110536,24.571250,24.697645,97336000
2003-05-30,24.883013,25.169509,24.815602,25.102098,78093700
2003-06-02,25.346468,25.447584,24.697638,24.925150,102937000
2003-06-03,24.807176,25.177935,24.714486,25.161083,81672600
2003-06-04,25.118953,25.767783,25.043116,25.632961,87046100
2003-06-05,25.388596,25.852046,25.253775,25.818340,88747900
2003-06-06,26.298645,26.517731,25.312764,25.388599,157178100
2003-06-09,25.279054,25.464433,24.883016,25.051542,94941800
2003-06-10,25.161078,25.447574,25.009404,25.430721,69660100
2003-06-11,25.338038,25.818339,25.110526,25.717224,87338200
2003-06-12,25.818335,25.911025,25.498134,25.826761,79450500
2003-06-13,25.835197,25.894181,25.161090,25.245352,83353600
2003-06-16,25.422314,26.037437,25.279066,26.020584,71211800
2003-06-17,26.138540,26.214377,25.750927,25.919455,67571200
2003-06-18,25.835198,26.315500,25.658245,26.054283,80215700
2003-06-19,26.104837,26.323922,25.599255,25.632961,79467200
2003-06-20,25.860465,25.936302,25.489705,25.599247,71512400
2003-06-23,25.557116,25.590822,24.908286,25.203209,86509400
2003-06-24,25.051538,25.388592,24.883012,25.009407,83004400
2003-06-25,25.000989,25.430733,24.832461,24.874594,94255300
2003-06-26,25.034682,25.514985,24.950420,25.464426,79187500
2003-06-27,25.489716,25.759359,25.085251,25.135809,82451900
2003-06-30,25.413878,25.565552,25.110529,25.236925,72043000
2003-07-01,25.026270,25.599260,24.655510,25.573982,105852500
2003-07-02,25.624526,26.113254,25.599247,26.096401,81972500
2003-07-03,25.868901,26.205955,25.675094,25.767784,50050400
2003-07-07,26.096405,26.880056,26.087979,26.871630,88554600
2003-07-08,26.778944,27.225541,26.644123,27.200260,81874500
2003-07-09,27.115998,27.377216,26.905339,27.132851,89588400
2003-07-10,26.837934,26.955903,26.399764,26.627275,102928700
2003-07-11,26.669410,26.955907,26.635706,26.829512,67728100
2003-07-14,27.250827,27.596307,27.023315,27.149712,84524600
2003-07-15,27.410923,27.512041,26.913769,27.183411,75059000
2003-07-16,27.351930,27.385636,26.736807,27.099140,80138700
2003-07-17,26.694675,26.829496,26.155389,26.273357,116260400
2003-07-18,26.458747,26.585142,26.054282,26.357632,80519000
2003-07-21,26.323933,26.374491,25.793074,26.020584,111325300
2003-07-22,26.214378,26.543006,26.003720,26.408184,91471500
2003-07-23,26.450321,26.660980,26.113267,26.627275,69050400
2003-07-24,26.837923,26.981171,26.189094,26.273357,82999700
2003-07-25,26.231230,26.829502,25.927882,26.795795,82709600
2003-07-28,26.846352,26.955894,26.627266,26.871630,56180800
2003-07-29,26.905340,26.981177,26.323921,26.669401,80560100
2003-07-30,26.719951,26.745231,26.399751,26.475588,56617300
2003-07-31,26.787371,27.242394,26.559859,26.795795,85544100
2003-08-01,26.703115,26.787379,26.374486,26.509308,73545400
2003-08-04,26.475598,26.795798,25.986869,26.500877,96344600
2003-08-05,26.467162,26.526146,25.363311,25.455999,111041800
2003-08-06,25.582392,25.927872,25.363307,25.439144,96816000
2003-08-07,25.464434,25.708799,25.295908,25.540272,67326600
2003-08-08,25.641383,25.742498,25.220065,25.338034,66677100
2003-08-11,25.346467,25.784638,25.304336,25.616110,63712200
2003-08-12,25.708800,26.037428,25.557126,26.003723,59676100
2003-08-13,26.104831,26.180668,25.826761,26.012142,57969700
2003-08-14,26.020571,26.281789,25.843618,26.037424,50271500
2003-08-15,26.121700,26.366065,26.062716,26.264948,28116300
2003-08-18,26.382910,26.972753,26.315499,26.939049,67224100
2003-08-19,27.057020,27.284532,26.837935,27.276104,68205000
2003-08-20,27.048586,27.402494,26.981177,27.208689,58233500
2003-08-21,27.461487,27.655293,27.191844,27.503618,77161400
2003-08-22,28.026034,28.118724,27.284517,27.335073,92989800
2003-08-25,27.267680,27.419355,27.141284,27.394073,43044700
2003-08-26,27.200253,27.461471,26.804215,27.419340,79838500
2003-08-27,27.377211,27.663707,27.276093,27.638426,47532100
2003-08-28,27.756397,27.908071,27.402492,27.882793,55311000
2003-08-29,27.840657,28.194562,27.790098,28.135578,53148800
2003-09-02,28.219855,28.556907,27.916506,28.540054,80303100
2003-09-03,28.733850,28.818116,28.354667,28.523191,85234800
2003-09-04,28.506348,28.834975,28.396805,28.784416,63736100
2003-09-05,28.624318,28.936093,28.371525,28.599037,91024100
2003-09-08,28.649584,29.096180,28.607453,29.070902,69296000
2003-09-09,28.919241,28.978225,28.582186,28.725435,87817500
2003-09-10,28.438936,28.556904,27.899650,28.034472,111624500
2003-09-11,28.042901,28.464219,27.815389,28.346251,96914900
2003-09-12,28.093453,28.514770,27.849088,28.497917,104963000
2003-09-15,28.514777,28.573762,28.177722,28.219856,54594200
2003-09-16,28.245136,29.011934,28.245136,28.986656,87463800
2003-09-17,28.927665,29.070911,28.674871,28.868677,79794700
2003-09-18,28.792831,29.374251,28.649585,29.306839,91469900
2003-09-19,29.315264,29.374248,28.952931,29.138311,69796000
2003-09-22,28.759130,28.818114,28.455781,28.582174,97477500
2003-09-23,28.624310,29.121465,28.573751,29.087759,77826500
2003-09-24,29.079333,29.087761,27.950202,27.992336,115057400
2003-09-25,28.127167,28.430517,27.604731,27.630013,117604800
2003-09-26,27.714263,27.950200,27.402489,27.453049,106581000
2003-09-29,27.604725,27.950205,27.343510,27.924927,96862800
2003-09-30,27.739545,27.773251,27.267672,27.318228,119122500
2003-10-01,27.478335,28.000768,27.318233,27.933359,106653600
2003-10-02,27.891233,28.169304,27.747986,28.026054,83911100
2003-10-03,28.523198,29.045634,28.497920,28.809694,112862800
2003-10-06,28.885522,29.028772,28.700145,29.020344,49162900
2003-10-07,28.784424,29.197317,28.658028,29.197317,80104600
2003-10-08,29.332129,29.357407,28.834974,29.011927,71387400
2003-10-09,29.416393,29.719742,29.011929,29.231012,118216100
2003-10-10,29.298422,29.517505,29.188878,29.500652,68356200
2003-10-13,29.610204,29.804010,29.424823,29.694469,60919800
2003-10-14,29.576500,29.854572,29.458532,29.770309,62274900
2003-10-15,30.166339,30.208470,29.517509,29.643906,97045200
2003-10-16,29.576478,29.938812,29.542776,29.879827,73955000
2003-10-17,29.837718,29.905130,29.155182,29.163610,97794400
2003-10-20,29.197305,29.559638,29.070909,29.525932,75544300
2003-10-21,29.610206,29.871424,29.441678,29.702896,73455600
2003-10-22,29.399547,29.433253,29.020360,29.129904,88141400
2003-10-23,28.775989,29.079335,28.691724,28.792839,95409600
2003-10-24,28.472644,28.843403,28.219855,28.818125,101778600
2003-10-27,28.885526,29.028776,28.683295,28.826542,63604500
2003-10-28,29.011933,29.837715,28.961373,29.795584,107375700
2003-10-29,29.660747,29.837699,29.551203,29.761862,74075200
2003-10-30,30.174765,30.334864,29.610197,29.820856,95062600
2003-10-31,29.862989,29.905124,29.542790,29.643906,55473200
2003-11-03,29.854578,30.318027,29.795594,30.132647,71141200
2003-11-04,30.073640,30.225314,29.871409,29.930393,60033900
2003-11-05,29.930400,30.242174,29.618626,30.200043,67412700
2003-11-06,30.157912,30.309587,29.778726,30.284306,90567400
2003-11-07,30.402271,30.486533,29.997803,30.023085,63505200
2003-11-10,30.082088,30.115794,29.568080,29.652342,68896400
2003-11-11,29.618613,29.745007,29.365820,29.542776,75607100
2003-11-12,29.635477,30.301160,29.610199,30.174767,80364600
2003-11-13,30.090503,30.250605,29.955681,30.141062,64243000
2003-11-14,30.174762,30.351714,29.450095,29.525932,90932200
2003-11-17,29.357407,29.416391,28.868677,29.222586,108063100
2003-11-18,29.382682,29.466948,28.497916,28.548475,108588500
2003-11-19,28.658014,28.986645,28.548474,28.826542,86320300
2003-11-20,28.582178,29.222583,28.489491,28.548475,117324500
2003-11-21,28.717000,28.868671,28.422076,28.843393,81787500
2003-11-24,29.087767,29.702890,29.045635,29.643906,92057500
2003-11-25,29.736596,29.871418,29.568068,29.643906,72519800
2003-11-26,29.829284,29.930399,29.332129,29.778725,72842900
2003-11-28,29.711319,29.913552,29.669187,29.812437,24802600
2003-12-01,30.090504,30.343294,29.888273,30.250607,82767300
2003-12-02,30.183198,30.377004,29.980967,30.082083,62504500
2003-12-03,30.200051,30.435988,29.702896,29.702896,107568500
2003-12-04,29.812426,30.090494,29.559636,30.023085,102334800
2003-12-05,29.719738,29.913544,29.458520,29.525932,87490200
2003-12-08,29.509089,29.770307,29.306855,29.694469,86961200
2003-12-09,29.862987,29.879840,28.944514,29.011927,109949500
2003-12-10,29.070912,29.239440,28.759138,29.121471,103504200
2003-12-11,29.070920,29.820865,29.062495,29.745028,108374700
2003-12-12,29.753454,29.778732,29.407973,29.694469,72189400
2003-12-15,30.275870,30.326430,29.197299,29.306839,106091400
2003-12-16,29.315287,29.509093,29.003509,29.365843,89854700
2003-12-17,29.332139,29.492238,29.129905,29.416401,68539900
2003-12-18,29.450100,30.031517,29.450100,29.964108,89978100
2003-12-19,30.006224,30.039930,29.660744,29.879827,89762300
2003-12-22,29.787153,30.065225,29.736597,29.972534,63580000
2003-12-23,29.997809,30.351717,29.938825,30.200043,66999800
2003-12-24,30.211847,30.363581,30.178128,30.262426,44840300
2003-12-26,30.313010,30.422596,30.194996,30.220284,25497600
2003-12-29,30.372004,30.793486,30.363575,30.717619,63296200
2003-12-30,30.793488,30.835639,30.599606,30.818779,48249400
2003-12-31,30.869356,30.886216,30.557460,30.734482,60494600
2004-01-02,30.903075,31.012661,30.532172,30.650187,55234100
2004-01-05,30.835642,31.324560,30.818782,31.265553,69717900
2004-01-06,31.257109,31.543714,31.147523,31.476278,60033000
2004-01-07,31.425707,31.762894,31.248685,31.762894,71830000
2004-01-08,31.906207,32.032653,31.695465,32.015793,76800900
2004-01-09,31.788171,32.327668,31.687016,31.805031,94296500
2004-01-12,31.906203,32.327686,31.762901,32.310829,77668400
2004-01-13,32.260252,32.336119,31.695464,31.990503,92973900
2004-01-14,32.100090,32.243392,31.821910,32.100090,68122400
2004-01-15,31.973638,32.420409,31.720750,32.184380,104427700
2004-01-16,32.352968,32.563709,32.175943,32.513130,77324100
2004-01-20,32.648008,32.875609,32.293965,32.487846,81998100
2004-01-21,32.361425,32.589026,32.032669,32.352997,112180300
2004-01-22,32.496268,32.614283,32.083217,32.159084,90061900
2004-01-23,32.209659,32.420400,31.847184,32.041065,88751300
2004-01-26,32.015782,32.580570,31.897768,32.529991,84538000
2004-01-27,32.462564,32.563722,31.771333,31.813484,97191600
2004-01-28,31.982050,32.083208,31.189665,31.273960,127959700
2004-01-29,31.391991,31.450998,30.903070,31.391991,143925900
2004-01-30,31.358280,31.560589,31.164398,31.248693,84264700
2004-02-02,31.358266,31.594295,31.037939,31.164385,94507900
2004-02-03,31.113803,31.391983,31.054796,31.130663,73488700
2004-02-04,30.869348,31.071661,30.624891,30.624891,109933000
2004-02-05,30.776628,30.945222,30.624898,30.742912,96784500
2004-02-06,30.852484,31.425700,30.793477,31.299257,107174100
2004-02-09,31.476305,31.510024,31.231844,31.290852,58817700
2004-02-10,31.240278,31.535314,31.214987,31.341433,65042700
2004-02-11,31.391996,31.754468,31.248690,31.678604,92503000
2004-02-12,31.628033,31.779767,31.392004,31.400433,70556400
2004-02-13,31.518424,32.007345,30.987356,31.139090,90570400
2004-02-17,31.425701,31.712309,31.375126,31.560575,69678600
2004-02-18,31.619603,31.754477,31.459441,31.653322,70972100
2004-02-19,31.923067,31.948358,31.037954,31.172829,100843800
2004-02-20,31.189685,31.307700,30.810350,31.071671,132347600
2004-02-23,31.189697,31.214984,30.439458,30.726067,125199800
2004-02-24,30.599608,30.894647,30.431014,30.650187,124521900
2004-02-25,30.709185,30.911494,30.624889,30.835630,74457100
2004-02-26,30.742903,31.054799,30.608029,30.911493,71327600
2004-02-27,30.987370,31.139103,30.574319,30.827208,99383900
2004-03-01,30.919923,31.248679,30.742902,31.231819,79700700
2004-03-02,31.172820,31.341414,30.860924,30.869352,91536000
2004-03-03,30.776629,30.877787,30.523740,30.700762,83938300
2004-03-04,30.717606,31.046365,30.675459,30.987354,65905600
2004-03-05,30.700765,31.316132,30.650190,30.877790,118107100
2004-03-08,30.928358,31.037944,30.119113,30.152832,112599500
2004-03-09,30.186552,30.329855,29.942092,30.060106,126140400
2004-03-10,30.135977,30.346718,29.613340,29.663916,134226100
2004-03-11,29.562757,29.950519,29.335156,29.394163,152132000
2004-03-12,29.655488,30.001103,29.630200,29.933664,118369600
2004-03-15,29.807218,29.840938,29.343589,29.411024,115813600
2004-03-16,29.596460,29.714475,29.191838,29.461586,123265100
2004-03-17,29.680779,30.026394,29.655491,29.925240,91684700
2004-03-18,29.815657,29.891524,29.478473,29.790369,111249700
2004-03-19,29.739792,29.891526,29.267734,29.293022,99976700
2004-03-22,29.107562,29.124421,28.686079,28.922112,133870400
2004-03-23,29.158140,29.208719,28.669219,28.686079,125945800
2004-03-24,28.787249,29.191872,28.669231,29.014847,118876800
2004-03-25,29.208725,29.891524,29.183433,29.790369,142122000
2004-03-26,29.756633,29.992665,29.672338,29.689198,78430800
2004-03-29,29.933657,30.312992,29.916801,30.169689,103864000
2004-03-30,30.068534,30.296135,29.942092,30.270847,95716500
2004-03-31,30.279281,30.346720,30.017964,30.211845,85993900
2004-04-01,30.186558,30.557461,30.161267,30.481594,93048600
2004-04-02,31.096938,31.324539,30.785043,31.273960,145964000
2004-04-05,31.198100,31.611154,31.164384,31.569006,67351600
2004-04-06,31.324563,31.400429,31.122250,31.172829,98611400
2004-04-07,31.181240,31.282395,30.903061,31.139090,91004900
2004-04-08,31.484705,31.518424,30.970499,31.139090,77176300
2004-04-12,31.206540,31.391993,31.172821,31.332983,55285700
2004-04-13,31.476294,31.493154,30.734485,30.877790,100624400
2004-04-14,30.692354,31.147556,30.650206,31.029541,113663200
2004-04-15,30.978947,31.071673,30.363583,30.473169,123565500
2004-04-16,30.515309,30.616464,30.169694,30.422583,110736600
2004-04-19,30.355142,30.844063,30.329854,30.793484,85838700
2004-04-20,30.860924,31.012658,30.043248,30.076967,119545100
2004-04-21,30.262422,30.439444,30.051681,30.338289,117850500
2004-04-22,30.346709,31.198101,30.329849,31.122234,137623300
2004-04-23,31.257135,31.408866,31.105401,31.366718,91855600
2004-04-26,31.341402,31.434129,30.894632,31.139090,74392200
2004-04-27,31.147538,31.349847,30.928365,31.080099,87548500
2004-04-28,30.945230,30.953662,30.363586,30.515320,111740700
2004-04-29,30.422588,30.633329,29.756645,30.043253,156917100
2004-04-30,30.060104,30.178118,29.267718,29.309866,150829200
2004-05-03,29.503767,29.942109,29.411040,29.588062,117007200
2004-05-04,29.680772,30.135973,29.529038,29.714491,126176000
2004-05-05,29.857816,30.093848,29.672366,29.950542,97528500
2004-05-06,29.697624,29.874646,29.377297,29.722912,102733300
2004-05-07,29.579629,30.043258,29.427895,29.478474,137686000
2004-05-10,29.225571,29.419455,29.014830,29.225571,156951400
2004-05-11,29.478466,29.824081,29.436315,29.663916,120493600
2004-05-12,29.604897,29.748203,28.888379,29.722912,197765400
2004-05-13,29.554331,29.883087,29.436313,29.512180,137841700
2004-05-14,29.672357,29.765084,29.200296,29.293022,133689900
2004-05-17,28.981131,29.217160,28.753530,29.014847,150652400
2004-05-18,29.217152,29.419465,29.166573,29.276159,96686400
2004-05-19,29.638626,29.933662,29.191856,29.242432,141646900
2004-05-20,29.318293,29.520606,29.132843,29.377300,94938500
2004-05-21,29.512179,29.647054,29.284582,29.520611,111329200
2004-05-24,29.756631,29.891505,29.503743,29.722912,99861800
2004-05-25,29.630193,30.414150,29.461600,30.312992,146321400
2004-05-26,30.228696,30.506872,30.186548,30.506872,93789700
2004-05-27,30.591179,30.768200,30.397297,30.700762,110183400
2004-05-28,30.667054,30.810356,30.523748,30.810356,56379500
2004-06-01,30.574330,30.810359,30.439456,30.768211,90592700
2004-06-02,30.818780,30.903075,30.490021,30.700762,103519800
2004-06-03,30.599599,30.650178,30.194977,30.329851,97301400
2004-06-04,30.633318,30.869347,30.490013,30.506872,91233200
2004-06-07,30.717611,31.273967,30.633315,31.231819,107532600
2004-06-08,31.105370,31.349827,31.063219,31.273960,72530900
2004-06-09,31.172814,31.231821,30.768192,30.835630,98215200
2004-06-10,30.928367,31.054813,30.810353,31.054813,57101300
2004-06-14,30.860921,30.860921,30.431008,30.616461,85129900
2004-06-15,30.818787,31.181262,30.818787,31.012669,91937700
2004-06-16,30.995801,31.105388,30.894646,30.962082,64743300
2004-06-17,30.894647,30.903075,30.557460,30.675474,77844200
2004-06-18,30.599604,31.054806,30.565885,30.717619,78641500
2004-06-21,30.785065,30.877792,30.397302,30.473169,65373100
2004-06-22,30.481610,30.936812,30.363596,30.919952,101524300
2004-06-23,30.827222,31.349859,30.776643,31.290852,94393900
2004-06-24,31.206531,31.484708,31.122233,31.231819,92343200
2004-06-25,31.189689,31.518445,31.172829,31.467869,81005400
2004-06-28,31.602737,31.628025,31.105388,31.206543,94033200
2004-06-29,31.273973,31.687027,31.257116,31.501574,68265900
2004-06-30,31.569024,31.948358,31.484725,31.813484,97809500
2004-07-01,31.746037,31.746037,30.995799,31.223400,122141800
2004-07-02,31.223400,31.231828,30.877785,31.037947,74056400
2004-07-06,30.852495,30.852495,30.203415,30.372005,130232600
2004-07-07,30.313014,30.591194,30.279294,30.431028,95623100
2004-07-08,30.186570,30.456319,29.967397,30.093843,108755400
2004-07-09,30.211846,30.380439,30.034824,30.135979,86014700
2004-07-12,29.984243,30.085398,29.706067,30.009531,81844500
2004-07-13,30.076948,30.186534,29.849347,29.967361,81222000
2004-07-14,29.672347,30.051682,29.545901,29.663916,119489200
2004-07-15,29.773481,29.916787,29.554312,29.562740,90405700
2004-07-16,29.866225,29.883085,29.183423,29.225571,120387100
2004-07-19,29.318305,29.478470,29.056988,29.166571,106387900
2004-07-20,29.284591,30.001110,29.259300,29.866236,117453700
2004-07-21,29.984237,30.051676,28.947392,28.997971,136086800
2004-07-22,29.065408,29.596476,28.871526,29.394163,132135800
2004-07-23,29.183424,29.217143,28.686075,28.837809,107107100
2004-07-26,28.863095,29.006397,28.407893,28.711361,112962200
2004-07-27,28.820955,29.259297,28.694512,29.107563,103474700
2004-07-28,29.006403,29.191856,28.500626,28.981115,154299800
2004-07-29,29.259295,29.436317,29.082273,29.318302,98959800
2004-07-30,29.301438,29.588046,29.208714,29.411024,83007800
2004-08-02,29.174997,29.520613,29.048551,29.470034,81249000
2004-08-03,29.368890,29.444757,28.820962,28.854681,85746500
2004-08-04,28.787237,29.048554,28.669219,28.863104,86721000
2004-08-05,28.955828,28.997979,28.323605,28.323605,109722900
2004-08-06,28.155007,28.163435,27.531212,27.581791,148808600
2004-08-09,27.657653,27.784096,27.522779,27.649221,79281900
2004-08-10,27.784117,28.222459,27.750397,27.994858,105819800
2004-08-11,27.691372,27.851538,27.438484,27.750380,121217700
2004-08-12,27.556504,27.699809,27.286755,27.371054,113691800
2004-08-13,27.522798,27.598665,27.269906,27.413212,91416100
2004-08-16,27.489074,27.977992,27.472215,27.725103,77851300
2004-08-17,27.918973,28.188721,27.809390,28.036987,89573100
2004-08-18,27.868412,28.584930,27.826261,28.534351,106608500
2004-08-19,28.433195,28.534350,28.163447,28.382616,104690200
2004-08-20,28.298313,28.778802,28.247734,28.669216,91962400
2004-08-23,28.702944,28.888398,28.584930,28.736664,83390800
2004-08-24,28.871538,28.922117,28.500634,28.728235,86610500
2004-08-25,28.719801,29.166572,28.576499,29.124424,88394600
2004-08-26,29.048546,29.124413,28.922104,28.997971,57663400
2004-08-27,29.056980,29.234002,29.031689,29.132847,58597200
2004-08-30,29.006396,29.023255,28.610202,28.643921,62355700
2004-08-31,28.677637,28.761932,28.365741,28.677637,81262000
2004-09-01,28.601778,29.056979,28.492192,28.888386,96630600
2004-09-02,28.812525,29.402601,28.795665,29.318302,83054000
2004-09-03,29.031695,29.225577,28.702940,28.778807,90213700
2004-09-07,28.997978,29.175000,28.761946,29.023266,95556500
2004-09-08,28.922112,29.234008,28.812526,28.913681,101466100
2004-09-09,29.040122,29.293011,28.778802,29.158136,104397500
2004-09-10,29.174999,29.663917,29.056985,29.604910,108591600
2004-09-13,29.714492,30.110686,29.621766,29.992672,109350500
2004-09-14,29.883091,30.110691,29.807224,30.034824,76466300
2004-09-15,29.857793,29.883084,29.604905,29.714491,90128700
2004-09-16,29.722910,29.984230,29.613327,29.773489,67121000
2004-09-17,29.697642,29.942103,29.638635,29.866236,83903400
2004-09-20,29.748221,30.152844,29.655495,29.866236,110678100
2004-09-21,29.958961,30.220278,29.857803,29.984249,93688400
2004-09-22,29.874636,29.891496,29.394147,29.461586,101393400
2004-09-23,29.486883,29.630189,29.402588,29.436304,92503200
2004-09-24,29.495323,29.663913,29.293010,29.335157,103247400
2004-09-27,29.183426,29.284584,28.981117,29.082272,86017600
2004-09-28,29.124418,29.242432,28.854669,29.141277,87070300
2004-09-29,29.116003,29.604921,29.107572,29.571205,95096200
2004-09-30,29.520624,29.731365,29.411037,29.621778,74514600
2004-10-01,29.883103,30.473179,29.807236,30.431028,118252700
2004-10-04,30.650186,30.869355,30.557459,30.608038,108032600
2004-10-05,30.540600,30.759773,30.481593,30.650187,89754400
2004-10-06,30.608040,30.928364,30.439446,30.894648,87815500
2004-10-07,30.801932,30.911516,30.490033,30.549044,82374300
2004-10-08,30.414154,30.549028,29.925233,29.992672,115073000
2004-10-11,30.110691,30.228705,30.009533,30.135979,51181600
2004-10-12,29.866247,30.211863,29.672366,30.085417,97884100
2004-10-13,30.388867,30.464734,29.866230,30.017963,132442500
2004-10-14,30.085395,30.161262,29.781930,29.883085,99383700
2004-10-15,29.916810,30.228706,29.739785,30.034824,129183400
2004-10-18,29.933667,30.557462,29.840943,30.464735,108933400
2004-10-19,30.667053,30.827216,30.169704,30.245571,129973500
2004-10-20,30.203435,30.540619,30.051701,30.388885,106524200
2004-10-21,30.549034,31.012664,30.431017,30.852499,122627600
2004-10-22,30.860936,30.919943,30.127557,30.178133,114321100
2004-10-25,30.119120,30.186558,29.916810,30.034824,102863000
2004-10-26,30.051697,30.211859,29.849384,30.195000,98164500
2004-10-27,30.211844,31.096956,30.102258,30.962082,152423400
2004-10-28,30.919939,31.290842,30.827212,31.155968,111113900
2004-10-29,31.113825,31.392004,30.911512,31.105396,100779200
2004-11-01,31.172821,31.341415,31.021087,31.223400,72356000
2004-11-02,31.265543,31.653306,31.206536,31.324551,108930700
2004-11-03,31.830341,31.948359,31.316136,31.535305,140980100
2004-11-04,31.408849,31.847191,31.282406,31.712317,112513700
2004-11-05,32.049501,32.167516,31.703886,31.998922,117017900
2004-11-08,31.990510,32.116953,31.906212,32.032658,66486000
2004-11-09,31.973632,32.159085,31.872477,31.965200,85038700
2004-11-10,31.973642,32.083228,31.737613,31.855627,95122300
2004-11-11,31.956795,32.352989,31.914647,32.277122,99338800
2004-11-12,32.319268,32.673311,32.175962,32.589016,102418100
2004-11-15,32.572146,32.757599,32.454131,32.732311,82696000
2004-11-16,32.588998,32.605858,32.302390,32.529991,97197500
2004-11-17,32.732305,33.145356,32.732305,32.968334,125242500
2004-11-18,32.858755,33.179082,32.782888,33.120075,94901100
2004-11-19,33.077927,33.120074,32.529999,32.605865,118448900
2004-11-22,32.546871,32.934634,32.437285,32.917774,79882600
2004-11-23,32.884048,33.002066,32.546864,32.867191,91925300
2004-11-24,32.951465,33.204354,32.934606,33.153778,74051700
2004-11-26,33.187509,33.280236,33.018916,33.052635,31248900
2004-11-29,33.263382,33.415116,32.850331,33.044212,94765400
2004-11-30,33.128514,33.204381,32.926204,32.976780,87663100
2004-12-01,33.103217,33.684861,33.103217,33.651142,102375000
2004-12-02,33.566843,34.047332,33.516264,33.777584,122005600
2004-12-03,34.013598,34.215911,33.786000,33.828148,114227700
2004-12-06,33.819732,34.081053,33.642711,33.946178,70415100
2004-12-07,34.013608,34.140054,33.322378,33.364529,121439800
2004-12-08,33.381397,33.701725,33.297102,33.558422,10121300
2004-12-09,33.288650,33.878722,33.077909,33.760708,134346000
2004-12-10,33.583702,33.777583,33.499407,33.659569,86177300
2004-12-13,33.912477,34.005203,33.701735,33.954624,74296400
2004-12-14,33.954602,34.215922,33.929314,34.123196,91985000
2004-12-15,34.131636,34.291798,33.845027,33.996761,95179300
2004-12-16,34.005166,34.097893,33.566824,33.676411,86101300
2004-12-17,33.735144,33.879822,33.556427,33.590469,97947000
2004-12-20,33.675570,33.845779,33.267073,33.360687,106397600
2004-12-21,33.522386,33.794718,33.428771,33.769188,83184700
2004-12-22,33.650041,33.981945,33.607490,33.811737,75298000
2004-12-23,33.709615,33.964926,33.650043,33.837269,45782000
2004-12-27,34.024508,34.058551,33.530908,33.692604,67157700
2004-12-28,33.760681,34.041525,33.709621,34.015995,62563100
2004-12-29,33.973450,34.177700,33.956432,34.058556,46594800
2004-12-30,34.101082,34.143634,33.981938,34.033001,41717600
2004-12-31,34.067057,34.143650,33.854297,33.973442,44112300
2005-01-03,34.118098,34.288306,33.505350,33.615986,100970900
2005-01-04,33.760685,33.820261,32.807523,33.003262,136623200
2005-01-05,32.918156,33.156446,32.739439,32.799011,127925500
2005-01-06,32.875588,32.943669,32.628786,32.637295,102934600
2005-01-07,32.816030,33.079850,32.518165,32.807518,123104000
2005-01-10,32.713892,33.079838,32.671341,32.790485,88764200
2005-01-11,32.654326,32.764961,32.399015,32.560711,106398800
2005-01-12,32.705381,32.850056,32.347944,32.833038,127754900
2005-01-13,32.833068,33.062845,32.347973,32.399036,101982400
2005-01-14,32.509660,32.781992,32.501148,32.705399,93460900
2005-01-18,32.577732,33.011763,32.526671,32.952190,91760400
2005-01-19,32.960697,32.977718,32.390503,32.407524,104981000
2005-01-20,32.041596,32.177762,31.760751,31.786282,120963900
2005-01-21,31.896901,31.956473,31.479894,31.530954,138569200
2005-01-24,31.590532,31.658616,31.028847,31.088419,137499000
2005-01-25,31.292671,31.565003,31.199056,31.241608,119171300
2005-01-26,31.454357,31.735201,31.335212,31.616056,107465800
2005-01-27,31.564977,31.718164,31.377748,31.573486,103654700
2005-01-28,31.675646,31.718197,31.165021,31.420332,111648600
2005-01-31,31.794788,31.939463,31.709683,31.828831,89139900
2005-02-01,31.905420,32.041586,31.803293,31.930950,76610300
2005-02-02,32.033057,32.109650,31.752216,31.981997,100160500
2005-02-03,31.811795,31.837325,31.488399,31.616056,90157900
2005-02-04,31.616065,32.186258,31.616065,32.126686,99302000
2005-02-07,32.169222,32.262837,31.930932,32.058586,71551400
2005-02-08,32.050102,32.347964,32.016060,32.118187,72821700
2005-02-09,32.143705,32.169235,31.539469,31.582020,93276600
2005-02-10,31.709668,31.760731,31.386276,31.616056,110373000
2005-02-11,31.513962,32.211814,31.428860,32.084160,108684100
2005-02-14,32.084134,32.288382,32.075622,32.228809,54908900
2005-02-15,32.254367,32.747968,32.186282,32.441593,131406500
2005-02-16,32.364989,32.475624,32.194783,32.322437,80273900
2005-02-17,32.381996,32.458589,31.854353,31.888395,115628300
2005-02-18,31.896917,31.973511,31.709688,31.786282,69158800
2005-02-22,31.513947,31.956487,31.309700,31.394802,121232000
2005-02-23,31.522446,31.547976,31.233092,31.437340,95010100
2005-02-24,31.360749,31.862862,31.284156,31.837332,99334600
2005-02-25,31.811805,32.084137,31.735211,32.016052,79988700
2005-02-28,31.879891,31.999036,31.420330,31.675644,95731300
2005-03-01,31.803291,32.084135,31.769252,32.024563,78460600
2005-03-02,31.837341,32.356475,31.794790,32.007549,107270600
2005-03-03,32.092664,32.109685,31.505448,31.743738,89793800
2005-03-04,31.999032,32.126689,31.828827,31.930950,86622300
2005-03-07,31.999031,32.586249,31.964992,32.390511,93563900
2005-03-08,32.347957,32.518165,32.041586,32.067116,89595200
2005-03-09,32.058598,32.279870,31.888393,31.973495,98063000
2005-03-10,32.007544,32.058604,31.556495,31.930950,97043600
2005-03-11,32.075627,32.186263,31.505433,31.633087,102857500
2005-03-14,31.692649,31.794773,31.513929,31.777752,65576200
2005-03-15,31.845857,31.896920,31.479913,31.522465,93856300
2005-03-16,31.411799,31.641579,31.088404,31.164997,159578000
2005-03-17,31.156505,31.394795,31.096933,31.241608,100429600
2005-03-18,31.275639,31.309681,30.935222,31.071388,108899400
2005-03-21,31.147986,31.275643,30.850124,31.130968,92752500
2005-03-22,31.156509,31.275653,30.730989,30.748011,114016300
2005-03-23,30.713968,31.054384,30.696946,30.858643,97444900
2005-03-24,30.969286,31.190558,30.867163,30.867163,77566800
2005-03-28,30.986292,31.156500,30.901190,30.926720,59739000
2005-03-29,30.867155,31.130978,30.586311,30.679926,119554300
2005-03-30,30.833119,31.301190,30.824610,31.258638,114711000
2005-03-31,31.258618,31.275639,31.011816,31.122452,86578900
2005-04-01,31.335233,31.386297,30.748018,30.807590,143814300
2005-04-04,30.850145,31.148007,30.662915,31.028862,100090300
2005-04-05,31.054376,31.207560,30.994801,31.113949,66266600
2005-04-06,31.199061,31.411820,30.994810,31.062895,82168900
2005-04-07,31.088414,31.445852,31.071393,31.437340,88618000
2005-04-08,31.488421,31.547994,31.148005,31.182047,92332900
2005-04-11,31.275651,31.301181,30.977788,31.045870,70976000
2005-04-12,31.011846,31.267160,30.560797,31.199076,144848500
2005-04-13,31.113952,31.147991,30.620348,30.688433,108995500
2005-04-14,30.688437,30.722476,30.211855,30.254406,158057900
2005-04-15,29.990586,30.101219,29.514004,29.565067,170013300
2005-04-18,29.539541,29.786343,29.479969,29.573584,110084000
2005-04-19,29.803356,29.871438,29.573576,29.777826,96922100
2005-04-20,29.965051,30.033136,29.437408,29.531023,140457400
2005-04-21,29.888442,30.390555,29.752276,30.313961,124505100
2005-04-22,30.177810,30.186322,29.633146,29.862926,114996800
2005-04-25,30.041655,30.177821,29.914001,30.109739,72170100
2005-04-26,30.033131,30.382056,29.820371,29.828880,104958800
2005-04-27,29.675702,29.999098,29.556558,29.871441,112539300
2005-04-28,29.718259,29.914000,29.548053,29.573584,98181900
2005-04-29,29.786335,29.837398,29.233159,29.769314,144435900
2005-05-02,29.871435,30.007601,29.692718,29.888456,67648800
2005-05-03,29.828872,30.152268,29.811851,30.041632,103428700
2005-05-04,30.033141,30.492702,29.990590,30.407597,90480600
2005-05-05,30.424621,30.569296,30.237392,30.433130,79341700
2005-05-06,30.611845,30.654396,30.399086,30.518230,77310200
2005-05-09,30.526741,30.688440,30.348023,30.662907,66298400
2005-05-10,30.518225,30.603327,30.313974,30.441631,77194700
2005-05-11,30.484180,30.662898,30.041640,30.594816,131952400
2005-05-12,30.662903,30.807581,30.348020,30.509716,116602200
2005-05-13,30.628871,31.037369,30.543766,30.841631,133273500
2005-05-16,30.841622,31.096933,30.748008,31.045870,79093200
2005-05-17,30.935232,31.267139,30.816087,31.233097,91665900
2005-05-18,31.318200,31.794783,31.241607,31.658617,128105900
2005-05-19,31.735223,31.930961,31.658629,31.922449,92619700
2005-05-20,31.871358,32.075606,31.786253,32.050076,66530100
2005-05-23,32.050092,32.330936,31.999029,32.211788,93068200
2005-05-24,32.135191,32.339442,32.084131,32.313911,100830000
2005-05-25,32.203287,32.237330,31.990528,32.177757,76470600
2005-05-26,32.322435,32.569237,32.322435,32.501152,84066800
2005-05-27,32.458582,32.552196,32.356458,32.518154,50076900
2005-05-31,32.501136,32.543690,32.271355,32.407524,75281500
2005-06-01,32.364986,32.918162,32.356477,32.671360,110875700
2005-06-02,32.620290,32.901131,32.594756,32.901131,75926500
2005-06-03,32.875605,32.884114,32.356472,32.424553,96998400
2005-06-06,32.441576,32.501149,32.305410,32.433067,52681400
2005-06-07,32.467118,32.739450,32.118192,32.160744,108953400
2005-06-08,32.237341,32.296913,31.965009,32.092663,79211900
2005-06-09,32.050077,32.390493,31.913911,32.296879,99383300
2005-06-10,32.254341,32.254341,31.811801,31.956476,85971700
2005-06-13,31.896921,32.296910,31.879899,32.109680,82331300
2005-06-14,32.075608,32.203265,31.913912,31.981997,62593600
2005-06-15,32.194796,32.228835,31.701192,32.084160,103952000
2005-06-16,32.118183,32.339451,32.050098,32.254349,90450100
2005-06-17,32.463030,32.548211,32.156373,32.258591,83915700
2005-06-20,32.130819,32.437476,32.011564,32.258591,67580000
2005-06-21,32.233053,32.377861,32.113798,32.241570,97845600
2005-06-22,32.369342,32.454523,32.054168,32.207497,75221100
2005-06-23,32.258592,32.522658,31.798609,31.849716,122163300
2005-06-24,31.841205,31.866758,31.483437,31.491957,142144100
2005-06-27,31.474924,31.568625,31.261968,31.347149,72780800
2005-06-28,31.474919,31.738983,31.432329,31.645285,73330300
2005-06-29,31.730477,31.738994,31.491967,31.577148,71513600
2005-06-30,31.636772,31.696399,31.304561,31.330114,87803700
2005-07-01,31.398261,31.517516,31.244933,31.287523,55254800
2005-07-05,31.176781,31.679358,31.176781,31.611214,79288700
2005-07-06,31.543059,31.756015,31.398251,31.457878,79101000
2005-07-07,31.159757,31.594186,31.134200,31.568632,119466300
2005-07-08,31.585651,32.207482,31.508987,32.173409,101320700
2005-07-11,32.258613,32.505643,32.198985,32.471569,96283700
2005-07-12,32.471549,32.761170,32.377848,32.624878,86059300
2005-07-13,32.641918,32.735619,32.514143,32.701546,72135400
2005-07-14,32.940073,33.118958,32.812301,33.025257,99135200
2005-07-15,33.076353,33.221162,32.923024,33.127460,67239200
2005-07-18,33.042295,33.127476,32.957110,32.991184,58644000
2005-07-19,33.144488,33.391518,33.084861,33.374481,77860900
2005-07-20,33.170080,33.706731,33.136009,33.613029,91433100
2005-07-21,33.698170,33.808905,33.400030,33.621506,127286000
2005-07-22,33.630029,33.723730,33.408556,33.578918,71666600
2005-07-25,33.612983,33.757795,33.391510,33.451138,51872700
2005-07-26,33.553365,33.672620,33.382999,33.578918,67324900
2005-07-27,33.604499,33.868562,33.417096,33.834492,78351100
2005-07-28,33.860042,34.004851,33.766341,33.996334,66163700
2005-07-29,33.962240,34.004831,33.664103,33.715214,74725700
2005-08-01,33.766325,33.928174,33.664107,33.774845,59748300
2005-08-02,33.817457,34.192259,33.774866,34.141151,79284100
2005-08-03,33.996317,34.183720,33.970763,34.124092,61916400
2005-08-04,33.970771,34.021878,33.706704,33.791885,72035500
2005-08-05,33.740766,33.894095,33.587437,33.630028,66029500
2005-08-08,33.664122,33.740787,33.340428,33.383018,63415400
2005-08-09,33.536345,33.723747,33.485237,33.604492,62143600
2005-08-10,33.689671,33.808926,33.195614,33.314869,102317500
2005-08-11,33.331909,33.681157,33.306352,33.587456,92446700
2005-08-12,33.323391,33.493756,33.195619,33.400055,86367300
2005-08-15,33.340425,33.757821,33.289318,33.604492,63061100
2005-08-16,33.476703,33.502260,32.999683,33.059311,94596000
2005-08-17,33.153005,33.365961,33.042270,33.255226,74470500
2005-08-18,33.110427,33.306346,33.025246,33.084873,72559400
2005-08-19,33.127464,33.221165,33.042283,33.067837,52024300
2005-08-22,33.118947,33.374494,32.880434,33.084873,88056300
2005-08-23,33.084886,33.153030,32.888966,32.991184,57482900
2005-08-24,32.923036,33.374503,32.761188,32.795261,95025700
2005-08-25,32.854877,32.957095,32.786733,32.871914,52328800
2005-08-26,32.820793,32.880421,32.599320,32.761166,63840700
2005-08-29,32.590830,33.093407,32.590830,33.016743,74940400
2005-08-30,32.846373,32.931554,32.641933,32.897480,87373600
2005-08-31,32.914515,33.229690,32.778223,33.204136,93426300
2005-09-01,33.221159,33.348934,33.033756,33.153011,74884400
2005-09-02,33.221176,33.246730,32.999703,33.025257,53244900
2005-09-06,33.178584,33.570423,33.135994,33.510796,78106600
2005-09-07,33.476707,33.630035,33.400042,33.570408,57440100
2005-09-08,33.468196,33.706706,33.451159,33.561897,73529700
2005-09-09,33.570408,33.808918,33.485227,33.749290,75342100
2005-09-12,33.757814,33.953733,33.715223,33.842995,51689900
2005-09-13,33.800418,33.996338,33.681163,33.757828,66145800
2005-09-14,33.774840,33.800393,33.348928,33.374481,98644000
2005-09-15,33.442630,33.510777,33.263747,33.357449,80421500
2005-09-16,33.434122,33.613005,33.314867,33.561897,71034100
2005-09-19,33.493729,33.544839,33.144481,33.297810,73387500
2005-09-20,33.357456,33.681151,33.059319,33.161537,115202800
2005-09-21,33.067845,33.110436,32.769708,32.795261,116404300
2005-09-22,32.744151,32.991181,32.573788,32.914516,118686100
2005-09-23,32.795245,33.118940,32.718581,33.008202,70154000
2005-09-26,33.195628,33.246736,32.837860,33.016743,69327600
2005-09-27,33.042281,33.135982,32.803768,32.940060,64089500
2005-09-28,33.016711,33.178559,32.846348,32.948566,72044500
2005-09-29,32.905982,33.400038,32.752653,33.391521,117634600
2005-09-30,33.365999,33.630066,33.331929,33.613029,79248500
2005-10-03,33.681163,33.860046,33.655606,33.698200,81685600
2005-10-04,33.749295,33.970771,33.468194,33.476711,85348600
2005-10-05,33.485249,33.510803,32.991189,33.016743,106152200
2005-10-06,32.991166,33.101904,32.301187,32.582291,162213700
2005-10-07,32.710069,32.854878,32.522667,32.658958,91119900
2005-10-10,32.599342,32.761188,32.420460,32.480087,64012000
2005-10-11,32.573764,32.573764,32.198960,32.318214,114736900
2005-10-12,32.130844,32.420465,31.883814,31.934925,146109500
2005-10-13,31.917856,32.292657,31.798601,32.181919,138569600
2005-10-14,32.267127,32.428973,32.062688,32.420456,131463200
2005-10-17,32.428973,32.531191,32.216017,32.522675,64080400
2005-10-18,32.488583,32.522657,32.292664,32.292664,88070400
2005-10-19,32.130829,32.940060,32.037128,32.940060,132879900
2005-10-20,32.974132,33.093387,32.454518,32.633404,132576900
2005-10-21,32.940063,33.008210,32.650446,32.837845,110032000
2005-10-24,32.991164,33.374485,32.769691,33.357449,110820900
2005-10-25,33.297819,33.383000,33.025235,33.229671,86665800
2005-10-26,33.204120,33.451149,33.016717,33.059311,89878100
2005-10-27,33.033751,33.050787,32.394882,32.394882,132231100
2005-10-28,32.505634,32.701553,32.301195,32.641926,95243900
2005-10-31,32.752667,33.263760,32.727110,33.110432,115279100
2005-11-01,33.033763,33.229682,32.974135,33.084873,73502300
2005-11-02,32.991179,33.613011,32.974143,33.519310,101409900
2005-11-03,33.851523,34.149660,33.800412,34.021885,137054000
2005-11-04,34.073004,34.268923,33.936712,34.141151,100944500
2005-11-07,34.251879,34.320027,34.030406,34.183735,65324500
2005-11-08,34.141134,34.371124,34.064470,34.192242,78859700
2005-11-09,34.175189,34.354075,34.098525,34.209263,72458800
2005-11-10,34.226334,34.660763,34.004857,34.584099,120763100
2005-11-11,34.728883,34.856655,34.652219,34.677773,80057200
2005-11-14,34.728883,34.805547,34.584071,34.677773,53652400
2005-11-15,34.694828,34.839640,34.396690,34.515945,79543500
2005-11-16,34.609631,34.737402,34.464819,34.728886,65895700
2005-11-17,34.848142,35.197390,34.797032,35.188873,94425500
2005-11-18,35.367767,35.478505,35.154811,35.308140,108820200
2005-11-21,35.265562,35.418890,35.129270,35.393333,69731400
2005-11-22,35.325172,35.665900,35.231471,35.521091,88814000
2005-11-23,35.546631,35.793661,35.529594,35.606258,64101200
2005-11-25,35.640343,35.725524,35.546642,35.682934,22930200
2005-11-28,35.776658,35.776658,35.350745,35.384819,74716200
2005-11-29,35.580720,35.648865,35.214436,35.214436,77443000
2005-11-30,35.163324,35.342210,35.086660,35.129253,88044400
2005-12-01,35.359229,35.819215,35.350712,35.785141,91914100
2005-12-02,35.725519,35.887368,35.665891,35.870331,72929200
2005-12-05,35.827735,35.827735,35.461450,35.606258,61519900
2005-12-06,35.802189,36.040702,35.691454,35.725525,81509400
2005-12-07,35.776638,35.802192,35.461464,35.657383,83885500
2005-12-08,35.742557,35.776630,35.154799,35.401829,112043200
2005-12-09,35.401840,35.580722,35.248511,35.538132,56526900
2005-12-12,35.665890,35.725517,35.504044,35.665890,44863600
2005-12-13,35.623316,35.955527,35.572205,35.810719,76611600
2005-12-14,35.734062,35.861834,35.529622,35.691471,73581600
2005-12-15,35.776629,35.836257,35.444418,35.751076,72607200
2005-12-16,35.743388,35.811697,35.478684,35.504303,63743000
2005-12-19,35.581168,35.615324,34.923683,34.940758,75341700
2005-12-20,34.966362,35.137139,34.795585,34.966362,70257700
2005-12-21,35.026137,35.359149,34.966365,35.120064,68935000
2005-12-22,35.103006,35.401862,35.094465,35.350632,59149500
2005-12-23,35.444556,35.512868,35.265242,35.350632,38000400
2005-12-27,35.453082,35.589703,34.983449,35.043221,55656300
2005-12-28,35.060279,35.205437,34.898040,35.000507,50302400
2005-12-29,35.034667,35.111516,34.710195,34.769966,47301700
2005-12-30,34.616285,34.650441,34.462586,34.505280,60026500
2006-01-03,34.710205,35.427464,34.291803,35.273766,109350400
2006-01-04,35.359152,35.640934,35.282303,35.640934,92769400
2006-01-05,35.649489,35.862959,35.615333,35.794647,77656900
2006-01-06,36.084957,36.460666,35.914184,36.443588,110053900
2006-01-09,36.443583,36.648513,36.306963,36.588741,80768800
2006-01-10,36.426502,36.648510,36.332575,36.614357,84369400
2006-01-11,36.716831,36.981535,36.605826,36.896145,100761400
2006-01-12,36.853448,36.964453,36.588744,36.716827,82429200
2006-01-13,36.665604,36.759532,36.486290,36.699760,64572100
2006-01-17,36.417962,36.537504,36.289879,36.460655,77962100
2006-01-18,35.888561,36.255729,35.880023,36.042259,121021900
2006-01-19,36.221556,36.563109,36.110554,36.306946,111094000
2006-01-20,36.255743,36.281362,35.137163,35.222549,188569400
2006-01-23,35.316465,35.393315,35.077380,35.231075,111381900
2006-01-24,35.316472,35.606791,35.273779,35.384781,77956900
2006-01-25,35.555550,35.581166,35.077380,35.231075,99826400
2006-01-26,35.436009,35.598245,35.205461,35.478703,112600600
2006-01-27,35.692160,36.195949,35.640929,35.956863,110830400
2006-01-30,36.016659,36.136201,35.922731,36.025196,53942600
2006-01-31,36.008096,36.093486,35.700702,35.862938,100988100
2006-02-01,35.640941,36.008106,35.606785,35.991032,89168700
2006-02-02,35.871488,35.931263,35.359162,35.376240,94047400
2006-02-03,35.111534,35.205462,34.821215,34.940758,121094200
2006-02-06,34.769968,35.017590,34.658963,34.846817,58162800
2006-02-07,34.787046,34.949282,34.530880,34.693119,87327000
2006-02-08,34.940753,35.137148,34.744361,35.094452,89907800
2006-02-09,35.188384,35.325005,34.693135,34.761444,78213400
2006-02-10,34.735829,35.060304,34.377198,34.974915,102575900
2006-02-13,34.752899,34.787055,34.411346,34.573586,70643100
2006-02-14,34.641894,35.026140,34.505273,34.923676,94340300
2006-02-15,34.829741,35.231062,34.778507,35.145676,92254300
2006-02-16,35.273766,35.478695,35.137145,35.470158,103859600
2006-02-17,35.401836,35.401836,35.179829,35.188366,81770200
2006-02-21,35.188381,35.239615,34.676054,34.795597,85101400
2006-02-22,34.821213,35.470164,34.735827,35.231075,91983900
2006-02-23,35.171299,35.470159,35.077375,35.137146,66517100
2006-02-24,35.171304,35.256694,35.017605,35.231075,57085400
2006-02-27,35.316443,35.751920,35.290828,35.623840,64945000
2006-02-28,35.529932,35.623860,34.983450,35.094452,117564600
2006-03-01,35.205452,35.666548,35.137143,35.572620,80962300
2006-03-02,35.478712,35.726338,35.359170,35.598255,69856500
2006-03-03,35.393326,35.871497,35.342092,35.393326,112066100
2006-03-06,35.470150,35.546999,34.974898,35.085903,99581000
2006-03-07,35.026124,35.068817,34.710189,34.880962,96441100
2006-03-08,34.804148,35.085930,34.582140,34.898075,103961900
2006-03-09,35.009067,35.137150,34.556512,34.599205,108556700
2006-03-10,34.565035,34.829738,34.317409,34.633347,124474900
2006-03-13,34.787047,34.957820,34.684579,34.735813,69169100
2006-03-14,34.701669,35.367694,34.701669,35.325001,118201000
2006-03-15,35.461601,35.623840,35.282287,35.623840,84375800
2006-03-16,35.734863,35.794634,35.290848,35.325001,101371200
2006-03-17,35.324143,35.537763,35.230150,35.418137,78219600
2006-03-20,35.520683,35.614677,35.375424,35.503593,60240100
2006-03-21,35.127609,35.896638,35.101976,35.127609,136566000
2006-03-22,34.931071,35.272860,34.913981,35.213047,112282800
2006-03-23,35.110531,35.221614,34.879821,35.110531,75158200
2006-03-24,35.230157,35.460867,35.050717,35.289970,81795500
2006-03-27,35.272875,35.469405,35.238698,35.298512,54400400
2006-03-28,35.366871,35.606124,35.025082,35.153252,100522800
2006-03-29,35.204510,35.973539,35.178874,35.819733,130669100
2006-03-30,35.896625,36.144425,35.708642,35.930805,115915600
2006-03-31,35.999182,36.050448,35.751382,35.828285,71074600
2006-04-03,36.016277,36.204260,35.802657,35.871014,80730700
2006-04-04,35.930819,36.152985,35.828282,36.067535,89952600
2006-04-05,36.144447,36.460603,36.067543,36.409336,91628200
2006-04-06,36.392245,36.691311,36.264072,36.511871,91712800
2006-04-07,36.640046,36.785306,36.144447,36.161537,116604300
2006-04-10,36.229897,36.315344,35.965008,36.110268,58981900
2006-04-11,36.221339,36.255518,35.640293,35.819733,91481900
2006-04-12,35.836829,35.956458,35.717202,35.828285,58751200
2006-04-13,35.802663,36.170090,35.708670,35.973557,63476900
2006-04-17,35.922264,36.067523,35.366851,35.597561,104072100
2006-04-18,35.691581,36.366620,35.691581,36.281170,124291700
2006-04-19,36.349519,36.443512,36.144443,36.443512,79050300
2006-04-20,36.434972,36.588779,36.212809,36.315346,81408000
2006-04-21,36.452059,36.503329,35.734297,35.888103,130181200
2006-04-24,35.845380,35.947917,35.648851,35.853924,78556400
2006-04-25,35.947901,35.973534,35.589021,35.777004,77660800
2006-04-26,35.768456,35.939352,35.631739,35.768456,82537000
2006-04-27,35.606125,36.306801,35.460865,36.110268,173950100
2006-04-28,35.888107,36.076093,35.700120,35.759933,88876600
2006-05-01,35.819741,35.930824,35.298512,35.409592,92875500
2006-05-02,35.563407,35.657400,35.375424,35.503593,85148100
2006-05-03,35.520665,35.580478,35.272866,35.452309,74971600
2006-05-04,35.486490,35.879552,35.486490,35.742836,88696800
2006-05-05,35.973537,36.067530,35.836821,36.024807,80392200
2006-05-08,35.956458,36.127351,35.947911,36.058994,45079100
2006-05-09,35.973550,36.041910,35.862470,35.922283,48528800
2006-05-10,35.828283,35.871007,35.503581,35.606117,92424200
2006-05-11,35.571940,35.589030,34.717462,34.811455,140989700
2006-05-12,34.657643,34.708910,34.332941,34.341484,153920800
2006-05-15,34.196253,34.469686,33.999723,34.315880,127896500
2006-05-16,34.324407,34.401310,33.982618,34.059521,132397500
2006-05-17,33.905704,34.016787,33.521188,33.598091,207897100
2006-05-18,33.743355,33.888614,33.324659,33.367382,139690900
2006-05-19,33.495575,33.726285,33.111059,33.623745,194306300
2006-05-22,33.333203,33.529736,32.999957,33.299026,169591800
2006-05-23,33.546826,33.649366,32.957237,32.974327,142243900
2006-05-24,32.923051,33.358837,32.666708,33.196484,234981600
2006-05-25,33.418670,33.649380,33.170871,33.632290,123510900
2006-05-26,33.709186,33.820269,33.521200,33.743366,91319600
2006-05-30,33.581004,33.606640,32.991415,33.017048,105606200
2006-05-31,33.076844,33.375914,32.931585,33.170837,137066200
2006-06-01,33.264860,33.956989,33.187957,33.956989,119357400
2006-06-02,34.144950,34.179130,33.589541,33.871517,128864100
2006-06-05,33.803172,33.803172,33.136677,33.136677,103190600
2006-06-06,33.196500,33.281950,32.769261,33.111053,127271000
2006-06-07,33.153770,33.469926,32.854704,32.863247,130754700
2006-06-08,32.700894,32.948694,32.034402,32.811977,280562200
2006-06-09,32.948698,33.102505,32.564182,32.598362,144146200
2006-06-12,32.641067,32.692334,31.948939,31.957485,145607500
2006-06-13,32.034393,32.299280,31.752414,31.829317,207099500
2006-06-14,31.923305,32.222371,31.786589,32.154015,201876800
2006-06-15,32.342007,33.145219,32.299284,33.025593,200700400
2006-06-16,32.962310,33.073467,32.663042,32.782749,120006100
2006-06-19,32.919573,32.953776,32.415091,32.517696,129450100
2006-06-20,32.569008,32.902479,32.440749,32.560459,102871700
2006-06-21,32.611753,33.338550,32.603204,33.073483,129548100
2006-06-22,32.996526,33.073481,32.483495,32.654503,143100500
2006-06-23,32.628853,32.945222,32.432191,32.620304,88050200
2006-06-26,32.637405,32.825518,32.551901,32.705811,65157700
2006-06-27,32.722894,32.774198,32.055953,32.090153,128227500
2006-06-28,32.167116,32.355229,31.961905,32.329578,91576300
2006-06-29,32.474956,33.312908,32.406553,33.312908,181997200
2006-06-30,33.449704,33.466805,33.073481,33.150436,82719200
2006-07-03,33.253062,33.347118,33.184659,33.347118,21598500
2006-07-05,33.039279,33.073482,32.569000,32.620304,93724000
2006-07-06,32.722899,32.902459,32.500583,32.586090,70615200
2006-07-07,32.406538,32.637400,32.124369,32.226974,108063300
2006-07-10,32.312490,32.432197,31.782354,31.944817,105109800
2006-07-11,31.876415,32.269742,31.705406,32.184235,136114200
2006-07-12,32.115806,32.184209,31.500167,31.577122,154458900
2006-07-13,31.329167,31.671190,31.047001,31.047001,177745500
2006-07-14,31.038443,31.106849,30.602367,30.730623,172448500
2006-07-17,30.739180,30.995696,30.670774,30.807583,134311000
2006-07-18,30.970059,31.064116,30.388622,30.910206,206964900
2006-07-19,30.884535,31.491625,30.858884,31.312061,192517600
2006-07-20,31.423232,31.465984,30.816145,30.850348,152292100
2006-07-21,30.679323,30.747726,30.457008,30.525414,119343000
2006-07-24,30.645129,31.149611,30.610926,31.132509,130269300
2006-07-25,31.200907,31.414670,30.987143,31.312061,108869600
2006-07-26,31.218005,31.525825,30.978591,31.286411,107170500
2006-07-27,31.414669,31.671185,30.995692,31.081196,99698700
2006-07-28,31.235106,31.756690,31.209456,31.731039,93556100
2006-07-31,31.705407,31.910619,31.542945,31.722506,78015300
2006-08-01,31.440326,31.465977,31.004247,31.192360,98552800
2006-08-02,31.303509,31.748137,31.303509,31.542923,87370600
2006-08-03,31.226564,31.927708,31.192362,31.739595,99205600
2006-08-04,32.021748,32.175658,31.312052,31.594221,123493800
2006-08-07,31.560017,31.585668,31.235096,31.389006,69634800
2006-08-08,31.474529,31.551484,31.004247,31.192360,124139900
2006-08-09,31.628442,31.902059,31.149611,31.235115,145342200
2006-08-10,31.149618,31.534393,31.047012,31.457438,102481300
2006-08-11,31.337724,31.371924,31.098307,31.235115,86903200
2006-08-14,31.500173,31.867846,31.380466,31.440319,109281100
2006-08-15,31.807996,32.278275,31.713940,32.235523,133712100
2006-08-16,32.474945,33.013630,32.355238,32.996529,135452100
2006-08-17,32.885361,33.329990,32.868260,33.116226,129492200
2006-08-18,33.030737,33.201748,32.731466,33.167545,97754500
2006-08-21,32.919579,32.970884,32.714365,32.851173,66668400
2006-08-22,32.799865,33.184640,32.663056,32.859718,102058600
2006-08-23,32.885365,33.064925,32.423635,32.611748,96056300
2006-08-24,32.705811,32.791315,32.423641,32.705811,78985300
2006-08-25,32.637419,33.039296,32.543366,32.765678,73572900
2006-08-28,32.740005,33.167532,32.697253,33.013622,80035000
2006-08-29,32.987970,33.141877,32.645947,33.116226,104842000
2006-08-30,33.107683,33.372747,33.005074,33.270142,75687200
2006-08-31,33.312890,33.372744,33.141879,33.235935,61207200
2006-09-01,33.415512,33.526667,33.261602,33.415512,69388500
2006-09-05,33.432590,33.757511,33.218827,33.740410,85582800
2006-09-06,33.432611,33.509566,33.013636,33.064938,97888600
2006-09-07,32.962327,33.261598,32.799868,32.911026,115877400
2006-09-08,32.953775,33.193189,32.885369,33.107685,96627000
2006-09-11,32.842629,33.475371,32.765674,33.312908,142377500
2006-09-12,33.304332,34.031126,33.304332,33.928520,124102400
2006-09-13,33.954187,34.185052,33.885784,34.159401,116054300
2006-09-14,34.073905,34.390277,33.996950,34.193615,98116000
2006-09-15,34.478505,34.615392,34.221842,34.315952,137825600
2006-09-18,34.324497,34.564052,34.170499,34.324497,117806700
2006-09-19,34.410056,34.435722,33.811174,34.093502,159060800
2006-09-20,34.392943,34.683828,34.384385,34.589718,116635500
2006-09-21,34.675264,34.795040,34.290271,34.375824,121886900
2006-09-22,34.350158,34.358712,33.965162,34.110603,100996400
2006-09-25,34.256050,34.786487,33.948053,34.709488,136473400
2006-09-26,34.666725,34.906277,34.564060,34.880611,113375600
2006-09-27,34.795069,35.034624,34.649627,34.837849,113003800
2006-09-28,34.880597,34.983261,34.589711,34.931931,85943600
2006-09-29,34.991821,35.017487,34.752266,34.777935,85438200
2006-10-02,34.735149,34.820705,34.290268,34.341599,97068800
2006-10-03,34.238940,34.632490,34.119164,34.487049,116261400
2006-10-04,34.427158,35.342591,34.341601,35.334034,149209500
2006-10-05,35.334032,35.556476,35.231368,35.505142,91799900
2006-10-06,35.385370,35.556480,35.282705,35.428146,85450400
2006-10-09,35.385387,35.710495,35.351164,35.547939,62786100
2006-10-10,35.590711,35.719044,35.342605,35.607822,98181800
2006-10-11,35.445253,35.787473,35.222810,35.539364,136561300
2006-10-12,35.727592,36.146811,35.676262,36.104034,95260200
2006-10-13,36.129706,36.377815,36.052706,36.300816,80470200
2006-10-16,36.300803,36.463356,36.275138,36.335026,62017400
2006-10-17,36.078371,36.104040,35.727598,35.932930,146149100
2006-10-18,36.121145,36.198144,35.633484,35.761814,120366100
2006-10-19,35.667707,36.027038,35.582154,35.847374,108198400
2006-10-20,35.967153,36.001375,35.624933,35.932930,105454300
2006-10-23,35.864485,36.429149,35.778932,36.300816,126960500
2006-10-24,36.172487,36.317932,35.864490,36.052711,103541700
2006-10-25,36.069818,36.377815,35.975707,36.300816,125399500
2006-10-26,36.429139,36.720021,36.121142,36.634468,130260700
2006-10-27,36.548913,36.634467,36.001365,36.112583,129375000
2006-10-30,36.069812,36.489030,35.984258,36.343586,103899900
2006-10-31,36.412038,36.583145,36.198152,36.429150,135811800
2006-11-01,36.557478,36.591701,35.778931,35.932930,148960600
2006-11-02,35.770354,36.052682,35.710466,35.967129,100216400
2006-11-03,36.018473,36.095472,35.599257,35.873032,119263300
2006-11-06,35.992794,36.540342,35.984240,36.394901,101283300
2006-11-07,36.394896,36.865446,36.335009,36.643005,139706500
2006-11-08,36.437686,36.959570,36.335022,36.814125,180245700
2006-11-09,37.010887,37.087886,36.506115,36.643005,124278000
2006-11-10,36.651573,36.822682,36.506128,36.814125,82419400
2006-11-13,36.831266,37.250486,36.788490,37.190598,89146200
2006-11-14,37.216237,37.618344,36.993796,37.584122,121962800
2006-11-15,37.635460,37.986234,37.575569,37.738125,116565900
2006-11-16,37.866458,38.003345,37.661129,37.900681,113513200
2006-11-17,37.695351,37.900681,37.601241,37.900681,95162500
2006-11-20,37.780901,38.054676,37.652568,37.977676,107184100
2006-11-21,38.003335,38.080334,37.857893,38.029003,68092200
2006-11-22,38.140240,38.285681,37.866462,38.268570,69852700
2006-11-24,37.986244,38.379794,37.969133,38.200130,51762900
2006-11-27,38.080345,38.165902,37.336021,37.336021,159506300
2006-11-28,37.224788,37.507119,37.079346,37.447231,118268400
2006-11-29,37.644019,37.798018,37.353133,37.703907,139515500
2006-11-30,37.686800,37.883575,37.464359,37.678246,123457100
2006-12-01,37.644028,37.943467,37.010922,37.353142,144559600
2006-12-04,37.464351,38.054676,37.464351,37.866455,89782400
2006-12-05,37.977665,38.114552,37.806555,38.003330,84697500
2006-12-06,37.883566,37.986234,37.703903,37.866455,78207500
2006-12-07,37.934905,38.054681,37.387356,37.387356,124936100
2006-12-08,37.267582,37.866462,37.190583,37.558468,133798700
2006-12-11,37.498575,37.960568,37.430130,37.695351,72931300
2006-12-12,37.686798,37.755244,37.267583,37.472912,110985900
2006-12-13,37.729558,37.738115,37.318896,37.541340,79035500
2006-12-14,37.618351,38.131677,37.592683,37.960567,109104200
2006-12-15,38.272367,38.340892,37.989691,38.058220,99942300
2006-12-18,38.186688,38.332306,37.518547,37.681301,121588700
2006-12-19,37.390082,37.741284,37.158803,37.561398,136535200
2006-12-20,37.604229,37.784112,37.407211,37.424343,67213400
2006-12-21,37.467182,37.510011,37.013188,37.158810,102952300
2006-12-22,37.175932,37.184496,36.773335,36.773335,92858600
2006-12-26,36.773338,36.936089,36.730510,36.927525,50848600
2006-12-27,37.013181,37.175935,36.918956,37.115974,54129200
2006-12-28,37.004617,37.158803,36.876128,36.936089,69016000
2006-12-29,36.996045,37.355814,36.936084,36.970348,75152500
2007-01-03,37.227319,37.741274,36.422127,37.038872,167689500
2007-01-04,37.090274,37.869770,36.961788,37.741283,136853500
2007-01-05,37.647058,37.647058,37.244461,37.561398,138958800
2007-01-08,37.595654,37.792669,37.381507,37.587090,106401600
2007-01-09,37.698454,37.938301,37.372953,37.775547,121577500
2007-01-10,37.655622,38.255234,37.535700,38.220970,121070100
2007-01-11,38.298058,38.752052,38.246665,38.614998,174029800
2007-01-12,38.563600,38.846273,38.520772,38.812012,104217300
2007-01-16,38.846277,38.889109,38.657830,38.786316,95690500
2007-01-17,38.623569,38.794888,38.400858,38.469383,127142600
2007-01-18,38.366596,38.409425,37.647062,37.758419,189029800
2007-01-19,37.664180,37.929720,37.612784,37.835495,127544300
2007-01-22,37.869769,37.886902,37.270157,37.424343,123441700
2007-01-23,37.398626,37.672734,37.261572,37.330101,133103600
2007-01-24,37.569956,37.963986,37.492863,37.946854,117615300
2007-01-25,37.998251,38.092476,37.330113,37.458599,158337600
2007-01-26,37.527135,37.544267,37.081709,37.321552,146284300
2007-01-29,37.227334,37.612799,37.175941,37.355824,104191500
2007-01-30,37.415784,37.510009,37.278730,37.372955,69605900
2007-01-31,37.330110,37.852626,37.115963,37.749836,157772500
2007-02-01,37.921167,38.032525,37.561398,37.689888,147365600
2007-02-02,37.792674,37.904032,37.638488,37.826939,98189200
2007-02-05,37.809819,37.998269,37.655632,37.792686,96347800
2007-02-06,37.861205,37.886902,37.381515,37.741283,121110200
2007-02-07,37.929714,38.246654,37.792660,38.083900,117823800
2007-02-08,38.032515,38.203830,37.886894,38.075344,89521900
2007-02-09,38.178134,38.306624,37.458600,37.587090,133472000
2007-02-12,37.578529,37.595661,37.338685,37.441475,126940000
2007-02-13,37.501437,37.689887,37.432911,37.569965,93648000
2007-02-14,37.724159,38.298071,37.724159,38.203846,133370000
2007-02-15,38.229526,38.426540,38.160997,38.426540,110452500
2007-02-16,38.255252,38.400873,38.178159,38.298080,72342200
2007-02-20,38.238105,38.649267,38.058222,38.589306,93629000
2007-02-21,38.477949,38.726361,38.400859,38.709229,95864000
2007-02-22,38.854845,39.017596,38.606434,38.906239,116344400
2007-02-23,38.906234,38.940499,38.597865,38.769180,113467100
2007-02-26,38.957624,38.974756,38.340880,38.580727,101623700
2007-02-27,38.006838,38.101063,36.884709,36.996063,317813200
2007-02-28,36.961788,37.484304,36.773338,37.115974,214978700
2007-03-01,36.447834,37.295857,36.182293,36.944656,231806500
2007-03-02,36.644839,36.953211,36.379299,36.387863,183359400
2007-03-05,36.105209,36.661990,36.028116,36.105209,171885400
2007-03-06,36.430688,36.824721,36.404991,36.704796,155551800
2007-03-07,36.713390,36.816180,36.533507,36.559204,119979300
2007-03-08,36.944641,37.038866,36.696229,36.807587,120900700
2007-03-09,37.115971,37.124536,36.533491,36.773335,128597600
2007-03-12,36.721943,37.073145,36.687682,37.013184,81310100
2007-03-13,36.833299,37.038882,36.285083,36.293648,171231800
2007-03-14,36.345047,36.833302,36.062371,36.824738,192586700
2007-03-15,36.747642,36.884696,36.593456,36.739075,111627400
2007-03-16,36.805085,36.890800,36.522235,36.710804,108328800
2007-03-19,36.907925,37.190776,36.813641,37.087921,95913200
2007-03-20,37.079358,37.362211,37.036502,37.353642,78755700
2007-03-21,37.405061,38.090763,37.156493,38.073620,173333500
2007-03-22,38.090765,38.099338,37.790771,37.936481,114856300
2007-03-23,37.936488,38.030772,37.773634,37.816490,68530300
2007-03-26,37.833628,37.987911,37.396494,37.970768,114237300
2007-03-27,37.910772,37.919345,37.670777,37.705063,76419200
2007-03-28,37.542203,37.739342,37.293635,37.302208,142795000
2007-03-29,37.559352,37.585065,36.942219,37.345070,124407000
2007-03-30,37.336492,37.602199,37.045068,37.310776,120418700
2007-04-02,37.430759,37.507900,37.113622,37.362190,89617700
2007-04-03,37.559342,37.979336,37.533629,37.850765,105814500
2007-04-04,37.876484,38.039340,37.825058,38.005054,85147200
2007-04-05,37.962205,38.210773,37.910776,38.193630,54220200
2007-04-09,38.322190,38.356476,38.039340,38.099339,63050200
2007-04-10,38.090770,38.296482,38.065057,38.296482,76364500
2007-04-11,38.262200,38.279343,37.773637,37.893635,114012300
2007-04-12,37.833635,38.245056,37.670782,38.193630,113801300
2007-04-13,38.202176,38.330747,37.962182,38.270748,94572000
2007-04-16,38.425050,38.699330,38.425050,38.622189,72803200
2007-04-17,38.699327,38.742183,38.536471,38.707897,81852300
2007-04-18,38.510750,38.767888,38.425039,38.579319,82002500
2007-04-19,38.407902,38.785037,38.330760,38.699326,95413000
2007-04-20,39.016467,39.145034,38.742186,38.913612,122377400
2007-04-23,38.965048,39.085046,38.862194,38.973621,85303300
2007-04-24,39.110732,39.282158,38.853594,39.170731,108143700
2007-04-25,39.299322,39.702173,39.170755,39.693604,106818100
2007-04-26,39.787884,39.985026,39.710745,39.899311,99308300
2007-04-27,39.745028,40.027882,39.676459,39.916454,96536500
2007-04-30,39.847869,39.882152,39.359303,39.393589,93290500
2007-05-01,39.402169,39.547879,39.136458,39.359310,135044400
2007-05-02,39.505022,39.925016,39.470736,39.787872,91971600
2007-05-03,39.865018,40.045017,39.796450,39.933590,98003600
2007-05-04,40.087859,40.190713,39.787862,39.967861,93591800
2007-05-07,39.993574,40.096428,39.916432,39.967861,47487900
2007-05-08,39.830726,40.087863,39.685012,40.053577,95138900
2007-05-09,39.847889,40.259310,39.822173,40.139313,116021000
2007-05-10,40.002154,40.096438,39.487878,39.590733,171196300
2007-05-11,39.633593,40.096439,39.582164,40.096439,104767900
2007-05-14,40.087877,40.182162,39.590741,39.822166,118899200
2007-05-15,39.787876,40.027874,39.419314,39.513596,179438500
2007-05-16,39.599318,39.907884,39.350750,39.899311,144420500
2007-05-17,39.847876,39.916444,39.676449,39.710735,109869100
2007-05-18,39.839295,40.036434,39.753584,40.036434,104961700
2007-05-21,40.062161,40.490725,40.002159,40.293583,112831400
2007-05-22,40.319303,40.525012,40.173590,40.327873,98029100
2007-05-23,40.447876,40.602159,40.113597,40.139313,119220600
2007-05-24,40.165016,40.319299,39.402172,39.565025,206268600
2007-05-25,39.650738,39.907879,39.582170,39.813595,87143200
2007-05-29,39.856440,40.165006,39.779298,40.122150,99702400
2007-05-30,39.839293,40.456426,39.727866,40.447853,132036500
2007-05-31,40.559276,40.730702,40.464991,40.636417,109457700
2007-06-01,40.782167,40.945021,40.602168,40.662167,125089800
2007-06-04,40.516443,40.833580,40.490730,40.782154,64782700
2007-06-05,40.670727,40.782154,40.285018,40.782154,151160400
2007-06-06,40.602150,40.610724,40.250728,40.345013,183166500
2007-06-07,40.207870,40.465007,39.702164,39.719307,221373300
2007-06-08,39.702176,40.225025,39.565036,40.207882,177587800
2007-06-11,40.182166,40.447874,40.079308,40.130737,97100400
2007-06-12,39.916456,40.319307,39.813602,39.890743,153967700
2007-06-13,40.062166,40.362159,39.890739,40.327873,147985300
2007-06-14,40.370727,40.705010,40.362157,40.593582,101531900
2007-06-15,40.968437,41.062796,40.874082,40.968437,100378400
2007-06-18,41.045646,41.062803,40.891242,40.977024,75713200
2007-06-19,40.856926,41.054219,40.753988,40.968437,109621300
2007-06-20,41.028487,41.105686,40.522386,40.582432,161889500
2007-06-21,40.565265,40.994164,40.385128,40.951275,143181300
2007-06-22,40.865524,40.925570,40.436625,40.565296,153328700
2007-06-25,40.573859,40.814045,40.162117,40.393723,136602600
2007-06-26,40.582436,40.591012,40.093491,40.162113,128211900
2007-06-27,40.119215,40.796877,40.059170,40.779720,141196200
2007-06-28,40.762554,41.045626,40.719665,40.762554,116546300
2007-06-29,40.985607,41.071389,40.496663,40.831203,124794700
2007-07-02,40.925555,41.217207,40.899822,41.200050,80863100
2007-07-03,41.251518,41.448812,41.208629,41.440235,34803300
2007-07-05,41.465957,41.834810,41.423067,41.740452,73588500
2007-07-06,41.783347,41.954907,41.603210,41.912018,65804300
2007-07-09,41.946324,42.014946,41.791920,41.937744,66768800
2007-07-10,41.706147,41.946333,41.543167,41.586056,104383100
2007-07-11,41.491692,41.869125,41.448803,41.869125,99637600
2007-07-12,42.006373,42.606829,41.963481,42.512474,107667100
2007-07-13,42.572506,42.864157,42.521037,42.804111,74232200
2007-07-16,42.795539,42.958523,42.684025,42.761227,77799500
2007-07-17,42.855602,43.147253,42.821289,43.087208,124833700
2007-07-18,42.847000,43.035713,42.581081,43.035713,144915900
2007-07-19,43.241585,43.456034,43.155806,43.164383,116563800
2007-07-20,43.138673,43.198719,42.666885,42.932800,163721300
2007-07-23,43.078607,43.155809,42.821265,42.949936,107464100
2007-07-24,42.632558,42.975676,42.074988,42.315174,175496200
2007-07-25,42.529614,42.606812,42.083558,42.375210,170258700
2007-07-26,42.083568,42.435265,41.217190,42.014942,318522000
2007-07-27,41.937734,42.135027,41.165718,41.165718,246387600
2007-07-30,41.363024,41.800499,41.131418,41.646095,166517200
2007-07-31,42.006368,42.023525,40.685359,40.771137,260224500
2007-08-01,40.651049,41.114261,40.299352,41.088528,301153900
2007-08-02,41.114264,41.543163,40.994173,41.465961,177369900
2007-08-03,41.388766,41.440235,40.445189,40.676792,166048400
2007-08-06,40.719657,41.191445,40.342224,41.148556,190869100
2007-08-07,41.071382,41.706151,40.728261,41.440235,167109700
2007-08-08,41.611781,42.083572,41.517426,41.894855,164831200
2007-08-09,41.337295,42.006380,40.908396,40.925552,242418200
2007-08-10,40.488072,41.028486,39.999127,40.556694,247006400
2007-08-13,40.899829,41.071389,40.728269,40.831203,116935100
2007-08-14,40.916964,40.951277,40.084899,40.136368,153529800
2007-08-15,40.042026,40.393723,39.295742,39.372944,214854100
2007-08-16,39.055557,39.381521,38.077667,38.986935,362468700
2007-08-17,39.724632,39.964815,39.107017,39.724632,223246600
2007-08-20,39.879036,40.076329,39.527339,39.913345,144715100
2007-08-21,39.870452,40.428022,39.793250,40.333664,115027200
2007-08-22,40.642477,40.916973,40.548119,40.882660,115814100
2007-08-23,40.994167,41.045632,40.513798,40.771137,118663400
2007-08-24,40.642462,41.371589,40.590993,41.345856,88189200
2007-08-27,41.225769,41.345860,41.037053,41.071365,72490400
2007-08-28,40.831194,40.916976,40.067754,40.093491,106024800
2007-08-29,40.359393,41.277237,40.359393,41.242928,113201000
2007-08-30,41.028461,41.809056,40.959835,41.457359,138930000
2007-08-31,41.912032,42.083592,41.697582,41.920609,94687200
2007-09-04,41.972050,42.889893,41.954894,42.615398,98480900
2007-09-05,42.512469,42.589670,41.920586,42.186504,114049300
2007-09-06,42.229393,42.340908,41.869120,42.152191,99222600
2007-09-07,41.628951,41.688997,41.131430,41.371613,152438000
2007-09-10,41.706129,41.817644,41.011315,41.345856,125199400
2007-09-11,41.611773,42.023519,41.543151,41.972050,103064500
2007-09-12,41.894843,42.349475,41.843374,41.980621,93993400
2007-09-13,42.280863,42.332328,41.980631,42.186504,80807500
2007-09-14,41.860537,42.298016,41.800491,42.220814,99801200
2007-09-17,42.032106,42.117884,41.680409,41.869125,84882300
2007-09-18,42.109297,42.958518,41.886271,42.924206,151452100
2007-09-19,43.138651,43.395990,42.872733,43.035713,127025800
2007-09-20,42.941370,43.112927,42.821276,42.915634,109970600
2007-09-21,43.152507,43.358487,42.920781,43.221169,86829500
2007-09-24,43.332760,43.736132,43.195441,43.418583,107226800
2007-09-25,43.272668,43.830528,43.221176,43.830528,101102200
2007-09-26,44.079401,44.208136,43.873421,44.045071,96124600
2007-09-27,44.302546,44.328296,44.079404,44.268219,73423200
2007-09-28,44.233899,44.354052,43.924930,44.122326,75546000
2007-10-01,44.156648,44.766000,44.096571,44.628681,100404100
2007-10-02,44.663025,44.680191,44.388387,44.637276,71046000
2007-10-03,44.491369,44.688765,44.199566,44.328304,106785000
2007-10-04,44.414132,44.482793,44.062252,44.431297,84129300
2007-10-05,44.774598,45.401120,44.680194,45.332458,115674700
2007-10-08,45.315282,45.624250,45.238040,45.615669,63022400
2007-10-09,45.718676,45.873160,45.512696,45.813084,93965600
2007-10-10,45.821652,45.976136,45.667168,45.924641,91777500
2007-10-11,46.164954,46.293688,44.869003,45.195137,239786700
2007-10-12,45.401112,45.950387,45.315285,45.941803,131676000
2007-10-15,46.010473,46.096296,45.229470,45.589931,121578700
2007-10-16,45.306697,45.727235,45.212290,45.375355,193676600
2007-10-17,46.019038,46.053369,45.212290,45.958961,183985200
2007-10-18,45.770157,46.250772,45.589923,46.156364,144491200
2007-10-19,46.147791,46.147791,44.963413,45.006325,245111500
2007-10-22,44.766025,45.589939,44.645872,45.547028,207052100
2007-10-23,46.010465,46.525411,45.778739,46.499664,162360600
2007-10-24,46.122047,46.293693,45.143645,46.147793,298293400
2007-10-25,46.250767,46.328010,45.272370,45.529842,233833100
2007-10-26,46.413841,46.516829,45.864562,46.285103,146690300
2007-10-29,46.508261,46.628418,46.207877,46.473934,101896600
2007-10-30,46.293676,46.825789,46.259349,46.568314,114616600
2007-10-31,46.748553,47.263498,46.379508,47.229168,148431900
2007-11-01,46.928802,47.006044,46.319449,46.345196,181974200
2007-11-02,46.705639,46.817212,46.001879,46.705639,217882900
2007-11-05,46.225001,46.688453,45.993275,46.405231,150588900
2007-11-06,46.628392,46.937357,46.156355,46.928776,131884700
2007-11-07,46.533982,46.842951,45.752980,45.787308,197908200
2007-11-08,45.607097,45.770165,43.598805,44.396973,380626400
2007-11-09,43.538719,43.873433,42.912201,42.912201,309414900
2007-11-12,42.843552,43.118193,41.753585,41.822243,283216000
2007-11-13,42.388678,43.590221,42.354348,43.547310,255625900
2007-11-14,44.105161,44.148073,42.826380,42.989445,263284100
2007-11-15,42.912182,43.375635,42.371488,42.757698,251548800
2007-11-16,43.049535,43.332757,42.345775,43.152523,263623700
2007-11-19,43.049519,43.298411,42.405836,42.654728,198651100
2007-11-20,42.877859,43.581619,41.993869,42.826366,300763600
2007-11-21,42.440172,43.058106,41.925224,42.320019,212225400
2007-11-23,42.594645,42.886448,42.371500,42.774876,46463300
2007-11-26,42.886452,43.229748,41.968131,42.036789,150352100
2007-11-27,42.397262,42.955118,42.139786,42.877876,211369300
2007-11-28,43.452912,44.371234,43.427163,44.182419,216868100
2007-11-29,44.010755,44.534285,43.942098,44.371220,172087300
2007-11-30,44.808917,44.843247,43.727531,44.036499,171417400
2007-12-03,43.847673,44.225299,43.615947,43.667442,108625700
2007-12-04,43.332747,43.718955,43.238340,43.487228,113374100
2007-12-05,43.942085,44.628680,43.907755,44.268219,137614200
2007-12-06,44.311144,44.946243,44.293979,44.903332,99724500
2007-12-07,44.877584,45.092145,44.697354,44.911915,88992300
2007-12-10,45.023468,45.220863,44.903314,45.092129,75657900
2007-12-11,45.160787,45.349602,43.950663,44.045071,167064300
2007-12-12,44.843248,44.997733,43.676036,44.439873,162975200
2007-12-13,44.053685,44.311158,43.753297,44.199585,153476200
2007-12-14,43.847694,44.285397,43.701790,43.744705,128396700
2007-12-17,43.581633,43.761867,42.663312,42.680477,134377000
2007-12-18,43.118163,43.143909,42.208424,42.817776,154251700
2007-12-19,42.817781,43.083838,42.577474,42.809200,137970900
2007-12-20,43.444313,43.736116,43.083852,43.684624,167341700
2007-12-21,44.400281,44.589293,44.228453,44.546333,107573500
2007-12-24,44.683800,45.018867,44.632254,44.881405,34499800
2007-12-26,44.786909,45.216479,44.675220,45.104790,58492100
2007-12-27,44.958736,45.104788,44.426068,44.563530,65778900
2007-12-28,44.709573,44.812668,44.185498,44.520561,67545400
2007-12-31,44.305794,44.400300,43.996503,44.005096,70135600
2008-01-02,44.048041,44.219869,43.068623,43.309181,152344100
2008-01-03,43.309168,43.609865,43.085793,43.489586,114103700
2008-01-04,42.793715,42.810898,41.419090,41.582329,212617600
2008-01-07,41.582306,41.754131,40.748940,41.384701,235083600
2008-01-08,41.470626,41.891603,40.310787,40.310787,261669800
2008-01-09,40.474010,41.204277,39.915569,41.169910,254011800
2008-01-10,40.748938,41.590893,40.628659,41.230057,249958500
2008-01-11,41.006681,41.041047,40.121769,40.422466,211685200
2008-01-14,40.972323,41.247247,40.645853,41.126968,168048500
2008-01-15,40.697398,40.826270,39.821076,39.992905,241094900
2008-01-16,39.683622,40.302203,39.056451,39.563343,265625900
2008-01-17,39.726583,40.018691,38.833078,39.013496,254098800
2008-01-18,39.211076,39.640646,38.644045,38.961926,273063300
2008-01-22,36.796902,38.463629,36.710986,37.956738,325732000
2008-01-23,36.547764,37.930978,35.748765,37.810696,390129000
2008-01-24,37.965331,38.601095,37.853645,38.583912,250249100
2008-01-25,39.408677,39.408677,37.750539,37.793499,199299100
2008-01-28,37.819287,38.180123,37.432674,38.085621,163711200
2008-01-29,38.283199,38.386295,37.836447,38.154327,138520000
2008-01-30,38.016877,38.936154,37.956737,38.119972,220824400
2008-01-31,37.690410,39.168129,37.647454,38.772926,246824100
2008-02-01,39.090799,39.417272,38.558134,39.168121,161920300
2008-02-04,39.159544,39.185318,38.609693,38.618286,100209900
2008-02-05,37.948151,38.317581,37.492808,37.518581,188990400
2008-02-06,37.733369,37.948154,36.745362,36.779728,178285000
2008-02-07,36.367348,37.621690,36.212703,37.037476,286254800
2008-02-08,37.114801,37.604509,36.891423,37.458454,173781300
2008-02-11,37.604514,37.991127,37.406912,37.862255,119562300
2008-02-12,38.094213,38.386321,37.381127,37.647461,145412400
2008-02-13,38.137177,38.558156,37.939575,38.472240,148685900
2008-02-14,38.532380,38.532380,37.707608,37.776340,170868900
2008-02-15,37.570138,37.784923,37.329581,37.647461,100053300
2008-02-19,38.145759,38.231672,37.174931,37.578728,110507600
2008-02-20,37.166320,37.879406,37.149140,37.750534,137338800
2008-02-21,38.111382,38.205888,37.235060,37.389706,127857000
2008-02-22,37.518575,37.535758,36.599297,37.527168,157364700
2008-02-25,37.484222,37.862242,37.235071,37.716190,121444300
2008-02-26,37.501418,38.214502,37.260857,37.862255,148375900
2008-02-27,37.604506,38.197310,37.518590,38.051258,125682600
2008-02-28,37.905190,38.257436,37.759138,37.905190,129196700
2008-02-29,37.501399,37.604495,36.814086,36.900002,188724500
2008-03-03,36.874212,36.934355,36.290001,36.659428,132963800
2008-03-04,36.427483,36.977331,36.101010,36.865643,183851000
2008-03-05,36.934365,37.406891,36.728171,37.046051,183208300
2008-03-06,37.020279,37.174924,36.169730,36.229870,152752200
2008-03-07,36.015102,36.633683,35.551170,36.143974,242552400
2008-03-10,36.092413,36.204102,35.370736,35.448059,146801900
2008-03-11,35.963562,36.814108,35.662862,36.796928,196755300
2008-03-12,36.942960,37.320980,36.599304,36.693810,155566100
2008-03-13,36.281422,37.226476,35.920585,36.977325,208967900
2008-03-14,37.226466,37.269423,35.860436,36.298595,309589800
2008-03-17,35.473835,36.092412,35.267640,35.637070,193130600
2008-03-18,36.290006,37.235057,36.178317,37.226467,216300400
2008-03-19,37.381125,37.458447,36.281428,36.307201,216157200
2008-03-20,36.412983,37.057841,36.198030,37.049244,128397000
2008-03-24,37.212578,38.485097,37.212578,38.330334,125018000
2008-03-25,38.433500,38.751629,38.072379,38.545277,118107500
2008-03-26,38.407725,38.562491,38.072399,38.433521,124824600
2008-03-27,38.209948,38.270134,37.582287,37.582287,143868600
2008-03-28,37.848826,38.123964,37.255558,37.393127,111822300
2008-03-31,37.530714,37.848843,37.358751,37.590900,113644800
2008-04-01,38.192748,39.215923,38.184151,39.198727,137494400
2008-04-02,39.293314,39.568453,38.837613,39.112755,132486800
2008-04-03,38.940784,39.473866,38.811812,39.198727,140033800
2008-04-04,39.353498,39.852187,39.035370,39.430882,139261000
2008-04-07,39.671642,39.903791,39.250337,39.344913,102297100
2008-04-08,39.043987,39.310530,38.846231,39.043987,97435200
2008-04-09,39.095568,39.112764,38.373327,38.605476,127182300
2008-04-10,38.631273,39.413700,38.631273,39.155758,112773800
2008-04-11,38.708641,38.777424,37.934811,38.072380,120135400
2008-04-14,38.012194,38.244343,37.788645,37.900421,89274600
2008-04-15,38.037990,38.132567,37.556496,37.952007,124232300
2008-04-16,38.424900,39.104151,38.390510,39.009571,134027900
2008-04-17,39.052569,39.095562,38.674254,38.923599,124953100
2008-04-18,39.955375,40.350887,39.740423,40.161728,133022500
2008-04-21,40.084332,40.479847,39.972559,40.445454,83303200
2008-04-22,40.196119,40.213316,39.491075,39.843597,104689600
2008-04-23,40.135950,40.462679,39.783428,40.282116,131086200
2008-04-24,40.299305,41.090332,39.886597,40.643230,166509000
2008-04-25,40.686220,40.712014,40.041363,40.540054,121945400
2008-04-28,40.634614,40.944146,40.522841,40.617420,71244000
2008-04-29,40.540044,41.064526,40.462661,40.926956,91270600
2008-04-30,41.012930,41.322462,40.436855,40.591621,132152700
2008-05-01,40.608839,41.889957,40.600242,41.872761,143596900
2008-05-02,42.268248,42.294041,41.563204,41.932922,124990000
2008-05-05,41.932938,42.156487,41.614809,41.812565,75624700
2008-05-06,41.692199,42.242477,41.391264,42.070515,139582600
2008-05-07,42.079090,42.328436,41.159094,41.305264,140008300
2008-05-08,41.477257,41.872769,41.322491,41.614826,128058700
2008-05-09,41.305280,41.666399,41.184907,41.451447,97062000
2008-05-12,41.511625,42.294052,41.442842,42.208073,89606500
2008-05-13,42.225264,42.414423,41.924328,42.319843,85448100
2008-05-14,42.483204,42.930305,42.165075,42.225262,143598200
2008-05-15,42.233851,43.007681,42.113478,42.964691,157248900
2008-05-16,43.050701,43.085094,42.517620,42.999111,146563200
2008-05-19,43.033505,43.394627,42.423040,42.689583,140048700
2008-05-20,42.534809,42.534809,42.036118,42.362846,137163700
2008-05-21,42.414431,42.646576,41.288078,41.425648,192806700
2008-05-22,41.528826,41.864151,41.365463,41.571815,153198200
2008-05-23,41.425648,41.571814,41.116116,41.442844,121698400
2008-05-27,41.528822,42.225269,41.520225,42.173679,106984300
2008-05-28,42.371439,42.440226,41.915741,42.345646,121363000
2008-05-29,42.371469,42.964741,42.345676,42.723991,143993000
2008-05-30,42.887338,43.196870,42.775562,42.999111,94153600
2008-06-02,42.921708,42.921708,42.096291,42.474609,144359900
2008-06-03,42.637978,42.904520,41.846951,42.242466,167606900
2008-06-04,42.113506,43.076492,42.079113,42.784157,174870800
2008-06-05,42.895920,43.514984,42.732557,43.463394,126653700
2008-06-06,43.085079,43.171059,42.147886,42.156483,189136000
2008-06-09,42.242454,42.294041,41.227879,41.932922,208897300
2008-06-10,41.503031,42.079102,41.408451,41.735180,162798500
2008-06-11,41.649195,41.717981,40.712002,40.729198,170366900
2008-06-12,41.021543,41.365469,40.411079,40.772198,189913200
2008-06-13,41.021541,41.674999,40.806589,41.589016,167855000
2008-06-16,41.374058,42.147888,41.331068,41.958729,136343900
2008-06-17,42.087702,42.182282,41.674993,41.735180,122932000
2008-06-18,41.494427,41.657793,41.124712,41.288074,169338100
2008-06-19,41.210682,42.139275,40.935543,41.932922,221304200
2008-06-20,41.583620,41.600826,40.619959,40.800644,197434200
2008-06-23,40.964100,41.075954,40.422041,40.482269,131488800
2008-06-24,40.293000,40.757619,39.931626,40.275791,178293800
2008-06-25,40.447864,41.299672,40.387636,40.929695,179023400
2008-06-26,40.172538,40.181144,39.269108,39.277714,190028300
2008-06-27,39.234691,39.492816,38.692635,39.277714,181351800
2008-06-30,39.157251,39.432585,38.847506,38.864712,132912400
2008-07-01,38.554984,39.458414,38.443129,39.415394,245494300
2008-07-02,39.535843,39.690717,38.408705,38.468933,199576400
2008-07-03,38.701231,38.787274,38.098944,38.400089,123118300
2008-07-07,38.752854,39.114224,38.064526,38.632397,181011300
2008-07-08,38.675395,39.587427,38.520521,39.553013,206151200
2008-07-09,39.544449,39.604677,38.486145,38.503353,168500300
2008-07-10,38.563570,39.079815,38.184991,38.959358,238811500
2008-07-11,38.554969,38.950757,37.728973,38.339867,265514700
2008-07-14,38.838904,38.873321,37.918266,38.055931,177389800
2008-07-15,37.866640,38.658219,37.255750,38.064537,283891100
2008-07-16,38.167789,39.045407,37.789206,39.010990,186047800
2008-07-17,39.243293,39.423978,38.701234,39.269104,197555100
2008-07-18,38.838902,38.864713,38.365677,38.365677,160661000
2008-07-21,38.718447,38.881924,38.279639,38.529156,128107800
2008-07-22,37.883848,38.554970,37.737580,38.529156,152524500
2008-07-23,38.589391,39.484218,38.477540,39.036804,169259100
2008-07-24,39.217477,39.243288,38.417296,38.451710,145561000
2008-07-25,38.701233,39.131438,38.511941,38.950752,111616700
2008-07-28,38.942147,39.165855,38.038717,38.219402,124028500
2008-07-29,38.382891,39.183073,38.348474,39.010990,142290900
2008-07-30,39.122842,39.423984,38.615200,39.208881,165679900
2008-07-31,38.821695,39.707920,38.735656,39.114235,180473100
2008-08-01,39.157256,39.191673,38.202204,38.615200,180350400
2008-08-04,38.606587,38.649607,38.116154,38.228008,116298000
2008-08-05,38.623808,39.553052,38.580788,39.518635,151657400
2008-08-06,39.535839,40.275792,39.217488,40.120918,133463700
2008-08-07,39.879988,40.310193,39.647681,39.811157,152805800
2008-08-08,39.785355,40.817844,39.707918,40.714596,143121500
2008-08-11,40.697383,41.540584,40.559718,41.084568,157290100
2008-08-12,41.075971,41.437342,40.878074,41.127594,140549300
2008-08-13,41.058762,41.402924,40.654368,41.041553,169652100
2008-08-14,40.903888,41.695463,40.860868,41.514778,158069200
2008-08-15,41.583626,41.790123,41.265272,41.437355,123115900
2008-08-18,41.557789,41.566395,40.662962,40.955502,151399100
2008-08-19,40.749006,40.946900,40.224156,40.447861,155410600
2008-08-20,40.731803,40.921094,40.215559,40.516701,155466700
2008-08-21,40.215568,40.508108,39.905820,40.327419,118916200
2008-08-22,40.542516,41.024347,40.508102,40.860870,96515500
2008-08-25,40.576927,40.619947,39.897202,40.000454,128076500
2008-08-26,40.026263,40.241365,39.682098,39.948826,107225500
2008-08-27,39.966041,40.516703,39.828376,40.206955,108489900
2008-08-28,40.370421,40.680169,40.292988,40.533901,112808600
2008-08-29,40.103697,40.542504,39.510012,39.682095,133184300
2008-09-02,40.327418,40.508107,39.010992,39.191677,162277500
2008-09-03,39.105615,39.269092,38.537745,38.821678,161682900
2008-09-04,38.597987,38.641007,37.565495,37.565495,219004700
2008-09-05,37.238548,37.668753,36.834157,37.384819,247977500
2008-09-08,37.875231,38.047314,36.722282,37.315964,311065100
2008-09-09,37.298770,37.677352,36.438360,36.524403,214180600
2008-09-10,36.877180,37.152511,36.524412,36.825554,160658100
2008-09-11,36.309302,37.591311,36.283488,37.513874,203398200
2008-09-12,37.195517,37.608513,36.911583,37.367599,172094300
2008-09-15,36.481374,37.247138,36.163020,36.206043,616772300
2008-09-16,35.689809,36.859967,35.646789,36.489990,349506500
2008-09-17,36.025357,36.498581,34.579868,34.597076,340088000
2008-09-18,35.362845,36.111404,33.986190,35.767239,423934000
2008-09-19,37.685526,37.737187,36.247672,36.936466,263394000
2008-09-22,36.798695,36.884793,35.128373,35.197254,164698200
2008-09-23,35.472795,35.946339,34.818441,34.930370,184011200
2008-09-24,35.136992,35.524434,34.887304,35.171429,159270800
2008-09-25,35.498611,36.178794,35.326413,35.731079,148586800
2008-09-26,34.706506,35.722474,34.629017,35.369469,182678600
2008-09-29,34.663435,34.766756,32.011589,32.562622,307954400
2008-09-30,32.476530,33.836892,32.373209,33.501106,195436700
2008-10-01,33.440854,33.552783,32.743451,33.148117,174033300
2008-10-02,32.932871,32.932871,31.546677,31.641386,192124000
2008-10-03,32.080471,32.872583,31.081724,31.150604,272116100
2008-10-06,30.358493,30.590961,28.335169,30.014099,394046600
2008-10-07,30.255179,30.306840,27.784140,28.111317,329365700
2008-10-08,27.508623,29.376969,27.413913,27.887457,452066500
2008-10-09,28.541809,28.998133,26.664850,27.138395,352433900
2008-10-10,26.277409,27.964948,25.295879,26.966200,472339100
2008-10-13,28.292123,30.349888,27.896069,30.246571,276998700
2008-10-14,31.124781,31.124781,28.576249,28.937866,341595900
2008-10-15,28.610695,28.714013,26.294634,26.346292,312088500
2008-10-16,26.527107,27.784153,25.183962,27.775541,494783500
2008-10-17,27.267546,28.972307,27.043689,27.809969,326571300
2008-10-20,28.206035,28.636531,27.293388,28.584873,232783400
2008-10-21,28.119920,28.636513,27.103952,27.103952,239932400
2008-10-22,27.009247,27.207274,25.580003,26.354895,289993600
2008-10-23,26.251577,26.768172,24.882604,26.251577,377966900
2008-10-24,24.305746,26.044946,24.185208,25.407814,322129500
2008-10-27,25.115076,26.001896,24.675971,24.701801,239302300
2008-10-28,25.554188,27.448365,24.839566,27.431147,327239500
2008-10-29,27.474181,28.481541,26.905928,27.362253,341316000
2008-10-30,28.128527,28.464315,27.534445,28.274897,255292100
2008-10-31,27.870238,28.782888,27.629162,28.317953,224261000
2008-11-03,28.249080,28.662355,27.990780,28.257689,128455500
2008-11-04,28.808723,29.282267,28.395448,29.058411,182487600
2008-11-05,28.868988,28.929257,27.482795,27.543064,183893900
2008-11-06,27.112563,27.439740,26.174084,26.311842,220677200
2008-11-07,26.621805,27.103959,26.337679,26.854273,176946200
2008-11-10,27.525845,27.525845,26.174092,26.492659,142584500
2008-11-11,26.242976,26.484053,25.588623,25.915800,162869800
2008-11-12,25.528350,25.657498,24.667360,24.719019,184946400
2008-11-13,24.632925,26.286026,23.487809,26.225756,317943900
2008-11-14,25.640268,26.191300,24.856767,24.951475,259407000
2008-11-17,24.529603,25.166735,24.331575,24.426285,202835200
2008-11-18,24.589865,24.753453,23.582507,24.400448,252661800
2008-11-19,24.452118,24.779295,23.065925,23.126194,244180600
2008-11-20,22.842062,23.634173,21.929412,22.006901,342472400
2008-11-21,22.394348,22.971211,21.567796,22.962601,282746800
2008-11-24,23.436140,24.658745,23.229503,24.366009,225058200
2008-11-25,24.632923,24.658752,23.694444,24.254087,202968700
2008-11-26,24.004394,25.278660,23.944125,25.270050,164912000
2008-11-28,24.985915,25.132283,24.822326,25.072014,41238200
2008-12-01,24.538204,24.546815,23.152011,23.186451,149161500
2008-12-02,23.505024,24.013008,23.108970,23.961349,181743000
2008-12-03,23.358653,24.719017,23.306994,24.641529,230944900
2008-12-04,24.254091,24.779295,23.522249,23.944134,188868700
2008-12-05,23.677223,25.028977,23.203680,24.917049,212283700
2008-12-08,25.476690,26.225750,25.347542,25.898575,185782500
2008-12-09,25.554169,26.544306,25.459459,25.838295,178148300
2008-12-10,25.915782,26.225737,25.502507,25.752193,162335100
2008-12-11,25.666114,26.062170,24.917054,25.046202,167161400
2008-12-12,24.701806,25.709164,24.512387,25.554186,158600100
2008-12-15,25.597230,25.623061,24.744850,25.106466,107887000
2008-12-16,25.330314,26.397941,25.054798,26.311842,169300100
2008-12-17,26.044939,26.346286,25.674713,25.993280,159813500
2008-12-18,25.993282,26.174089,25.278661,25.536957,142656400
2008-12-19,25.806843,26.186229,25.574038,25.746487,118308900
2008-12-22,25.746485,25.798219,24.780775,25.186028,95379600
2008-12-23,25.289492,25.539542,24.910106,25.056686,68764800
2008-12-24,25.177405,25.186026,24.987711,25.125669,27194700
2008-12-26,25.177408,25.203274,24.979092,25.117050,20937000
2008-12-29,25.186021,25.211889,24.539341,24.910105,52688300
2008-12-30,24.979089,25.513678,24.953223,25.427454,77089500
2008-12-31,25.401585,25.936175,25.392964,25.643013,89189700
2009-01-02,25.651640,26.841531,25.599906,26.755308,107891500
2009-01-05,26.582861,27.013981,26.375923,26.746687,91751900
2009-01-06,26.945002,27.272652,26.824289,27.013981,136791700
2009-01-07,26.496635,26.643215,26.031026,26.246586,133879800
2009-01-08,26.194839,26.556980,25.936168,26.522491,131926600
2009-01-09,26.531120,26.548365,25.798216,25.927551,117137900
2009-01-12,25.962037,25.996526,25.177399,25.453316,102726200
2009-01-13,25.444697,25.849950,25.160158,25.461943,186266700
2009-01-14,25.168784,25.246386,24.547970,24.685928,136294000
2009-01-15,24.634197,25.298122,24.203077,25.091185,192567200
2009-01-16,25.436075,25.522299,24.746284,25.367096,175478100
2009-01-20,25.263626,25.375718,24.108225,24.108225,135105800
2009-01-21,24.513484,25.168787,24.228945,25.134296,149179600
2009-01-22,24.591073,25.203262,24.366890,24.798010,200602700
2009-01-23,24.392766,25.306740,24.263429,24.918732,170164100
2009-01-26,24.953227,25.513683,24.789401,25.099808,140398700
2009-01-27,25.108427,25.496434,25.108427,25.280874,110591300
2009-01-28,25.703367,26.427649,25.703367,26.168978,139722800
2009-01-29,25.849952,26.212093,25.418832,25.505056,130731800
2009-01-30,25.694744,25.806836,24.953219,25.056686,140334200
2009-02-02,24.815268,25.530927,24.780778,25.358479,126796100
2009-02-03,25.410211,26.237962,25.030826,25.755108,120541100
2009-02-04,25.815455,26.617338,25.686119,25.789587,175780900
2009-02-05,25.418828,26.531118,25.401583,26.358669,217578900
2009-02-06,26.453522,27.169181,26.367297,27.048468,164513200
2009-02-09,27.065717,27.307145,26.893270,27.160564,98856900
2009-02-10,26.988110,27.315762,25.953423,26.160360,232795200
2009-02-11,26.194850,26.324187,25.634394,26.039648,169117200
2009-02-12,25.737857,26.393160,25.556786,26.358669,201151400
2009-02-13,26.281076,26.539749,26.117252,26.237965,145066700
2009-02-17,25.427456,25.582659,25.056692,25.194651,157783300
2009-02-18,25.358474,25.582656,24.892865,25.211893,161271900
2009-02-19,25.367099,25.530925,24.763531,24.823889,155322400
2009-02-20,24.547969,25.134292,24.478990,24.892866,210752400
2009-02-23,25.030818,25.048061,23.909905,24.021997,169473500
2009-02-24,24.151346,24.987718,24.108233,24.815271,181337300
2009-02-25,24.668679,25.151533,24.263425,24.651434,220224700
2009-02-26,24.815262,24.961843,23.884043,23.961645,211218500
2009-02-27,23.711605,24.125480,23.616758,23.737473,204492600
2009-03-02,23.383935,23.720207,22.823478,22.970058,188180400
2009-03-03,23.159765,23.418436,22.780379,22.952827,158758800
2009-03-04,23.289099,23.892666,23.211498,23.565016,164911000
2009-03-05,23.306342,23.487412,22.780375,22.857977,199626900
2009-03-06,22.978699,23.116657,22.168192,22.676914,218421600
2009-03-09,22.495836,23.116648,22.099205,22.194052,181098800
2009-03-10,22.633797,23.616750,22.556195,23.565016,175068200
2009-03-11,23.806447,24.134098,23.504663,23.927160,173094900
2009-03-12,23.909915,24.798023,23.659866,24.720421,184395100
2009-03-13,24.711790,24.866994,24.418629,24.780769,156783500
2009-03-16,24.944596,24.987708,24.306539,24.366896,190269800
2009-03-17,24.487610,25.289494,24.401386,25.289494,169773800
2009-03-18,25.186027,26.039646,25.073937,25.608526,208033900
2009-03-19,25.962049,25.979293,25.401592,25.591286,146753400
2009-03-20,25.642237,25.935883,25.029033,25.201767,149410800
2009-03-23,25.823609,26.721822,25.219044,26.687275,179499000
2009-03-24,26.462715,26.669994,26.177705,26.194979,118757600
2009-03-25,26.419524,26.816809,25.616315,26.315884,190555200
2009-03-26,26.600910,27.170929,26.272718,27.127747,182459500
2009-03-27,26.773638,26.929098,26.523174,26.618177,156108100
2009-03-30,26.169075,26.186349,25.581784,25.961796,162919700
2009-03-31,26.160431,26.730451,26.143158,26.186340,150243800
2009-04-01,25.858151,26.669995,25.728601,26.574993,137950000
2009-04-02,27.050002,27.870485,26.972272,27.430016,212272400
2009-04-03,27.715026,27.982763,27.490472,27.939577,134577300
2009-04-06,27.628670,27.922318,27.335023,27.870497,160413700
2009-04-07,27.568214,27.568214,26.955010,27.136381,147531200
2009-04-08,27.404114,27.766856,27.196835,27.594122,126126000
2009-04-09,28.112313,28.509599,28.008674,28.449142,131871500
2009-04-13,28.362779,28.561422,28.095042,28.405962,119310500
2009-04-14,28.233228,28.397326,27.870490,28.060497,124069000
2009-04-15,27.861861,28.008686,27.507759,27.982777,124808200
2009-04-16,28.371414,28.872342,28.077767,28.708246,171168000
2009-04-17,28.647778,28.932789,28.440500,28.768694,129835400
2009-04-20,28.250506,28.345510,27.689125,27.844585,123080500
2009-04-21,27.740945,28.276420,27.706401,28.233234,145490200
2009-04-22,28.069139,28.958714,27.974135,28.319603,165040500
2009-04-23,28.500984,28.621896,28.060515,28.595987,181666600
2009-04-24,28.794615,29.304178,28.561425,29.096897,141170000
2009-04-27,28.863711,29.416460,28.803255,29.131449,120749100
2009-04-28,28.950082,29.286912,28.811896,28.915535,108968000
2009-04-29,29.148716,29.710100,29.105533,29.312811,141413600
2009-04-30,29.701466,30.141938,29.399185,29.606462,144120400
2009-05-01,29.597825,29.831016,29.373271,29.684191,100112000
2009-05-04,29.951927,30.306030,29.813741,30.271482,119317400
2009-05-05,30.219676,30.280132,29.908755,30.245584,113569500
2009-05-06,30.478772,30.521955,29.761928,30.254217,178840500
2009-05-07,30.461490,30.461490,29.260995,29.546003,216484700
2009-05-08,29.770565,30.003755,29.261002,29.563284,183507300
2009-05-11,29.183260,29.986469,29.088256,29.666910,142775900
2009-05-12,29.727367,29.779188,28.950070,29.304173,147842200
2009-05-13,29.045080,29.062354,28.466423,28.518244,175548300
2009-05-14,28.587331,29.105533,28.570061,28.837795,140021700
2009-05-15,28.794629,29.209188,28.699625,28.820538,121326400
2009-05-18,29.019164,29.606457,28.837795,29.571913,114333400
2009-05-19,29.502821,30.003749,29.321452,29.710102,129086400
2009-05-20,29.822379,30.262850,29.520097,29.606462,131873700
2009-05-21,29.381899,29.589177,28.768697,29.062344,139253200
2009-05-22,29.174630,29.338728,28.777344,28.967352,83510600
2009-05-26,28.716886,30.081480,28.656430,30.046932,144857200
2009-05-27,29.960564,30.392397,29.736012,29.839651,121348800
2009-05-28,30.021023,30.288761,29.546007,30.185122,118931300
2009-05-29,30.202389,30.660131,30.021017,30.556492,111535700
2009-06-01,30.884679,31.523793,30.755131,31.428789,119126200
2009-06-02,31.256070,31.774272,31.186979,31.471987,126858600
2009-06-03,31.376987,31.411532,31.031520,31.376987,93329800
2009-06-04,31.446047,31.774241,31.385591,31.731058,89280600
2009-06-05,31.921077,32.024720,31.454697,31.765617,121958800
2009-06-08,31.566991,31.912458,31.195614,31.670630,89194100
2009-06-09,31.817441,32.102449,31.670616,31.912445,109187800
2009-06-10,32.093819,32.102455,31.342431,31.800173,133404700
2009-06-11,31.756990,32.154276,31.739716,31.800173,147909800
2009-06-12,31.670617,31.713803,31.264697,31.653347,109452500
2009-06-15,31.351080,31.376992,30.729242,31.005615,112152900
2009-06-16,31.126513,31.256061,30.677407,30.703316,110550300
2009-06-17,30.832868,31.273336,30.616952,30.996964,153421800
2009-06-18,30.945149,31.143791,30.720594,30.936510,126266700
2009-06-19,31.173442,31.441509,31.052380,31.268562,122044700
2009-06-22,30.983192,31.035073,30.282761,30.334646,137714900
2009-06-23,30.421135,30.490312,30.066597,30.265484,114903100
2009-06-24,30.524905,31.017800,30.507610,30.775677,103314600
2009-06-25,30.576793,31.441522,30.507614,31.380991,112538200
2009-06-26,31.233969,31.562567,31.173439,31.450151,87677300
2009-06-29,31.536622,31.778745,31.233965,31.519327,93817600
2009-06-30,31.605803,31.761455,31.225324,31.458801,97843000
2009-07-01,31.614440,31.856563,31.467435,31.476084,85976000
2009-07-02,31.208037,31.216683,30.697847,30.784319,113309800
2009-07-06,30.594075,30.732432,30.300068,30.620016,107632500
2009-07-07,30.628660,30.689194,29.841758,29.859053,149773000
2009-07-08,30.040654,30.153066,29.660171,30.014709,152776400
2009-07-09,30.127109,30.274111,29.962812,30.066578,97851500
2009-07-10,29.980119,30.386542,29.885001,30.196301,108482000
2009-07-13,30.222251,30.784323,29.815828,30.775677,127140300
2009-07-14,30.741064,30.948600,30.611357,30.888069,115631700
2009-07-15,31.406910,31.934394,31.251258,31.925745,160869700
2009-07-16,31.778759,32.375420,31.752818,32.306244,120142500
2009-07-17,32.297588,32.487829,32.141937,32.479183,104906500
2009-07-20,32.652114,32.859650,32.522407,32.790470,97168800
2009-07-21,32.920218,33.015339,32.548385,33.015339,130587600
2009-07-22,33.041258,33.456327,32.972082,33.292030,113808600
2009-07-23,33.257435,34.148107,33.196904,34.027042,160239300
2009-07-24,33.663846,34.044325,33.534136,33.767612,109312300
2009-07-27,34.009751,34.078927,33.611973,34.027042,94718600
2009-07-28,33.880031,34.234570,33.663850,33.793560,111564300
2009-07-29,34.001107,34.096228,33.724394,34.018402,126538200
2009-07-30,34.372929,34.744762,34.165393,34.217278,108969900
2009-07-31,34.217280,34.459403,34.078924,34.113514,78208300
2009-08-03,34.476709,34.641009,34.277822,34.623714,111722800
2009-08-04,34.459414,34.753422,34.390237,34.623714,100690800
2009-08-05,34.701533,34.710179,34.122163,34.355640,118093000
2009-08-06,34.433488,34.528609,33.931948,34.053009,116937500
2009-08-07,34.519938,34.649649,34.234580,34.485352,107442100
2009-08-10,34.364294,34.459411,34.018401,34.243229,87163200
2009-08-11,34.130803,34.156743,33.767615,33.949207,91922700
2009-08-12,33.923259,34.779341,33.897319,34.476685,147240000
2009-08-13,34.684238,34.727473,34.277814,34.666943,110107000
2009-08-14,34.476702,34.554527,33.966512,34.269169,124480200
2009-08-17,33.689796,33.733032,33.257432,33.274727,131797200
2009-08-18,33.482272,33.819516,33.387151,33.750336,84496200
2009-08-19,33.352567,34.070293,33.326626,33.983818,88036300
2009-08-20,33.966519,34.450768,33.897342,34.381588,81473500
2009-08-21,34.580468,34.900416,34.364286,34.839886,114660200
2009-08-24,34.900418,35.082011,34.675587,34.805298,109904900
2009-08-25,34.883121,35.246305,34.805295,34.909061,92900400
2009-08-26,34.831239,35.107951,34.658296,34.848534,96407500
2009-08-27,34.839885,34.995536,34.303751,34.935005,121957800
2009-08-28,35.367363,35.523014,34.727463,34.969585,114300900
2009-08-31,34.710183,34.762068,34.407530,34.615063,96415300
2009-09-01,34.493995,35.099306,33.862744,33.966511,162958900
2009-09-02,33.784942,34.130835,33.759002,33.940594,92757200
2009-09-03,34.104871,34.217286,33.741687,34.165401,76783100
2009-09-04,34.225949,34.917731,34.174064,34.900436,74866600
2009-09-08,35.177134,35.263606,34.986893,35.229019,71024400
2009-09-09,35.254953,35.704612,35.099302,35.531666,99280800
2009-09-10,35.548967,35.912151,35.453847,35.868916,99289100
2009-09-11,35.894847,35.989967,35.644078,35.903496,93868400
2009-09-14,35.670041,36.067815,35.635451,36.041874,90435600
2009-09-15,36.015914,36.275332,35.946734,36.154270,91594600
2009-09-16,36.318571,36.733640,36.180215,36.681755,96888500
2009-09-17,36.586647,36.889301,36.500172,36.673119,102169600
2009-09-18,36.821139,36.890383,36.535501,36.734581,87444200
2009-09-21,36.526834,36.959616,36.492210,36.847092,71351400
2009-09-22,37.054830,37.072142,36.734569,36.916340,75638400
2009-09-23,37.072141,37.366429,36.682636,36.743225,143924100
2009-09-24,36.890359,36.950948,36.154630,36.414299,111016400
2009-09-25,36.145991,36.431629,35.990192,36.094059,109216000
2009-09-28,36.293132,36.924994,36.258509,36.708603,84478500
2009-09-29,36.708596,36.890364,36.379680,36.544140,106686400
2009-09-30,36.691300,36.873068,36.007503,36.570122,173102700
2009-10-01,36.440275,36.466244,35.488155,35.488155,140119100
2009-10-02,35.245787,35.704535,35.245787,35.384277,145286400
2009-10-05,35.566066,35.834393,35.341021,35.669933,97054200
2009-10-06,35.869002,36.474898,35.851690,36.301785,124628000
2009-10-07,36.258511,36.422970,36.154644,36.405659,93787600
2009-10-08,36.622044,36.890367,36.474896,36.561455,107850400
2009-10-09,36.483561,36.829785,36.405660,36.769196,62828000
2009-10-12,36.916338,37.106760,36.596077,36.847092,53221900
2009-10-13,36.812474,37.002899,36.673984,36.855755,70939300
2009-10-14,37.314507,37.401062,37.089458,37.357784,91004900
2009-10-15,37.158697,37.323153,37.106762,37.271221,85772800
2009-10-16,37.132725,37.210625,36.769186,37.028854,111859300
2009-10-19,37.054842,37.453001,36.864416,37.401066,83512000
2009-10-20,37.617440,37.617440,37.167346,37.409706,89847900
2009-10-21,37.401051,37.929046,37.271218,37.340462,110397400
2009-10-22,37.271230,37.643423,37.037527,37.487621,85871800
2009-10-23,37.851140,37.851140,37.236590,37.331802,117020400
2009-10-26,37.392389,37.877103,37.037507,37.210621,107068600
2009-10-27,37.158701,37.314503,36.509528,36.648018,121438200
2009-10-28,36.518173,36.630697,35.747821,35.825722,143553600
2009-10-29,36.033470,36.518184,35.955569,36.431629,85207600
2009-10-30,36.405653,36.483553,35.418906,35.453529,162796500
2009-11-02,35.488168,35.981540,35.176564,35.600693,142456600
2009-11-03,35.410242,35.765123,35.349653,35.713188,95107000
2009-11-04,35.946895,36.241187,35.730504,35.773785,107970600
2009-11-05,36.189267,36.699951,36.163298,36.656670,135204800
2009-11-06,36.457588,36.916339,36.422968,36.873058,96312300
2009-11-09,37.158684,37.669367,37.115406,37.660709,101620800
2009-11-10,37.617457,37.885783,37.565525,37.755947,72846500
2009-11-11,38.041580,38.206036,37.747288,37.998302,84676200
2009-11-12,38.024267,38.223347,37.695351,37.781910,92426100
2009-11-13,37.894415,38.206019,37.764582,38.093494,87959500
2009-11-16,38.257968,38.647473,38.188721,38.483013,87776100
2009-11-17,38.379130,38.604176,38.301229,38.604176,81884000
2009-11-18,38.482999,38.508969,38.128118,38.387787,100240800
2009-11-19,38.128131,38.154101,37.522235,37.790562,114558000
2009-11-20,37.591470,37.695337,37.461634,37.600124,70912100
2009-11-23,37.989644,38.431084,37.963678,38.206036,91621500
2009-11-24,38.188712,38.214681,37.851142,38.076191,60670000
2009-11-25,38.206019,38.275266,38.093495,38.240643,37630100
2009-11-27,37.193307,37.937693,37.132718,37.660709,61230000
2009-11-30,37.574166,37.755934,37.314498,37.704002,84819400
2009-12-01,37.989628,38.344509,37.980973,38.093494,81817800
2009-12-02,38.223340,38.508978,38.067538,38.145439,81653600
2009-12-03,38.283935,38.517638,37.980989,37.989643,72460400
2009-12-04,38.474351,38.716708,37.790554,38.188713,125062600
2009-12-07,38.162760,38.335874,37.929057,38.006958,67471900
2009-12-08,37.790562,38.084854,37.530893,37.773251,86621400
2009-12-09,37.738624,38.188719,37.496267,38.154099,78820500
2009-12-10,38.318543,38.552246,38.292577,38.344509,76722400
2009-12-11,38.552250,38.595528,38.041567,38.197369,66643700
2009-12-14,38.457039,38.604183,38.249302,38.560905,47965500
2009-12-15,38.439722,38.664767,38.231985,38.344509,61171100
2009-12-16,38.491667,38.690746,38.335865,38.396454,61629700
2009-12-17,38.223327,38.266605,37.877100,37.929035,90440900
2009-12-18,38.287116,38.564559,38.148395,38.547218,96442600
2009-12-21,38.746654,39.128141,38.729314,38.980747,82357400
2009-12-22,39.110769,39.266831,39.041407,39.214809,51569100
2009-12-23,39.292870,39.509622,39.197498,39.500954,73932200
2009-12-24,39.544282,39.865074,39.535610,39.865074,31770400
2009-12-28,39.960442,40.142513,39.830390,40.073154,49381400
2009-12-29,40.081838,40.099179,39.873758,39.908436,32410200
2009-12-30,39.865074,40.107835,39.847733,40.029804,57612700
2009-12-31,40.107826,40.125167,39.665653,39.665653,50079200
2010-01-04,40.168543,40.307264,40.116521,40.246571,62822800
2010-01-05,40.220561,40.315933,40.021150,40.246571,62935600
2010-01-06,40.229227,40.359277,39.943113,40.003803,96033000
2010-01-07,40.064485,40.116507,39.813052,40.029804,77094100
2010-01-08,39.943097,40.359261,39.821716,40.359261,88886600
2010-01-11,40.411283,40.437292,39.986447,40.194530,104673400
2010-01-12,39.951786,40.003805,39.474929,39.691681,90673900
2010-01-13,39.813049,40.307248,39.544279,40.185863,100661000
2010-01-14,40.107838,40.333263,40.073161,40.220551,75209000
2010-01-15,40.289917,40.359276,39.578970,39.752369,126849300
2010-01-19,39.847727,40.437294,39.839059,40.393944,84388200
2010-01-20,40.107844,40.402627,39.388228,39.813061,145680000
2010-01-21,39.925754,40.185856,39.275498,39.440231,204939600
2010-01-22,39.310184,39.431565,38.183073,38.287113,171098700
2010-01-25,38.521215,38.668605,38.252441,38.417175,154218700
2010-01-26,38.373812,38.920029,38.191741,38.451843,140816500
2010-01-27,38.382507,38.885371,38.157083,38.755322,161632700
2010-01-28,38.495219,38.521228,37.558847,37.758259,221439800
2010-01-29,38.070377,38.165748,36.960606,37.099327,212099600
2010-02-01,37.194681,37.524142,37.177341,37.506802,136827100
2010-02-02,37.567509,37.957660,37.307404,37.844952,110727700
2010-02-03,37.662873,38.122390,37.645533,38.053028,93581600
2010-02-04,37.775583,37.853614,36.951923,36.951923,151652500
2010-02-05,37.047297,37.298731,36.518421,37.264050,213618600
2010-02-08,37.203361,37.437454,36.969268,36.995277,94354400
2010-02-09,37.437441,37.723552,37.073296,37.376751,118956000
2010-02-10,37.376760,37.550162,37.064636,37.298729,94102900
2010-02-11,37.307400,37.966329,37.073307,37.862286,93050800
2010-02-12,37.524151,38.044359,37.420111,37.940315,93938500
2010-02-16,38.217762,38.451851,38.018347,38.425842,83861400
2010-02-17,38.599244,38.642593,38.373819,38.642593,82691700
2010-02-18,38.616579,38.954712,38.538548,38.885349,65752600
2010-02-19,38.781312,39.058755,38.685941,38.868015,80416500
2010-02-22,39.024083,39.041423,38.633931,38.789993,72055000
2010-02-23,38.763967,38.789980,38.105042,38.287113,95814400
2010-02-24,38.486522,38.833327,38.425832,38.677265,86591000
2010-02-25,38.269779,38.755305,38.001008,38.668602,97961300
2010-02-26,38.659941,38.894034,38.495211,38.807331,66222400
2010-03-01,38.980725,39.440242,38.972057,39.370880,77290100
2010-03-02,39.509616,39.752377,39.405576,39.492275,76368500
2010-03-03,39.587651,39.726372,39.388239,39.535629,65735500
2010-03-04,39.561613,39.717675,39.362201,39.665653,54470900
2010-03-05,39.960445,40.350600,39.873746,40.263897,68136300
2010-03-08,40.281244,40.437306,40.263903,40.341934,58712400
2010-03-09,40.255240,40.792785,40.229231,40.567364,98002800
2010-03-10,40.593372,40.992195,40.576031,40.896824,102578900
2010-03-11,40.801457,41.052887,40.732094,41.052887,67510300
2010-03-12,41.182919,41.208929,40.836115,41.061539,64068300
2010-03-15,40.974845,41.078889,40.671394,40.957508,60150500
2010-03-16,41.087568,41.278311,40.948847,41.217621,74950600
2010-03-17,41.278315,41.529749,41.208953,41.330334,75643500
2010-03-18,41.365012,41.512405,41.269640,41.469055,77829400
2010-03-19,41.591436,41.617477,41.070677,41.218227,86337100
2010-03-22,41.053301,41.756329,41.009905,41.591419,71902800
2010-03-23,41.652188,41.921246,41.461241,41.877850,59182600
2010-03-24,41.808407,41.808407,41.582746,41.678219,62995700
2010-03-25,42.025381,42.181610,41.574058,41.617455,76294800
2010-03-26,41.791042,41.947270,41.435189,41.660851,78067900
2010-03-29,41.869170,42.008040,41.747656,41.860489,57993300
2010-03-30,41.990670,42.138217,41.712931,41.999348,49437300
2010-03-31,41.869161,42.051426,41.721610,41.799725,59947400
2010-04-01,41.973312,42.268410,41.478590,41.799725,83728600
2010-04-05,41.895191,42.285762,41.782358,42.190289,56220300
2010-04-06,42.094830,42.442005,41.999356,42.311813,54097100
2010-04-07,42.251049,42.415955,41.981988,42.207653,77211500
2010-04-08,42.086140,42.372557,41.869156,42.303123,68314300
2010-04-09,42.311808,42.572188,42.207657,42.554829,54227300
2010-04-12,42.572183,42.702375,42.476710,42.589542,44280600
2010-04-13,42.546143,42.832559,42.407273,42.806522,59376000
2010-04-14,43.032194,43.327289,42.962758,43.318611,69004800
2010-04-15,43.283899,43.561637,43.283899,43.509563,72254200
2010-04-16,43.353330,43.500878,42.702380,42.988796,127388000
2010-04-19,42.832573,43.101634,42.442005,42.962765,98251700
2010-04-20,43.197100,43.292573,42.902002,43.179741,69543700
2010-04-21,43.474853,43.561645,43.153718,43.422775,74748700
2010-04-22,43.006158,43.709187,42.754457,43.665791,110477200
2010-04-23,43.657114,43.891457,43.474848,43.848061,77205200
2010-04-26,43.891460,43.960896,43.657117,43.752590,67361000
2010-04-27,43.578993,43.769939,42.711058,42.823891,112608000
2010-04-28,43.049570,43.075610,42.511451,42.849945,130082100
2010-04-29,43.092940,43.683136,43.058222,43.596340,84180200
2010-04-30,43.578981,43.648418,42.702369,42.737087,110897000
2010-05-03,42.919360,43.544270,42.902001,43.335968,74169700
2010-05-04,42.806526,42.806526,41.730290,42.034065,141136500
2010-05-05,41.591409,42.094813,41.348389,41.817074,128560200
2010-05-06,41.530667,41.938598,37.008729,40.419712,274356800
2010-05-07,40.115943,40.619343,38.432147,39.412914,288200400
2010-05-10,41.166133,41.487268,41.061982,41.461231,136041600
2010-05-11,41.044612,41.999338,40.966498,41.417824,113016100
2010-05-12,41.643486,42.233681,41.574053,42.198963,85462400
2010-05-13,42.016707,42.346523,41.426511,41.530663,102844300
2010-05-14,41.218215,41.244252,40.254807,40.732170,147386100
2010-05-17,40.810266,41.027249,39.985727,40.862343,120969600
2010-05-18,41.209525,41.296321,40.115929,40.298195,153072100
2010-05-19,40.150654,40.471792,39.534421,39.977070,159000300
2010-05-20,39.195917,39.300069,38.406097,38.492889,189289800
2010-05-21,37.894019,39.612529,37.746472,38.918182,190631100
2010-05-24,38.900832,39.343481,38.744604,38.761963,113038000
2010-05-25,37.911398,38.848766,37.520826,38.796692,155643000
2010-05-26,39.065715,39.551759,38.293254,38.362690,140203200
2010-05-27,39.230635,39.829508,39.135161,39.812149,110671600
2010-05-28,39.881603,39.916321,39.230652,39.577824,128535300
2010-06-01,39.430271,40.141977,39.169891,39.213287,104242700
2010-06-02,39.438940,40.168005,39.169882,40.141968,97249300
2010-06-03,40.254800,40.593293,39.994420,40.523857,98928400
2010-06-04,39.664618,40.176700,39.004986,39.135178,112849900
2010-06-07,39.334796,39.456307,38.380070,38.423466,88436600
2010-06-08,38.492885,38.605717,37.833256,38.354015,133030100
2010-06-09,38.623082,38.978935,37.920054,38.032887,101949200
2010-06-10,38.501580,39.161209,38.397429,39.117813,76892300
2010-06-11,38.718555,39.525735,38.718555,39.491016,74346800
2010-06-14,39.855539,40.133281,39.412894,39.482330,68085000
2010-06-15,39.690654,40.593307,39.447633,40.541229,76332600
2010-06-16,40.428396,40.914437,40.358960,40.706135,78399700
2010-06-17,40.931800,40.949159,40.480474,40.836327,77111900
2010-06-18,40.913725,41.165904,40.748506,40.870247,75921400
2010-06-21,41.391987,41.461555,40.287624,40.522408,95488100
2010-06-22,40.696328,40.991986,40.131104,40.209366,94493400
2010-06-23,40.252837,40.409361,39.731087,40.044136,92397600
2010-06-24,39.870211,39.991955,39.304986,39.435421,114145900
2010-06-25,39.652364,39.783059,39.164444,39.443256,88740300
2010-06-28,39.443277,39.687237,39.042485,39.303871,71350000
2010-06-29,38.702664,38.737517,37.526425,37.787811,136384200
2010-06-30,37.665847,38.049213,37.151786,37.212776,101313200
2010-07-01,37.326030,37.430584,36.393751,37.108208,158695000
2010-07-02,37.169206,37.308612,36.672571,37.003662,78565300
2010-07-06,37.552557,37.787806,36.811963,37.116913,88591900
2010-07-07,37.238902,38.345436,37.204049,38.301872,72448400
2010-07-08,38.606821,38.667811,38.057908,38.510979,78264600
2010-07-09,38.493583,38.885664,38.406455,38.876949,47851200
2010-07-12,38.842075,39.234152,38.737518,38.990192,60927500
2010-07-13,39.329994,39.643658,39.033755,39.495541,93310500
2010-07-14,39.573974,39.913780,39.417145,39.695957,87687100
2010-07-15,39.617528,39.852776,39.199309,39.730793,95992500
2010-07-16,39.591378,39.756925,38.598109,38.632961,98831900
2010-07-19,38.746239,39.042478,38.423860,38.964062,81800800
2010-07-20,38.336736,39.434559,38.214756,39.434559,89061200
2010-07-21,39.852780,39.870203,38.824658,38.894360,83577000
2010-07-22,39.443281,40.061895,39.417143,39.878925,82890300
2010-07-23,39.608820,40.166445,39.539118,40.131596,81056100
2010-07-26,40.183861,40.480099,40.000891,40.462673,64850900
2010-07-27,40.636932,40.706637,40.262278,40.445248,67655600
2010-07-28,40.401676,40.584649,39.974746,40.122864,51988200
2010-07-29,40.358128,40.436544,39.425849,39.826641,85669500
2010-07-30,39.495554,40.157733,39.269017,39.913773,98958100
2010-08-02,40.419111,40.767628,40.262278,40.663071,68706800
2010-08-03,40.636925,40.689204,40.297123,40.488808,60856600
2010-08-04,40.671797,40.941898,40.514964,40.898331,43820600
2010-08-05,40.697933,40.880903,40.532389,40.802490,39150200
2010-08-06,40.358138,40.819921,40.122890,40.741505,71339200
2010-08-09,40.950609,41.116152,40.767638,41.020313,26927600
2010-08-10,40.689212,40.907034,40.323268,40.663071,86694500
2010-08-11,39.992182,40.009605,39.390991,39.556538,92219700
2010-08-12,38.798518,39.417137,38.728817,39.242878,66000200
2010-08-13,39.094753,39.260300,38.955347,38.964062,46387300
2010-08-16,38.772393,39.303880,38.598134,39.033779,55472900
2010-08-17,39.312585,39.887636,39.234168,39.530407,56927100
2010-08-18,39.451984,39.922482,39.303867,39.687233,61835400
2010-08-19,39.451984,39.608817,38.824658,39.086044,82969500
2010-08-20,39.025059,39.234167,38.807237,39.138325,65806700
2010-08-23,39.382281,39.504261,38.737525,38.754951,69612200
2010-08-24,38.310593,38.441284,37.874948,38.031780,79095800
2010-08-25,37.761683,38.563268,37.700693,38.397724,87247900
2010-08-26,38.528425,38.615552,37.901095,37.935947,91199000
2010-08-27,38.214754,38.476140,37.439307,38.397724,109568800
2010-08-30,38.214744,38.554546,37.988207,37.996922,49373200
2010-08-31,37.796525,38.206028,37.622266,37.866226,72066900
2010-09-01,38.423858,39.129604,38.397721,38.998909,83523100
2010-09-02,39.068619,39.451985,38.972777,39.434559,41816800
2010-09-03,39.870202,40.096739,39.687232,40.088024,64041100
2010-09-07,39.922486,40.105456,39.756942,39.817932,51195200
2010-09-08,39.931198,40.471397,39.922483,40.297138,66879800
2010-09-09,40.654349,40.689201,40.358110,40.453953,61476400
2010-09-10,40.497539,40.663083,40.297143,40.602093,66995700
2010-09-13,40.915752,41.272980,40.898326,41.168427,64523400
2010-09-14,41.116145,41.560504,41.020306,41.342682,91405800
2010-09-15,41.238136,41.647640,41.116153,41.604076,67108200
2010-09-16,41.525659,41.804471,41.421105,41.769619,66885800
2010-09-17,42.042104,42.042104,41.701505,41.911106,76372600
2010-09-20,42.068287,42.732019,42.015889,42.644688,84475000
2010-09-21,42.670886,42.941616,42.452554,42.635952,82272000
2010-09-22,42.461301,42.810635,42.286635,42.522434,88315900
2010-09-23,42.242953,42.932884,42.199287,42.504951,85040000
2010-09-24,42.985285,43.395748,42.924152,43.369549,79495900
2010-09-27,43.343374,43.448173,43.098840,43.133774,43859800
2010-09-28,43.238553,43.264755,42.435091,43.116287,104922900
2010-09-29,43.055145,43.256011,42.889214,43.046413,81679200
2010-09-30,43.264760,43.526758,42.574829,42.854294,122458600
2010-10-01,43.212350,43.256016,42.601018,42.801884,77675400
2010-10-04,42.679622,42.836821,42.094492,42.339024,71359900
2010-10-05,42.819350,43.456880,42.793151,43.369549,99301300
2010-10-06,43.317142,43.413209,42.714546,42.994011,81831200
2010-10-07,43.238539,43.264741,42.793142,43.151207,75693300
2010-10-08,43.168697,43.552961,42.863033,43.448162,83223900
2010-10-11,43.474342,43.683943,43.334610,43.465611,46880000
2010-10-12,43.395754,43.849886,43.020222,43.762554,88571700
2010-10-13,44.042013,44.321479,43.911013,44.120613,71122900
2010-10-14,44.146809,44.225409,43.814943,44.033276,68464000
2010-10-15,44.574733,44.976463,44.216668,44.967731,104654000
2010-10-18,44.976470,45.168604,44.801804,44.801804,72399400
2010-10-19,44.382603,44.801800,44.033270,44.382603,105739800
2010-10-20,44.504880,45.037612,44.426280,44.705746,80861400
2010-10-21,44.985206,45.159872,44.356411,44.793076,85885400
2010-10-22,44.801819,45.142417,44.723219,45.098751,47406900
2010-10-25,45.282151,45.614018,45.282151,45.317085,51413900
2010-10-26,45.090013,45.544144,44.906611,45.439342,60498300
2010-10-27,45.203539,45.614005,45.116207,45.579071,57483400
2010-10-28,45.771211,45.806145,45.273413,45.675144,61220000
2010-10-29,45.675142,45.841076,45.561608,45.570343,46668700
2010-11-01,45.736291,46.068157,45.395693,45.605293,60555600
2010-11-02,45.980799,46.225331,45.919667,46.094330,48137500
2010-11-03,46.138008,46.321407,45.727542,46.303940,126225800
2010-11-04,46.810472,47.037540,46.723140,46.871605,84201000
2010-11-05,46.897807,46.993874,46.731872,46.871605,77937100
2010-11-08,46.793007,47.011339,46.679473,46.932739,39623500
2010-11-09,47.116143,47.194742,46.469877,46.679478,66828700
2010-11-10,46.740605,46.958938,46.373805,46.915272,83553700
2010-11-11,46.207855,46.705652,45.989522,46.618320,85163600
2010-11-12,46.373804,46.609604,45.509210,45.858540,99164300
2010-11-15,46.094346,46.181681,45.666417,45.683884,56723400
2010-11-16,45.360749,45.631483,44.408819,44.932819,101097000
2010-11-17,44.959010,45.299608,44.845476,45.063808,77836200
2010-11-18,45.552878,46.103076,45.526679,45.788677,71488300
2010-11-19,45.727545,45.928411,45.535412,45.823612,54506100
2010-11-22,45.640209,46.207874,45.561609,46.207874,69918900
2010-11-23,45.736280,45.806148,45.212283,45.474281,76818300
2010-11-24,45.919674,46.504803,45.902207,46.391270,53444200
2010-11-26,46.094349,46.400016,45.998282,46.085617,23640300
2010-11-29,46.024464,46.199131,45.500464,46.050663,89269100
2010-11-30,45.570326,46.059391,45.308328,45.491726,118862100
2010-12-01,46.164226,46.688223,46.146759,46.452423,81758800
2010-12-02,46.522277,46.993875,46.469876,46.924007,56844600
2010-12-03,46.723141,47.107405,46.723141,47.046272,38014200
2010-12-06,47.055018,47.116151,46.880352,47.028816,39312000
2010-12-07,47.596479,47.613946,47.002615,47.055016,59067300
2010-12-08,47.177270,47.290804,46.889070,47.229671,48066900
2010-12-09,47.517873,47.544072,47.116143,47.273342,51679800
2010-12-10,47.413060,47.640124,47.238393,47.587727,44696200
2010-12-13,47.771128,47.806062,47.395596,47.421795,53110200
2010-12-14,47.544063,47.701263,47.360665,47.509132,69884800
2010-12-15,47.482917,47.771117,47.185985,47.299519,76951900
2010-12-16,47.343198,47.736197,47.212200,47.666332,65519400
2010-12-17,47.725841,47.848349,47.612082,47.708340,36844200
2010-12-20,47.795853,47.918361,47.393325,47.743351,48159600
2010-12-21,47.927094,48.032101,47.795834,48.032101,35775400
2010-12-22,48.014597,48.093353,47.944594,48.023350,35766500
2010-12-23,47.935852,48.014608,47.787093,47.900852,21664800
2010-12-27,47.760848,48.005864,47.437073,47.927109,29263700
2010-12-28,48.023357,48.058357,47.734586,47.839592,24160500
2010-12-29,47.970850,48.040856,47.892094,47.944599,24132700
2010-12-30,47.944600,47.953349,47.734584,47.830841,27553300
2010-12-31,47.769593,47.795844,47.437069,47.655834,38540100
2011-01-03,48.102118,48.732160,48.084617,48.399639,90994300
2011-01-04,48.574641,48.609644,48.058354,48.364628,43851500
2011-01-05,48.215875,48.793415,48.189624,48.775917,43787400
2011-01-06,48.828416,48.968425,48.723409,48.933422,46139600
2011-01-07,49.020936,49.047186,48.408392,48.889675,72261700
2011-01-10,48.784665,49.160942,48.635906,49.073437,55551800
2011-01-11,49.274701,49.318453,48.959678,49.143440,56663800
2011-01-12,49.379691,49.493450,49.178428,49.493450,51979300
2011-01-13,49.528458,49.642217,49.362197,49.510960,47364500
2011-01-14,49.528472,49.896000,49.405964,49.878498,43867400
2011-01-18,49.502219,50.079759,49.432216,50.018505,65805600
2011-01-19,50.105995,50.105995,49.283439,49.449699,67767200
2011-01-20,49.239684,49.309687,48.723398,49.099674,92357800
2011-01-21,49.344689,49.432197,48.697146,48.723396,59673300
2011-01-24,48.819661,49.405951,48.723404,49.397202,64103300
2011-01-25,49.152183,49.484707,49.047176,49.467205,55305100
2011-01-26,49.537226,49.860997,49.397216,49.729740,60547700
2011-01-27,49.887233,50.184754,49.808478,50.035995,53656100
2011-01-28,50.027249,50.071005,48.539648,48.767162,123359900
2011-01-31,48.837165,49.143435,48.469638,49.003426,70571300
2011-02-01,49.370955,50.036004,49.318454,49.922245,76952900
2011-02-02,49.817236,50.027249,49.738480,49.843487,48661000
2011-02-03,49.747223,50.000991,49.353448,49.930988,45341900
2011-02-04,49.922242,50.246014,49.790985,50.211014,47647800
2011-02-07,50.307271,50.727300,50.228516,50.447281,45627100
2011-02-08,50.464782,50.814807,50.368528,50.779804,38099900
2011-02-09,50.701048,50.858559,50.534788,50.692299,62540800
2011-02-10,50.359781,50.841064,50.307279,50.771061,70194700
2011-02-11,50.622298,51.173587,50.552295,51.138584,47853500
2011-02-14,51.138574,51.331089,51.086073,51.261086,48506100
2011-02-15,51.138589,51.252347,50.954826,51.191093,39723800
2011-02-16,51.322353,51.663626,51.304851,51.523617,53061700
2011-02-17,51.269844,51.602368,51.234841,51.506111,38361900
2011-02-18,51.506104,51.602362,51.199831,51.392345,44334300
2011-02-22,50.692304,50.867316,49.825991,49.904747,92598100
2011-02-23,49.904727,50.079739,49.117174,49.493450,97842900
2011-02-24,49.598478,49.904748,49.125944,49.755989,98716100
2011-02-25,50.036001,50.508535,49.983496,50.447281,54094600
2011-02-28,50.648545,50.797304,50.254767,50.552288,51402800
2011-03-01,50.771048,50.771048,49.615968,49.738476,91993900
2011-03-02,49.712242,50.324783,49.694741,50.001011,61552900
2011-03-03,50.464795,51.077339,50.464795,50.989834,64146600
2011-03-04,50.972311,50.981060,50.394771,50.727295,62328400
2011-03-07,50.937317,50.981069,49.589722,50.044754,98470000
2011-03-08,49.983504,50.473539,49.677233,50.246021,62399100
2011-03-09,50.062258,50.114763,49.633480,49.904747,84764200
2011-03-10,49.344700,49.458459,48.924671,49.125935,102894400
2011-03-11,48.845916,49.580968,48.845916,49.432209,81679400
2011-03-14,49.160930,49.519705,48.880910,49.257187,73565800
2011-03-15,47.813344,48.845916,47.664585,48.557148,101276500
2011-03-16,48.154623,48.425893,47.052047,47.384571,176507700
2011-03-17,48.137113,48.338380,47.367062,47.822094,94434500
2011-03-18,48.389042,48.389042,47.679242,47.714294,94887200
2011-03-21,48.441632,48.879780,47.758123,48.634418,57423000
2011-03-22,48.704525,48.730812,48.441633,48.546791,36162100
2011-03-23,48.371541,48.958658,48.038548,48.818451,60365100
2011-03-24,49.186497,49.791140,48.914844,49.685986,69502400
2011-03-25,49.843711,50.141652,49.712266,49.808659,74131100
2011-03-28,50.027733,50.036495,49.510719,49.537006,37824000
2011-03-29,49.423078,50.018959,49.274106,50.018959,47994800
2011-03-30,50.264330,50.325671,50.018969,50.255566,44935900
2011-03-31,50.167950,50.369498,50.080322,50.325684,50004300
2011-04-01,50.579810,50.737543,50.203002,50.351971,68031800
2011-04-04,50.492169,50.544748,49.966393,50.185467,48659100
2011-04-05,50.089084,50.378263,49.948877,50.054031,55349400
2011-04-06,50.439596,50.588565,49.887528,50.176704,49532100
2011-04-07,50.159170,50.474633,49.782362,50.141644,60697000
2011-04-08,50.369496,50.448362,49.642172,49.905060,42782200
2011-04-11,50.097849,50.203007,49.563311,49.738567,42451700
2011-04-12,49.510713,49.633394,49.204011,49.396793,50422800
2011-04-13,49.764842,49.948863,49.423087,49.817417,49979800
2011-04-14,49.475656,49.799887,49.274108,49.729782,53544100
2011-04-15,49.537020,49.834960,49.317946,49.642178,68530000
2011-04-18,49.142673,49.309168,48.476686,49.291641,69065000
2011-04-19,49.423102,49.598358,49.160210,49.598358,38608400
2011-04-20,50.474636,50.772577,50.413296,50.720001,67397500
2011-04-21,51.210732,51.237024,50.965371,51.123104,43666800
2011-04-25,51.166919,51.280839,51.070526,51.254551,25376800
2011-04-26,51.385998,51.727753,51.272079,51.543732,49400000
2011-04-27,51.640130,51.955597,51.403530,51.894257,56465500
2011-04-28,51.736521,51.903016,51.596314,51.815388,48100000
2011-04-29,51.718997,51.955597,51.683944,51.771576,44831200
2011-05-02,51.850427,51.999399,51.543725,51.675171,48149400
2011-05-03,51.648880,51.701459,51.114342,51.429806,38100000
2011-05-04,51.456102,51.587545,50.921561,51.350945,53097200
2011-05-05,51.096821,51.675176,50.895273,51.070530,72200000
2011-05-06,51.578777,51.876718,51.096815,51.237022,72507000
2011-05-09,51.324651,51.631353,51.123104,51.429806,40022000
2011-05-10,51.578782,51.946825,51.508677,51.867958,38053600
2011-05-11,51.789098,51.973123,51.140641,51.491158,61900000
2011-05-12,51.333416,51.867953,51.035475,51.797852,66100000
2011-05-13,51.675167,51.762796,51.166914,51.184441,63506600
2011-05-16,50.947861,51.105595,50.185485,50.299404,73115300
2011-05-17,50.036488,50.448348,49.931333,50.439587,63136000
2011-05-18,50.369491,50.947846,50.308151,50.860218,42351100
2011-05-19,51.017954,51.123109,50.693723,51.009190,35015800
2011-05-20,50.956609,51.009184,50.553510,50.623615,44703300
2011-05-23,49.931336,50.080308,49.642161,49.878757,43700000
2011-05-24,50.001438,50.010200,49.563291,49.572052,39314800
2011-05-25,49.510709,50.001436,49.484421,49.764835,41369000
2011-05-26,49.615886,50.211767,49.607124,50.071560,40564100
2011-05-27,50.159189,50.378263,50.115371,50.325684,30127200
2011-05-31,50.798889,51.140644,50.535998,51.140644,47590100
2011-06-01,51.017956,51.140637,49.983926,50.027740,51795000
2011-06-02,50.124127,50.308149,49.852474,50.132889,50198100
2011-06-03,49.554525,49.940097,49.309163,49.379265,57773700
2011-06-06,49.265360,49.537010,48.949893,48.976181,50175600
2011-06-07,49.107624,49.300407,48.853497,48.888550,46311100
2011-06-08,48.783390,48.871022,48.397822,48.538029,46426400
2011-06-09,48.555558,48.862261,48.397825,48.625664,45307500
2011-06-10,48.397825,48.494218,47.836996,47.880810,53740600
2011-06-13,47.907098,48.134936,47.714315,47.880810,37736800
2011-06-14,48.248844,48.608125,48.222553,48.494205,40565300
2011-06-15,48.029794,48.327735,47.477726,47.574120,59022400
2011-06-16,47.600392,47.758126,46.986985,47.390083,66316200
2011-06-17,47.777401,47.953050,47.101139,47.241661,70337000
2011-06-20,47.109908,47.628082,47.109908,47.487560,37402900
2011-06-21,47.654430,48.559041,47.452430,48.506344,55892800
2011-06-22,48.304351,48.585394,48.146264,48.155048,36833300
2011-06-23,47.636881,48.629313,47.478793,48.602966,80743300
2011-06-24,48.374598,48.418511,47.663206,47.759815,56298300
2011-06-27,47.812522,48.769826,47.707131,48.523914,49968900
2011-06-28,48.629308,49.252876,48.559049,49.244091,47028800
2011-06-29,49.358274,49.542708,49.094796,49.446098,65407300
2011-06-30,49.621751,50.139925,49.595404,50.104794,50347200
2011-07-01,50.131130,50.930347,49.990605,50.860085,53203900
2011-07-05,50.912773,51.167466,50.789817,51.114773,43128800
2011-07-06,51.053319,51.369494,50.886448,51.281666,49282700
2011-07-07,51.668101,52.133578,51.589057,51.984272,54799800
2011-07-08,51.536345,51.852519,51.264083,51.843735,69519500
2011-07-11,51.299225,51.562703,50.728354,50.904007,52080800
2011-07-12,50.895215,51.000606,50.464866,50.517563,84000700
2011-07-13,50.886435,51.237741,50.543914,50.728348,82378100
2011-07-14,50.860101,51.097232,49.946708,50.139927,98774200
2011-07-15,50.702002,50.807392,50.333134,50.807392,68281500
2011-07-18,50.526353,50.754702,50.043310,50.535137,59512200
2011-07-19,51.018184,51.729577,51.018184,51.685661,73904600
2011-07-20,51.975488,51.984269,51.378270,51.466095,57085500
2011-07-21,51.518793,52.098445,51.237749,51.808620,70148800
2011-07-22,51.782266,52.432181,51.747135,52.344353,43620400
2011-07-25,51.931578,52.528796,51.834969,52.238968,48916100
2011-07-26,52.203822,52.546346,52.098431,52.370693,40918900
2011-07-27,52.028194,52.072106,50.886452,51.018192,83969500
2011-07-28,51.044525,51.755917,50.842525,51.106003,61031900
2011-07-29,50.693232,51.474884,50.447317,50.939144,82860500
2011-08-01,51.553925,51.659316,50.087228,50.702011,85421100
2011-08-02,50.464895,50.693245,49.367069,49.419765,90853300
2011-08-03,49.481225,49.955487,48.611745,49.894009,103612300
2011-08-04,49.182625,49.261668,47.575405,47.575405,132830000
2011-08-05,48.058435,48.330693,45.950607,47.276783,214111800
2011-08-08,45.827652,46.653216,44.431217,44.431217,204804500
2011-08-09,45.098698,46.618093,43.851569,46.574177,193707100
2011-08-10,45.520268,46.582963,44.615657,44.668354,205917900
2011-08-11,45.309489,47.153836,45.089924,46.635662,143825300
2011-08-12,46.925491,47.338274,46.442448,47.048447,90483300
2011-08-15,47.241659,47.742268,47.013309,47.742268,73554300
2011-08-16,47.276798,47.733491,46.705927,47.338276,89219200
2011-08-17,47.399757,47.794972,46.565408,47.057236,84416600
2011-08-18,45.783747,45.792528,44.334615,44.747398,130019400
2011-08-19,44.281913,45.379739,43.904264,43.939392,96674600
2011-08-22,44.993307,45.002092,43.965744,44.097481,77107700
2011-08-23,44.396098,45.915489,44.211664,45.915489,75688400
2011-08-24,45.783731,46.363383,45.414860,46.275555,80197700
2011-08-25,46.249234,46.460018,45.362192,45.520279,93623700
2011-08-26,45.370965,46.820097,44.923054,46.662010,91573300
2011-08-29,47.127482,48.014524,47.109916,47.961830,45985800
2011-08-30,47.786176,48.567828,47.522699,48.278004,61617900
2011-08-31,48.567836,48.954273,47.953053,48.357056,60900400
2011-09-01,48.480013,48.866447,47.830099,47.917927,57158400
2011-09-02,47.057209,47.961816,46.539035,46.793728,58185700
2011-09-06,45.704713,46.872799,45.590538,46.802540,52992200
2011-09-07,47.470008,47.996967,47.338271,47.988182,48952200
2011-09-08,47.742273,48.453662,47.610532,47.768620,61422800
2011-09-09,47.434868,47.636871,46.416086,46.705914,63663500
2011-09-12,46.187743,47.338266,46.170177,47.303135,65973000
2011-09-13,47.478786,48.032088,47.250436,47.935482,59020000
2011-09-14,48.181402,49.165054,47.707141,48.620533,90757300
2011-09-15,49.147491,49.428534,48.646883,49.340710,83536100
2011-09-16,49.449808,49.845760,49.353020,49.792965,91902100
2011-09-19,49.177044,50.074532,48.772296,49.810566,73042900
2011-09-20,50.065725,50.461673,49.476197,49.590584,66570100
2011-09-21,49.845751,50.092119,48.719490,48.728291,79938000
2011-09-22,47.487650,47.918794,46.414183,47.144493,151885500
2011-09-23,46.748539,47.848401,46.713342,47.646027,85940600
2011-09-26,47.883606,48.288358,46.818940,48.200367,96261400
2011-09-27,49.018661,49.449809,48.376342,48.701900,81148600
2011-09-28,48.913077,49.247436,47.866009,47.980392,76757100
2011-09-29,48.710711,48.772303,46.607774,47.408474,116900200
2011-09-30,46.774934,47.170885,46.159011,46.185410,104870100
2011-10-03,45.771870,46.502177,44.971171,44.997566,99149500
2011-10-04,44.540021,46.009439,44.082478,45.921448,137013700
2011-10-05,45.807074,47.232494,45.455116,47.100510,108825700
2011-10-06,47.038912,47.901204,46.818940,47.892406,71939200
2011-10-07,47.866011,48.094781,47.267685,47.575645,72525200
2011-10-10,48.385142,49.221035,48.297151,49.221035,48230200
2011-10-11,49.089075,49.678600,49.009885,49.555416,66449100
2011-10-12,50.030535,50.356093,49.766569,49.801762,85627600
2011-10-13,49.704965,50.320885,49.652170,50.259293,63443700
2011-10-14,50.875237,51.200795,50.602470,51.191998,65643600
2011-10-17,50.954417,51.112797,50.127322,50.400085,65161300
2011-10-18,50.320893,51.288773,49.854552,51.024807,91434600
2011-10-19,50.743217,50.901598,49.872129,50.039307,67639400
2011-10-20,50.030536,50.083327,49.089054,49.792965,80378300
2011-10-21,50.320902,50.734451,49.960147,50.417690,60455800
2011-10-24,50.602454,51.605531,50.426478,51.464748,61449500
2011-10-25,51.297578,51.315176,50.347299,50.452885,65299200
2011-10-26,50.734445,50.840031,49.458604,50.391289,98193800
2011-10-27,51.596745,52.089484,51.060011,51.781521,104455500
2011-10-28,51.491154,51.922298,51.473556,51.860706,42950000
2011-10-31,51.411959,51.596735,50.954416,50.989613,60520200
2011-11-01,49.731377,50.954423,49.379420,49.660984,99933000
2011-11-02,50.180113,50.294499,49.608187,50.083324,65003800
2011-11-03,50.479289,51.192002,49.898562,51.121609,78994200
2011-11-04,50.875230,51.077604,50.347297,50.857632,61527800
2011-11-07,50.822425,51.253573,50.303290,51.218376,65559000
2011-11-08,51.587942,51.895902,51.007215,51.807915,62906900
2011-11-09,50.804840,50.884030,49.828161,49.986542,69539000
2011-11-10,50.479283,50.523277,49.476209,49.960148,66052400
2011-11-11,50.391281,51.051198,50.329689,50.901615,54471000
2011-11-14,50.760833,51.042398,50.400079,50.584858,44617600
2011-11-15,50.435287,51.350373,50.382492,51.147999,52203900
2011-11-16,50.778448,51.174399,50.206522,50.303307,68342800
2011-11-17,50.171328,50.188926,48.816296,49.124260,101706900
2011-11-18,49.133053,49.185848,48.657912,48.745903,60417000
2011-11-21,48.085969,48.156358,47.320463,47.813202,52283700
2011-11-22,47.690024,48.112370,47.399658,47.971588,51940100
2011-11-23,47.610845,47.663636,46.862937,46.889336,48437300
2011-11-25,46.686956,47.223686,46.519775,46.528576,25448100
2011-11-28,47.663622,48.209156,47.637226,48.147564,46710700
2011-11-29,48.121156,48.481911,47.707610,47.848392,52056700
2011-11-30,49.150645,49.660979,48.983464,49.616985,66918600
2011-12-01,49.608194,50.092133,49.581795,49.960148,45362200
2011-12-02,50.452888,50.452888,49.775373,49.819366,36938900
2011-12-05,50.567277,50.699258,50.083335,50.364902,40492200
2011-12-06,50.408886,50.549668,50.056928,50.224110,38670000
2011-12-07,50.083324,50.452880,49.581787,50.224110,44576200
2011-12-08,49.898549,50.285702,49.282625,49.379414,51692600
2011-12-09,49.502596,50.320894,49.485001,50.171314,55757900
2011-12-12,49.643389,50.162525,49.185849,49.608196,55411700
2011-12-13,49.933741,50.136115,48.860275,49.062649,68557700
2011-12-14,48.877877,48.913073,48.024386,48.297150,63682800
2011-12-15,48.710696,48.763487,48.094772,48.165165,58732900
2011-12-16,48.421989,49.075030,48.333742,48.413166,60978900
2011-12-19,48.598471,48.713195,47.804233,47.936607,46733900
2011-12-20,48.713189,49.419177,48.686712,49.357403,81758800
2011-12-21,49.066179,49.101479,48.086623,48.651413,78552300
2011-12-22,48.757313,49.092658,48.686712,49.066181,40334100
2011-12-23,49.163266,49.489788,49.048545,49.489788,26594600
2011-12-27,49.453571,49.833368,49.400574,49.674385,21443500
2011-12-28,49.612549,49.692042,48.967772,49.100262,38180100
2011-12-29,49.179764,49.488903,49.020778,49.453575,28077900
2011-12-30,49.347584,49.568398,49.303421,49.312256,21832400
2012-01-03,50.266174,50.513485,50.124853,50.257343,39514100
2012-01-04,50.177841,50.539977,49.957027,50.469315,29403400
2012-01-05,50.363323,50.928607,50.169006,50.884445,41260600
2012-01-06,50.893279,51.175921,50.698965,51.061100,46325200
2012-01-09,51.193576,51.211242,50.725451,50.893269,39195500
2012-01-10,51.432062,51.582217,50.910940,51.264244,35949900
2012-01-11,51.255415,51.485064,51.061101,51.370239,37144100
2012-01-12,51.485055,51.644042,51.105254,51.573380,26188300
2012-01-13,51.299581,51.405571,50.946277,51.387905,35980400
2012-01-17,51.838364,52.076844,51.661715,51.856030,41790800
2012-01-18,51.953180,52.544964,51.829524,52.544964,48692700
2012-01-19,52.783449,52.968935,52.686293,52.871777,47774500
2012-01-20,52.642127,52.818779,52.606799,52.792282,41041700
2012-01-23,52.801121,53.180922,52.500814,52.809956,40958300
2012-01-24,52.571474,52.854116,52.474315,52.712795,38440200
2012-01-25,53.225092,53.507738,52.845295,53.375248,61591800
2012-01-26,53.604875,53.702034,52.933601,53.189747,37852700
2012-01-27,53.074921,53.445887,53.048424,53.348732,45532300
2012-01-30,52.898258,53.472377,52.695110,53.392883,42797800
2012-01-31,53.657868,53.755027,53.119081,53.463551,51449600
2012-02-01,53.772692,54.090665,53.578374,53.896347,46146700
2012-02-02,54.072994,54.240811,53.852180,54.064159,46373600
2012-02-03,54.567631,54.867938,54.479306,54.806110,36453800
2012-02-06,54.602953,54.779606,54.461632,54.761940,28541300
2012-02-07,54.717780,54.982756,54.470465,54.876766,37935700
2012-02-08,54.885609,55.168251,54.682460,55.168251,41171100
2012-02-09,55.380217,55.627528,55.044579,55.565701,46856400
2012-02-10,55.168240,55.327227,54.982757,55.177074,58090500
2012-02-13,55.592203,55.760024,55.336061,55.689362,36810200
2012-02-14,55.565708,55.839519,55.371391,55.830685,51648200
2012-02-15,56.095655,56.404797,55.353719,55.442047,105709100
2012-02-16,55.459701,56.263465,55.318380,56.201637,83642300
2012-02-17,56.210485,56.254647,55.777691,56.025002,76112300
2012-02-21,56.086824,56.431294,55.830679,56.183983,38141300
2012-02-22,56.077989,56.245807,55.848340,55.927834,43174700
2012-02-23,55.998498,56.360633,55.724687,56.298805,54250000
2012-02-24,56.457799,56.590289,56.351809,56.493130,41364900
2012-02-27,56.183993,56.758111,55.936682,56.572628,42678500
2012-02-28,56.625610,57.146729,56.554948,57.146729,43717500
2012-02-29,57.190891,57.376374,56.705097,56.890587,59784400
2012-03-01,57.102558,57.394034,56.934737,57.341034,67558900
2012-03-02,57.261555,57.482370,57.111403,57.296886,33358200
2012-03-05,57.261553,57.332216,56.519617,56.705097,45788800
2012-03-06,56.148647,56.281137,55.848340,56.148647,54638600
2012-03-07,56.413622,56.713930,56.325298,56.581440,42741800
2012-03-08,56.917091,57.358720,56.793436,57.190899,43711100
2012-03-09,57.288057,57.535368,57.252726,57.429375,43117200
2012-03-12,57.411721,57.508880,57.164410,57.455887,32687300
2012-03-13,57.765011,58.524612,57.650183,58.524612,61559100
2012-03-14,58.586462,58.948594,58.365647,58.727779,59926900
2012-03-15,58.904434,59.019255,58.604123,58.895599,65531200
2012-03-16,58.986723,58.986723,58.712450,58.854008,53023100
2012-03-19,58.951335,59.411412,58.792078,59.269848,60966200
2012-03-20,58.960186,59.437955,58.800929,59.376022,47290600
2012-03-21,59.384888,59.712243,59.305256,59.384888,39648100
2012-03-22,59.030963,59.402559,58.995572,59.261002,56953900
2012-03-23,59.331745,59.349444,58.889367,59.225578,45541700
2012-03-26,59.623751,60.260777,59.570667,60.260777,40855300
2012-03-27,60.304994,60.596959,60.278446,60.349228,37278200
2012-03-28,60.384601,60.614639,59.756425,60.110329,44421900
2012-03-29,59.809528,60.101499,59.455624,59.880310,53975300
2012-03-30,60.145750,60.181134,59.526417,59.765305,39480900
2012-04-02,59.703380,60.464265,59.597207,60.384640,40031600
2012-04-03,60.437723,60.650069,60.030735,60.366947,45539900
2012-04-04,59.915698,59.951089,59.199047,59.544102,54088100
2012-04-05,59.437922,59.968775,59.393682,59.915691,42979900
2012-04-09,59.172521,59.703381,59.066355,59.464493,36908200
2012-04-10,59.437935,59.667973,58.323140,58.508938,69254200
2012-04-11,59.022126,59.181383,58.641681,58.792088,62950000
2012-04-12,58.907099,59.526425,58.818624,59.464493,57407400
2012-04-13,59.260985,59.455626,58.535485,58.562027,55227500
2012-04-16,58.853996,58.889387,57.721509,57.907307,57588000
2012-04-17,58.155036,59.269824,58.066555,59.084026,47362400
2012-04-18,58.915925,59.278679,58.756676,58.933624,42536100
2012-04-19,58.721301,59.429102,58.057733,58.270073,81110900
2012-04-20,58.588567,58.845147,58.022324,58.110798,59906900
2012-04-23,57.562250,57.668423,57.057939,57.579948,70514400
2012-04-24,57.473784,57.712672,57.022557,57.270294,49661500
2012-04-25,58.455882,58.827479,58.367408,58.792088,57526900
2012-04-26,58.783222,59.269834,58.703591,59.137119,41799500
2012-04-27,59.384861,59.676826,59.075191,59.491028,46003800
2012-04-30,59.314084,59.429100,59.022112,59.066353,37787700
2012-05-01,59.004421,59.836087,58.915940,59.163677,37643800
2012-05-02,58.871694,59.376005,58.730130,59.331764,38299300
2012-05-03,59.367142,59.411383,58.553168,58.703575,51297600
2012-05-04,58.163891,58.703593,57.234901,57.243744,107554000
2012-05-07,56.898689,57.571105,56.880996,57.296833,50267800
2012-05-08,56.934085,57.279139,56.164347,57.084492,72659700
2012-05-09,56.420932,57.226060,56.190893,56.907547,85715300
2012-05-10,57.164122,57.181815,56.580183,56.792526,49448900
2012-05-11,56.597886,57.385319,56.544799,56.783684,47099900
2012-05-14,56.297049,56.695190,56.164334,56.252811,46360000
2012-05-15,56.403229,56.863299,55.969697,56.067020,66908600
2012-05-16,56.261682,56.429784,55.571572,55.686588,52825900
2012-05-17,55.704273,55.792751,54.501004,54.509853,62253900
2012-05-18,54.677939,54.819500,53.757792,53.802032,79496500
2012-05-21,53.908220,55.359220,53.837437,55.306133,61473000
2012-05-22,55.465387,55.695426,54.846060,55.244198,62954800
2012-05-23,54.775279,55.483084,54.297510,55.350372,56951100
2012-05-24,55.430007,55.483091,54.580638,54.987629,83131200
2012-05-25,55.040697,55.138021,54.757576,54.916832,32078900
2012-05-29,55.429986,55.872364,55.102623,55.615784,44216700
2012-05-30,55.111475,55.341510,54.571773,55.146866,56431800
2012-05-31,55.076104,55.217664,54.492164,54.908001,55260100
2012-06-01,53.917048,54.253256,53.430432,53.448128,71430800
2012-06-04,53.598541,53.934746,53.120772,53.855118,74119500
2012-06-05,53.669322,54.182482,53.642780,54.076309,47916900
2012-06-06,54.483310,55.359217,54.430223,55.314980,58781800
2012-06-07,55.898920,55.898920,55.049555,55.093792,38414800
2012-06-08,55.005304,55.695416,54.819506,55.624634,39730800
2012-06-11,56.049301,56.075846,54.651388,54.686779,51008900
2012-06-12,54.943382,55.376914,54.571786,55.350372,48802600
2012-06-13,55.191118,55.606951,54.784127,54.969929,50840100
2012-06-14,54.961077,55.394609,54.677955,55.173420,65170600
2012-06-15,55.326841,55.938728,55.300238,55.858917,41536100
2012-06-18,55.628330,56.523989,55.539652,56.382103,32191200
2012-06-19,56.665887,57.206829,56.621544,56.967392,36476500
2012-06-20,57.091523,57.260015,56.586056,57.011715,51389700
2012-06-21,56.967385,57.029460,55.530786,55.592861,42492700
2012-06-22,55.779097,56.249095,55.628341,56.178150,29504200
2012-06-25,55.717025,55.734758,54.936649,55.096272,33136400
2012-06-26,55.282493,55.601738,55.034193,55.442116,30611100
2012-06-27,55.654937,56.027391,55.592862,55.779091,35705800
2012-06-28,55.362298,55.397770,54.573055,55.158337,49793400
2012-06-29,56.222473,56.896435,56.053980,56.896435,44761300
2012-07-02,56.976275,57.091555,56.639294,57.064953,33425600
2012-07-03,57.100398,57.543793,57.011720,57.543793,15895100
2012-07-05,57.490599,57.863050,57.180224,57.579277,37016200
2012-07-06,57.313235,57.366447,56.444185,56.860977,40684100
2012-07-09,56.798889,56.985114,56.470775,56.754547,35628300
2012-07-10,57.064939,57.206828,55.974187,56.195885,47365700
2012-07-11,56.124943,56.275696,55.424378,55.885509,43432000
2012-07-12,55.442108,55.592861,54.856827,55.362297,57680400
2012-07-13,55.513055,56.328904,55.477586,56.204754,32357200
2012-07-16,56.080604,56.328904,55.823434,56.045132,27621400
2012-07-17,56.399847,56.524001,55.539663,56.337772,42467800
2012-07-18,56.231357,57.268903,56.213620,57.100410,44489700
2012-07-19,57.499451,57.916244,57.393041,57.730019,53017800
2012-07-20,57.712299,57.730032,56.940789,56.967392,40573100
2012-07-23,55.858914,56.470798,55.433252,56.275703,48657800
2012-07-24,56.373248,56.453060,55.468722,55.832306,57269700
2012-07-25,55.397787,55.823446,55.114014,55.459862,46264400
2012-07-26,56.257960,56.515130,55.841171,56.195885,41928200
2012-07-27,56.603818,57.632492,56.435326,57.526081,42621000
2012-07-30,57.667957,57.916257,57.286637,57.481731,37821300
2012-07-31,57.570404,57.800971,57.410781,57.463993,34588300
2012-08-01,57.871928,57.889661,57.064946,57.295513,30920200
2012-08-02,56.860981,57.659086,56.674752,57.091541,40534900
2012-08-03,58.013805,58.421728,57.809847,58.173428,42117400
2012-08-06,58.474916,58.873968,58.350766,58.616798,23523600
2012-08-07,58.865131,59.343999,58.776454,59.104568,28223300
2012-08-08,58.953815,59.202115,58.856267,59.077965,20723500
2012-08-09,59.069077,59.335117,58.962660,59.255302,20726200
2012-08-10,59.042475,59.308508,58.891723,59.290775,20312000
2012-08-13,59.273048,59.441540,58.971543,59.432671,19890300
2012-08-14,59.654351,59.778508,59.290771,59.459263,24218700
2012-08-15,59.414925,59.698697,59.406055,59.610020,29100400
2012-08-16,59.831739,60.452489,59.760794,60.319469,35699900
2012-08-17,60.452487,60.594376,60.310604,60.585506,22584800
2012-08-20,60.541140,60.683030,60.301710,60.674160,26924000
2012-08-21,60.833795,61.082095,60.195305,60.434742,41391000
2012-08-22,60.301743,60.798344,60.133251,60.683064,44555700
2012-08-23,60.408133,60.603221,60.026813,60.186436,28800400
2012-08-24,60.044567,60.700789,59.947019,60.558907,38384800
2012-08-27,60.816052,60.895860,60.523409,60.656429,20671400
2012-08-28,60.603217,60.824915,60.399259,60.656429,27337900
2012-08-29,60.656429,60.807182,60.399259,60.656429,26672400
2012-08-30,60.390403,60.417006,59.947008,60.044556,24425400
2012-08-31,60.479069,60.700767,59.831716,60.443604,42128000
2012-09-04,60.328318,60.612090,59.787376,60.381523,32017200
2012-09-05,60.354942,60.612112,60.159847,60.319469,26129300
2012-09-06,60.691899,61.676236,60.674160,61.658497,43100000
2012-09-07,61.516661,61.676283,61.392511,61.569866,32958600
2012-09-10,61.410233,61.543253,60.736271,60.780613,25490000
2012-09-11,60.789481,61.028911,60.585516,60.683064,29810100
2012-09-12,60.904751,61.020031,60.487959,60.860409,42203400
2012-09-13,60.913594,61.951136,60.851519,61.685097,45417800
2012-09-14,61.906787,62.456599,61.889054,62.234901,38880300
2012-09-17,62.270394,62.288127,62.039827,62.261524,31798400
2012-09-18,62.101930,62.341368,62.093061,62.314758,27169800
2012-09-19,62.305854,62.589627,62.128492,62.430004,36484600
2012-09-20,62.128548,62.430060,61.960062,62.367985,42520200
2012-09-21,62.679215,62.732572,62.323486,62.385738,23678500
2012-09-24,61.869947,62.127850,61.736548,62.021130,32341600
2012-09-25,62.181185,62.323479,61.122900,61.149578,41299600
2012-09-26,61.069535,61.105109,60.340294,60.651554,32770400
2012-09-27,60.802727,61.629793,60.696006,61.487499,25339500
2012-09-28,61.282959,61.469715,60.927230,60.980587,30112600
2012-10-01,61.274093,61.656501,60.696034,60.891685,37715300
2012-10-02,61.158476,61.345239,60.589313,61.069546,33254300
2012-10-03,61.238512,61.576451,60.998392,61.460842,38236000
2012-10-04,61.558684,61.843266,61.363033,61.674294,26128600
2012-10-05,61.985519,62.074456,61.185137,61.345215,25207900
2012-10-08,60.989508,61.114012,60.642674,60.784962,30911500
2012-10-09,60.624882,60.776065,59.673311,59.815605,67974000
2012-10-10,59.797815,59.966788,59.406519,59.513233,45134300
2012-10-11,59.957877,60.002346,59.290888,59.326462,30469400
2012-10-12,59.317569,59.637724,59.184177,59.299786,24891200
2012-10-15,59.522123,59.815600,59.166394,59.735558,22220100
2012-10-16,59.824491,60.651558,59.806708,60.580418,33960600
2012-10-17,60.269167,60.740512,60.189132,60.544861,33439400
2012-10-18,60.349193,60.544844,59.619952,59.842281,61707600
2012-10-19,59.771142,59.824499,58.339337,58.410484,75362600
2012-10-22,58.383794,58.864027,58.250394,58.712837,38621500
2012-10-23,58.232615,58.650589,57.974712,58.152573,52591200
2012-10-24,58.481619,58.579444,57.859091,57.948029,39872400
2012-10-25,58.348219,58.446045,57.779056,57.948029,52688700
2012-10-26,57.948038,58.357124,57.494484,58.117004,54213100
2012-10-31,58.045847,58.152567,57.565620,57.761265,38524500
2012-11-01,58.125902,58.695065,57.956929,58.579456,26945000
2012-11-02,58.846240,58.881813,57.903564,57.956921,44083000
2012-11-05,57.965809,58.454937,57.841305,58.339321,28094700
2012-11-06,58.437154,58.846240,58.214824,58.446049,29608400
2012-11-07,57.823512,57.894659,56.827480,57.067593,70737800
2012-11-08,57.227668,57.361068,56.169380,56.169380,58585800
2012-11-09,56.204950,57.014230,56.169376,56.409492,51542100
2012-11-12,56.738550,56.800802,56.249425,56.400608,32663700
2012-11-13,55.964843,56.542901,55.831443,56.009308,43288300
2012-11-14,56.285004,56.347256,55.262285,55.351219,82655300
2012-11-15,55.386781,55.573541,54.959909,55.164452,55124200
2012-11-16,55.208916,55.564642,54.524140,55.404564,70873100
2012-11-19,56.009306,56.765229,55.991519,56.720760,55306400
2012-11-20,56.702982,56.818595,56.196071,56.738556,52012700
2012-11-21,56.800796,56.934192,56.560680,56.854156,19611700
2012-11-23,57.174316,57.734584,57.138742,57.716801,16462900
2012-11-26,57.574510,58.001386,57.396649,57.965813,26430900
2012-11-27,57.956913,58.161459,57.672331,57.770157,25828600
2012-11-28,57.494481,58.312653,57.138752,58.268185,37295800
2012-11-29,58.579459,58.819572,58.321555,58.615032,41136100
2012-11-30,58.623888,58.668356,58.348201,58.517174,33497400
2012-12-03,58.970729,59.024093,58.374887,58.401566,28240000
2012-12-04,58.428268,58.490521,57.983609,58.366016,49584500
2012-12-05,58.277069,58.285964,57.405540,57.716801,54076200
2012-12-06,57.538933,58.232607,57.387750,58.090313,47512300
2012-12-07,58.374904,58.437156,57.547837,57.743488,30089400
2012-12-10,57.583410,58.214826,57.583410,57.912460,33219600
2012-12-11,58.312629,58.997401,58.268160,58.668358,40750800
2012-12-12,58.979645,58.979645,58.383803,58.543880,45917700
2012-12-13,58.428255,58.837347,57.832413,58.081421,45467700
2012-12-14,57.690130,57.876886,57.334401,57.530052,39630300
2012-12-17,57.583407,58.312648,57.503371,58.294865,42302900
2012-12-18,58.588325,59.273104,58.428247,59.184174,55596000
2012-12-19,59.353146,59.370937,58.890704,58.926277,34832500
2012-12-20,59.032991,59.059676,58.632800,58.926277,40754300
2012-12-21,58.020371,58.378081,57.769976,58.306538,51152900
2012-12-24,58.154517,58.252887,58.056146,58.190289,11418300
2012-12-26,58.235005,58.288659,57.492757,57.680553,21751300
2012-12-27,57.734205,57.805749,56.875705,57.591125,52933200
2012-12-28,57.152942,57.617964,57.009859,57.036686,33082100
2012-12-31,56.974077,58.351257,56.857825,58.243942,57544000
2013-01-02,59.674775,60.121911,59.451207,60.095078,70695900
2013-01-03,60.095091,60.220288,59.603245,59.782097,47366500
2013-01-04,59.808926,59.808926,59.442278,59.585358,33972500
2013-01-07,59.433331,59.701615,59.245535,59.603245,26766200
2013-01-08,59.594284,59.755253,59.173975,59.486969,28734900
2013-01-09,59.576394,59.871499,59.513795,59.710529,25600300
2013-01-10,60.121929,60.157694,59.513823,60.068268,37528000
2013-01-11,60.041435,60.175577,59.916238,60.148750,21158600
2013-01-14,59.844680,60.050365,59.621112,59.880451,36768500
2013-01-15,59.585358,59.674790,59.317080,59.585358,31675300
2013-01-16,59.665824,60.032472,59.558509,59.826794,33822300
2013-01-17,60.068260,60.345489,59.969889,60.112976,32024200
2013-01-18,59.934127,60.041442,59.710559,59.978844,31992000
2013-01-22,60.041426,60.121914,59.674778,60.077198,32123100
2013-01-23,60.417017,60.622702,60.327591,60.443844,31975700
2013-01-24,59.612175,60.166619,59.522742,59.612175,42596300
2013-01-25,59.799992,60.086158,59.683732,59.916245,39240100
2013-01-28,59.925183,60.256059,59.853640,60.050381,32926100
2013-01-29,59.978857,60.193481,59.585375,60.059345,35554700
2013-01-30,60.166614,60.345472,59.799966,59.934101,34445000
2013-01-31,59.907285,60.229223,59.746315,59.799976,34870500
2013-02-01,60.220285,60.613767,59.978834,60.506458,53120800
2013-02-04,60.157691,60.327604,59.433332,59.451221,48483700
2013-02-05,59.710545,60.515391,59.567465,60.327595,35120300
2013-02-06,60.130848,60.408077,59.951996,60.130848,43593200
2013-02-07,60.202411,60.247127,59.522762,60.184528,46017900
2013-02-08,60.488566,60.926757,60.479621,60.801559,39837200
2013-02-11,60.837333,60.864160,60.613765,60.819450,17650400
2013-02-12,60.738980,60.855240,60.506474,60.569073,22057900
2013-02-13,60.747908,61.016193,60.604821,60.783680,23494700
2013-02-14,60.506433,60.855199,60.470662,60.765766,24478800
2013-02-15,60.756851,60.908875,60.417023,60.586937,25333600
2013-02-19,60.703189,61.043017,60.685306,61.025127,23436500
2013-02-20,61.007262,61.034089,60.077218,60.086163,38200300
2013-02-21,59.862577,59.925176,59.227645,59.442268,45855600
2013-02-22,59.782099,60.050384,59.549587,60.041439,21968000
2013-02-25,60.425960,60.640583,59.245521,59.299175,40927600
2013-02-26,59.379671,59.630066,58.986189,59.522751,42088800
2013-02-27,59.522743,60.497503,59.442261,60.130848,36339500
2013-02-28,60.139799,60.577991,59.996713,60.005657,28557300
2013-03-01,59.799980,60.363369,59.504869,60.256054,31617200
2013-03-04,60.059315,60.533279,59.978827,60.524334,19380500
2013-03-05,60.882040,61.499083,60.882040,61.418602,35581900
2013-03-06,61.606400,61.624289,61.186091,61.266579,29071100
2013-03-07,61.338126,61.525929,61.212929,61.427559,21775900
2013-03-08,61.633250,61.722675,61.257657,61.499107,26159900
2013-03-11,61.418597,61.695819,61.230801,61.677937,23187900
2013-03-12,61.499090,61.642176,61.159269,61.454380,27575400
2013-03-13,61.534859,61.606403,61.159267,61.373890,34297300
2013-03-14,61.588523,61.713721,61.445436,61.579578,31530800
2013-03-15,61.623495,61.659349,61.255991,61.408375,30752600
2013-03-18,60.843690,61.524912,60.709244,61.273937,36163000
2013-03-19,61.462159,61.578681,60.610637,61.157406,33125100
2013-03-20,61.587658,61.722111,61.300829,61.587658,28035400
2013-03-21,61.022945,61.175322,60.745075,60.888493,30050800
2013-03-22,61.139487,61.524915,61.067778,61.480095,28837200
2013-03-25,61.677278,61.811731,60.960209,61.255997,24909800
2013-03-26,61.489060,61.605589,61.354607,61.587658,19725200
2013-03-27,61.166375,61.713144,61.076742,61.668331,22539500
2013-03-28,61.668302,61.901346,61.524884,61.820679,23662800
2013-04-01,61.865520,61.928264,61.229118,61.399426,28112800
2013-04-02,61.695222,62.089608,61.641437,61.883453,29431900
2013-04-03,61.919284,62.008917,61.166354,61.318737,35131200
2013-04-04,61.291877,61.489073,61.005048,61.336697,32287400
2013-04-05,60.368624,60.915393,60.225212,60.825760,55610800
2013-04-08,60.852654,61.166373,60.673389,61.148449,17891600
2013-04-09,61.309755,61.811704,61.031885,61.560730,30931400
2013-04-10,61.775866,62.896293,61.740012,62.761841,55271300
2013-04-11,62.609483,62.878388,62.537774,62.734970,37233600
2013-04-12,62.582580,62.734957,62.215084,62.690144,32783700
2013-04-15,62.457099,62.555697,61.381492,61.453194,48795800
2013-04-16,61.802781,62.340592,61.677294,62.268883,27682600
2013-04-17,61.731061,61.748985,60.691301,61.049839,60204800
2013-04-18,61.211188,61.247043,59.947343,60.207283,56798200
2013-04-19,60.323825,61.157423,60.234185,61.031929,43062800
2013-04-22,61.247050,61.883452,61.022965,61.659367,34412100
2013-04-23,62.008914,62.475009,61.686230,62.250923,53078300
2013-04-24,62.098557,62.448130,61.955146,62.224045,44500700
2013-04-25,62.385380,62.788738,62.376415,62.555687,26437100
2013-04-26,62.403314,62.537759,62.089589,62.358494,24079800
2013-04-29,62.555701,63.174179,62.528812,62.932163,31664000
2013-04-30,63.012832,63.398259,62.779781,63.389294,30135800
2013-05-01,63.407232,63.505830,62.968026,63.093513,28537200
2013-05-02,63.201070,64.025703,63.147285,63.891251,31744200
2013-05-03,64.509690,64.841332,64.455911,64.644142,34061700
2013-05-06,64.760674,64.993724,64.706895,64.895126,19244300
2013-05-07,65.002702,65.047522,64.617275,64.859291,25838100
2013-05-08,64.823409,65.226760,64.715845,65.172981,24252100
2013-05-09,65.047512,65.522572,64.957879,65.083366,29337200
2013-05-10,65.217851,65.504680,65.101322,65.477791,20663700
2013-05-13,65.370218,65.719791,65.307474,65.558449,29730100
2013-05-14,65.576363,66.096236,65.549467,65.899040,36009800
2013-05-15,65.773546,66.096229,65.612204,66.033485,27214400
2013-05-16,66.087294,66.418936,65.925952,65.961800,27253400
2013-05-17,66.302419,66.625102,66.087299,66.598213,31114500
2013-05-20,66.472722,66.714731,66.230706,66.499611,25132400
2013-05-21,66.463740,66.813313,66.230689,66.571297,25900000
2013-05-22,66.651977,67.180815,65.648071,65.988686,59843200
2013-05-23,65.406071,66.060397,65.280584,65.836311,48222100
2013-05-24,65.397088,65.818369,65.217822,65.800446,26430300
2013-05-28,66.571282,66.813298,66.024520,66.230675,27057100
2013-05-29,65.970763,66.150035,65.540523,65.916985,32090300
2013-05-30,65.943887,66.580289,65.925964,66.266571,32390500
2013-05-31,66.015582,66.517531,65.585334,65.657043,38347600
2013-06-03,65.666011,65.791498,64.922045,65.773567,47613100
2013-06-04,65.907990,66.167930,65.164025,65.432930,35251900
2013-06-05,65.217853,65.468828,64.527666,64.581451,48654200
2013-06-06,64.671041,64.904092,64.061528,64.895126,62524100
2013-06-07,65.164039,65.854225,65.002697,65.782516,31969800
2013-06-10,65.908001,66.114162,65.665991,65.809402,25390000
2013-06-11,65.155098,65.737715,64.931012,65.155098,40278900
2013-06-12,65.531553,65.558442,64.303562,64.402161,42081900
2013-06-13,64.312527,65.361246,64.133262,65.217834,28221500
2013-06-14,65.217860,65.289562,64.689015,64.787613,27690700
2013-06-17,65.298525,65.791516,65.074440,65.415054,32441900
2013-06-18,65.504649,66.078307,65.486718,65.952820,24853100
2013-06-19,65.970758,66.042467,65.146125,65.217834,43145100
2013-06-20,64.464904,64.680031,63.452040,63.667160,60908400
2013-06-21,63.643789,63.814635,62.798560,63.329079,51558900
2013-06-24,62.807535,63.185188,62.178114,62.699638,41492300
2013-06-25,63.302082,63.409979,62.771564,63.158211,28897400
2013-06-26,63.697743,63.841614,63.472948,63.724724,23742300
2013-06-27,64.057396,64.399087,63.958486,63.994453,23545000
2013-06-28,63.796622,64.462018,63.652757,64.084358,28301100
2013-07-01,64.515979,65.010529,64.417069,64.480011,24942800
2013-07-02,64.453040,64.902629,64.156310,64.506989,23067900
2013-07-03,64.273218,65.073485,64.219262,64.767761,18847500
2013-07-05,65.136430,65.289288,64.614905,65.262314,28795900
2013-07-08,65.604022,65.630996,65.082497,65.325279,20558500
2013-07-09,65.630955,65.864743,65.325238,65.720871,26108600
2013-07-10,65.657932,66.197444,65.621971,66.098534,25598900
2013-07-11,66.808876,67.465272,66.763915,67.411324,47768900
2013-07-12,67.456286,67.753016,67.276453,67.708061,31412600
2013-07-15,67.779979,67.905863,67.591153,67.860909,19783600
2013-07-16,67.914876,67.968825,67.600165,67.771011,31747100
2013-07-17,67.977824,68.103709,67.753030,67.941856,24631500
2013-07-18,67.932864,68.103703,67.663108,67.771011,36278800
2013-07-19,67.186523,67.204504,66.871813,67.069626,37732400
2013-07-22,67.321388,67.420298,67.060626,67.267433,21135900
2013-07-23,67.393370,67.402363,66.718986,66.772942,24739500
2013-07-24,67.429334,67.456308,66.835880,66.988739,24426900
2013-07-25,67.303420,67.492246,66.952741,67.411324,23162200
2013-07-26,67.141583,67.779998,67.033686,67.771011,20885600
2013-07-29,67.636156,67.923892,67.465310,67.645149,20958400
2013-07-30,67.887908,68.292535,67.753030,68.004799,24104600
2013-07-31,68.139662,68.526309,68.004784,68.130669,25007600
2013-08-01,68.598242,68.921946,68.526306,68.823036,16880000
2013-08-02,68.832056,69.227690,68.679191,69.209709,18105300
2013-08-05,69.173701,69.308579,69.038823,69.254623,15462800
2013-08-06,69.164738,69.227681,68.562291,68.841034,23675400
2013-08-07,68.643221,68.850035,68.220613,68.715157,20281200
2013-08-08,69.092792,69.218684,68.607243,69.056831,19994000
2013-08-09,68.939936,69.182718,68.580264,68.778084,18558500
2013-08-12,68.517312,69.065810,68.508325,68.939926,20515900
2013-08-13,69.029846,69.479435,68.535303,69.326576,23917000
2013-08-14,69.299584,69.398494,68.966886,69.065796,29921000
2013-08-15,68.292522,68.328490,67.699069,67.896889,39406600
2013-08-16,67.905910,68.220628,67.753052,67.869949,23825000
2013-08-19,67.878890,68.454363,67.735025,67.753006,29586900
2013-08-20,67.878921,68.364477,67.824972,68.049767,18842800
2013-08-21,67.833936,68.418396,67.564180,67.815948,30705100
2013-08-22,68.112710,68.526331,68.076743,68.481377,17269500
2013-08-23,68.966900,69.029843,68.697151,68.939926,20697300
2013-08-26,68.993886,69.488430,68.832034,68.975899,27525500
2013-08-27,68.157631,68.499316,67.402319,67.564171,40068900
2013-08-28,67.483289,68.112711,67.483289,67.824974,20490400
2013-08-29,67.806970,68.643199,67.708060,68.301514,27287900
2013-08-30,68.373439,68.373439,67.618127,67.860909,26228500
2013-09-03,68.418413,68.733131,67.923869,68.247574,27241500
2013-09-04,68.481355,69.092789,68.274541,68.975899,27142900
2013-09-05,69.020875,69.290624,68.993901,69.092804,17809700
2013-09-06,69.326580,69.542380,68.382448,69.173721,27715100
2013-09-09,69.470448,70.099869,69.443474,69.982979,25161900
2013-09-10,70.387634,70.423602,70.063929,70.324692,27619400
2013-09-11,69.857090,70.234743,69.767167,70.189781,28132900
2013-09-12,70.207756,70.360614,70.000942,70.144814,18332700
2013-09-13,70.216755,70.261717,69.812128,70.189781,16932500
2013-09-16,70.783240,70.783240,69.839101,70.000954,25704300
2013-09-17,70.153811,70.558445,70.117850,70.468529,27174300
2013-09-18,70.576441,71.457638,70.432576,71.313766,31714700
2013-09-19,71.538575,71.655473,71.358742,71.484627,26435700
2013-09-20,71.654189,71.735362,71.203251,71.239326,26328900
2013-09-23,71.536935,71.618107,70.761319,71.095016,30319400
2013-09-24,71.248334,71.473803,70.860526,71.095016,21871300
2013-09-25,71.149100,71.248307,70.707182,70.851479,22746400
2013-09-26,71.140081,71.572985,71.113026,71.401627,22421700
2013-09-27,70.986763,71.437702,70.878535,71.311440,25151600
2013-09-30,70.571895,71.329469,70.346426,71.140076,28031900
2013-10-01,71.149149,71.897709,71.113073,71.861633,33129700
2013-10-02,71.374574,71.933741,71.302422,71.834534,25503800
2013-10-03,71.744333,71.897651,70.616987,70.995773,42998200
2013-10-04,70.995785,71.708269,70.932654,71.609062,22852700
2013-10-07,70.977764,71.563986,70.950709,71.013840,20227100
2013-10-08,71.013810,71.076941,69.615904,69.642960,43660700
2013-10-09,69.805316,69.841392,68.858342,69.426529,64526700
2013-10-10,70.175086,71.058929,70.157052,70.896591,48062700
2013-10-11,70.716210,71.509860,70.707190,71.455750,25214100
2013-10-14,71.013849,71.960823,70.959738,71.960823,31471900
2013-10-15,71.906683,72.249394,71.591020,71.681213,38684000
2013-10-16,72.014926,72.528996,71.960815,72.492920,46735900
2013-10-17,72.168229,72.934830,72.105098,72.907768,32193500
2013-10-18,73.575186,74.116312,73.367751,74.089256,39628200
2013-10-21,74.260585,74.440965,74.017082,74.251572,31176900
2013-10-22,74.540174,74.765644,73.890821,74.359795,43944800
2013-10-23,73.999037,74.134313,73.548099,73.908844,38021300
2013-10-24,73.953986,74.386891,73.845759,74.233566,23155100
2013-10-25,74.927994,75.108367,74.404903,74.765656,35824500
2013-10-28,74.774662,74.900925,74.449986,74.783676,28618400
2013-10-29,75.036197,75.090315,74.585259,74.909935,36878100
2013-10-30,75.171474,75.297736,74.477032,74.837784,33535500
2013-10-31,74.648386,75.126387,74.386848,74.666428,31309900
2013-11-01,74.918931,75.009117,74.314675,74.684441,30867800
2013-11-04,74.909959,74.918979,74.531172,74.792717,16834000
2013-11-05,74.504097,75.054243,74.287648,74.873863,27975600
2013-11-06,75.189532,75.216587,74.612331,74.855835,25576800
2013-11-07,74.864869,74.973090,73.385790,73.448921,52173200
2013-11-08,73.719421,74.458960,73.511993,74.440926,31470500
2013-11-11,74.332760,74.531174,74.080235,74.323746,24822900
2013-11-12,74.098215,74.549153,74.062139,74.440926,20108500
2013-11-13,73.953950,75.351863,73.953950,75.342842,31345900
2013-11-14,75.144450,75.631465,74.982112,75.577354,31101200
2013-11-15,75.595379,75.721642,75.405986,75.721642,20511300
2013-11-18,75.703606,75.856924,74.837805,74.982101,31679600
2013-11-19,74.937008,75.297760,74.639393,74.765656,25545300
2013-11-20,74.964052,75.243632,74.368810,74.585258,32177400
2013-11-21,74.900924,75.405973,74.837793,75.342842,28125000
2013-11-22,75.469100,75.775735,75.414990,75.748680,25361300
2013-11-25,76.019241,76.100406,75.739661,75.929054,21695100
2013-11-26,75.947118,76.515298,75.784780,76.325905,26621000
2013-11-27,76.479238,76.876059,76.416106,76.858025,21638100
2013-11-29,77.164623,77.417148,77.083457,77.317947,16708900
2013-12-02,77.408139,77.525381,76.975235,77.092484,26354600
2013-12-03,77.038372,77.236786,76.731737,77.029358,37147000
2013-12-04,76.704688,77.354034,76.461177,77.101509,37193200
2013-12-05,77.164627,77.254820,76.812895,77.002289,39829300
2013-12-06,77.651641,77.723793,77.191682,77.561455,36842900
2013-12-09,77.877098,78.039436,77.741815,77.877098,22590000
2013-12-10,77.750854,77.967302,77.669688,77.823006,26965900
2013-12-11,77.813971,77.922198,76.713679,76.821907,36830600
2013-12-12,76.848966,77.038360,76.569387,76.623497,33662600
2013-12-13,76.984251,77.020327,76.398030,76.524292,34072000
2013-12-16,76.903062,77.390076,76.848951,76.948158,24902500
2013-12-17,76.948186,77.137579,76.650565,76.794868,24454900
2013-12-18,76.885036,77.759858,75.802786,77.687706,68387200
2013-12-19,77.561446,77.570467,77.128542,77.471260,44964100
2013-12-20,77.617842,78.423062,77.563560,78.260208,40475400
2013-12-23,78.902589,79.083542,78.667354,79.083542,28181800
2013-12-24,79.101644,79.174025,78.956882,79.119736,13852500
2013-12-26,79.264474,79.445419,79.110669,79.382088,15241100
2013-12-27,79.481611,79.526851,79.083529,79.183044,15827400
2013-12-30,79.065430,79.174001,78.839244,79.065430,18983700
2013-12-31,79.210198,79.581139,79.183050,79.581139,24890500
2014-01-02,79.210197,79.237338,78.730678,78.956863,29177500
2014-01-03,78.956849,79.029230,78.368772,78.386864,35723700
2014-01-06,78.405005,78.495478,77.807872,78.097389,32073100
2014-01-07,78.459231,78.938743,78.314469,78.821129,25860600
2014-01-08,78.839245,79.210193,78.667342,78.993050,27197400
2014-01-09,79.282607,79.291656,78.459294,78.730713,23674700
2014-01-10,78.920662,79.074466,78.332578,78.983994,38008900
2014-01-13,78.875434,79.146859,77.518320,77.816887,48842300
2014-01-14,78.079266,79.363998,78.079266,79.300667,37178900
2014-01-15,79.644449,80.105869,79.563025,79.952065,39835600
2014-01-16,79.888762,80.078757,79.762098,79.961136,31630100
2014-01-17,79.716822,79.952057,79.318733,79.508728,36895800
2014-01-21,80.015407,80.151113,79.445415,80.114929,26412700
2014-01-22,80.323029,80.522073,80.087794,80.323029,29376900
2014-01-23,80.078769,80.087812,79.490685,80.051628,35011900
2014-01-24,79.662565,79.780180,78.450207,78.477348,63974600
2014-01-27,78.477334,78.613047,77.129270,77.717354,63519300
2014-01-28,77.355484,77.753572,77.183580,77.672142,44378800
2014-01-29,77.002629,77.572614,76.685971,76.839775,51939300
2014-01-30,77.780696,78.531634,77.699265,78.260208,65833600
2014-01-31,77.391658,78.423064,77.310228,78.052116,45187000
2014-02-03,77.907389,78.260238,76.061713,76.260757,65596900
2014-02-04,76.649775,77.129287,76.414540,76.821678,37675500
2014-02-05,76.568308,76.894015,75.763088,76.622597,41721800
2014-02-06,76.848808,77.699261,76.830710,77.599739,32308600
2014-02-07,78.034011,79.038276,77.807826,78.983994,38359400
2014-02-10,78.956874,79.472577,78.902592,79.436394,30205400
2014-02-11,79.608272,80.494922,79.517799,80.341118,38635500
2014-02-12,80.503922,80.675819,80.250589,80.494873,32507200
2014-02-13,79.906861,81.155403,79.888769,81.092072,40454500
2014-02-14,81.064895,81.435843,80.820618,81.254890,33212400
2014-02-18,81.390631,81.806812,81.191587,81.653008,29546600
2014-02-19,81.499210,81.689205,80.929218,81.092072,41749900
2014-02-20,81.146346,81.625858,80.802539,81.472054,41814800
2014-02-21,81.734420,81.852041,81.263957,81.363480,31192200
2014-02-24,81.553483,82.168708,81.463010,81.797768,31500400
2014-02-25,81.915392,82.078246,81.444922,81.707298,26771700
2014-02-26,81.924413,82.186782,81.309188,81.634895,42953700
2014-02-27,81.646715,82.246320,81.519526,82.164558,28742400
2014-02-28,82.146397,82.636987,81.346921,82.073715,48609800
2014-03-03,81.301466,81.683041,80.738202,81.464996,38885700
2014-03-04,82.355338,82.655144,82.273570,82.500694,33189000
2014-03-05,82.636973,82.873184,82.464356,82.727821,27203300
2014-03-06,82.918594,82.982189,82.355330,82.655136,24063900
2014-03-07,82.918602,83.000370,81.828407,82.246315,31167800
2014-03-10,82.200890,82.364420,81.792062,82.318993,18131700
2014-03-11,82.518875,82.727826,81.719393,81.964691,27484300
2014-03-12,81.592224,82.319025,81.292425,82.273598,27977200
2014-03-13,82.582449,82.609702,80.738199,81.110680,48542000
2014-03-14,80.847222,81.201536,80.520163,80.556503,38732300
2014-03-17,81.074368,81.683067,81.028947,81.265152,28467200
2014-03-18,81.365071,82.346250,81.337817,82.246315,31250200
2014-03-19,82.273602,82.364457,81.265168,81.801186,40869400
2014-03-20,81.546810,82.273604,81.383280,82.028313,31634500
2014-03-21,82.498126,82.543657,80.886410,81.041206,62754000
2014-03-24,81.332595,81.396335,79.593399,80.330963,77735300
2014-03-25,80.749828,81.268856,79.921201,80.595032,41723300
2014-03-26,80.995696,81.177815,79.547884,79.556992,40930400
2014-03-27,79.447717,79.802841,78.673729,79.110802,64784500
2014-03-28,79.365766,80.139754,79.047059,79.265602,39895100
2014-03-31,79.884794,80.367398,79.784630,79.830154,33924300
2014-04-01,80.221683,81.287054,79.866559,81.232422,38683800
2014-04-02,81.578445,81.660400,81.077632,81.441864,34631600
2014-04-03,81.523821,81.660408,80.330969,80.795364,30319100
2014-04-04,81.332603,81.414558,78.436973,78.646408,131213200
2014-04-07,78.154725,78.883182,77.353414,77.899765,83995800
2014-04-08,77.990802,78.728366,77.717627,78.619095,51495700
2014-04-09,78.910457,80.012252,78.701022,79.966721,45685200
2014-04-10,80.021366,80.021366,77.271431,77.489967,73659600
2014-04-11,76.797960,77.799599,76.406419,76.588531,93657400
2014-04-14,77.262331,77.599247,76.479236,77.189484,46500700
2014-04-15,77.471751,77.890615,75.832713,77.444435,84631500
2014-04-16,78.118257,78.473381,77.480850,78.473381,46970900
2014-04-17,78.172900,78.883148,77.972572,78.491600,53719500
2014-04-21,78.673708,79.074356,78.309476,79.074356,25947900
2014-04-22,79.347521,79.902972,79.210933,79.702644,38593400
2014-04-23,79.702674,79.729990,78.956002,79.001534,34376700
2014-04-24,80.303644,80.321853,78.901358,79.757294,48926300
2014-04-25,79.283825,79.374881,78.291301,78.482521,44334000
2014-04-28,78.855807,79.320202,77.499052,78.737434,58623800
2014-04-29,78.974213,79.511449,78.591766,79.365761,36742700
2014-04-30,79.001550,79.657166,78.801223,79.575211,38689400
2014-05-01,79.702679,80.267238,79.502351,79.811951,37127200
2014-05-02,80.085101,80.230796,79.475017,79.666237,40074200
2014-05-05,79.192761,80.103337,79.001541,80.085121,27924400
2014-05-06,79.957618,80.003150,79.010619,79.047043,33698500
2014-05-07,79.210960,79.292915,77.881521,78.819412,67489100
2014-05-08,78.537154,79.702690,78.355042,78.746590,46556900
2014-05-09,78.701033,79.092581,78.172898,79.037949,35081500
2014-05-12,79.511453,80.367396,79.438606,80.340080,38951100
2014-05-13,80.412908,80.686083,80.239903,80.394699,30311900
2014-05-14,80.148835,80.449326,79.784610,79.975830,26483600
2014-05-15,79.957595,80.094183,78.837591,79.347511,59680300
2014-05-16,79.438621,79.912124,78.892277,79.866592,66804100
2014-05-19,79.629824,80.549508,79.493244,80.422028,32017000
2014-05-20,80.385590,80.676974,79.802823,80.130630,33716000
2014-05-21,80.276346,80.941062,80.230814,80.895531,36837700
2014-05-22,80.986581,81.478292,80.859101,81.250648,30617100
2014-05-23,81.332602,81.860737,81.150489,81.842522,22687300
2014-05-27,82.206743,82.880567,82.133895,82.862358,29725200
2014-05-28,82.835028,82.953400,82.543644,82.607384,30468100
2014-05-29,82.898792,83.144645,82.734888,83.135544,33036100
2014-05-30,83.153738,83.272110,82.707558,83.144630,29906400
2014-06-02,83.244795,83.263011,82.534548,83.062683,30409900
2014-06-03,82.789509,83.162848,82.680244,83.026260,21774500
2014-06-04,82.816856,83.472472,82.689376,83.335884,20118300
2014-06-05,83.408703,84.191799,83.126427,84.037003,35583100
2014-06-06,84.346626,84.519638,84.182723,84.519638,22680600
2014-06-09,84.537805,84.665292,84.228213,84.455856,23399500
2014-06-10,84.383004,84.647072,84.282840,84.601547,20626000
2014-06-11,84.310191,84.701739,84.228242,84.583366,22878200
2014-06-12,84.401249,84.492305,83.527098,83.818481,35275900
2014-06-13,84.182696,84.273759,83.700092,84.064323,39447100
2014-06-16,83.918625,84.383014,83.736506,84.137161,25212300
2014-06-17,84.073436,84.410345,83.936849,84.182701,19977900
2014-06-18,84.264672,84.774592,83.754752,84.656219,34514000
2014-06-19,84.783660,84.838292,84.219100,84.601547,38422200
2014-06-20,84.637146,84.792365,84.481934,84.701057,25897500
2014-06-23,84.691948,84.746727,84.463692,84.719337,20837900
2014-06-24,84.710212,85.431501,84.390656,84.637169,31945800
2014-06-25,84.445452,85.321953,84.436327,85.175873,32818600
2014-06-26,85.230621,85.239753,84.564119,85.221489,22563900
2014-06-27,85.111925,85.614083,85.084535,85.595825,22877800
2014-06-30,85.577591,85.951927,85.522805,85.741936,19751900
2014-07-01,86.043230,86.910606,86.006709,86.682350,31862500
2014-07-02,86.737145,86.956268,86.654976,86.828445,18777300
2014-07-03,87.111466,87.376236,86.874078,87.376236,15291700
2014-07-07,87.275795,87.385360,86.947114,87.111458,23266400
2014-07-08,86.947133,87.011045,85.705422,86.061501,40612400
2014-07-09,86.289758,86.801048,86.043238,86.700615,29919000
2014-07-10,85.586741,86.782806,85.486308,86.426727,44245300
2014-07-11,86.645844,86.983658,86.381067,86.983658,19566300
2014-07-14,87.376221,87.704910,87.230141,87.504044,19579000
2014-07-15,87.641021,87.768843,86.581919,87.202774,39467500
2014-07-16,87.832755,87.924063,87.458420,87.549721,22052600
2014-07-17,87.312292,87.622723,86.116235,86.390144,43111500
2014-07-18,86.837543,87.805344,86.737110,87.759697,36682200
2014-07-21,87.577088,87.796218,87.239274,87.650131,29750700
2014-07-22,88.061005,88.344047,87.969705,88.207092,25770400
2014-07-23,88.517511,88.873589,88.353166,88.773163,28947500
2014-07-24,88.928367,89.028800,88.544899,88.672722,24707200
2014-07-25,88.216270,88.444526,87.860192,88.325829,29898900
2014-07-28,88.417099,88.581443,87.668421,88.353188,25603400
2014-07-29,88.544921,88.745780,88.124924,88.197968,27022200
2014-07-30,88.690987,88.855331,88.197954,88.544907,35348500
2014-07-31,87.814519,87.960599,86.627587,86.755409,50047900
2014-08-01,86.572761,87.047529,85.860605,86.435806,60708000
2014-08-04,86.618440,87.367118,86.298876,87.029297,33230500
2014-08-05,86.682341,86.928854,85.961053,86.362778,50331100
2014-08-06,85.824090,86.837545,85.751047,86.298859,34431900
2014-08-07,86.700621,86.864965,85.723687,86.024986,33274700
2014-08-08,86.161943,86.746277,85.796732,86.645844,40236900
2014-08-11,86.983636,87.431022,86.919724,87.157112,28277500
2014-08-12,87.065803,87.348838,86.673204,87.120583,28152300
2014-08-13,87.476664,88.079262,87.431017,88.042740,27996500
2014-08-14,88.161439,88.517517,88.042749,88.499260,25006600
2014-08-15,89.010529,89.138351,88.088381,88.928360,55205500
2014-08-18,89.394036,89.695328,89.266206,89.613159,38938300
2014-08-19,89.823129,90.170081,89.768349,90.115295,21363400
2014-08-20,90.042259,90.297904,89.960083,90.115295,23435600
2014-08-21,90.160958,90.343560,90.024003,90.297913,19339500
2014-08-22,90.334450,90.617485,90.133584,90.434883,24692000
2014-08-25,90.863999,91.010085,90.535317,90.754440,24124700
2014-08-26,90.891372,90.946151,90.635720,90.845718,20100400
2014-08-27,90.873123,90.973556,90.672257,90.863991,15589100
2014-08-28,90.553574,90.873131,90.462274,90.763573,23563900
2014-08-29,90.964425,91.220077,90.635736,91.101379,17906300
2014-09-02,91.320496,91.393539,90.991814,91.366150,18326800
2014-09-03,91.612685,91.612685,90.663147,90.827492,25950700
2014-09-04,91.037452,91.503095,90.517029,90.745285,24663500
2014-09-05,90.882241,91.256577,90.416598,91.201797,30798200
2014-09-08,91.229195,91.603538,90.955293,91.375282,25571300
2014-09-09,91.384390,91.722211,90.443978,90.617455,36449200
2014-09-10,90.736162,91.402672,90.480517,91.366150,31080100
2014-09-11,90.973550,91.338760,90.608339,91.293106,28691900
2014-09-12,91.210960,91.238349,90.544450,90.827492,30444400
2014-09-15,90.927884,90.937016,89.677048,89.950951,32972200
2014-09-16,89.613184,90.909675,89.521883,90.736198,38166900
2014-09-17,90.717903,91.302237,90.325304,90.873116,37196500
2014-09-18,91.156160,91.567024,91.055734,91.557892,30196700
2014-09-19,91.940465,92.031983,91.135096,91.501175,46918000
2014-09-22,91.281504,91.290658,90.256490,90.650024,48658000
2014-09-23,90.283928,90.805588,90.219865,90.402901,33989600
2014-09-24,90.494408,91.418756,90.183245,91.372993,35959000
2014-09-25,91.080156,91.199136,89.414502,89.451111,68642500
2014-09-26,89.743960,90.567636,89.588378,90.402901,56106200
2014-09-29,89.506007,90.531020,89.460244,90.283920,33342700
2014-09-30,90.531021,90.878799,89.981906,90.412048,41834300
2014-10-01,90.155797,90.247315,88.682334,88.966042,58164900
2014-10-02,88.929433,89.240603,87.831203,88.966042,54501300
2014-10-03,89.487725,90.210729,89.176562,89.844650,41627800
2014-10-06,90.128356,90.348000,89.377896,89.652451,36038700
2014-10-07,89.231456,89.487710,88.371171,88.380325,45154000
2014-10-08,88.426083,90.384598,87.913569,90.100883,64931600
2014-10-09,89.981912,90.210711,88.508449,88.645729,62497100
2014-10-10,88.124070,88.618276,86.412654,86.430962,77579400
2014-10-13,86.275372,86.934313,85.003252,85.076469,80835900
2014-10-14,85.607278,86.183847,84.847665,85.085617,71814500
2014-10-15,83.804394,84.893478,82.587183,84.536552,108847800
2014-10-16,82.751895,84.728719,82.724441,84.005714,93165800
2014-10-17,85.113075,85.927598,84.618869,85.113075,69546700
2014-10-20,85.103934,86.458425,84.930052,86.385208,41479300
2014-10-21,87.455967,88.654877,87.236323,88.654877,53609800
2014-10-22,88.929463,89.048443,88.142395,88.197311,39178000
2014-10-23,89.085019,90.018521,88.929437,89.524315,48123800
2014-10-24,89.716486,90.320518,89.359561,90.256454,43157600
2014-10-27,90.082581,90.485269,89.707348,90.320534,29545700
2014-10-28,90.741502,91.702452,90.677439,91.684151,34495100
2014-10-29,91.382182,91.629289,90.695786,91.345573,40552800
2014-10-30,90.933703,91.757379,90.732359,91.537727,35935800
2014-10-31,93.056951,93.121014,92.498682,92.800697,54254100
2014-11-03,92.965438,93.322363,92.828157,93.075256,33481000
2014-11-04,92.782392,93.002044,92.132605,92.764091,22773300
2014-11-05,93.377317,93.377317,92.452969,92.773293,25818600
2014-11-06,92.764116,93.093586,92.361428,93.066132,24671900
2014-11-07,93.230848,93.267457,92.498690,92.983742,20931700
2014-11-10,93.029540,93.432220,92.782433,93.313248,20360000
2014-11-11,93.331533,93.606087,93.075272,93.606087,15454000
2014-11-12,93.230874,93.871508,93.230874,93.770836,22050300
2014-11-13,93.944709,94.521279,93.734211,94.173508,28027800
2014-11-14,94.146045,94.466362,93.834876,94.466362,19251300
2014-11-17,94.246734,94.457225,93.734220,94.182671,23361600
2014-11-18,94.265042,95.015502,94.255888,94.887375,26336800
2014-11-19,94.786700,94.786700,94.017940,94.457230,23760200
2014-11-20,94.054520,94.960568,93.981310,94.878197,22874000
2014-11-21,95.720191,95.811716,94.759241,95.061256,34049100
2014-11-24,95.317469,95.848283,95.235098,95.802521,17928300
2014-11-25,95.948982,96.232697,95.701883,95.948982,17526000
2014-11-26,96.040497,96.626221,95.939825,96.571304,18973800
2014-11-28,96.827570,97.239405,96.763507,97.019760,17360400
2014-12-01,96.754370,96.937406,95.564614,95.921539,35969500
2014-12-02,96.022178,96.479775,95.820834,96.305893,26031300
2014-12-03,96.452335,96.617070,95.875765,96.479790,32974300
2014-12-04,96.388289,96.809278,96.031364,96.434052,31008800
2014-12-05,96.589611,96.736038,96.232685,96.443176,25622200
2014-12-08,96.196102,96.617091,95.253453,95.756805,32685800
2014-12-09,94.640275,96.132040,94.301651,96.058823,46035100
2014-12-10,95.884927,96.122880,94.374862,94.548744,39330100
2014-12-11,94.823318,96.132047,94.805011,94.997208,47576000
2014-12-12,94.091132,95.171061,93.953858,93.963005,46889400
2014-12-15,94.448053,94.795831,92.727490,92.992897,52968400
2014-12-16,92.407216,93.780008,91.482867,91.501175,65348600
2014-12-17,91.565181,93.432171,91.446201,93.166771,79715300
2014-12-18,94.502979,95.418173,94.246726,95.409019,49840900
2014-12-19,95.507309,96.214631,95.268470,95.828819,51419900
2014-12-22,95.672665,96.095222,95.626732,96.067665,33869200
2014-12-23,96.416729,96.425917,95.617541,95.727776,30156900
2014-12-24,95.847178,96.177876,95.782876,95.810440,14291300
2014-12-26,96.086000,96.692283,96.058443,96.490189,13924300
2014-12-29,96.398364,96.683130,96.343243,96.471848,17073800
2014-12-30,96.196262,96.416726,95.700215,95.828819,18604000
2014-12-31,95.994165,96.370796,94.708117,94.845909,24367100
2015-01-02,95.314397,95.718578,94.101840,94.561142,31314600
2015-01-05,94.147783,94.258018,92.907668,93.174065,36521300
2015-01-06,93.311838,93.467999,91.511374,91.924744,66205500
2015-01-07,92.531023,93.330204,92.310553,93.109741,37577400
2015-01-08,93.899759,95.075571,93.798712,94.891853,40212600
2015-01-09,95.185801,95.213358,93.716028,94.267197,41410100
2015-01-12,94.450896,94.551943,93.045432,93.284271,34129800
2015-01-13,94.193725,95.185820,92.503489,93.256744,56162300
2015-01-14,92.319760,93.219996,91.924760,92.742317,51354200
2015-01-15,93.174048,93.321021,91.428698,91.538933,51005400
2015-01-16,91.419520,92.733125,91.272547,92.613708,35362200
2015-01-20,93.174058,93.587427,92.126849,93.348595,30964100
2015-01-21,93.073000,94.267189,92.742302,93.826256,40128800
2015-01-22,94.193697,95.663463,93.366952,95.562416,40887200
2015-01-23,95.553227,96.067650,95.277650,95.773697,34783000
2015-01-26,95.663483,95.838020,95.176623,95.663483,19960900
2015-01-27,94.156969,94.212083,92.870921,93.183250,45253200
2015-01-28,94.680544,94.781591,92.687175,92.705544,43591700
2015-01-29,92.632066,93.771140,91.823697,93.596603,46539700
2015-01-30,93.513930,94.230441,92.742299,92.870903,42927600
2015-02-02,93.082196,93.761962,91.630800,93.679291,43624700
2015-02-03,94.019172,94.643823,93.403709,94.579521,30750400
2015-02-04,94.193708,95.121500,93.982426,94.496849,34073200
2015-02-05,94.735690,95.378717,94.496857,95.314415,23605500
2015-02-06,95.461386,95.691037,94.395808,94.735687,34169300
2015-02-09,94.368269,94.882686,94.202920,94.432571,22604700
2015-02-10,94.956167,96.030933,94.809187,95.902328,23686500
2015-02-11,96.012534,96.471836,95.828816,96.251373,20303600
2015-02-12,96.876031,97.408823,96.729058,97.372078,22520300
2015-02-13,97.647666,98.226384,97.463941,98.208015,29030200
2015-02-17,98.208014,98.364175,97.959987,98.299873,17675300
2015-02-18,98.180437,98.492767,98.051833,98.437653,15149600
2015-02-19,98.373362,98.988832,98.345805,98.924530,19828100
2015-02-20,98.860231,99.641044,98.547902,99.585930,28336700
2015-02-23,99.530820,99.714545,99.310357,99.686981,17868000
2015-02-24,99.558358,99.879875,99.255224,99.760452,19745000
2015-02-25,99.613468,99.999280,99.291951,99.512421,19472300
2015-02-26,99.613481,100.072783,99.337897,100.017662,22255500
2015-02-27,99.980910,100.045219,99.420568,99.576729,27757600
2015-03-02,99.769637,100.513704,99.751261,100.476959,22988600
2015-03-03,100.173825,100.274872,99.374637,100.008476,20788900
2015-03-04,99.677794,99.824767,99.080700,99.622673,21007400
2015-03-05,99.879873,100.100337,99.383826,99.797195,15381000
2015-03-06,99.668604,99.861510,98.419301,98.667328,30990400
2015-03-09,98.869386,99.200085,98.465205,98.952065,26237100
2015-03-10,98.244732,98.272296,97.114853,97.114853,34234500
2015-03-11,97.261850,97.381273,96.517782,96.554527,25459700
2015-03-12,96.481040,97.298598,96.416738,97.188370,21473200
2015-03-13,97.096514,97.482333,96.159540,96.765816,42021100
2015-03-16,97.124043,98.051828,97.022996,98.015083,25674100
2015-03-17,97.748730,98.327449,97.519079,98.171288,19603800
2015-03-18,97.904846,99.585894,97.399611,99.135773,40622200
2015-03-19,99.236850,99.558361,99.089877,99.282784,31314000
2015-03-20,100.100361,100.422611,99.907011,99.925423,31761400
2015-03-23,99.870195,100.146406,99.695257,99.732086,17268500
2015-03-24,99.722894,100.183253,99.354613,99.373024,22445300
2015-03-25,99.529524,99.621594,97.062002,97.098831,41581400
2015-03-26,96.297797,97.319793,95.975547,96.767365,47846300
2015-03-27,96.748965,97.384255,96.601647,97.154076,33878400
2015-03-30,97.743319,98.350989,97.743319,98.268127,30570200
2015-03-31,97.991927,98.194486,97.200109,97.227730,30488100
2015-04-01,97.227711,97.246130,96.095233,96.721321,32970500
2015-04-02,96.813425,97.098845,96.472757,96.785805,19164200
2015-04-06,96.214957,97.844623,96.067639,97.577621,24451100
2015-04-07,97.522354,98.240513,97.411873,97.411873,19379400
2015-04-08,97.448673,98.323358,97.439471,98.185249,25866900
2015-04-09,98.139237,98.838984,97.807785,98.802155,23114700
2015-04-10,98.765343,99.216500,98.544373,99.207291,17164300
2015-04-13,99.280944,99.787334,98.848206,98.958694,17783500
2015-04-14,98.857411,99.142831,98.111625,98.673264,23755700
2015-04-15,98.931052,99.501899,98.811361,99.290131,21128600
2015-04-16,99.023139,99.326970,98.885030,99.152039,16195300
2015-04-17,98.203707,98.470709,97.181711,97.605240,46514000
2015-04-20,98.093203,99.244099,98.056373,99.069160,28945900
2015-04-21,99.640002,99.814940,99.372993,99.492683,22759800
2015-04-22,99.750507,100.201664,99.106008,100.035934,21429200
2015-04-23,99.695256,100.864570,99.676844,100.413414,29473200
2015-04-24,101.472224,101.914171,101.306494,101.776062,32508100
2015-04-27,102.153570,102.346927,101.297303,101.518280,31121300
2015-04-28,101.591931,101.785287,100.459452,101.315720,36849200
2015-04-29,100.754087,101.343345,100.127999,100.680428,34043900
2015-04-30,100.109550,100.514661,98.571948,99.096756,44080500
2015-05-01,99.483466,100.468632,99.465047,100.404182,32874300
2015-05-04,100.726451,101.196019,100.514683,100.569931,23507300
2015-05-05,100.174035,100.358175,98.885029,98.931061,47843300
2015-05-06,99.106008,99.391428,97.596032,98.249741,42687200
2015-05-07,98.222095,99.115192,98.148436,98.838974,29335800
2015-05-08,99.860986,100.284515,99.713675,100.072754,33023300
2015-05-11,100.137207,100.339766,99.612398,99.686050,19679300
2015-05-12,99.096777,99.741283,98.332587,99.234886,33665000
2015-05-13,99.667618,100.183218,99.290121,99.437439,20738400
2015-05-14,100.247706,100.975073,99.879424,100.892212,23904200
2015-05-15,101.150012,101.288121,100.643614,100.892212,23937400
2015-05-18,100.726452,101.536681,100.652793,101.334122,17631100
2015-05-19,101.444618,101.601138,101.057919,101.223648,14212900
2015-05-20,101.297296,101.895763,100.754076,101.288094,21131900
2015-05-21,101.113157,101.951013,100.965846,101.812904,16771800
2015-05-22,101.693206,102.079912,101.628756,101.711624,13543800
2015-05-26,101.490650,101.628751,100.137194,100.542305,25488400
2015-05-27,100.846162,102.273277,100.625192,102.162788,30572700
2015-05-28,101.969416,102.208805,101.619546,101.932587,17302400
2015-05-29,101.868140,102.006249,101.085532,101.324921,30383000
2015-06-01,101.868147,101.941806,100.836942,101.665588,24570200
2015-06-02,101.288105,101.840534,100.790917,101.343346,19449600
2015-06-03,101.803676,102.024646,101.398558,101.647156,20507200
2015-06-04,101.076361,101.720868,100.551552,100.873802,31374600
2015-06-05,100.754098,100.993486,100.017521,100.634407,22641700
2015-06-08,100.588362,100.662021,99.409845,99.612404,24549200
2015-06-09,99.372996,99.805734,98.700870,99.446655,27554600
2015-06-10,99.787322,101.103948,99.676840,100.809319,30297900
2015-06-11,101.149984,101.416993,100.781696,100.956635,17593500
2015-06-12,100.422612,100.634380,99.989874,100.127983,27201800
2015-06-15,99.382208,99.787319,98.802152,99.630798,31238800
2015-06-16,99.529535,100.339771,99.483504,100.174042,16456900
2015-06-17,100.339760,100.772491,99.833362,100.450241,23296700
2015-06-18,100.818544,102.089131,100.763303,101.914200,43032400
2015-06-19,101.964008,102.047067,101.336480,101.410309,27877600
2015-06-22,102.157799,102.462336,101.927090,102.157799,19120900
2015-06-23,102.268536,102.333134,101.816349,102.240852,18127900
2015-06-24,102.120916,102.554643,101.687183,101.714867,15815900
2015-06-25,102.111693,102.213205,101.345738,101.511848,18326700
2015-06-26,101.493361,101.724070,100.459784,100.838142,32311700
2015-06-29,99.721516,100.275223,98.411093,98.457237,50874900
2015-06-30,99.195519,99.407774,98.503393,98.807930,34809900
2015-07-01,99.786110,99.989135,99.130898,99.592316,21293000
2015-07-02,99.878410,99.961462,99.315480,99.620010,20499400
2015-07-06,98.992493,99.961473,98.780245,99.389313,24311000
2015-07-07,99.500047,99.730756,97.663608,99.638474,44230800
2015-07-08,98.927912,99.047885,97.719000,97.903564,39691500
2015-07-09,99.204743,99.297025,97.838945,97.848175,28381000
2015-07-10,99.149360,99.712290,98.789456,99.343155,26415800
2015-07-13,100.201398,101.170370,100.192168,101.087318,25780700
2015-07-14,101.225754,102.028616,101.170380,101.751770,21977200
2015-07-15,101.945562,102.259322,101.576427,101.862503,28631500
2015-07-16,102.702272,103.320570,102.499248,103.302116,29838900
2015-07-17,104.132673,104.824799,103.957339,104.824799,35926800
2015-07-20,105.046281,105.563066,104.723290,105.184708,26539000
2015-07-21,105.221623,105.387733,104.815580,105.120117,35468900
2015-07-22,103.514370,104.437204,103.514370,103.929649,35575000
2015-07-23,104.031154,104.372598,103.274430,103.542046,25698300
2015-07-24,104.095778,104.280342,102.370074,102.526955,30844700
2015-07-27,101.945556,102.388512,101.456454,101.677933,35994800
2015-07-28,102.130139,102.757667,101.318046,102.554642,33553500
2015-07-29,102.776120,103.163709,102.379300,102.942230,26714100
2015-07-30,102.702310,103.606685,102.084012,103.431351,25438100
2015-07-31,103.754304,103.809672,103.099092,103.311340,22081700
2015-08-03,103.329817,103.615893,102.305469,102.988365,25001800
2015-08-04,102.942220,103.126784,102.370060,102.794563,22132300
2015-08-05,103.366725,104.280330,103.246752,103.588203,28989900
2015-08-06,103.680504,103.818931,101.465699,101.927116,42125400
2015-08-07,101.677947,102.037852,100.958137,101.797913,30006800
2015-08-10,102.443900,103.182164,102.434670,102.960686,21500800
2015-08-11,102.416214,102.813034,101.078100,101.641029,36123300
2015-08-12,100.939661,102.194716,99.869176,101.991692,41889000
2015-08-13,102.093215,102.582323,101.604114,101.825592,22510500
2015-08-14,101.585671,102.130140,101.382646,101.982491,17924900
2015-08-17,101.733329,102.859189,101.474936,102.831505,21224900
2015-08-18,102.693055,102.776113,102.167039,102.305466,13984400
2015-08-19,101.991733,102.536210,101.041214,101.631828,42511400
2015-08-20,100.690507,101.013498,98.807924,98.817154,57747300
2015-08-21,97.423684,98.254237,94.498299,94.498299,97763400
2015-08-24,86.958740,94.618266,78.201031,90.862328,150829900
2015-08-25,94.193776,94.812074,90.447068,90.520889,75088300
2015-08-26,93.169413,95.264253,91.296060,95.079681,104103800
2015-08-27,96.454666,97.552841,95.310353,97.488243,69377700
2015-08-28,96.971471,97.820478,96.759216,97.469803,49919600
2015-08-31,96.925314,97.460560,96.020940,96.260872,39549400
2015-09-01,93.861516,95.319597,92.864853,93.252449,73155500
2015-09-02,94.941258,95.901007,93.852312,95.882553,43963600
2015-09-03,96.260894,96.916106,95.144265,95.411888,45131800
2015-09-04,94.101446,94.913538,93.750764,94.276787,49379600
2015-09-08,96.085572,97.054544,95.688752,96.934578,37343500
2015-09-09,98.078885,98.106569,95.596457,95.845627,47146700
2015-09-10,95.734884,97.525186,95.624149,96.888428,47686700
2015-09-11,96.445480,97.423683,96.168627,97.423683,29106100
2015-09-14,97.783569,97.802029,96.759222,97.128357,19718800
2015-09-15,97.359070,98.577212,96.999165,98.272675,30020200
2015-09-16,98.291131,98.918659,97.949680,98.826370,31329100
2015-09-17,98.724854,100.339815,98.411087,98.863274,56139800
2015-09-18,97.346164,98.613518,97.290654,97.457169,48384000
2015-09-21,97.993706,98.567258,96.883613,97.762436,35772600
2015-09-22,96.263815,96.596845,95.403491,96.300819,47359700
2015-09-23,96.559845,96.818874,95.875288,96.374832,21775100
2015-09-24,95.440518,96.384104,94.607944,96.023323,38284300
2015-09-25,97.050151,97.142657,94.617185,95.209236,44700000
2015-09-28,94.802195,94.866951,92.221221,92.498741,44077500
2015-09-29,92.730016,93.673602,91.351649,92.017708,49315500
2015-09-30,93.331302,94.237883,92.970521,94.136124,41411400
2015-10-01,94.302678,94.570952,93.053814,94.561699,39339100
2015-10-02,93.248047,96.217552,92.952022,96.217552,59370900
2015-10-05,96.929881,97.854961,96.717116,97.595940,32853500
2015-10-06,97.364678,97.688454,96.374842,97.133408,33051500
2015-10-07,97.743952,97.928966,96.476590,97.716194,37389300
2015-10-08,97.346179,98.271259,96.402593,98.104744,50188900
2015-10-09,98.151005,98.733810,97.882731,98.548790,23916200
2015-10-12,98.733781,98.974297,98.382246,98.789284,16162000
2015-10-13,98.225001,99.224090,98.058487,98.150993,26999600
2015-10-14,98.150983,98.641274,97.586684,97.993721,30902600
2015-10-15,98.354514,99.612623,98.225003,99.603371,38393800
2015-10-16,99.816104,100.075125,99.335059,100.019623,27091100
2015-10-19,99.890145,100.657956,99.668121,100.593201,23776300
2015-10-20,100.417455,100.630219,99.732890,100.075172,23404700
2015-10-21,100.583937,100.685689,99.427587,99.464584,30195200
2015-10-22,100.352657,101.573762,100.065878,101.490501,42778700
2015-10-23,104.219523,104.756064,103.673722,104.330528,53170900
2015-10-26,104.256531,104.598813,103.858746,104.395294,25918000
2015-10-27,104.117764,104.756064,104.090005,104.608055,31390500
2015-10-28,104.765322,105.477631,103.923496,105.477631,42221900
2015-10-29,104.996572,105.486864,104.885560,105.311096,24913300
2015-10-30,105.357368,105.533135,104.811574,104.839325,27199200
2015-11-02,105.116863,106.152956,104.894846,106.023445,22176900
2015-11-03,105.810628,106.772712,105.653366,106.393433,20418400
2015-11-04,106.744962,106.818970,105.958645,106.402679,28633000
2015-11-05,106.495207,106.754228,105.560874,106.115921,25004100
2015-11-06,105.912422,106.310207,105.237118,106.189949,29924900
2015-11-09,105.792162,105.930926,104.413795,105.061348,33479800
2015-11-10,104.506288,104.894820,104.191757,104.793060,35452100
2015-11-11,105.079835,105.588631,104.487784,104.663551,22748800
2015-11-12,104.238001,104.746798,103.571942,103.645950,31196900
2015-11-13,103.211193,103.322206,101.555299,101.610802,52836000
2015-11-16,101.509030,103.090916,101.277760,103.072411,33980600
2015-11-17,103.248166,103.877220,102.878132,103.137154,30579500
2015-11-18,103.553434,105.218573,103.451674,105.116814,32966500
2015-11-19,105.172336,105.671880,104.987315,105.190834,26188100
2015-11-20,105.690389,105.986414,105.588629,105.903160,22727600
2015-11-23,105.940160,106.328699,105.144598,105.597885,20696200
2015-11-24,104.913336,105.755155,104.386033,105.505386,26374400
2015-11-25,105.662640,105.792151,105.375868,105.597885,14159900
2015-11-27,105.829149,105.958659,105.385107,105.745888,8828000
2015-11-30,106.060436,106.060436,105.135355,105.477631,25041600
2015-12-01,105.903164,106.532219,105.773647,106.532219,28639400
2015-12-02,106.615479,107.078019,105.718150,105.875412,22395500
2015-12-03,106.162195,106.347208,103.460956,104.080765,42754300
2015-12-04,104.395261,106.689462,104.182497,106.513695,40037300
2015-12-07,106.587708,106.652463,105.523865,106.032661,25892100
2015-12-08,104.922593,106.384221,104.885589,106.041939,30792600
2015-12-09,105.579379,106.162184,103.793974,104.432281,48509200
2015-12-10,104.672775,105.607108,104.358244,104.904045,30154600
2015-12-11,103.692201,103.969728,102.424846,102.489601,56022200
2015-12-14,102.628385,103.312942,101.185255,103.266685,53098500
2015-12-15,104.219513,104.793058,103.766218,103.895729,48428000
2015-12-16,104.598779,105.616366,103.507185,105.440605,44944100
2015-12-17,105.903160,105.903160,103.886485,103.904984,45668800
2015-12-18,103.582052,103.814028,101.911827,101.911827,53746100
2015-12-21,102.876876,103.062455,102.115994,103.043900,26432800
2015-12-22,103.591346,103.869721,103.043886,103.721252,26540300
2015-12-23,104.259425,104.565636,104.073847,104.491402,25656900
2015-12-24,104.491424,104.760518,104.426471,104.472862,11468600
2015-12-28,104.222331,104.435753,103.470730,104.417191,19183600
2015-12-29,105.038892,106.291570,104.973938,106.059593,27725700
2015-12-30,105.966788,106.003905,105.085281,105.103836,19520100
2015-12-31,104.732673,104.927532,103.776924,103.795486,29886800
2016-01-04,101.559238,101.698426,100.325130,101.605637,50807600
2016-01-05,102.106672,102.236578,100.956072,101.429298,38795200
2016-01-06,99.666314,101.039610,99.666314,100.455032,41891100
2016-01-07,98.311527,99.554923,97.253716,97.309395,61386300
2016-01-08,98.014623,98.627044,96.409351,96.511421,69344000
2016-01-11,97.198076,97.485724,95.323710,96.808357,50024100
2016-01-12,97.736263,98.432192,96.576381,97.931122,46734200
2016-01-13,98.330125,98.571382,94.405082,94.553551,69870700
2016-01-14,94.924696,97.411482,93.412206,96.567085,78445700
2016-01-15,93.365836,94.590671,92.335860,93.569969,91443900
2016-01-19,94.841201,94.989670,92.679180,93.774109,56563800
2016-01-20,92.298740,94.488597,90.238789,93.486458,86675000
2016-01-21,93.885457,94.971104,92.623505,93.579247,61660100
2016-01-22,95.462914,96.325867,95.138149,96.288750,42229800
2016-01-25,95.945412,96.492872,94.776249,94.859764,38881500
2016-01-26,95.258761,96.121706,94.423645,95.713432,36143900
2016-01-27,95.156695,95.564968,92.929721,93.328720,54524700
2016-01-28,94.878316,94.915433,93.031786,94.646339,47641500
2016-01-29,94.618493,96.659882,94.590657,96.622765,54245100
2016-02-01,96.158819,97.244474,95.787663,96.882591,32750300
2016-02-02,96.437185,96.474302,94.497859,94.785515,44928100
2016-02-03,95.416496,95.416496,92.679171,94.330849,61572900
2016-02-04,94.080299,95.073157,93.198792,94.321556,49321600
2016-02-05,93.987524,94.024641,90.674903,91.046066,70749900
2016-02-08,89.348010,90.053220,88.002543,89.654221,91673100
2016-02-09,88.457245,90.730611,88.318058,89.375870,73778400
2016-02-10,90.405818,91.574980,89.654217,89.719170,59421700
2016-02-11,88.577828,90.303733,88.327297,89.589249,76839200
2016-02-12,90.600707,91.046104,89.756316,90.953308,49186500
2016-02-16,92.298750,93.003960,91.723446,93.003960,40565900
2016-02-17,93.681338,95.240220,93.440081,95.110313,41766500
2016-02-18,95.407243,95.425798,93.904034,94.024666,38991500
2016-02-19,93.569978,94.590680,93.365845,94.303024,28257900
2016-02-22,95.184507,95.926827,95.091718,95.834038,23979100
2016-02-23,95.277309,95.537121,94.191662,94.256615,29869700
2016-02-24,93.152384,95.277287,92.577080,95.156662,40739100
2016-02-25,95.351567,96.093887,94.497889,96.093887,29389300
2016-02-26,96.826907,96.845469,95.741260,95.973236,30925000
2016-02-29,95.880477,96.594961,95.110313,95.110313,27553900
2016-03-01,96.019672,98.163132,95.722743,98.163132,37699800
2016-03-02,98.042476,98.218773,97.439336,98.200218,29209800
2016-03-03,98.098156,98.125992,97.309438,98.014641,25474600
2016-03-04,98.125992,98.682734,97.402227,98.051758,31655400
2016-03-07,97.550686,98.116709,96.752687,97.448616,25861200
2016-03-08,96.780506,97.624896,96.474296,96.641319,28898500
2016-03-09,97.003226,97.281594,96.465039,97.263039,31047400
2016-03-10,97.671335,98.228077,95.861915,97.114594,44236100
2016-03-11,98.163091,98.812622,97.856881,98.812622,31454000
2016-03-14,98.441488,99.211652,98.413652,98.979675,25374900
2016-03-15,98.627043,99.053879,98.311552,98.942528,26524600
2016-03-16,98.701279,100.083856,98.673436,99.824043,31693100
2016-03-17,99.536388,100.000340,99.165231,99.768364,29623700
2016-03-18,100.008492,100.176011,99.394261,99.924736,37682300
2016-03-21,99.747888,100.408654,99.692051,100.315590,17288600
2016-03-22,99.747876,100.855360,99.729266,100.622696,18840300
2016-03-23,100.427304,100.501751,99.571093,99.794456,20912900
2016-03-24,99.310515,99.850299,99.142997,99.822380,19017300
2016-03-28,100.101563,100.120180,99.505942,99.682770,13892300
2016-03-29,99.496632,101.348639,99.329113,101.283493,29963900
2016-03-30,101.888407,102.409573,101.562671,101.776726,23807200
2016-03-31,101.702277,102.083850,101.469613,101.627823,21447200
2016-04-01,101.013593,102.744617,100.873993,102.707390,26389000
2016-04-04,102.707403,102.781857,102.074555,102.316528,17163000
2016-04-05,101.525447,101.907020,101.199718,101.330009,20107900
2016-04-06,101.432390,103.033123,101.432390,102.995895,25056000
2016-04-07,102.400281,102.586417,101.078749,101.516159,28567200
2016-04-08,102.149029,102.390995,101.088079,101.441727,22898000
2016-04-11,101.879125,102.390983,101.060142,101.069450,25772100
2016-04-12,101.143881,102.111766,100.529643,101.916328,28564100
2016-04-13,102.698088,103.377471,102.567796,103.219261,25356700
2016-04-14,103.237878,103.610142,102.372365,103.228569,17199700
2016-04-15,103.144822,103.358869,102.707412,102.967995,21353300
2016-04-18,102.670165,103.554287,102.605019,103.517067,17126100
2016-04-19,103.712517,103.712517,102.260685,102.884232,42481400
2016-04-20,102.884239,103.442632,102.530584,102.967995,18078300
2016-04-21,102.912142,103.349552,102.511958,102.977287,20216000
2016-04-22,101.637143,102.111781,100.622729,101.423096,39074000
2016-04-25,101.115977,101.432397,100.929841,101.423096,14351900
2016-04-26,101.637134,101.804653,100.622721,100.929832,19118300
2016-04-27,99.896792,100.352820,99.291871,100.120155,33059800
2016-04-28,100.231841,100.818160,98.714872,98.910309,29818200
2016-04-29,98.910303,99.115049,97.607381,98.389137,67502800
2016-05-02,98.640433,99.459417,98.230949,99.319817,24813800
2016-05-03,98.612500,99.059219,98.137863,98.398453,38569400
2016-05-04,97.802815,98.165778,97.523621,97.765594,27474500
2016-05-05,98.119267,98.333321,97.542256,97.737694,20788100
2016-05-06,97.253723,98.277445,97.160659,98.258835,30758500
2016-05-09,98.268149,98.994068,98.221620,98.538040,19289600
2016-05-10,98.891693,99.934026,98.714866,99.887497,21178900
2016-05-11,99.738579,100.036389,98.956830,98.984749,20966300
2016-05-12,99.217446,99.338429,97.849377,98.547371,29196300
2016-05-13,98.463595,99.068517,97.988958,98.184395,21059300
2016-05-16,98.333298,99.775813,98.240226,99.412857,18311900
2016-05-17,99.329117,99.617618,97.905204,98.165794,29932700
2016-05-18,97.942422,99.049907,97.756293,98.519432,27524400
2016-05-19,98.137852,98.379825,97.290957,98.007561,27334600
2016-05-20,98.398443,99.487311,98.342599,99.087128,29549600
2016-05-23,99.198806,99.552461,98.863776,98.956841,15729800
2016-05-24,99.505911,101.060108,99.477993,100.939125,29931300
2016-05-25,101.320723,101.972181,101.143896,101.665062,37951700
2016-05-26,101.767430,102.093159,101.525457,101.962868,21885900
2016-05-27,102.028026,102.502663,102.009416,102.493355,19870000
2016-05-31,102.632922,102.846976,102.167593,102.688759,24366100
2016-06-01,102.372376,102.930769,102.288620,102.698105,19571500
2016-06-02,102.493347,102.921449,101.934954,102.912148,15696600
2016-06-03,102.716693,102.763222,101.758110,102.428185,20269900
2016-06-06,102.614347,103.070368,102.437520,102.800476,12502400
2016-06-07,102.856268,102.958641,102.493313,102.539848,12184300
2016-06-08,102.716698,102.930745,102.335125,102.716698,14568700
2016-06-09,102.297890,102.660846,102.102453,102.549171,17571600
2016-06-10,101.618529,101.813966,101.032210,101.385864,32965000
2016-06-13,100.808832,101.376534,100.408649,100.538940,25154700
2016-06-14,100.269049,100.901896,99.803720,100.538940,24588500
2016-06-15,100.780932,100.920533,100.082939,100.250458,24605700
2016-06-16,99.757206,100.641328,99.115050,100.548264,32079900
2016-06-17,100.340168,100.480140,99.136421,99.369705,29208800
2016-06-20,100.526799,101.002693,99.920259,99.994911,20562800
2016-06-21,100.125570,100.517486,99.938939,100.312195,22804100
2016-06-22,100.368161,100.956041,99.985578,100.069557,22724200
2016-06-23,100.844076,101.515935,100.424167,101.497269,18714200
2016-06-24,97.886017,99.379034,97.102178,97.316803,68012700
2016-06-27,96.672973,96.672973,94.946671,95.385246,48222600
2016-06-28,96.439651,97.522093,96.392999,97.475433,28260600
2016-06-29,98.240622,99.407043,98.193970,99.201752,31356700
2016-06-30,99.369699,100.414814,99.033769,100.349495,36300800
2016-07-01,100.302854,101.226665,100.265528,100.853409,19902800
2016-07-05,100.321520,100.461491,99.696313,100.237534,21167900
2016-07-06,99.761626,101.105338,99.444356,101.058685,24579300
2016-07-07,101.152001,101.581243,100.881391,101.357292,19161700
2016-07-08,101.898524,102.980966,101.730559,102.924980,29457900
2016-07-11,103.270215,103.895415,103.260889,103.512833,20218500
2016-07-12,104.147364,104.315329,103.895413,104.035385,21906100
2016-07-13,104.278008,104.343328,103.774114,103.783447,21107800
2016-07-14,104.473971,104.688595,104.231353,104.492638,20871000
2016-07-15,104.735244,104.791237,104.091385,104.324669,17999300
2016-07-18,104.389990,105.201815,104.371324,105.015190,20713900
2016-07-19,104.651258,104.959195,104.445967,104.632591,18936700
2016-07-20,105.201819,106.050976,105.071180,105.855019,24997900
2016-07-21,105.929675,106.134966,105.323141,105.612411,18885400
2016-07-22,105.687042,106.172270,105.360445,106.050964,20003400
2016-07-25,105.966968,106.088280,105.705691,106.060287,12968100
2016-07-26,106.022948,106.564162,105.649692,106.181580,21223800
2016-07-27,107.077447,107.198752,106.470907,106.918816,27646100
2016-07-28,107.086762,107.413358,106.750832,107.292053,16939700
2016-07-29,107.534648,107.814592,107.189392,107.525322,22385300
2016-08-01,107.599975,108.365146,107.469336,108.094536,13990100
2016-08-02,107.935910,108.029222,106.582865,107.273384,21278400
2016-08-03,107.189415,107.637316,107.124096,107.627983,15011300
2016-08-04,107.590672,108.038574,107.338721,107.935928,12835300
2016-08-05,108.486482,109.214328,108.365170,108.971710,23196600
2016-08-08,109.027663,109.055663,108.505109,108.850372,12358200
2016-08-09,108.934376,109.447604,108.869057,109.102341,13276500
2016-08-10,109.167651,109.195644,108.533118,108.822395,14688400
2016-08-11,109.195644,109.522247,108.971693,109.288963,12969800
2016-08-12,109.102325,109.372935,108.981019,109.363602,19379000
2016-08-15,109.503581,110.082128,109.466255,109.830177,11777800
2016-08-16,109.624866,109.634193,109.204951,109.223618,14161400
2016-08-17,109.251652,109.456943,108.645111,109.419617,15980300
2016-08-18,109.316948,109.606218,109.130316,109.447586,10036300
2016-08-19,109.251652,109.662227,108.953048,109.419617,18743000
2016-08-22,109.260938,109.690187,109.055654,109.503555,14500600
2016-08-23,109.932823,110.119455,109.652887,109.699539,11997900
2016-08-24,109.624882,109.774180,108.626426,108.990349,17728700
2016-08-25,108.710419,109.148994,108.579780,108.813065,24266300
2016-08-26,108.850405,109.680896,108.318517,108.971710,23896000
2016-08-29,108.999690,109.410272,108.981030,109.121002,11184900
2016-08-30,108.943732,109.260995,108.393185,108.766434,19843300
2016-08-31,108.598464,108.766429,108.197215,108.654457,16169800
2016-09-01,108.691769,109.065018,108.159882,108.934380,20944700
2016-09-02,109.475588,109.699539,108.878381,109.288963,18088200
2016-09-06,109.475585,109.970146,109.232967,109.970146,18525200
2016-09-07,110.072772,110.222078,109.615538,110.035446,17546900
2016-09-08,109.708865,109.736858,109.102324,109.391602,20125300
2016-09-09,108.477128,108.719745,106.620188,106.638847,50813300
2016-09-12,106.041641,108.701079,106.032308,108.551781,39646000
2016-09-13,108.010564,108.327827,107.058767,107.581322,45863900
2016-09-14,107.693294,108.682416,107.665294,108.094536,28221800
2016-09-15,108.122529,109.942142,108.113196,109.774178,38521400
2016-09-16,109.656311,109.834054,109.179217,109.721794,27596500
2016-09-19,110.002437,110.339209,109.029550,109.244705,16222900
2016-09-20,109.637593,109.899531,109.263408,109.450500,18078600
2016-09-21,109.918254,110.685343,109.272774,110.526314,31546800
2016-09-22,111.171794,111.527279,111.059542,111.405663,22614400
2016-09-23,111.321476,111.321476,110.535681,110.694710,22213400
2016-09-26,110.067936,110.198902,109.609549,109.768578,16403900
2016-09-27,109.693728,110.909840,109.590825,110.853714,20238400
2016-09-28,110.994055,111.106308,110.470185,111.040825,14794300
2016-09-29,110.853722,111.059527,109.759218,110.236305,27207500
2016-09-30,110.526304,111.386939,110.414045,111.059525,25543200
2016-10-03,110.919227,111.040836,110.470196,110.900520,19216400
2016-10-04,111.227940,111.471165,110.311172,110.732140,21239700
2016-10-05,111.059540,111.480501,111.012763,111.125023,14481300
2016-10-06,110.984697,111.302762,110.526316,111.068893,11987100
2016-10-07,111.171812,111.330848,110.283114,110.825691,19984200
2016-10-10,111.396294,111.770485,111.349517,111.527260,19687300
2016-10-11,111.433731,111.452437,109.450522,109.936966,27774400
2016-10-12,110.039871,110.217613,109.506651,109.843422,14267800
2016-10-13,109.095023,109.749852,108.458900,109.450500,22821000
2016-10-14,109.993108,110.432783,109.516014,109.581497,21313300
2016-10-17,109.487941,109.731166,109.141812,109.282135,14182700
2016-10-18,110.582458,110.769557,110.198917,110.255043,19276700
2016-10-19,110.170796,110.404665,110.049187,110.245636,13702900
2016-10-20,110.133429,110.357941,109.478593,110.114716,18132200
2016-10-21,110.198899,110.591797,109.834065,110.526314,15707800
2016-10-24,111.237258,111.929507,111.218545,111.854668,19143000
2016-10-25,111.920144,111.938858,111.330798,111.499184,20341800
2016-10-26,110.778867,111.349507,110.414033,110.741447,20463700
2016-10-27,111.218556,111.312102,110.077276,110.236305,19099800
2016-10-28,109.918282,110.488922,109.207319,109.544090,35369300
2016-10-31,109.946312,109.946312,109.385028,109.441154,18749400
2016-11-01,109.628272,109.646979,107.673127,108.617958,23498700
2016-11-02,108.543123,108.795705,107.476682,107.747971,26960100
2016-11-03,107.570221,107.925706,106.569264,106.690880,36205200
2016-11-04,106.428918,107.149237,106.129566,106.316666,26997500
2016-11-07,108.037944,108.954713,107.860209,108.842453,26591200
2016-11-08,108.730221,110.049237,108.477639,109.553436,20777900
2016-11-09,108.271789,110.236283,108.140823,110.058548,70234400
2016-11-10,110.591797,110.741469,106.831185,108.281174,72825400
2016-11-11,107.813428,108.561811,107.429880,108.327942,41115200
2016-11-14,108.356026,108.458928,106.672169,107.233452,35906000
2016-11-15,108.047283,109.095016,107.888254,108.720825,31796600
2016-11-16,108.206347,109.441173,108.206347,109.366341,16538100
2016-11-17,109.310206,110.180198,109.085694,110.161491,20598600
2016-11-18,110.292455,110.479547,109.646975,109.749878,16428700
2016-11-21,110.021160,110.994054,109.983740,110.891151,20268500
2016-11-22,111.330846,111.499232,110.956655,111.227943,18850600
2016-11-23,110.863081,110.984690,110.292441,110.778885,22926000
2016-11-25,110.909835,111.181123,110.778869,111.134354,7162800
2016-11-28,110.994057,111.396312,110.769545,110.881798,13479000
2016-11-29,110.984690,111.798555,110.666632,111.265335,18553000
2016-11-30,111.405652,111.443072,109.880831,109.918251,30405300
2016-12-01,109.880826,109.890183,107.850848,108.019234,39796600
2016-12-02,108.084726,108.664722,107.785374,108.234398,32876800
2016-12-05,108.795694,109.506650,108.299886,109.076332,21419700
2016-12-06,109.385026,109.525348,108.879869,109.338249,27293300
2016-12-07,109.113723,110.863063,108.786309,110.722740,26622400
2016-12-08,110.769540,111.199858,110.554378,110.919212,18578400
2016-12-09,111.330819,111.826620,111.321463,111.789200,21863100
2016-12-12,111.293399,111.517911,110.825662,111.284042,23259300
2016-12-13,111.620831,113.295331,111.620831,112.687271,54477900
2016-12-14,112.827576,113.192410,112.125970,112.453384,28746000
2016-12-15,112.603063,113.295312,112.331775,112.631126,22762300
2016-12-16,112.907904,113.133087,111.988432,112.213608,26283900
2016-12-19,112.326203,113.367651,112.166704,112.673347,21138700
2016-12-20,113.029881,113.311349,112.898528,113.104942,11461800
2016-12-21,113.151853,113.226914,112.767178,113.020500,7079300
2016-12-22,113.029898,113.058044,112.260541,112.701515,16645000
2016-12-23,112.513829,112.823450,112.410622,112.776535,9007500
2016-12-27,113.020517,114.015050,112.973609,113.358284,16110600
2016-12-28,113.602235,113.705442,112.401287,112.476341,17975200
2016-12-29,112.448141,112.710847,111.960259,112.316788,13267500
2016-12-30,112.532612,112.541989,110.843775,111.162781,41749000
2017-01-03,111.903974,112.579508,111.547445,112.157303,22307600
2017-01-04,112.279300,112.973603,112.269922,112.767189,19749100
2017-01-05,112.682740,113.480243,112.682740,113.405190,20644300
2017-01-06,113.527155,114.699956,113.236302,114.399719,24074300
2017-01-09,114.493526,114.981416,114.418465,114.775002,18909200
2017-01-10,114.821921,115.375487,114.559215,115.028336,16176600
2017-01-11,115.075230,115.337936,114.484134,115.337936,20686000
2017-01-12,114.925093,115.234714,114.090059,115.159653,19622500
2017-01-13,115.216020,115.750817,115.216020,115.553787,16930800
2017-01-17,115.253519,115.431787,114.868844,115.206612,14538500
2017-01-18,115.375486,115.553754,115.084633,115.441162,12499700
2017-01-19,115.610064,116.013507,115.140943,115.384888,12710700
2017-01-20,115.891513,116.182373,115.328570,115.638191,22091000
2017-01-23,115.563134,115.900901,115.000191,115.732018,17434200
2017-01-24,115.957207,116.689041,115.760177,116.510773,17640900
2017-01-25,117.242574,117.711694,117.139367,117.683548,15036200
2017-01-26,117.843065,118.049479,117.599120,117.805534,16052200
2017-01-27,118.058862,118.143300,117.646034,118.030716,15053000
2017-01-30,117.636649,117.636649,116.463848,117.111237,25006700
2017-01-31,116.698388,116.904802,116.201121,116.876656,19091100
2017-02-01,117.702310,117.918108,117.148751,117.683548,22861900
2017-02-02,117.477138,117.936874,117.148755,117.580345,15101400
2017-02-03,117.702308,118.040075,117.589723,117.918106,16957200
2017-02-06,117.721093,118.077622,117.608502,118.058861,11630100
2017-02-07,118.302811,118.734408,118.190226,118.490463,17541100
2017-02-08,118.330963,118.856376,118.105780,118.687492,12569100
2017-02-09,118.809436,119.381763,118.743759,119.119057,17542700
2017-02-10,119.381762,119.681999,119.175348,119.513115,13915700
2017-02-13,119.879047,120.338783,119.832139,120.188675,19120200
2017-02-14,120.235551,120.601464,119.850876,120.592087,16333500
2017-02-15,120.507664,121.361467,120.441981,121.305161,17891400
2017-02-16,121.380223,121.624175,120.958018,121.267639,15098300
2017-02-17,121.089372,121.802444,121.070603,121.793053,15563700
2017-02-21,122.027596,122.468570,121.961926,122.393509,18479600
2017-02-22,122.280946,122.524883,122.074532,122.440445,12110900
2017-02-23,122.628109,122.628109,121.492845,121.980721,17489000
2017-02-24,121.427144,122.215263,121.389621,122.215263,18624500
2017-02-27,121.990058,122.374726,121.783644,122.365349,12008700
2017-02-28,122.337242,122.393534,121.652330,121.990097,16598600
2017-03-01,122.768799,123.547526,122.534238,123.322357,25813800
2017-03-02,123.294244,123.312999,122.553026,122.703148,19951400
2017-03-03,122.618723,122.965868,122.290333,122.928345,13722700
2017-03-06,122.524866,122.862634,122.168345,122.656219,12026200
2017-03-07,122.412336,122.984664,122.234068,122.449860,15500900
2017-03-08,122.524851,123.050264,122.402890,122.665596,15776000
2017-03-09,122.637453,122.928305,122.102649,122.759415,20855300
2017-03-10,123.322405,123.472527,122.740700,123.275490,21922600
2017-03-13,123.228551,123.510026,123.162882,123.481880,10731600
2017-03-14,123.200394,123.247309,122.684359,123.181625,14019700
2017-03-15,123.434977,124.232488,123.040918,123.941635,22709100
2017-03-16,124.176152,124.176152,123.575679,123.857140,18457300
2017-03-17,124.011382,124.143008,123.748129,123.813950,21234500
2017-03-20,123.776308,124.208803,123.597684,123.926743,10105200
2017-03-21,124.396852,124.509671,121.971154,122.046371,35841900
2017-03-22,122.083983,122.995971,121.924138,122.873741,29177900
2017-03-23,122.713911,123.052381,122.356633,122.563477,20311700
2017-03-24,122.958368,123.437861,122.347248,122.817345,22967600
2017-03-27,121.942929,123.231002,121.660869,123.014748,18472400
2017-03-28,123.014765,124.133596,122.742116,123.766922,23721900
2017-03-29,123.851535,124.387451,123.719908,124.340439,13710000
2017-03-30,124.293401,124.678883,124.180582,124.547256,16092400
2017-03-31,124.368637,124.801132,124.227614,124.462662,19841400
2017-04-03,124.566059,124.866913,123.691673,124.387421,23700300
2017-04-04,124.030213,124.603731,123.983200,124.584923,13400000
2017-04-05,124.763554,125.496903,123.842169,124.077217,32011200
2017-04-06,124.199429,124.472078,123.823343,124.143005,18832200
2017-04-07,124.105422,124.453288,123.635325,124.077217,16743100
2017-04-10,124.199385,124.641277,123.785699,124.124168,15619300
2017-04-11,124.011371,124.199421,122.695107,123.588287,33778400
2017-04-12,123.569489,123.672911,122.958370,123.089996,15955200
2017-04-13,122.920773,123.644711,122.582304,122.601097,23683000
2017-04-17,122.948949,123.635286,122.901937,123.616478,13325500
2017-04-18,123.202777,123.785706,123.118164,123.428429,12841100
2017-04-19,123.964355,124.378027,123.456643,123.625885,17764800
2017-04-20,124.124216,124.932782,123.936180,124.660118,21977900
2017-04-21,124.772934,124.819933,124.312235,124.631897,22454900
2017-04-24,126.013986,126.258430,125.797745,126.136215,22469900
2017-04-25,126.549879,127.273817,126.437046,127.048180,19384400
2017-04-26,127.095167,127.405432,126.794313,126.869530,25398500
2017-04-27,127.179830,127.631119,127.104613,127.631119,16136500
2017-04-28,128.138843,128.185855,127.649953,127.856796,22771900
2017-05-01,128.279844,129.163627,128.223435,128.994385,24815500
2017-05-02,129.154177,129.267010,128.825119,129.210587,18345100
2017-05-03,128.919182,128.966194,128.449086,128.796967,23827600
2017-05-04,128.778158,129.210638,128.392675,128.843964,14630100
2017-05-05,129.173018,129.314041,128.693525,129.314041,19330700
2017-05-08,129.379921,129.596161,129.116668,129.596161,13279900
2017-05-09,129.793584,130.338897,129.680751,130.047440,28426100
2017-05-10,130.122650,130.169663,129.661965,130.122650,20499400
2017-05-11,129.765354,130.056811,129.163631,130.019196,27232100
2017-05-12,130.075636,130.338889,129.962803,130.310684,19738600
2017-05-15,130.367102,130.799582,130.244872,130.724365,20481300
2017-05-16,131.062795,131.288446,130.677327,131.269638,21786000
2017-05-17,130.226096,130.470555,127.913229,127.932037,55642200
2017-05-18,127.884982,129.483307,127.743945,129.050812,41319900
2017-05-19,129.511547,130.141474,129.426933,129.596161,36730100
2017-05-22,129.887537,130.752527,129.840539,130.686707,19509700
2017-05-23,131.072215,131.081612,130.479890,130.818359,19687500
2017-05-24,131.213246,131.485910,130.846572,131.420090,15891900
2017-05-25,131.918395,132.877395,131.636334,132.538925,23928600
2017-05-26,132.567143,132.830396,132.388504,132.773987,13851600
2017-05-30,132.708141,133.046611,132.623527,132.886780,20306400
2017-05-31,133.356876,133.356876,132.162842,132.839767,33229400
2017-06-01,133.112443,133.413297,132.548322,133.356888,20120700
2017-06-02,133.826949,134.908179,133.610709,134.879974,37222900
2017-06-05,134.870584,135.086824,134.663741,134.851776,15727500
2017-06-06,134.691928,135.133820,134.118410,134.315857,22393000
2017-06-07,134.691973,134.955226,134.071457,134.842407,18842400
2017-06-08,135.143260,135.199669,134.250066,134.983429,25417400
2017-06-09,135.143256,135.293676,129.849969,131.608124,109783700
2017-06-12,130.498739,131.138063,129.248281,130.903015,104454000
2017-06-13,131.636320,132.153429,130.949984,131.965393,51193000
2017-06-14,132.501342,132.501342,130.329500,131.391922,60093800
2017-06-15,130.066170,130.949953,129.267015,130.808929,55145200
2017-06-16,130.741083,130.835364,129.760625,130.241425,48087400
2017-06-19,131.504732,132.541753,131.306748,132.419205,39626500
2017-06-20,132.287206,132.456895,131.335016,131.382156,40935100
2017-06-21,131.683835,132.749152,131.598991,132.683167,35743400
2017-06-22,132.890557,133.135667,132.306040,132.645432,24099100
2017-06-23,132.494647,133.324276,132.126974,133.154587,21654300
2017-06-26,133.918183,134.144434,132.240082,132.532333,34411100
2017-06-27,132.032678,132.192944,130.118889,130.128311,65957800
2017-06-28,130.609063,132.117475,129.854872,132.004349,57427200
2017-06-29,131.457524,131.457524,128.450139,129.713425,88769400
2017-06-30,130.081153,130.731655,129.336384,129.760620,68898300
2017-07-03,130.354638,130.505468,128.308863,128.393707,32797000
2017-07-05,128.798997,130.005720,128.365338,129.656906,42116600
2017-07-06,128.667025,129.213824,128.025960,128.487900,48430500
2017-07-07,128.921573,130.222577,128.912150,129.873749,36970400
2017-07-10,129.958616,131.033355,129.628646,130.722244,24853500
2017-07-11,130.533699,131.250186,130.043463,131.089920,31517700
2017-07-12,132.211773,132.796276,131.947803,132.645432,36045800
2017-07-13,132.805744,133.258276,132.551211,132.937729,31073600
2017-07-14,133.531628,134.153849,133.107392,133.984146,34544800
2017-07-17,134.125578,134.521533,133.795608,134.050156,25343200
2017-07-18,133.955876,134.974052,133.531640,134.945770,25748500
2017-07-19,135.341686,135.935625,135.285123,135.737640,33752300
2017-07-20,136.086497,136.171341,135.304010,135.916794,36139400
2017-07-21,135.417119,135.860214,135.143727,135.860214,39697100
2017-07-24,135.841342,136.576689,135.681076,136.482422,26712700
2017-07-25,136.029948,136.454199,135.765978,136.133652,28120900
2017-07-26,136.472987,136.652113,136.256158,136.576691,18610600
2017-07-27,137.472380,137.604365,134.153882,135.718857,80665900
2017-07-28,134.908069,135.831964,134.691225,135.605698,38013200
2017-07-31,135.992237,136.161926,134.738373,135.030624,33848600
2017-08-01,135.492580,135.530284,134.926922,135.341736,20149400
2017-08-02,136.218507,136.246788,134.446125,135.709412,41769700
2017-08-03,135.841321,135.916743,134.936286,135.181396,27112800
2017-08-04,135.483121,135.728232,134.870323,135.426544,29472900
2017-08-07,135.671685,136.284470,135.483138,136.284470,17933900
2017-08-08,136.020516,137.142395,135.662265,136.048798,30810400
2017-08-09,134.926936,135.935690,134.615826,135.869690,36169500
2017-08-10,135.096644,135.190911,132.824604,132.956589,63331700
2017-08-11,133.135674,134.257553,132.833986,133.965302,45862500
2017-08-14,135.030657,135.897989,134.992953,135.690582,34161000
2017-08-15,136.029977,136.039414,135.417193,135.784866,25509200
2017-08-16,136.124165,136.661542,135.567944,136.020462,31913000
2017-08-17,135.492592,135.699999,133.239410,133.239410,70191000
2017-08-18,133.314784,134.059553,132.598282,133.145081,60751900
2017-08-21,133.135639,133.427890,132.155167,132.975372,37111500
2017-08-22,133.691892,135.143741,133.644752,135.002319,36294200
2017-08-23,134.323546,134.823204,134.229279,134.521530,25702300
2017-08-24,134.823178,134.974022,133.371344,134.125549,38160800
2017-08-25,134.644105,134.983482,133.663633,133.842758,26380400
2017-08-28,134.248147,134.568694,133.823911,134.257584,15362100
2017-08-29,133.107392,135.011758,132.984829,134.785492,24498300
2017-08-30,134.898630,136.595590,134.813786,136.369324,33642700
2017-08-31,136.755843,137.840018,136.680421,137.830582,38480700
2017-09-01,138.009702,138.198250,137.274355,137.642029,22293600
2017-09-05,137.236671,137.528923,135.379445,136.407043,44794300
2017-09-06,136.755854,137.132964,135.831959,136.821854,30722700
2017-09-07,137.076395,137.491209,136.642737,137.142395,22721100
2017-09-08,136.963222,137.029221,135.813061,135.954483,27890100
2017-09-11,137.019797,137.755143,136.982093,137.519455,27126300
2017-09-12,137.906020,138.028582,137.198954,137.849457,30256700
2017-09-13,137.613758,138.056853,137.387492,138.037994,28450900
2017-09-14,137.500610,137.915409,137.142359,137.227203,35296400
2017-09-15,137.198935,138.198251,136.972669,137.698593,46422400
2017-09-18,137.858277,138.292885,137.102421,137.518143,24858200
2017-09-19,137.763807,137.952768,137.291398,137.754364,20871200
2017-09-20,137.707114,137.858288,136.270988,137.329193,34236200
2017-09-21,137.234726,137.244169,136.006461,136.488327,28841800
2017-09-22,136.053685,136.554437,135.911968,136.356033,21702400
2017-09-25,135.817465,135.893052,134.258522,134.919891,54947700
2017-09-26,135.609636,135.864740,134.797092,135.269501,29628800
2017-09-27,135.987561,136.998522,135.647440,136.488327,33249400
2017-09-28,136.157622,136.582787,135.845831,136.441071,24149400
2017-09-29,136.715078,137.527621,136.356057,137.423691,43102400
2017-10-02,137.631524,138.103932,136.932354,137.546494,27351300
2017-10-03,137.725982,137.999973,137.423634,137.839355,19715200
2017-10-04,137.574812,138.264525,137.442539,137.971634,26381100
2017-10-05,138.472440,139.398357,138.330723,139.322784,31562400
2017-10-06,138.850334,139.511703,138.850334,139.511703,23561100
2017-10-09,139.691224,139.842384,139.171572,139.351089,13704800
2017-10-10,139.823572,139.965289,138.840953,139.455093,19223100
2017-10-11,139.388891,139.899101,139.209374,139.870743,12439100
2017-10-12,139.662890,140.163642,139.473915,139.615646,14513500
2017-10-13,140.182518,140.314792,139.625079,140.154175,18409900
2017-10-16,140.503774,140.673834,140.201425,140.636047,21809400
2017-10-17,140.588851,140.834498,140.371547,140.815598,13138200
2017-10-18,140.957284,140.976184,140.437632,140.645493,17218200
2017-10-19,139.823566,140.144801,139.143296,140.125900,27680300
2017-10-20,140.692775,140.815592,140.333740,140.503815,30173300
2017-10-23,140.796691,140.806134,139.388908,139.587326,29297100
2017-10-24,139.861273,140.116377,139.303834,139.823486,20289500
2017-10-25,139.549523,140.003031,138.255128,139.294418,36179100
2017-10-26,139.209408,139.559001,138.812587,138.850388,28230200
2017-10-27,141.184019,143.158697,140.966715,142.894150,60165100
2017-10-30,142.790243,143.791747,142.657970,143.215408,31733400
2017-10-31,143.678395,143.961828,143.262673,143.753967,26319300
2017-11-01,144.330310,144.396454,143.139845,143.706741,29481600
2017-11-02,143.546082,143.602783,142.450105,143.432709,31017400
2017-11-03,143.952347,144.831020,143.461038,144.812134,26199200
2017-11-06,144.698769,145.360153,144.651540,145.303452,28693900
2017-11-07,145.190056,145.577434,144.878264,145.388474,21333100
2017-11-08,145.312889,146.012045,145.142815,145.974258,17373500
2017-11-09,144.774332,145.284541,143.716141,145.208954,40594500
2017-11-10,144.868801,145.312866,144.613696,145.199478,20150800
2017-11-13,144.651545,145.568019,144.651545,145.379044,12522400
2017-11-14,144.868876,145.029493,144.150820,144.849976,25173800
2017-11-15,144.226410,144.557102,143.404424,144.169724,24808000
2017-11-16,144.897177,146.342746,144.868834,146.012054,34790600
2017-11-17,146.049860,146.153790,145.312904,145.454620,28725800
2017-11-20,145.558567,145.690841,145.133402,145.341263,21143900
2017-11-21,146.030937,146.985212,145.964807,146.919067,20147800
2017-11-22,147.051389,147.240350,146.767941,147.098633,17299000
2017-11-24,147.249782,147.684390,147.164737,147.637146,8280600
2017-11-27,147.589869,147.920546,147.230834,147.570969,22653400
2017-11-28,147.901670,148.043401,147.108027,147.948914,25227300
2017-11-29,147.778886,147.816672,144.670428,145.369598,71986300
2017-11-30,145.983681,146.871812,145.643547,146.588364,56595500
2017-12-01,145.690808,146.673426,143.857861,145.964813,59015800
2017-12-04,146.881329,147.041946,144.141350,144.283081,51319100
2017-12-05,144.254717,146.021536,143.706736,144.377548,40604200
2017-12-06,143.839030,145.256257,143.668956,145.029495,28647800
2017-12-07,145.020015,145.936489,144.868841,145.520767,32666200
2017-12-08,146.588358,146.947393,145.936446,146.163193,28081700
2017-12-11,146.229379,147.344256,146.219921,147.297012,20821500
2017-12-12,147.230907,147.533241,146.786841,147.098633,20310300
2017-12-13,147.693856,147.854473,147.164746,147.382065,24418500
2017-12-14,147.637143,148.015078,147.117505,147.278122,24594700
2017-12-15,147.854462,149.111071,147.608801,148.950439,49816200
2017-12-18,149.934164,150.322352,149.659600,150.199265,26844500
2017-12-19,149.915197,150.066687,148.892659,149.309250,31415000
2017-12-20,149.829992,149.858395,148.561293,149.148300,38972600
2017-12-21,149.356592,149.829989,148.996806,149.167236,18638700
2017-12-22,148.939990,149.053601,148.599144,148.996796,23330400
2017-12-26,148.163644,148.381403,147.652368,148.192047,21918700
2017-12-27,148.201521,148.608649,148.068970,148.210983,22388200
2017-12-28,148.684357,148.712774,148.210961,148.390854,25393800
2017-12-29,148.523445,148.551847,147.415698,147.472504,33186000
2018-01-02,148.229933,150.095116,147.860684,150.057251,32573300
2018-01-03,150.199248,151.647840,150.170845,151.515289,29383600
2018-01-04,152.035973,152.234791,151.562576,151.780334,24776100
2018-01-05,152.499983,153.408896,152.215942,153.304749,26992300
2018-01-08,153.304715,153.976945,153.247910,153.901199,23159100
2018-01-09,154.204179,154.365132,153.446756,153.910675,24782400
2018-01-10,153.228967,153.579290,152.547275,153.550873,34004000
2018-01-11,153.816027,154.611330,153.579328,154.601852,20473500
2018-01-12,154.469293,155.898960,154.270474,155.738007,37762700
2018-01-16,156.770025,157.565328,154.829096,155.293030,41231800
2018-01-17,156.031495,157.205509,155.274058,156.968811,33849900
2018-01-18,156.722660,157.357010,156.353411,156.997238,26432200
2018-01-19,157.461176,157.745216,156.732141,157.489578,38937600
2018-01-22,157.432770,159.174866,157.252877,159.174866,26081400
2018-01-23,159.667155,160.632888,159.591410,160.490860,37989700
2018-01-24,160.831742,161.182066,158.531042,159.449432,54287400
2018-01-25,160.547713,160.604518,158.881348,159.392624,28925000
2018-01-26,160.282617,161.854298,159.970188,161.835358,32038200
2018-01-29,161.494524,161.816430,160.708684,161.049530,37277800
2018-01-30,159.582001,160.405707,158.890846,159.724014,44987700
2018-01-31,160.623432,160.945353,159.383136,160.386734,42449200
2018-02-01,159.155927,160.699190,158.512100,159.023376,38037900
2018-02-02,158.398484,158.777195,155.719058,155.851608,68478100
2018-02-05,154.393515,156.930913,149.593268,149.706879,105372200
2018-02-06,147.519855,153.863367,146.847640,153.674011,118537900
2018-02-07,153.181681,154.848047,151.676283,151.685760,91028300
2018-02-08,152.073905,152.244336,145.285400,145.285400,94184800
2018-02-09,147.339917,148.873731,142.142033,147.794388,113836600
2018-02-12,149.309307,151.439592,148.135292,150.417053,63050600
2018-02-13,149.555502,151.496417,149.328267,151.193451,31785600
2018-02-14,150.303417,154.261006,149.593322,154.024307,52107400
2018-02-15,155.406611,156.883606,153.797066,156.883606,51633900
2018-02-16,156.372416,157.887276,155.917944,156.183060,62256300
2018-02-20,155.633836,157.811449,155.567554,156.495407,36785600
2018-02-21,157.262340,158.796140,155.955760,156.050446,41161800
2018-02-22,156.732112,157.565294,155.633843,156.031494,37074400
2018-02-23,157.290762,159.222214,156.646935,159.222214,50096900
2018-02-26,159.970157,161.333527,159.837606,161.333527,39266700
2018-02-27,161.380846,161.645947,159.260039,159.335770,42209900
2018-02-28,160.244683,160.765422,158.209085,158.313232,42936300
2018-03-01,158.398448,159.127482,154.327236,155.728485,76809900
2018-03-02,153.853920,157.432797,153.342658,157.158234,57445100
2018-03-05,156.419676,159.307383,155.832654,158.900269,38540200
2018-03-06,159.676673,160.112204,158.568927,159.572525,29480900
2018-03-07,158.351121,160.074292,158.076558,159.941727,34609400
2018-03-08,160.604507,160.935876,159.960680,160.822266,25828400
2018-03-09,161.967937,163.946732,161.731239,163.946732,38310500
2018-03-12,164.429591,165.196491,164.060342,164.817780,37635000
2018-03-13,165.196413,165.887582,162.157216,162.573807,55638900
2018-03-14,163.425981,163.549069,161.835361,162.545456,40536400
2018-03-15,162.659050,163.350205,161.806928,162.403412,28810400
2018-03-16,162.678031,163.037802,161.844848,161.920593,31176700
2018-03-19,160.362432,160.476227,157.081208,158.465775,71395100
2018-03-20,158.532126,159.357168,158.001064,158.987320,34075700
2018-03-21,158.570129,160.040027,157.602829,158.295105,43863500
2018-03-22,156.104489,157.204555,154.188860,154.388016,66607300
2018-03-23,154.207796,154.862146,150.243773,150.319641,80110400
2018-03-26,153.363774,156.094966,150.936054,155.905289,57481500
2018-03-27,157.062233,157.062233,149.532499,150.860168,78889100
2018-03-28,149.997217,151.524027,147.977271,149.124756,89369700
2018-03-29,149.930835,153.354303,148.536790,151.855942,68692600
2018-04-02,150.774866,151.486113,145.928904,147.474670,85549400
2018-04-03,148.764369,149.760117,146.459936,149.134216,64090000
2018-04-04,146.251333,151.950787,146.080626,151.486115,65768700
2018-04-05,152.993947,153.231029,151.239532,152.349075,43054900
2018-04-06,150.670560,152.168922,147.825572,148.536819,59870900
2018-04-09,149.817023,152.567186,149.323902,149.579941,41810400
2018-04-10,151.931783,153.373232,150.850688,152.880112,48296800
2018-04-11,151.922301,153.629296,151.827477,151.998169,41622100
2018-04-12,152.918028,154.359492,152.832682,153.828430,30467900
2018-04-13,154.596597,154.824186,152.368018,153.031845,44604900
2018-04-16,154.103449,154.757799,153.136150,154.198288,28180800
2018-04-17,155.753563,157.858855,155.440613,157.517456,35536100
2018-04-18,157.517492,158.370982,156.768303,157.839920,29573900
2018-04-19,157.043327,157.413174,155.848422,156.388977,34705700
2018-04-20,155.990677,156.104472,153.373279,153.913834,49197100
2018-04-23,154.663017,155.269947,152.699983,153.525024,33040600
2018-04-24,154.255243,154.492325,149.257543,150.272263,70256800
2018-04-25,150.537753,151.078293,148.385042,150.452393,52089300
2018-04-26,152.396520,154.131965,151.903385,153.619873,43005500
2018-04-27,155.876834,155.914776,152.842184,153.714645,51043400
2018-04-30,154.075058,155.032865,152.244775,152.624115,35615300
2018-05-01,152.225830,154.388020,151.865460,154.369049,36513500
2018-05-02,154.634522,155.118179,153.278418,153.458603,38646800
2018-05-03,152.681016,154.008671,150.992991,153.439682,60337100
2018-05-04,152.775823,156.711383,152.662014,156.351013,41543200
2018-05-07,157.081250,158.162345,156.957963,157.650253,32500200
2018-05-08,157.318322,157.830414,156.341544,157.489029,26040200
2018-05-09,157.773549,159.319331,157.214038,159.205536,29122700
2018-05-10,159.717553,160.969354,159.594266,160.855545,27067600
2018-05-11,160.665931,161.083199,160.002104,160.703873,24688800
2018-05-14,161.073721,161.993601,160.713351,160.978882,21821700
2018-05-15,159.708136,159.793482,158.352017,159.196030,49361600
2018-05-16,159.404630,160.618490,159.328762,160.248642,22941200
2018-05-17,159.689145,160.846108,158.854611,159.632248,27480200
2018-05-18,159.015809,159.565842,158.570108,158.807190,26217900
2018-05-21,160.040038,160.741807,159.015841,159.698639,22954600
2018-05-22,160.428811,160.694342,159.205473,159.489960,19477700
2018-05-23,158.276124,160.855580,158.257168,160.836624,26557800
2018-05-24,160.789185,161.073686,159.167536,160.789185,27696500
2018-05-25,160.770224,161.528890,160.466766,160.950409,27460500
2018-05-29,160.220180,161.140061,159.281344,160.239151,41220500
2018-05-30,160.817638,161.671129,160.476239,161.386627,22665800
2018-05-31,161.386636,162.353935,160.865066,161.282333,35670900
2018-06-01,162.088396,163.909186,162.040976,163.814362,45543300
2018-06-04,164.231624,165.331689,164.127321,165.293762,20459600
2018-06-05,165.682559,166.080855,165.075629,165.805832,24779300
2018-06-06,165.976555,166.801596,165.142020,166.773148,25036600
2018-06-07,166.801559,166.839485,164.582473,165.416992,39600300
2018-06-08,164.639429,165.843811,164.231640,165.426544,31780300
2018-06-11,165.303235,166.280013,165.274786,165.872238,22319700
2018-06-12,166.099849,166.905935,165.919679,166.744720,22511800
2018-06-13,167.000776,167.987032,166.365382,166.735245,37858600
2018-06-14,167.503368,168.698257,167.380081,168.423248,35916000
2018-06-15,167.787877,168.167218,167.010255,167.835297,49615700
2018-06-18,166.778455,167.880860,166.255755,167.738312,31633200
2018-06-19,165.619067,167.301192,165.086868,167.263184,38236000
2018-06-20,168.032966,169.144884,167.880905,168.451126,33038000
2018-06-21,168.878754,169.049826,166.664416,166.987549,43469400
2018-06-22,167.548322,167.614839,166.018243,166.616974,30073200
2018-06-25,165.105870,165.352972,161.380464,162.863022,77799700
2018-06-26,163.461727,164.469105,162.862996,163.528259,39008100
2018-06-27,164.222022,164.963300,161.190374,161.304413,52843500
2018-06-28,161.104843,163.243150,160.772211,162.691940,46407700
2018-06-29,163.471219,164.336049,162.891500,163.129089,36408500
2018-07-02,161.599076,164.269597,161.247447,164.222076,31770000
2018-07-03,164.839750,164.839750,162.159745,162.321304,25512700
2018-07-05,163.376202,164.469109,162.539882,164.336060,31626200
2018-07-06,164.716217,167.016084,164.412095,166.892532,37005600
2018-07-09,167.757335,168.432081,167.092087,168.394073,27362100
2018-07-10,168.707662,168.897731,167.937874,168.517593,23902500
2018-07-11,167.196596,168.280019,167.073059,167.662277,30280600
2018-07-12,168.403587,170.551407,168.289548,170.551407,27930100
2018-07-13,170.541909,170.969567,170.066729,170.693970,28049800
2018-07-16,170.731918,171.017028,170.000152,170.285248,21405300
2018-07-17,168.479574,171.682278,168.479574,171.321152,31034100
2018-07-18,171.340222,171.482785,170.475407,170.998093,23220800
2018-07-19,170.380305,170.950526,169.943148,170.142715,31094100
2018-07-20,170.655962,171.226168,169.914668,170.104752,35897300
2018-07-23,169.601083,170.722500,168.916823,170.646469,22184700
2018-07-24,172.404584,173.012813,170.646415,171.349686,36900300
2018-07-25,171.425781,173.849185,171.340238,173.744659,35026600
2018-07-26,171.387704,171.938914,170.884015,171.112106,40873500
2018-07-27,172.195538,172.309576,167.833394,168.802750,59456100
2018-07-30,168.812267,168.907294,165.619060,166.417358,60193000
2018-07-31,167.073084,168.337063,166.141736,167.690811,47285100
2018-08-01,168.080457,168.831234,167.358190,168.327545,37101900
2018-08-02,167.139633,170.817532,167.063603,170.617950,47178200
2018-08-03,170.941074,171.150154,170.190296,171.140656,28934400
2018-08-06,171.026579,172.195516,170.817498,172.147995,24808800
2018-08-07,172.632676,173.098357,172.262036,172.775238,29895700
2018-08-08,172.537659,173.297949,172.071978,172.984329,22680700
2018-08-09,172.879730,173.563990,172.623129,172.879730,18852900
2018-08-10,171.710854,172.224056,170.912556,171.558807,33818500
2018-08-13,171.872433,172.974838,171.292713,171.368744,26089200
2018-08-14,172.024406,172.642148,171.102557,172.442566,20913000
2018-08-15,171.074088,171.615800,169.277911,170.332809,58528000
2018-08-16,171.644301,172.005442,170.560893,170.893524,27711800
2018-08-17,170.446871,171.359208,169.420482,170.931549,36092600
2018-08-20,171.311679,171.378211,170.114232,170.779480,24939000
2018-08-21,171.292685,172.433112,171.188145,171.406723,26258700
2018-08-22,171.045602,172.271573,170.827023,172.071991,18042400
2018-08-23,171.767901,173.012869,171.539810,171.824921,25776200
2018-08-24,172.395119,173.564071,172.357111,173.421509,23136100
2018-08-27,174.295854,175.189194,174.020256,175.189194,29343600
2018-08-28,175.654850,175.835421,175.075131,175.445770,20277000
2018-08-29,175.749885,177.565074,175.683367,177.470047,29175600
2018-08-30,177.127908,178.211317,176.567185,177.156418,29315500
2018-08-31,176.937852,177.888211,176.747783,177.384521,28653200
2018-09-04,176.842754,177.146862,175.673817,176.624176,29063500
2018-09-05,176.310588,176.339098,173.744622,174.343338,42623300
2018-09-06,174.419332,174.628412,171.615777,172.784714,46091400
2018-09-07,171.539726,173.602003,171.482707,172.119446,46629500
2018-09-10,173.107836,173.202877,171.758328,172.699188,26132000
2018-09-11,172.005500,174.314865,171.558830,174.029755,30116500
2018-09-12,173.773142,173.896678,172.024470,173.516541,36204000
2018-09-13,174.599962,175.702382,174.523932,175.369751,31133200
2018-09-14,175.493322,175.768919,174.162810,174.856583,31224100
2018-09-17,174.561910,174.685461,172.176514,172.338074,33071200
2018-09-18,172.480681,174.609476,172.395137,173.763657,31877300
2018-09-19,173.792144,174.200806,172.499655,173.630585,31843400
2018-09-20,174.828010,175.787867,174.409850,175.550278,33295800
2018-09-21,176.025476,176.272564,174.371846,174.590439,38605400
2018-09-24,173.324215,175.142671,172.610163,175.076019,34945600
2018-09-25,174.999796,175.447269,174.399987,175.313980,25277500
2018-09-26,175.466305,177.075304,175.094999,175.437744,36210600
2018-09-27,176.151846,177.551389,176.056633,176.923019,33113300
2018-09-28,176.427899,177.351407,176.104199,176.884888,28076800
2018-10-01,177.913150,178.541519,176.799230,177.246704,27371300
2018-10-02,177.094365,178.208284,176.437450,176.846832,25618600
2018-10-03,177.589464,178.008377,176.761168,177.037262,29128700
2018-10-04,176.323240,176.437499,172.381674,173.638412,80557300
2018-10-05,173.619323,174.200085,169.877684,171.515244,83325600
2018-10-08,170.915476,171.981789,168.449606,170.468002,66864500
2018-10-09,170.591745,172.343563,170.182362,171.020187,49097900
2018-10-10,169.953837,170.058565,163.279838,163.498810,114471100
2018-10-11,162.822822,165.088736,159.766675,161.470886,143084500
2018-10-12,165.821872,166.478802,162.737163,165.964691,102078400
2018-10-15,165.383929,165.698099,163.336972,163.955826,64885300
2018-10-16,165.679044,169.135045,165.374375,168.725662,71979700
2018-10-17,169.544440,169.715805,167.059539,168.792297,66987600
2018-10-18,168.154407,168.211529,164.174766,164.879288,82486200
2018-10-19,166.212231,167.630819,164.127197,164.727005,82923700
2018-10-22,165.717145,166.850110,164.317603,165.574341,52909300
2018-10-23,162.461095,165.783822,160.728337,164.965042,77567000
2018-10-24,164.774605,165.050698,157.129476,157.415100,102997400
2018-10-25,159.861965,163.832092,159.147913,162.860977,83481100
2018-10-26,157.281802,161.813660,156.358294,158.671829,130970900
2018-10-29,161.099618,161.718458,152.416738,155.406235,111871900
2018-10-30,154.949228,158.081529,154.244692,157.967285,92584000
2018-10-31,160.537895,163.041841,160.461728,161.680389,73828600
2018-11-01,161.918380,163.984368,160.690203,163.812988,52706800
2018-11-02,163.308417,164.279532,160.157071,161.261475,75966800
2018-11-05,161.470957,161.528079,159.071738,160.861633,39573500
2018-11-06,160.871129,162.984724,160.633112,162.080261,34410400
2018-11-07,164.022490,167.164322,163.632139,167.164322,51169600
2018-11-08,166.383601,166.897727,165.307773,166.097992,40296500
2018-11-09,164.546113,164.945980,162.004090,163.298904,50602700
2018-11-12,162.156412,162.461066,158.214832,158.357651,62578400
2018-11-13,159.100275,161.356674,158.043478,158.490952,64128100
2018-11-14,160.061839,160.614041,156.377337,157.281799,75270700
2018-11-15,156.996132,160.461662,155.625165,160.033234,73254300
2018-11-16,158.471928,160.242777,157.834043,159.471603,65390700
2018-11-19,158.709897,158.900308,153.797217,154.292297,67280500
2018-11-20,150.779214,153.644952,149.598657,151.531357,102652800
2018-11-21,153.616373,154.206651,151.597976,152.683334,42965800
2018-11-23,151.464660,153.130781,151.464660,151.578918,23503700
2018-11-26,153.702083,155.158748,153.054668,155.082581,42012600
2018-11-27,154.235174,155.996507,153.454470,155.606155,36608100
2018-11-28,156.729601,160.614044,155.634727,160.614044,70141000
2018-11-29,159.938073,161.147190,158.824154,160.090393,44885700
2018-11-30,160.309429,161.347181,159.509680,161.251968,36722800
2018-12-03,164.812696,165.003107,161.385242,164.070084,50771700
2018-12-04,163.213224,163.670227,157.586506,157.776917,70594700
2018-12-06,154.596982,158.909854,154.016219,158.890808,71715500
2018-12-07,158.195770,159.109748,153.149802,153.644882,80432200
2018-12-10,153.359329,155.929913,151.769375,155.253952,73960800
2018-12-11,157.786371,157.824462,154.454130,155.767990,59058300
2018-12-12,158.043486,159.566802,157.053340,157.139023,53780000
2018-12-13,158.167214,158.824144,156.167864,157.186584,46378500
2018-12-14,155.387211,155.958443,152.997508,153.359299,56547400
2018-12-17,152.702347,153.920994,148.684615,149.884216,74834100
2018-12-18,151.045785,152.283478,149.512952,150.826813,63642100
2018-12-19,150.598307,153.016571,145.990296,147.123260,81856500
2018-12-20,146.761403,148.398963,143.181630,144.990555,99002100
2018-12-21,145.714192,146.704337,139.687592,140.496857,141129400
2018-12-24,139.476185,141.290287,136.974632,137.012817,56163300
2018-12-26,138.521372,145.644120,137.576122,145.567749,98982100
2018-12-27,143.572220,146.255186,140.430958,146.131073,85824300
2018-12-28,147.181336,148.556241,144.861196,146.054688,77856600
2018-12-31,147.486890,147.973829,145.806459,147.286377,53015300
2019-01-02,144.164183,148.708992,144.059155,147.878326,58576700
2019-01-03,145.701412,146.331564,142.732005,143.047089,74820200
2019-01-04,145.453168,149.902507,144.880301,149.167313,74709300
2019-01-07,149.539645,151.678386,149.052706,150.943192,52059300
2019-01-08,152.327664,152.871903,150.093452,152.308578,49388700
2019-01-09,152.900584,154.218203,152.260874,153.549850,46491700
2019-01-10,152.384968,154.074942,151.525646,153.989014,38943400
2019-01-11,153.081948,153.587987,152.566352,153.425674,30176600
2019-01-14,152.127171,152.728695,151.420618,152.069885,30710200
2019-01-15,152.766894,155.249362,152.680967,155.039307,40874200
2019-01-16,155.297123,156.376044,154.953397,155.010696,33812200
2019-01-17,154.514188,156.929814,154.265947,156.232819,39329000
2019-01-18,157.330772,158.514720,156.414179,157.779526,57183200
2019-01-22,156.643358,156.719744,153.492538,154.619202,56711700
2019-01-23,155.411653,156.118191,153.072413,154.819672,38106100
2019-01-24,155.325769,156.051421,154.733802,155.822266,32417800
2019-01-25,157.072969,158.161433,156.538288,157.684036,36515900
2019-01-28,155.650354,155.745825,154.437763,155.736282,33491200
2019-01-29,155.822233,155.860433,153.712148,154.265930,30784200
2019-01-30,156.013167,158.762976,155.526228,158.190094,41346500
2019-01-31,159.163994,161.350479,158.944396,160.557999,37258400
2019-02-01,159.765526,160.978117,159.440900,159.880096,32143700
2019-02-04,159.908700,161.866028,159.765487,161.866028,26718800
2019-02-05,162.085657,163.489204,162.018829,163.298248,28156400
2019-02-06,163.336464,163.622890,162.076130,162.811325,27970000
2019-02-07,161.388654,161.789665,159.402683,160.624817,42036200
2019-02-08,159.221311,160.968584,159.039912,160.939941,29020700
2019-02-11,161.522350,161.913819,160.386144,160.787155,21434100
2019-02-12,161.961562,163.403295,161.675122,163.164597,29722100
2019-02-13,163.890227,164.377180,163.097761,163.279160,26094100
2019-02-14,162.696692,164.062054,162.152468,163.479630,30326800
2019-02-15,164.720896,164.759081,163.403277,164.167114,32521700
2019-02-19,163.661156,164.988318,163.632513,164.491821,19487700
2019-02-20,164.606317,165.255584,163.575154,164.463104,32593000
2019-02-21,164.023870,164.472624,162.992707,163.861557,25207400
2019-02-22,164.214820,165.188698,164.128877,165.074127,27735400
2019-02-25,166.334515,166.764169,165.561120,165.675705,32608800
2019-02-26,165.274682,166.372689,164.997784,165.847549,21939700
2019-02-27,165.083714,165.943036,163.995250,165.742523,25162000
2019-02-28,165.226925,165.952563,164.892742,165.360596,25085500
2019-03-01,166.554136,166.754634,165.351087,166.506393,31431200
2019-03-04,167.604352,167.843050,164.673145,166.534988,38063500
2019-03-05,166.659149,167.174731,165.838026,166.659149,22319900
2019-03-06,166.821446,166.850089,165.446542,165.713882,27194600
2019-03-07,165.293748,165.351033,163.069078,163.680145,39407400
2019-03-08,161.846971,163.517858,161.684657,163.431931,39303200
2019-03-11,164.109797,166.945533,164.081154,166.830948,30518400
2019-03-12,167.270253,168.177304,166.869242,167.747650,33953500
2019-03-13,168.616450,169.886312,168.377752,169.007904,42426100
2019-03-14,169.122477,169.322976,168.673724,168.721466,23751500
2019-03-15,169.380243,170.793347,169.265672,170.287308,38192000
2019-03-18,170.214636,171.209436,169.870285,170.692902,32935100
2019-03-19,171.391170,172.175532,170.539858,171.266830,36893300
2019-03-20,171.276354,172.998112,170.492007,171.945923,50105000
2019-03-21,171.429466,174.882543,171.410331,174.633850,42428500
2019-03-22,173.878156,174.346862,170.616383,170.798126,70794500
2019-03-25,170.176363,171.065929,169.238952,170.472885,46336500
2019-03-26,171.792925,172.835540,170.396384,171.266830,33248100
2019-03-27,171.525049,171.907656,168.923285,170.166763,37096700
2019-03-28,170.606789,171.199834,169.535480,170.558960,30368200
2019-03-29,171.879006,172.012920,170.826816,171.850311,35205500
2019-04-01,173.619932,174.337330,172.912108,174.126892,30969500
2019-04-02,174.318174,174.959048,173.878164,174.786865,22645200
2019-04-03,175.772095,176.881674,175.246014,175.791229,31633500
2019-04-04,175.839068,176.479942,174.710354,175.724289,28530800
2019-04-05,176.231224,176.738184,176.020786,176.632965,25674700
2019-04-08,176.345956,177.225963,175.647693,177.082489,22697500
2019-04-09,176.479920,177.063404,176.087739,176.460785,25631900
2019-04-10,176.690347,177.465135,176.499044,177.407745,24563000
2019-04-11,177.704260,177.704260,176.661645,176.986862,20654100
2019-04-12,177.771256,177.866900,177.015588,177.752121,24989100
2019-04-15,177.761719,177.981731,176.594750,177.780853,21073000
2019-04-16,178.431230,178.785156,177.847745,178.392975,27195700
2019-04-17,179.588603,179.760772,178.488599,179.014679,29651600
2019-04-18,179.311227,179.626869,178.192073,179.244263,28580900
2019-04-22,178.459959,179.818231,178.326030,179.751266,17936000
2019-04-23,180.210361,182.257336,179.952109,182.037338,33665600
2019-04-24,182.190383,182.419955,181.406021,181.463425,24977100
2019-04-25,182.821674,182.907758,181.214695,182.199921,29517500
2019-04-26,181.912978,182.400818,180.392098,182.362549,26359500
2019-04-29,182.362565,183.003454,182.066043,182.716492,21716200
2019-04-30,181.243438,181.597364,180.028654,181.300827,31495300
2019-05-01,182.486903,183.003438,180.592977,180.717316,34797100
2019-05-02,180.659941,181.597352,178.746880,179.932983,44110100
2019-05-03,181.425130,182.936450,181.099913,182.802536,30386200
2019-05-06,178.919038,181.932103,178.641636,181.683411,38371800
2019-05-07,179.703438,180.468665,176.489494,178.144302,58818100
2019-05-08,177.560819,179.033870,176.919945,177.694733,37165300
2019-05-09,175.714680,177.350353,174.174665,176.738174,55351700
2019-05-10,176.106879,177.809503,173.160763,176.958191,58526400
2019-05-13,172.452874,173.380710,170.319815,170.817215,67185800
2019-05-14,171.716411,173.734692,171.085098,172.692062,43360600
2019-05-15,171.553780,175.571206,171.515510,175.131195,40944500
2019-05-16,175.207746,177.981694,174.997308,176.891235,39281200
2019-05-17,175.140748,177.512939,174.930310,175.083344,44702300
2019-05-20,172.644205,173.304199,171.544186,172.127670,38608300
2019-05-21,173.610292,174.404214,173.055503,173.925949,31613800
2019-05-22,172.959881,174.155544,172.892917,173.151184,24332600
2019-05-23,171.161626,171.238150,169.439868,170.501617,45351300
2019-05-24,171.419888,172.032067,170.205089,170.415527,25903300
2019-05-28,170.893736,171.850267,169.755462,169.774597,24763800
2019-05-29,168.722449,169.305933,167.478956,168.378098,42178800
2019-05-30,168.827701,169.564233,168.129437,169.085968,30354800
2019-05-31,167.096373,167.670282,166.312010,166.388535,45446200
2019-06-03,165.938950,166.388521,161.911964,162.725006,75842300
2019-06-04,164.551950,167.364152,163.920636,167.306763,47797800
2019-06-05,168.904220,168.932915,166.799855,168.550308,34412700
2019-06-06,168.837245,170.300736,168.091152,169.889435,29913200
2019-06-07,170.798111,173.868581,170.578113,173.170303,45888300
2019-06-10,174.327757,176.814743,174.289502,175.188629,41385300
2019-06-11,177.015579,177.340796,174.834690,175.427734,41260300
2019-06-12,174.949489,175.312975,174.088617,174.413834,27758100
2019-06-13,175.140787,175.877305,174.796435,175.446869,23715800
2019-06-14,174.547681,175.150300,174.031161,174.700729,22844100
2019-06-17,175.083331,176.240740,174.892028,175.752914,20379500
2019-06-18,177.828635,179.559953,177.369489,178.306900,48177300
2019-06-19,178.545989,179.378166,177.503375,178.976425,31672900
2019-06-20,181.472985,181.511240,179.024269,180.640808,40922000
2019-06-21,180.430391,181.520835,179.990380,180.373001,39980400
2019-06-24,180.733417,180.915562,180.282853,180.378723,19375200
2019-06-25,180.254110,180.359561,177.013883,177.282303,33921100
2019-06-26,178.461490,179.583104,177.819199,178.106781,22595700
2019-06-27,178.749075,179.209221,178.298511,178.787415,19709200
2019-06-28,179.218779,179.410505,178.375181,179.017471,21179200
2019-07-01,182.449450,182.689111,180.589675,181.433273,31025600
2019-07-02,181.375721,182.171399,180.858059,182.152222,18035800
2019-07-03,182.612376,183.523087,182.420636,183.523087,15792100
2019-07-05,182.267309,183.484779,181.557906,183.149261,21415600
2019-07-08,181.960495,182.018011,181.116882,181.864639,17598800
2019-07-09,181.001845,183.005410,180.848458,182.775345,19193500
2019-07-10,183.887353,185.104822,183.551821,184.596741,28374500
2019-07-11,184.874795,185.344522,183.877796,184.462570,23736100
2019-07-12,184.663897,185.536254,184.491333,185.526672,20211900
2019-07-15,185.958065,186.159387,185.440403,186.121033,15606100
2019-07-16,185.890995,186.063544,184.596817,185.162415,20190900
2019-07-17,185.162374,185.488324,184.232486,184.251663,16765100
2019-07-18,183.379296,184.817264,182.804118,184.462570,28877000
2019-07-19,185.727983,185.814258,182.919144,183.110870,29387900
2019-07-22,183.523119,184.961087,183.523119,184.568039,18954900
2019-07-23,185.574587,185.795071,184.337926,185.775894,23786700
2019-07-24,185.066550,187.089292,185.047373,187.079697,20422900
2019-07-25,186.446943,186.475701,184.951444,185.306152,23434700
2019-07-26,186.485287,187.463109,186.389416,187.213852,20431200
2019-07-29,187.041336,187.108433,185.392464,186.571594,20451700
2019-07-30,185.143244,186.494923,185.009034,185.766357,18705000
2019-07-31,186.264790,186.389404,181.490741,183.197128,41627500
2019-08-01,183.513457,186.916651,181.404440,182.286392,63251600
2019-08-02,180.915558,181.174396,178.509363,179.602219,55214000
2019-08-05,175.844352,175.921046,171.789285,173.256012,75040000
2019-08-06,174.856915,176.199027,173.581930,175.681351,41897200
2019-08-07,173.773673,176.879675,172.450737,176.630432,49990600
2019-08-08,177.426123,180.532140,176.937220,180.474609,38418100
2019-08-09,179.611818,180.225351,177.378173,178.777802,33608900
2019-08-12,177.675353,178.212192,175.911449,176.726303,24642900
2019-08-13,176.572920,181.835874,176.409952,180.599228,40241900
2019-08-14,177.694572,178.260170,174.876151,175.202087,51000500
2019-08-15,175.432151,175.997748,173.668246,175.000763,36685000
2019-08-16,176.592101,178.260135,176.486649,177.809570,32781400
2019-08-19,180.378704,181.020994,179.745994,180.637527,22494100
2019-08-20,180.186995,180.838866,179.189995,179.237930,19902900
2019-08-21,180.810138,181.404494,180.187024,180.829315,20418500
2019-08-22,181.164860,181.625020,178.825762,180.244568,24243700
2019-08-23,179.017508,180.656784,174.051715,174.540634,55372400
2019-08-26,176.524993,177.224800,175.508831,177.176880,27598900
2019-08-27,178.413511,178.710688,176.112767,176.802979,28012800
2019-08-28,176.227796,177.732862,175.345844,177.435684,21792400
2019-08-29,179.640616,180.666374,178.959971,180.148697,25358900
2019-08-30,181.116869,181.155223,178.701093,179.717255,26319800
2019-09-03,178.518954,179.439245,177.378163,177.972519,27964200
2019-09-04,179.688524,180.695104,179.170847,180.541718,21592100
2019-09-05,182.535690,184.376287,182.468578,183.849030,33932600
2019-09-06,184.155835,184.222932,183.264286,183.666916,19487800
2019-09-09,184.242077,184.318771,182.353545,183.283432,24407600
2019-09-10,182.296034,182.852050,181.097727,182.756180,23744700
2019-09-11,183.101266,184.567993,182.679460,184.472122,25063600
2019-09-12,185.603349,186.657865,184.989817,185.239059,28689900
2019-09-13,184.970685,185.402073,184.337975,184.577637,27669800
2019-09-16,183.388853,184.136595,183.206708,183.753128,20319000
2019-09-17,183.772342,184.635132,183.379294,184.635132,20953400
2019-09-18,184.251637,184.635104,182.248072,184.558411,29781300
2019-09-19,184.884381,186.015576,184.510510,184.865204,26039400
2019-09-20,185.123999,185.315725,182.295998,182.909531,29086100
2019-09-23,182.855769,183.537787,182.240999,182.990250,22485900
2019-09-24,183.825975,184.229417,179.772331,180.560013,40820700
2019-09-25,180.377503,183.067127,178.869402,182.586838,34704900
2019-09-26,182.346671,182.509968,180.569594,181.914413,26826000
2019-09-27,182.250588,182.346651,178.427489,179.657028,40773500
2019-09-30,180.387042,181.655013,180.012417,181.366837,26307700
2019-10-01,182.029660,183.076687,179.589796,179.887573,32367600
2019-10-02,178.667635,178.696452,175.805115,176.794510,48544300
2019-10-03,176.775290,178.869359,174.652419,178.734879,39392500
2019-10-04,179.705040,181.626197,179.512927,181.366837,31887600
2019-10-07,180.848198,182.260250,180.502389,180.819382,21216000
2019-10-08,179.685806,180.454272,177.966377,178.110458,32379300
2019-10-09,179.618592,180.665619,179.080655,179.849121,20147400
2019-10-10,179.897215,181.962454,179.743519,181.242020,25177700
2019-10-11,183.307242,185.036286,183.201577,183.576202,40976700
2019-10-14,183.316847,184.142945,183.134335,183.556992,14975000
2019-10-15,184.123714,186.323447,184.008449,185.891190,23234200
2019-10-16,185.257202,185.900788,184.844146,185.430099,20457100
2019-10-17,186.544368,186.832545,185.209165,185.919998,19045200
2019-10-18,185.583784,186.035258,183.191953,184.133316,27700800
2019-10-21,185.113171,185.891237,184.565634,185.766357,15801200
2019-10-22,186.496368,186.755728,184.229401,184.287048,22392300
2019-10-23,183.912421,184.680873,183.614630,184.642456,14828400
2019-10-24,185.958401,186.553970,185.141918,186.438690,18998500
2019-10-25,185.478119,188.023661,185.439702,187.927597,21507100
2019-10-28,188.801730,190.031270,188.801730,189.781525,18818700
2019-10-29,189.464550,189.752712,188.283028,188.311844,18569700
2019-10-30,188.676859,189.541388,187.591400,189.224396,21764300
2019-10-31,189.771910,189.858359,188.215778,189.310837,26801800
2019-11-01,190.127358,191.039919,189.839196,191.030304,22131900
2019-11-04,192.298225,192.624818,191.030255,192.211777,19015900
2019-11-05,192.451970,192.644083,191.683504,192.317490,15048900
2019-11-06,192.096537,192.115752,190.953446,191.885208,19725500
2019-11-07,192.845771,193.767933,191.971655,192.528778,17832400
2019-11-08,192.182996,193.316472,191.673876,193.297256,15258800
2019-11-11,192.317423,193.114690,192.058063,193.037857,10147600
2019-11-12,193.201221,194.238648,192.903444,193.595047,14778300
2019-11-13,192.922648,193.825594,192.797782,193.643082,15774600
2019-11-14,192.913026,193.614245,192.327073,193.489365,16945400
2019-11-15,194.661281,194.911041,194.036911,194.911041,18427900
2019-11-18,194.603639,195.372105,193.815973,195.064728,18365900
2019-11-19,195.804394,195.804394,194.603670,195.352921,16923300
2019-11-20,194.843786,195.429740,192.711300,194.180984,36629000
2019-11-21,193.969647,194.104142,193.143564,193.748718,17883600
2019-11-22,194.229021,194.344300,192.826584,193.873611,17189600
2019-11-25,194.709289,196.207789,194.680473,196.169373,17752800
2019-11-26,196.294276,196.793767,196.006100,196.544022,14780600
2019-11-27,197.053118,197.927248,196.812973,197.917633,16963100
2019-11-29,197.418120,197.715897,196.918615,197.014679,9854600
2019-12-02,197.024258,197.091491,193.825530,194.997437,28007000
2019-12-03,192.317478,193.547017,191.376100,193.470169,31104100
2019-12-04,194.459551,194.911024,194.171375,194.449936,15300100
2019-12-05,195.141576,195.141576,193.883220,194.834198,14962300
2019-12-06,196.255869,197.062752,196.102173,196.918671,16555300
2019-12-09,196.563236,197.485383,195.938851,196.025314,13984100
2019-12-10,196.121345,196.803362,195.420126,195.861984,21799800
2019-12-11,196.303830,197.101111,195.996437,196.899384,18780800
2019-12-12,196.697758,199.147237,196.428797,198.369156,32612000
2019-12-13,198.263473,199.713957,197.840831,199.022339,32519400
2019-12-16,200.328737,201.270100,200.261490,201.020355,21296600
2019-12-17,201.279640,201.442951,200.799351,201.135559,15996100
2019-12-18,201.308446,201.846368,201.077902,201.289230,15443300
2019-12-19,201.375716,202.614856,201.356500,202.547623,17865900
2019-12-20,203.508247,204.142233,202.941509,203.364166,27672600
2019-12-23,204.084199,204.228592,203.728019,203.901291,23774700
2019-12-24,204.084186,204.170822,203.545098,204.007172,7089000
2019-12-26,204.334472,205.826600,204.305593,205.807343,17067500
2019-12-27,206.529332,206.548589,205.085340,205.634064,18134100
2019-12-30,205.528188,205.653339,203.275564,204.286362,21815500
2019-12-31,203.631741,204.815811,203.314061,204.671417,18170900
2020-01-02,206.394574,208.088867,205.990258,208.088867,30969400
2020-01-03,205.335668,207.424642,205.316411,206.182800,27518900
2020-01-06,204.565490,207.540109,204.315203,207.511230,21655300
2020-01-07,207.588285,208.069615,206.827789,207.482391,22139300
2020-01-08,207.453500,209.994925,207.126199,209.041885,26397300
2020-01-09,210.765112,211.217564,209.581042,210.813248,23547000
2020-01-10,211.641101,211.660344,209.898672,210.274109,21898500
2020-01-13,211.140536,212.728921,210.803599,212.700043,22756900
2020-01-14,212.594136,212.950330,211.535217,211.862518,24418100
2020-01-15,211.978021,212.940682,211.256025,211.949142,25742100
2020-01-16,213.008079,214.018877,212.555627,213.980362,18805000
2020-01-17,214.943004,215.212548,213.826314,215.039276,24325200
2020-01-21,214.442375,215.482050,214.346117,214.942963,21146300
2020-01-22,216.030816,216.743176,215.241427,215.510971,20736400
2020-01-23,215.385863,216.300389,214.384687,216.204117,26496100
2020-01-24,217.214901,217.445945,213.393134,214.384674,37436500
2020-01-27,209.542454,211.092339,209.070744,209.956406,42264400
2020-01-28,211.438936,213.672317,210.880591,213.181351,26731900
2020-01-29,214.365434,214.606100,212.584520,213.527924,28924500
2020-01-30,212.151342,214.384709,211.487104,214.288452,39568100
2020-01-31,215.183643,215.212522,210.139293,210.890182,52015800
2020-02-03,211.920278,214.567597,211.775885,214.076645,25408600
2020-02-04,217.003059,219.351954,216.261805,218.976517,30691200
2020-02-05,221.614279,221.652779,218.379737,219.698578,38534800
2020-02-06,220.247251,221.652743,219.467498,221.594986,22467100
2020-02-07,220.603453,221.835658,220.006593,220.641953,25884900
2020-02-10,219.910355,223.318169,219.852597,223.308548,21478900
2020-02-11,224.540782,225.282035,222.759852,223.347076,30198000
2020-02-12,224.665846,225.628507,224.107501,225.522614,24471300
2020-02-13,223.953530,226.158018,223.683986,225.233871,22773200
2020-02-14,225.590074,226.090662,224.829578,225.878876,23438500
2020-02-18,224.781415,226.389058,224.540750,225.965485,24394500
2020-02-19,227.313201,228.603164,227.043657,228.131454,22230500
2020-02-20,227.630920,228.102615,223.221929,226.013641,42604000
2020-02-21,224.887313,225.272372,220.757502,221.672028,66017200
2020-02-24,213.402762,215.876808,212.035784,213.123596,84522600
2020-02-25,214.914161,215.626536,206.721918,207.328384,97743000
2020-02-26,208.618350,212.055043,206.875920,208.396927,79537700
2020-02-27,203.025263,208.339158,197.826898,197.961670,121822600
2020-02-28,191.223004,199.434503,190.770553,198.115662,148173700
2020-03-02,201.080697,208.483565,198.250471,208.339157,112933900
2020-03-03,209.003390,211.410043,199.867729,201.658279,131953500
2020-03-04,205.354911,210.177839,203.477710,210.071945,73086200
2020-03-05,204.748432,208.281397,202.255143,203.689499,78705500
2020-03-06,197.027901,201.340620,195.333623,200.252823,89828400
2020-03-09,186.255741,193.648989,184.936900,186.342392,116424000
2020-03-10,193.600801,196.671693,186.448220,196.488785,100599200
2020-03-11,191.906536,193.254256,185.533708,187.930740,89168800
2020-03-12,175.290965,183.656492,170.333265,170.699081,137820700
2020-03-13,180.085080,187.218390,171.478884,185.158295,134882000
2020-03-16,167.647460,177.784282,162.843789,162.978561,92054400
2020-03-17,168.918192,177.505130,163.440647,175.339142,121257100
2020-03-18,165.202297,172.528149,160.571898,170.005981,114156300
2020-03-19,169.129969,176.638730,165.221566,171.026413,120896500
2020-03-20,174.954100,176.041897,163.748721,164.326309,118983900
2020-03-23,164.888691,168.062604,159.110056,164.444931,124639800
2020-03-24,173.561495,177.343168,171.670652,177.179169,94881800
2020-03-25,177.912328,182.822713,173.629001,175.867142,88754900
2020-03-26,177.381730,185.919444,177.130910,185.128372,79887600
2020-03-27,180.333748,183.787421,178.143861,178.761276,58845000
2020-03-30,180.459118,185.697514,179.764524,185.263382,49356900
2020-03-31,184.954702,188.360136,182.523622,183.681274,62659300
2020-04-01,178.250016,181.038036,174.477985,175.876816,53715400
2020-04-02,174.844529,183.391883,174.584052,179.446198,56465300
2020-04-03,179.002403,180.468770,174.892719,176.899323,47487600
2020-04-06,183.758521,190.675511,182.514048,189.546799,64763500
2020-04-07,195.228879,195.508654,189.083664,189.469543,69904500
2020-04-08,191.157844,194.071281,189.247717,193.492462,45940400
2020-04-09,195.209644,196.048940,192.006791,193.772217,68252600
2020-04-13,192.942583,196.241899,191.736692,195.865662,42853900
2020-04-14,199.917424,205.001464,199.136009,204.384048,63959600
2020-04-15,201.123275,204.355068,199.811265,202.039749,47036000
2020-04-16,204.220056,206.805480,202.290631,205.725006,64657400
2020-04-17,208.541976,208.869975,204.596304,207.693024,62863200
2020-04-20,205.831134,208.262215,205.069018,205.233017,38249100
2020-04-21,203.168567,203.708804,196.444516,197.660049,72932800
2020-04-22,201.721413,204.856729,200.978580,203.525421,40089100
2020-04-23,204.316498,206.872996,202.686146,203.091324,43278500
2020-04-24,203.525483,206.737979,202.107354,206.294205,34231900
2020-04-27,208.561204,208.985680,206.930837,207.953430,36451700
2020-04-28,209.651378,209.651378,203.756983,204.036743,46862800
2020-04-29,208.561269,212.207883,207.548318,211.272110,48716400
2020-04-30,212.188598,212.275418,209.680353,211.185303,43359500
2020-05-01,206.930906,209.024331,204.210409,205.233017,48795000
2020-05-04,203.998173,207.847368,203.670160,207.625488,32841000
2020-05-05,209.767147,212.371869,209.197970,209.979385,37783100
2020-05-06,211.657989,213.240118,210.413516,211.272110,36455200
2020-05-07,213.992599,214.870477,212.641993,213.992599,38624800
2020-05-08,215.661567,217.060398,214.629317,216.925339,31852300
2020-05-11,215.603676,219.886988,215.372139,218.864395,35714100
2020-05-12,219.462531,220.051006,214.253073,214.282013,41054100
2020-05-13,214.802967,216.684154,209.062928,211.600113,65521200
2020-05-14,210.278451,214.040825,208.368324,214.002243,51549300
2020-05-15,211.059868,215.449314,210.625750,215.391434,55747200
2020-05-18,218.295219,220.610524,217.513804,219.404633,42398100
2020-05-19,219.665107,221.739248,218.710051,218.854752,36237300
2020-05-20,221.401593,223.581838,221.382294,223.224899,37417000
2020-05-21,223.273142,223.948438,220.282527,220.793823,43642900
2020-05-22,220.388675,221.758566,219.472201,221.555984,28762400
2020-05-26,225.125376,225.327972,220.716631,220.957809,33055300
2020-05-27,220.620180,222.279487,216.037794,222.163712,55665600
2020-05-28,221.025361,225.231510,220.967481,221.874313,42784300
2020-05-29,222.250541,225.356918,220.687697,225.125381,50691800
2020-06-01,224.257158,226.176927,223.813384,225.800690,25776000
2020-06-02,226.225162,227.373173,223.823022,227.315292,33383400
2020-06-03,227.923011,229.090320,227.045133,228.337845,37228700
2020-06-04,227.990595,229.399068,225.434097,226.736465,38716100
2020-06-05,227.884440,231.820470,227.315263,231.231995,47365600
2020-06-08,231.087300,233.151785,229.514828,233.026382,32937300
2020-06-09,232.167774,235.563552,231.984476,234.714615,35046300
2020-06-10,236.402843,239.075101,235.881890,237.531555,58084400
2020-06-11,233.614830,234.994363,225.704189,225.762070,72919400
2020-06-12,230.653177,231.916949,223.562547,227.556458,72034800
2020-06-15,224.237845,231.000476,223.302072,230.325180,45307400
2020-06-16,235.177693,235.766169,230.662844,234.280518,48890100
2020-06-17,235.775821,236.837011,234.164752,235.023346,34749300
2020-06-18,234.704948,235.901197,233.933190,235.660019,30578600
2020-06-19,238.023570,238.284047,233.894601,235.621445,49422100
2020-06-22,235.490007,238.572795,235.200102,238.447174,24068700
2020-06-23,240.041720,242.708953,239.490885,240.476593,32767400
2020-06-24,239.722771,240.950091,234.021074,235.518982,46032400
2020-06-25,235.605986,238.060611,233.035384,237.761032,36940800
2020-06-26,237.519414,237.693372,231.624427,232.146286,52824600
2020-06-29,231.904717,234.687927,229.372779,234.678253,34377800
2020-06-30,234.610622,239.819466,234.427005,239.278290,38909200
2020-07-01,239.316963,243.066563,238.775787,242.071182,34689200
2020-07-02,244.516156,245.724145,243.250187,243.714050,31956500
2020-07-06,246.864438,250.227472,246.845106,249.705643,34589000
2020-07-07,249.454406,252.111980,247.685895,247.985474,36578200
2020-07-08,249.309391,251.280806,247.879123,251.251816,30426300
2020-07-09,253.165230,254.034976,248.971101,253.368164,40312900
2020-07-10,253.223253,255.349324,250.546363,255.098053,32885300
2020-07-13,257.939269,260.722478,249.029148,249.850586,64108100
2020-07-14,247.328259,252.024931,244.264803,251.619034,72230500
2020-07-15,253.030007,253.861119,248.835876,252.131271,54523900
2020-07-16,249.348036,251.048893,247.028705,250.411072,47594100
2020-07-17,250.865274,251.561076,248.526626,250.701004,35137900
2020-07-20,251.338802,258.441777,250.092179,257.813629,40610100
2020-07-21,259.379265,259.388938,254.286396,255.127151,43243800
2020-07-22,255.619889,256.953513,253.725743,256.025757,29865500
2020-07-23,255.619963,256.325409,247.927473,249.338425,51363500
2020-07-24,245.501831,248.294699,242.873263,246.970749,54054500
2020-07-27,248.613640,251.764053,247.830866,251.377502,36445700
2020-07-28,250.594687,251.116546,247.888806,248.178711,31302400
2020-07-29,249.715311,251.899363,249.241789,251.039261,27556900
2020-07-30,249.077438,252.914009,247.927431,252.353516,41774500
2020-07-31,256.972926,257.011590,252.082992,256.856964,53686300
2020-08-03,258.992670,261.070404,258.867035,260.326294,32081600
2020-08-04,259.823670,261.389247,259.079561,261.292603,24911300
2020-08-05,261.775885,262.394360,260.886793,261.940155,21612100
2020-08-06,261.746797,265.737993,261.108976,265.409424,28048200
2020-08-07,264.868242,265.641372,260.200590,262.345978,44969400
2020-08-10,262.635989,262.838953,257.707420,261.225067,35088400
2020-08-11,260.065272,261.350588,255.735862,256.277039,43104300
2020-08-12,258.432124,263.669943,258.383787,262.722870,38773400
2020-08-13,263.495995,265.593046,262.384652,263.322052,31895700
2020-08-14,263.940636,264.211224,261.621304,263.012909,30799500
2020-08-17,264.723414,266.569224,263.051577,266.066711,24803000
2020-08-18,267.129670,269.101085,265.670411,268.627563,23529500
2020-08-19,268.588916,269.642278,266.308249,266.820435,31999400
2020-08-20,266.028018,271.004924,265.622121,270.521729,27723400
2020-08-21,270.714974,272.850689,270.067480,272.396484,34748900
2020-08-24,275.662868,276.387661,271.816624,274.097321,36418500
2020-08-25,273.324218,276.445670,272.879687,276.252380,34866600
2020-08-26,277.499003,282.398610,276.223361,282.147339,42216700
2020-08-27,283.123427,283.973855,279.006594,281.267944,49482700
2020-08-28,282.504861,283.326298,281.151920,282.698151,28021000
2020-08-31,283.220043,286.776353,282.785156,284.969208,36321000
2020-09-01,287.617189,289.955867,285.848707,289.839905,36216200
2020-09-02,293.086894,293.299501,286.911674,292.584381,50836800
2020-09-03,288.080959,288.583471,274.851073,277.750244,110083300
2020-09-04,275.962475,279.219206,262.664932,274.049011,123959000
2020-09-08,263.070740,268.869081,260.596783,260.877045,99568600
2020-09-09,266.375823,270.637578,263.824538,268.540527,64837900
2020-09-10,271.497794,272.715456,261.466654,263.186829,69667500
2020-09-11,264.935917,265.969962,257.929587,261.360291,71809000
2020-09-14,265.138918,267.902811,263.785977,265.912048,38525200
2020-09-15,269.651918,271.024205,265.883001,269.680908,41849900
2020-09-16,270.473328,270.937176,265.032546,265.380432,42321000
2020-09-17,258.557699,265.177478,257.716944,261.234619,81570800
2020-09-18,262.655289,262.945194,253.803148,257.900635,86251100
2020-09-21,253.648488,258.654383,251.367791,258.519104,57168600
2020-09-22,260.915720,263.901863,257.581691,263.322052,41128900
2020-09-23,263.003190,263.186806,254.402319,255.281738,48837300
2020-09-24,252.604806,259.669117,252.440506,256.470367,70631700
2020-09-25,256.972853,263.244717,255.416950,262.432953,55242400
2020-09-28,267.284206,267.883392,262.539255,267.883392,58438300
2020-09-29,267.322911,268.376273,266.114923,266.675446,27050000
2020-09-30,266.868781,271.642753,266.598193,268.501984,49380800
2020-10-01,272.319171,273.372533,270.434698,272.763702,50020200
2020-10-02,266.743004,272.753952,264.249730,265.090485,75497400
2020-10-05,267.052339,271.062853,266.946050,270.743958,28184600
2020-10-06,270.057872,271.739383,265.032629,265.912048,49704200
2020-10-07,268.550283,271.304472,267.960769,270.512054,27539700
2020-10-08,272.908621,272.976276,270.888869,271.951904,25443300
2020-10-09,273.594740,276.184689,273.208190,276.107361,30201100
2020-10-12,280.784707,287.462468,279.741018,284.630951,79370700
2020-10-13,286.428482,287.066274,283.258693,284.621307,64240000
2020-10-14,285.423452,286.389842,280.504527,282.244019,36949100
2020-10-15,277.547327,280.939337,276.909506,280.349854,42514200
2020-10-16,281.992758,283.413354,278.465439,278.813354,40570700
2020-10-19,280.726782,281.683529,273.285593,274.261627,36756800
2020-10-20,274.996027,277.953179,273.440153,274.851074,32195400
2020-10-21,275.102397,277.663326,274.155324,274.638519,29306100
2020-10-22,275.469539,276.368304,271.381727,274.628784,32196200
2020-10-23,275.199004,275.334313,272.309506,275.170013,24658500
2020-10-26,272.889358,275.711202,267.458248,271.043549,38421100
2020-10-27,272.038805,273.981258,270.782509,273.159821,30559100
2020-10-28,268.666155,269.274985,262.258983,262.510254,53413500
2020-10-29,263.824569,270.096434,263.360691,267.100647,43246300
2020-10-30,265.119583,265.989328,258.093934,260.326294,65838300
2020-11-02,262.713181,264.327036,257.997192,260.906036,39987400
2020-11-03,262.819596,267.516270,261.737243,265.419189,43604100
2020-11-04,274.058727,279.064623,272.396534,277.267151,75728200
2020-11-05,283.664647,285.462149,282.186070,284.495758,52054200
2020-11-06,283.838476,285.433014,280.088877,284.708221,40959800
2020-11-09,287.646057,289.085999,278.436359,278.890564,86537100
2020-11-10,275.585593,277.025505,271.188498,273.894409,69024900
2020-11-11,276.416715,280.494884,273.855785,280.021362,36102900
2020-11-12,280.987728,282.253698,277.595688,278.707031,34414600
2020-11-13,280.417541,281.770482,278.194825,281.151978,24806900
2020-11-16,280.852369,283.645251,280.243538,283.345673,30168400
2020-11-17,283.538925,283.867494,281.809078,282.446899,21843500
2020-11-18,281.896145,283.510001,280.272586,280.359558,28069600
2020-11-19,279.808708,282.862505,279.141896,282.553253,22718400
2020-11-20,282.475937,283.220076,280.533512,280.620483,25907300
2020-11-23,281.615773,282.910733,278.388034,280.630066,26875600
2020-11-24,281.693114,285.065836,279.895642,284.572968,24516800
2020-11-25,285.636045,286.959995,284.688972,286.322174,23326800
2020-11-27,288.283934,290.081435,287.887710,288.960419,17163100
2020-11-30,289.279247,289.888078,284.872510,289.549835,27836200
2020-12-01,291.820861,294.884331,290.719162,293.260773,27521300
2020-12-02,292.091526,293.975999,290.255390,293.637756,23620000
2020-12-03,293.947086,295.599606,293.328582,294.053375,22828700
2020-12-04,294.101641,295.396630,293.425185,295.251648,19332100
2020-12-07,295.435182,297.290664,295.251565,296.923431,20851000
2020-12-08,296.449921,298.228076,294.700757,297.928497,18341500
2020-12-09,297.715790,297.996021,290.119948,291.182983,48839300
2020-12-10,289.153637,293.473403,288.071284,292.352386,27519500
2020-12-11,290.699841,291.830530,288.438491,291.704895,26760400
2020-12-14,292.893655,295.763836,292.826030,293.821411,28804800
2020-12-15,296.073005,296.962097,293.888953,296.962097,25709000
2020-12-16,297.358358,299.378111,296.314640,298.595337,25461900
2020-12-17,300.189895,300.779379,298.991580,300.547455,23730500
2020-12-18,301.185269,301.494521,297.271370,299.639038,41173400
2020-12-21,296.696840,299.610958,293.927968,299.078491,37095500
2020-12-22,299.978792,300.811380,297.074366,299.891663,26176300
2020-12-23,299.940165,300.298373,298.226563,298.381470,21201300
2020-12-24,298.642757,300.143366,298.565319,299.698029,16785000
2020-12-28,302.302456,303.193160,300.472653,302.718750,22497700
2020-12-29,304.044987,304.664612,302.089351,302.989716,25871900
2020-12-30,304.151512,304.470985,302.379795,302.999420,18138100
2020-12-31,302.902594,304.228944,301.827971,303.744873,21611400
2021-01-04,305.071236,305.245524,295.457593,299.456024,45305900
2021-01-05,298.468529,302.195882,298.468529,301.924774,29323400
2021-01-06,297.219627,301.944165,296.232132,297.742432,52809600
2021-01-07,300.395155,305.778023,300.366111,304.945435,30394800
2021-01-08,307.230201,309.214910,305.042191,308.866364,33955800
2021-01-11,305.913589,307.085033,303.754622,304.403290,32746400
2021-01-12,304.441934,305.526249,301.285811,303.919159,29266800
2021-01-13,304.180580,306.765503,303.580337,305.971649,22898400
2021-01-14,306.416979,307.414165,303.861070,304.335480,23500100
2021-01-15,304.122476,305.080927,300.685553,301.924774,35118700
2021-01-19,304.238674,306.833288,303.144669,306.329865,24537000
2021-01-20,309.941022,314.394452,306.426661,313.455353,30728100
2021-01-21,314.791416,316.708348,313.416671,315.962860,25130600
2021-01-22,314.926932,316.059642,314.365393,315.052795,21609400
2021-01-25,318.431514,319.796597,311.170450,317.656982,39080600
2021-01-26,318.373492,319.254504,316.795415,318.121765,25498100
2021-01-27,315.866028,315.875689,307.249540,309.253601,55264000
2021-01-28,310.454209,316.021028,309.834584,311.083496,42836300
2021-01-29,309.398882,310.502578,302.796174,304.538818,55259000
2021-02-01,307.975627,313.232660,305.952214,312.148346,35646000
2021-02-02,315.110828,318.392814,314.946231,317.240723,33930800
2021-02-03,319.312619,319.680518,315.924122,315.982208,24824500
2021-02-04,317.376351,319.806368,316.059662,319.719238,22350900
2021-02-05,320.668034,321.810434,319.031871,320.803558,22732000
2021-02-08,322.488252,323.107848,320.852089,322.952942,20462800
2021-02-09,322.023380,324.143613,322.013689,322.885040,17597500
2021-02-10,324.317859,324.772887,319.002770,322.149231,28068700
2021-02-11,323.678893,324.327562,321.539308,323.920929,22046100
2021-02-12,323.078716,325.896013,322.033135,325.731445,20346800
2021-02-16,326.525270,327.415973,323.688621,324.850403,27080800
2021-02-17,321.878177,324.966553,319.651463,323.291656,31360300
2021-02-18,319.709576,323.233597,317.899125,321.878204,32236200
2021-02-19,323.223916,323.349779,319.457858,320.474396,39157700
2021-02-22,316.098379,317.356952,311.964423,312.167725,47256900
2021-02-23,306.901145,312.903640,301.092291,311.238434,97241900
2021-02-24,308.585624,314.113737,305.894190,313.803925,58206300
2021-02-25,311.151215,313.707095,301.324549,302.863892,110182600
2021-02-26,305.787656,308.943778,300.975989,304.132141,104739800
2021-03-01,309.098686,313.619923,307.811070,313.281067,49164500
2021-03-02,313.920045,313.997484,308.004712,308.256409,48370000
2021-03-03,307.162471,308.101570,299.252766,299.310852,86301100
2021-03-04,298.942885,302.099037,290.549081,294.411987,139131600
2021-03-05,297.025958,299.746434,287.973853,298.846069,121523700
2021-03-08,298.304010,300.182209,289.968319,290.384613,88409800
2021-03-09,297.674677,303.735257,297.142211,301.837677,80391100
2021-03-10,306.087740,306.387862,300.288580,300.975952,76798100
2021-03-11,305.710227,309.669925,304.819553,307.907928,53484800
2021-03-12,303.861062,308.091868,301.469779,305.410095,69315600
2021-03-15,305.729599,308.837327,304.093436,308.672729,42955700
2021-03-16,310.860705,313.871642,308.934112,310.366943,54925900
2021-03-17,307.336744,313.532848,305.623113,311.644958,78258700
2021-03-18,306.775204,307.753037,301.644063,302.099091,82718100
2021-03-19,301.934442,304.703344,299.794857,303.164001,78446200
2021-03-22,305.553530,310.914117,305.553530,308.849365,56194800
2021-03-23,309.935007,311.253329,306.687629,307.501892,53455400
2021-03-24,308.868774,308.907557,302.170458,302.315857,64803700
2021-03-25,300.473976,303.304534,297.973028,301.792297,78729000
2021-03-26,301.579097,306.639183,300.183239,306.319305,63519600
2021-03-29,305.786248,307.279049,302.897529,306.232147,54608000
2021-03-30,304.273946,305.262687,301.995932,304.690765,44635700
2021-03-31,306.474379,310.914057,306.135095,309.353394,55032500
2021-04-01,313.172723,314.762466,312.920678,314.626770,55685600
2021-04-05,317.108400,321.674101,316.866059,320.908295,42172500
2021-04-06,320.598002,322.633645,319.909732,320.685242,33537200
2021-04-07,320.210266,322.294424,319.279684,321.460754,32046400
2021-04-08,324.310669,324.998909,323.515783,324.814728,29940800
2021-04-09,323.457678,326.986181,322.720981,326.782593,36664900
2021-04-12,325.745314,326.772838,324.475448,326.356018,25833000
2021-04-13,327.877994,330.630987,327.664732,330.165710,30374000
2021-04-14,330.407998,330.534020,325.386695,326.200958,42564300
2021-04-15,329.070259,331.532453,325.919823,331.144684,36342800
2021-04-16,331.668197,331.745763,329.661604,331.532501,40860100
2021-04-19,329.962072,331.115589,326.578969,328.498322,34533100
2021-04-20,327.839206,329.118745,324.136225,326.104034,38081800
2021-04-21,324.824439,329.079964,323.738755,328.895782,36598100
2021-04-22,328.508050,329.487088,323.777545,324.931091,45936100
2021-04-23,325.561211,330.330470,325.561211,329.021851,36381900
2021-04-26,329.264146,331.445217,328.517717,331.164093,30812000
2021-04-27,331.454961,331.668222,328.779533,329.729492,33187200
2021-04-28,329.399929,330.408077,327.965259,328.614746,33615700
2021-04-29,331.881461,332.298281,326.579034,329.797333,37708900
2021-04-30,327.354587,329.836159,326.724476,327.635681,38263400
2021-05-03,328.837624,329.584025,325.444848,325.890747,29729700
2021-05-04,323.341365,323.661272,316.216527,320.026154,65147000
2021-05-05,322.071521,322.934270,318.174685,318.950165,46219300
2021-05-06,318.688433,321.509289,316.449203,321.354187,46814300
2021-05-07,324.126476,326.336626,321.528586,323.961700,53324500
2021-05-10,322.585297,322.759776,315.576777,315.780365,60700500
2021-05-11,309.905993,316.139003,309.246802,315.344116,71963600
2021-05-12,310.419682,312.736448,306.319258,307.182007,91164900
2021-05-13,310.119225,312.523230,307.191724,309.556976,69877800
2021-05-14,312.717090,317.302167,312.213002,316.390991,44370000
2021-05-17,314.684850,316.371535,311.602277,314.471588,39395000
2021-05-18,315.421624,316.643003,312.077303,312.348724,36528500
2021-05-19,306.959041,313.007868,306.610054,312.707367,66319100
2021-05-20,314.190495,319.609241,313.967560,318.756195,46466100
2021-05-21,320.307246,320.724066,316.633375,316.992035,50330400
2021-05-24,319.279697,323.447984,316.885365,322.323517,32475800
2021-05-25,323.835716,324.553037,321.596486,322.769409,31280300
2021-05-26,323.438288,324.359167,322.750047,323.893890,25444900
2021-05-27,323.448027,324.291370,322.478662,322.682220,27931700
2021-05-28,323.884163,325.289754,323.380104,323.699982,29927400
2021-06-01,325.028029,325.503038,321.276592,322.624023,31145400
2021-06-02,323.040889,324.097493,321.538385,323.254150,22047900
2021-06-03,320.423459,321.693324,318.223012,319.890320,37057800
2021-06-04,321.683760,325.764778,321.615897,325.318878,38736500
2021-06-07,324.785675,326.346368,324.097434,326.288208,32611900
2021-06-08,328.033133,328.895882,324.766378,326.443390,27282800
2021-06-09,327.810115,328.585595,326.336662,326.520844,21485300
2021-06-10,326.860143,330.029956,326.414244,329.923340,33702100
2021-06-11,329.932995,330.795744,329.283538,330.786041,21222800
2021-06-14,331.212583,333.965576,330.029957,333.955902,27827700
2021-06-15,333.606926,333.917129,331.057491,331.774841,35963800
2021-06-16,332.240093,333.306400,327.112174,330.563110,55399500
2021-06-17,329.555013,335.768646,329.506556,334.760498,59722700
2021-06-18,333.102818,334.246661,331.387024,332.133453,55414900
2021-06-21,332.324716,334.518032,330.112001,334.197754,32992600
2021-06-22,333.993962,337.759466,333.693113,337.313049,28941600
2021-06-23,337.254742,338.623136,336.643329,337.477936,27188500
2021-06-24,339.409293,341.088221,338.865822,339.564575,32581600
2021-06-25,340.127421,340.370043,338.545518,339.147217,28682800
2021-06-28,340.428172,343.407581,340.369945,343.271698,39130300
2021-06-29,343.097162,344.543182,342.262555,344.514069,29426000
2021-06-30,344.358740,344.746960,343.388251,343.970551,32724000
2021-07-01,343.621170,344.611059,342.272176,344.106415,29290000
2021-07-02,345.998782,348.376492,345.765874,348.056244,32727200
2021-07-06,348.657999,349.841997,345.969725,349.560547,38842400
2021-07-07,351.753799,352.054648,348.347373,350.298065,35265200
2021-07-08,345.241822,349.036439,343.960799,348.182404,50890000
2021-07-09,347.600137,350.831853,347.017838,350.356323,35184500
2021-07-12,351.753845,352.180863,350.181627,351.724731,25717700
2021-07-13,351.346226,354.684712,350.870696,351.724731,39723000
2021-07-14,354.063540,354.704066,351.530578,352.355499,35336400
2021-07-15,352.268162,352.471956,347.881532,349.880737,53391600
2021-07-16,350.734876,351.715079,346.697636,347.047028,47262000
2021-07-19,343.601702,344.698360,341.651039,344.203430,64404600
2021-07-20,345.135154,349.647924,343.359142,348.201904,42183700
2021-07-21,347.774904,350.890167,347.551681,350.890167,30259900
2021-07-22,351.093815,353.219188,351.093815,353.209503,30252200
2021-07-23,354.529379,357.615527,353.180414,357.334106,31960800
2021-07-26,356.645081,358.003789,355.781361,357.615570,28438100
2021-07-27,357.353547,357.353547,349.531406,353.675385,57933100
2021-07-28,354.810956,356.606367,352.520585,355.034149,42066200
2021-07-29,354.471205,356.829486,354.471205,355.664917,25672500
2021-07-30,351.744193,354.393640,351.715080,353.811340,36484600
2021-08-02,355.470839,356.053138,353.131956,353.840424,27334100
2021-08-03,354.500351,356.101653,351.317148,355.985199,35558500
2021-08-04,355.946387,357.450663,354.840044,356.499573,29602200
2021-08-05,357.314784,358.993742,356.606346,358.760834,21443900
2021-08-06,357.499162,358.469652,356.082256,357.188599,33332100
2021-08-09,357.644656,358.372523,356.548028,357.848480,25960200
2021-08-10,358.362879,358.654014,354.830284,356.014282,35130800
2021-08-11,357.276021,357.770951,354.073388,355.402954,34249800
2021-08-12,354.898324,357.043097,353.549329,356.684021,25969200
2021-08-13,357.033395,358.265906,356.538436,357.935944,19336200
2021-08-16,356.819848,358.129985,352.967004,358.091187,34856900
2021-08-17,355.344692,356.315182,352.510880,354.937103,44793900
2021-08-18,354.403259,355.800766,351.190942,351.520905,38541900
2021-08-19,349.589679,354.888542,349.337342,353.219299,48499400
2021-08-20,354.286893,357.276017,353.976329,356.878113,39486000
2021-08-23,357.916439,362.904768,357.906754,362.215729,34034700
2021-08-24,362.807694,363.923751,362.341848,363.322052,21732900
2021-08-25,363.574352,364.311934,362.827057,363.739319,20441900
2021-08-26,362.885391,363.564716,360.992925,361.429657,29133300
2021-08-27,362.060456,365.447454,361.575211,364.942810,27104700
2021-08-30,365.728897,369.523514,365.709468,369.038269,27295700
2021-08-31,369.280837,369.348749,367.194262,368.737366,29628200
2021-09-01,369.795262,371.415963,369.145021,369.348816,28138300
2021-09-02,370.697809,371.027771,367.961022,369.174133,25453400
2021-09-03,368.028945,370.707505,368.009546,370.309601,24605400
2021-09-07,370.416345,371.483890,369.261461,370.833649,23970200
2021-09-08,370.658964,370.658964,367.281681,369.542908,32949200
2021-09-09,369.766138,370.872480,368.028954,368.271576,29399000
2021-09-10,369.979647,370.697800,365.146600,365.476562,40249400
2021-09-13,367.805718,368.232735,363.176495,365.224213,48741800
2021-09-14,366.709101,367.436968,363.234762,364.185852,41826600
2021-09-15,364.641950,367.242855,362.351580,366.893463,34097900
2021-09-16,365.563880,367.718368,363.642331,367.145782,35193100
2021-09-17,366.670338,366.718851,361.759664,362.798065,60912300
2021-09-20,357.011387,358.750498,350.667067,355.301453,76203200
2021-09-21,357.127948,358.322984,354.611598,355.738617,41927500
2021-09-22,356.651818,360.518657,355.553944,359.061310,46972900
2021-09-23,360.217544,363.404277,359.576307,362.374420,44652000
2021-09-24,360.110629,363.132212,359.741429,362.714417,36056800
2021-09-27,359.673485,360.693617,357.273718,359.819214,43338100
2021-09-28,355.272242,359.770563,349.131943,349.637146,97701600
2021-09-29,350.900329,353.037756,348.442270,349.064056,58076600
2021-09-30,350.705854,352.367222,346.945901,347.781433,61384600
2021-10-01,348.403264,350.977906,344.303258,349.938324,56375500
2021-10-04,348.325583,348.655911,340.358765,342.593353,76766000
2021-10-05,343.652360,349.462331,343.428919,347.218018,47232900
2021-10-06,344.011886,349.715000,343.108337,349.442963,56806500
2021-10-07,352.483899,355.291737,351.949550,352.649078,39411200
2021-10-08,353.727518,353.960714,350.356185,350.890564,41822300
2021-10-11,349.355415,352.872506,348.111813,348.199280,34847200
2021-10-12,349.646881,350.084068,346.343566,346.984802,43905100
2021-10-13,349.287462,350.433902,347.266589,349.763519,40120800
2021-10-14,353.348582,356.418732,352.687925,356.204987,43433900
2021-10-15,357.419423,358.565863,356.389566,358.449280,40419900
2021-10-18,357.157075,362.267518,356.554709,362.053772,34513500
2021-10-19,363.122547,364.842207,362.102415,364.793640,29091000
2021-10-20,365.250230,365.862321,362.840737,364.317535,31390300
2021-10-21,363.520896,366.736775,363.219713,366.542450,25469300
2021-10-22,365.289102,366.250942,361.801187,363.462555,36275800
2021-10-25,364.881020,368.096898,362.937889,367.183624,32597800
2021-10-26,369.418235,371.827698,367.164197,368.339783,47191300
2021-10-27,368.786723,372.255218,368.524411,369.194794,45760500
2021-10-28,371.089388,373.547447,370.321843,373.294830,38007000
2021-10-29,370.224680,375.296252,369.874931,375.131073,37310100
2021-11-01,375.568287,376.539852,373.489152,376.413544,30765300
2021-11-02,375.801496,378.463606,375.752930,377.987518,25135300
2021-11-03,378.473244,382.417796,377.433691,382.000031,33748900
2021-11-04,383.263023,387.848812,382.718949,386.896667,40265300
2021-11-05,388.665017,389.587986,385.866904,387.265961,43383800
2021-11-08,387.236719,388.256850,386.099974,386.741211,29256300
2021-11-09,387.810031,388.208376,382.719038,384.079224,50490700
2021-11-10,381.310243,384.118051,376.510708,378.434418,54937400
2021-11-11,381.407475,381.582350,379.143711,379.483765,32243000
2021-11-12,380.630189,384.011247,379.036837,383.476898,34730600
2021-11-15,384.652426,384.973030,380.950765,383.389374,33716900
2021-11-16,382.660677,386.614954,382.466381,386.119476,27872900
2021-11-17,386.440100,388.354085,385.361677,386.323517,28703300
2021-11-18,388.363804,390.831558,386.148636,390.326355,45721500
2021-11-19,391.958520,393.775342,391.132684,392.502594,45191700
2021-11-22,394.037748,397.088447,387.839156,387.946014,61715400
2021-11-23,386.789796,388.849539,381.747400,386.177734,70098700
2021-11-24,383.700275,387.703119,381.378249,387.421387,46954400
2021-11-26,384.846714,386.236075,378.686994,380.076355,51533300
2021-11-29,384.633015,389.335387,383.904341,388.324951,54447100
2021-11-30,387.440843,389.782319,380.610740,382.621887,81332700
2021-12-01,386.954976,389.092431,375.645972,376.112305,77766500
2021-12-02,374.829880,380.600980,373.411403,378.823029,84416600
2021-12-03,380.183237,381.183948,368.126108,372.235840,105349100
2021-12-06,372.721606,376.578722,368.514712,375.218536,67588800
2021-12-07,381.854381,387.129974,381.815510,386.517883,56005300
2021-12-08,386.848166,388.451242,384.953601,388.247192,39204000
2021-12-09,387.023082,388.820484,382.340129,382.534454,49973700
2021-12-10,385.342228,386.955030,382.174916,386.692719,52545800
2021-12-13,386.682976,387.003580,380.737002,381.106201,50166400
2021-12-14,376.287250,378.997925,372.721621,377.161682,75199200
2021-12-15,376.909034,386.119483,372.964481,385.759979,73858000
2021-12-16,386.721876,387.149367,374.256676,375.840332,82591400
2021-12-17,372.430059,378.123447,370.914420,373.965149,80492500
2021-12-20,369.248047,371.125556,367.205148,370.337585,65336800
2021-12-21,373.606171,378.937160,369.860892,378.625854,48899500
2021-12-22,378.334048,383.441280,377.672547,383.237000,37042200
2021-12-23,383.587272,387.595230,383.421912,386.126312,29595500
2021-12-27,387.420026,392.507812,387.390843,392.507812,32820700
2021-12-28,393.402797,393.577895,389.813140,390.688660,33113700
2021-12-29,390.824883,392.089519,388.256661,390.630310,32248500
2021-12-30,390.416252,392.595358,388.879232,389.462921,23850100
2021-12-31,388.791722,390.153644,386.534804,387.030945,34752900
2022-01-03,388.198320,391.009745,386.087347,390.756805,40575900
2022-01-04,391.301589,391.340509,382.594990,385.688507,58027200
2022-01-05,384.005466,385.124217,373.586722,373.839661,75739800
2022-01-06,372.020530,376.816457,369.792795,373.576996,70814300
2022-01-07,373.586766,375.269732,367.759667,369.530151,72652300
2022-01-10,364.627223,370.288962,359.267051,369.773346,91770500
2022-01-11,369.043745,375.493455,366.961955,375.328094,68295700
2022-01-12,377.896298,379.589001,374.540135,376.816498,54576400
2022-01-13,378.197847,378.878823,366.456099,367.389984,77994000
2022-01-14,364.870422,370.006837,364.666111,369.676086,80121200
2022-01-18,363.868441,365.989152,359.714540,360.473328,75450900
2022-01-19,362.029771,364.500707,356.251300,356.513977,81791500
2022-01-20,359.734006,363.703043,351.348422,351.883453,88610700
2022-01-21,349.694683,352.330980,341.844129,342.126251,143388900
2022-01-24,336.503421,344.353975,325.063210,343.692444,198685800
2022-01-25,337.242733,341.484154,332.388410,335.725128,124398400
2022-01-26,343.312966,347.175007,331.512825,335.199768,146559500
2022-01-27,339.898468,341.717610,330.802724,331.824188,95255700
2022-01-28,333.701715,342.447234,328.759873,342.233215,108167900
2022-01-31,343.595189,353.760997,341.960852,353.177307,94326400
2022-02-01,354.519814,356.231963,349.373690,355.580170,74433000
2022-02-02,359.704813,360.035563,354.383562,358.469330,78777100
2022-02-03,348.780193,352.087728,342.875253,343.935608,95384800
2022-02-04,344.451232,351.572181,342.398625,348.274384,86318300
2022-02-07,348.867771,351.231683,344.217758,345.472687,58198100
2022-02-08,344.334503,350.443725,343.206044,349.354187,64720900
2022-02-09,353.867967,356.835014,352.272550,356.757202,55766400
2022-02-10,349.743308,356.523769,346.844364,348.682953,112468500
2022-02-11,348.682902,350.278318,336.396356,337.622101,101569100
2022-02-14,337.067630,341.435550,334.538357,338.040436,80254400
2022-02-15,343.313028,346.678929,342.252673,346.445465,55128800
2022-02-16,344.198310,347.379375,341.172867,346.357941,58947100
2022-02-17,343.147675,343.848097,335.637609,336.055939,61801400
2022-02-18,336.989797,337.378914,329.917507,332.223053,80001500
2022-02-22,329.285176,334.684269,325.257774,328.886322,85967100
2022-02-23,332.038210,332.874809,320.150517,320.461823,86215400
2022-02-24,310.169526,331.765835,309.605311,331.230774,130614100
2022-02-25,332.028480,336.571498,328.215097,336.367188,78842100
2022-02-28,333.195794,339.061813,332.038152,337.369110,77515500
2022-03-01,336.347778,338.614403,329.684049,332.203613,67407000
2022-03-02,333.750339,339.110511,330.987573,337.777771,70609000
2022-03-03,340.414043,340.521067,331.094573,332.952637,71089400
2022-03-04,330.598469,332.028495,325.812279,328.127533,76936300
2022-03-07,328.117790,329.275432,315.821506,316.025787,89933800
2022-03-08,315.237862,324.148771,311.239642,314.556915,116153900
2022-03-09,322.728428,327.232525,320.140760,325.880310,64723400
2022-03-10,321.823791,323.467836,317.825541,322.261536,69362700
2022-03-11,325.228558,325.539863,315.091905,315.578308,66228400
2022-03-14,314.342810,317.708710,308.817279,309.517700,79802600
2022-03-15,312.154029,320.004581,310.548905,319.226318,76471000
2022-03-16,323.137035,331.182131,319.469537,331.065399,105243000
2022-03-17,329.168454,335.131761,327.874634,335.073395,67810000
2022-03-18,333.419586,342.223500,332.261945,341.931641,85446300
2022-03-21,341.097894,343.318632,336.597948,340.980988,73799100
2022-03-22,341.477788,348.549103,341.097940,347.682220,63345900
2022-03-23,344.808970,348.364098,342.627170,342.685608,70615500
2022-03-24,344.604349,350.351025,342.451797,350.302307,53555300
2022-03-25,350.243884,351.295831,345.714749,350.010132,57584200
2022-03-28,350.000271,355.522913,348.763291,355.425507,56833900
2022-03-29,359.311779,362.165617,356.545598,361.542267,68073000
2022-03-30,359.682063,361.337890,356.068498,357.548981,68757700
2022-03-31,357.695042,358.045701,352.279555,353.117218,67011400
2022-04-01,353.380170,354.159365,349.269851,352.445129,54527800
2022-04-04,353.282702,359.711166,353.019730,359.701416,45950200
2022-04-05,358.250222,358.961259,350.575027,351.714630,62738700
2022-04-06,346.406266,347.506900,341.448564,344.078400,90077100
2022-04-07,343.084904,347.088096,339.627184,344.896576,63777400
2022-04-08,343.162786,343.912762,339.442065,340.075165,61956100
2022-04-11,335.847975,336.763545,331.688968,332.029877,66107400
2022-04-12,336.773313,338.653143,329.253963,330.627319,72790200
2022-04-13,330.968186,338.399878,330.247429,337.347961,61367800
2022-04-14,337.435671,337.951895,329.419567,329.633850,73519400
2022-04-18,328.581917,332.176012,327.062465,329.887085,58560600
2022-04-19,329.244211,337.834977,328.221514,337.260315,56515700
2022-04-20,338.068730,338.526515,331.124042,332.341553,65500000
2022-04-21,336.217997,338.828333,324.539645,325.464935,75801000
2022-04-22,325.620991,326.838502,316.514000,316.942566,82562100
2022-04-25,315.315896,321.325514,314.049667,321.013824,101755900
2022-04-26,318.958748,319.143812,308.624496,308.897247,105819600
2022-04-27,308.994513,314.487937,306.812743,308.527008,111204200
2022-04-28,313.484722,321.315760,309.267247,319.484619,99450000
2022-04-29,315.286712,318.724963,304.475207,305.108307,91977900
2022-05-02,304.699158,310.436084,301.601817,310.202332,115511800
2022-05-03,310.221849,312.822466,307.767357,310.533539,78185500
2022-05-04,311.010795,321.705424,305.731683,321.033356,116083400
2022-05-05,316.718541,316.796449,301.572682,304.864838,154607400
2022-05-06,302.868077,306.900458,297.179839,301.212250,139572800
2022-05-09,295.592251,301.309679,288.033932,289.426758,113387300
2022-05-10,296.595527,297.813039,288.861893,292.942993,124124600
2022-05-11,290.683163,296.186306,283.387847,284.254700,140326100
2022-05-12,279.978887,288.063150,277.534115,283.582703,120910900
2022-05-13,288.033948,295.124732,286.436559,294.092285,83684900
2022-05-16,292.348744,294.403918,289.407248,290.683197,59190400
2022-05-17,296.536984,298.592128,292.738326,298.212280,62715300
2022-05-18,293.702591,294.394129,282.316427,283.572906,79477100
2022-05-19,281.771087,286.738539,280.105510,282.053528,79920700
2022-05-20,285.511200,286.163770,272.926994,281.176849,91764200
2022-05-23,282.219078,286.231990,279.823025,285.852142,63648400
2022-05-24,280.641144,281.352151,274.913967,279.774261,73491100
2022-05-25,278.284023,285.764432,278.079489,283.689789,67144500
2022-05-26,282.891126,293.098749,282.608655,291.550049,59462200
2022-05-27,294.676696,301.212288,294.559820,301.066193,66985600
2022-05-31,301.036931,303.238171,296.420109,300.267456,60968300
2022-06-01,302.400543,304.523876,295.835733,298.046722,65341700
2022-06-02,296.926590,306.384207,295.514265,306.208893,59291300
2022-06-03,300.997948,302.400523,296.994786,298.241516,60914700
2022-06-06,302.673204,304.231624,297.676535,299.234955,51785000
2022-06-07,295.913640,302.595357,294.822755,301.816132,44900300
2022-06-08,301.017400,303.618016,298.796661,299.644073,38342100
2022-06-09,297.959032,301.017404,291.452660,291.618225,55900500
2022-06-10,286.017714,287.206006,280.884697,281.332733,85963500
2022-06-13,272.479027,275.001707,267.394698,268.251831,94442000
2022-06-14,270.443316,271.417325,266.235590,268.738800,64697500
2022-06-15,272.157552,279.374931,269.420560,275.449677,86051400
2022-06-16,268.427123,268.884909,262.281129,264.336304,81910300
2022-06-17,265.105644,269.985436,263.479066,267.550415,82703400
2022-06-21,272.026899,276.613553,271.919567,274.300690,51633700
2022-06-22,271.802405,278.301777,271.207132,273.900574,67472900
2022-06-23,276.379247,278.828718,273.549198,277.979706,57457800
2022-06-24,280.800035,287.923985,280.565833,287.504333,58422300
2022-06-27,288.860789,289.426787,284.264398,285.396423,54151500
2022-06-28,285.933182,288.519262,276.515935,276.701355,61609800
2022-06-29,276.564640,278.457851,274.066387,276.954987,57302700
2022-06-30,273.978563,277.091625,269.128433,273.519897,79313600
2022-07-01,272.222083,275.715725,270.348378,275.325378,56675100
2022-07-05,271.597542,280.156011,270.075169,280.038910,61829300
2022-07-06,280.419463,283.932641,278.701902,281.834473,63194700
2022-07-07,282.644448,288.568053,282.644448,287.865417,56620100
2022-07-08,285.035321,289.592698,284.098483,288.226471,59895500
2022-07-11,285.816044,286.040478,281.190378,282.068665,55273900
2022-07-12,283.317855,285.230574,277.745551,279.336243,55797100
2022-07-13,273.832159,281.102453,273.266132,278.760345,73939400
2022-07-14,276.164594,280.624378,273.051531,279.755859,63741800
2022-07-15,282.742044,284.937776,281.131816,284.830414,63818100
2022-07-18,287.611740,289.017011,281.249004,282.420044,59519600
2022-07-19,286.040491,291.398098,284.440061,291.105316,55172600
2022-07-20,291.524945,296.902030,290.744223,295.721222,67769400
2022-07-21,296.179916,300.024890,293.525518,299.966339,55049400
2022-07-22,299.039275,301.108138,292.881467,294.706360,57127700
2022-07-25,294.735563,295.203996,291.027227,293.027771,40582400
2022-07-26,291.329811,291.583550,286.460173,287.270142,50074100
2022-07-27,291.827539,301.098411,291.261511,299.410126,69304400
2022-07-28,299.195400,302.913504,295.448019,302.337738,55139900
2022-07-29,303.879717,308.759124,302.454909,307.851532,57501000
2022-08-01,306.085093,311.120643,304.992111,307.666016,46358800
2022-08-02,305.372782,310.866969,304.318814,306.748749,48676500
2022-08-03,308.427271,315.922062,308.368721,315.102325,53735700
2022-08-04,315.180303,316.888095,313.033353,316.575806,38973700
2022-08-05,311.491553,316.019627,310.710860,313.989807,53894000
2022-08-08,314.907078,318.595908,311.511001,312.974823,43878500
2022-08-09,311.081584,311.335322,307.812406,309.432343,39764200
2022-08-10,316.761292,318.361752,314.292314,318.068970,51459600
2022-08-11,320.391538,322.392082,315.560914,316.263550,45897700
2022-08-12,318.312845,322.616484,317.258907,322.421326,40928400
2022-08-15,321.474816,325.524717,321.455279,325.027008,38266600
2022-08-16,324.051052,326.354147,321.221003,324.265747,41186900
2022-08-17,321.133258,323.436324,318.488598,320.567230,47842200
2022-08-18,320.518459,322.519004,318.908261,321.338196,41937200
2022-08-19,318.303131,318.956954,314.311751,315.072937,51770600
2022-08-22,310.818085,311.052287,305.967955,306.777924,51098900
2022-08-23,306.543738,309.354280,305.772784,306.524231,39497100
2022-08-24,306.046066,309.227448,305.441024,307.412323,38057100
2022-08-25,309.188407,312.867498,308.144237,312.847961,38098300
2022-08-26,312.555213,313.755557,299.937077,300.024902,69047700
2022-08-29,297.272889,299.810186,295.965212,297.067963,48321900
2022-08-30,298.717197,299.332007,291.241945,293.759705,51184500
2022-08-31,296.658132,297.555956,291.944639,292.051971,50044000
2022-09-01,289.563418,292.549612,285.884357,292.178772,57990700
2022-09-02,295.047893,296.423889,286.440615,288.050842,64666800
2022-09-06,288.528999,289.446329,283.854520,285.981934,57005400
2022-09-07,286.460158,292.754574,286.196651,291.759186,49260400
2022-09-08,289.690353,294.589266,288.324125,293.271820,55649800
2022-09-09,295.526056,300.181028,293.271773,299.683319,56125200
2022-09-12,301.059306,303.577066,300.747017,303.245270,45905700
2022-09-13,294.520916,295.711492,285.728247,286.616302,79562200
2022-09-14,287.758111,289.768424,285.991768,288.890137,54907200
2022-09-15,286.977378,289.378038,282.478551,284.079010,65299400
2022-09-16,280.780564,282.732327,278.731207,282.341980,79920400
2022-09-19,279.701374,284.697075,279.642718,284.540649,52613800
2022-09-20,282.037839,284.560153,279.975044,282.272491,51271100
2022-09-21,283.113308,287.375812,277.081317,277.218170,82931000
2022-09-22,275.693042,276.700004,272.584170,273.806213,62757100
2022-09-23,271.342559,271.635868,265.936239,269.348206,74815200
2022-09-26,268.878885,273.239128,267.441761,268.233643,71176700
2022-09-27,271.596851,273.943170,266.024318,268.341339,69780100
2022-09-28,268.321688,274.959838,266.845479,273.679138,79652100
2022-09-29,269.690428,270.071720,262.827439,265.789673,81216000
2022-09-30,264.968388,269.035352,261.126290,261.282715,78482400
2022-10-03,263.052232,269.006025,261.546666,267.412476,61267400
2022-10-04,272.750372,276.524058,272.750372,275.820160,66696900
2022-10-05,272.056262,277.462582,269.260240,275.673523,55766300
2022-10-06,274.676257,277.824242,273.180477,273.503113,53489400
2022-10-07,268.869187,268.996284,261.752005,263.081604,71354700
2022-10-10,263.277071,263.668148,257.743683,260.451721,60393000
2022-10-11,258.779966,261.644429,255.192032,256.873566,66522500
2022-10-12,257.509024,259.425180,256.091471,256.785583,50580200
2022-10-13,249.453334,264.127644,248.573454,262.807831,112894100
2022-10-14,265.134559,265.730902,254.321921,254.908478,77244300
2022-10-17,260.872115,264.196068,260.774346,263.325989,64576500
2022-10-18,270.345400,271.010185,262.729616,265.408356,69781000
2022-10-19,263.892957,267.559087,262.074570,264.440430,53115400
2022-10-20,263.550798,268.693167,261.927951,263.091309,60605500
2022-10-21,261.986617,269.797911,260.852557,269.260223,77897700
2022-10-24,269.524191,273.151208,265.887388,272.222473,63963600
2022-10-25,273.161002,278.234930,271.684763,277.853638,59014500
2022-10-26,272.232196,277.628759,271.225233,271.714050,63492400
2022-10-27,270.599615,272.056282,266.249128,266.767273,57760300
2022-10-28,266.141523,275.399726,265.975312,274.930450,62651300
2022-10-31,272.681919,273.503129,269.817426,271.733612,47742000
2022-11-01,275.204193,275.761452,268.595372,268.957092,45895900
2022-11-02,268.927768,271.987769,259.669565,259.738007,79803100
2022-11-03,257.127767,258.584434,254.282846,254.664108,70038900
2022-11-04,259.591372,260.647204,253.285615,258.760376,78313200
2022-11-07,259.806502,262.143064,257.675265,261.605347,47333800
2022-11-08,263.120671,266.747688,259.581607,263.511719,63213800
2022-11-09,261.771487,262.553583,257.147264,257.430786,64862100
2022-11-10,269.836990,276.719518,267.725295,276.426239,99256700
2022-11-11,276.240522,282.184559,274.901167,281.519745,66961800
2022-11-14,279.466712,282.741795,278.078487,279.056122,55290700
2022-11-15,285.674693,286.701228,279.574261,282.917786,73985400
2022-11-16,280.962522,283.005775,278.234912,279.056122,48859800
2022-11-17,274.598118,279.916454,274.441693,278.440216,55462100
2022-11-18,281.451328,281.549068,276.005894,278.449982,53588600
2022-11-21,277.061780,278.215382,274.754575,275.585571,40083500
2022-11-22,276.318779,279.711144,274.187512,279.554749,41873400
2022-11-23,279.574269,282.986206,279.398302,282.360535,46390000
2022-11-25,280.766972,281.470870,280.014204,280.503021,15498800
2022-11-28,278.528169,280.542094,275.458411,276.387146,38714200
2022-11-29,276.612034,277.012868,272.926361,274.295044,35618900
2022-11-30,274.559031,286.906567,273.708493,286.799011,74718100
2022-12-01,287.121643,289.135568,284.374490,287.150970,51547300
2022-12-02,282.086784,286.886975,281.910787,286.007080,53583200
2022-12-05,283.885650,285.156564,279.750243,281.206940,41482100
2022-12-06,281.050457,281.187310,273.991933,275.380157,53937600
2022-12-07,274.197265,276.250304,272.545059,274.255920,45614300
2022-12-08,275.605034,278.469497,273.532453,277.501648,42594900
2022-12-09,276.484885,279.251608,275.292169,275.732117,47860500
2022-12-12,275.908094,279.251618,274.871803,279.192932,35732500
2022-12-13,290.015385,290.240251,279.515595,282.194305,80667700
2022-12-14,281.607709,284.892578,276.856418,280.102173,64984400
2022-12-15,276.015602,276.680416,269.504581,270.697296,60554100
2022-12-16,270.022794,271.557658,266.513058,268.116394,68300400
2022-12-19,268.385883,268.474077,263.113610,264.348389,44167900
2022-12-20,263.182191,265.886933,261.604445,264.142578,51064200
2022-12-21,265.181398,269.277689,264.338604,267.974335,46394700
2022-12-22,264.965750,265.093151,257.204331,261.418243,60278400
2022-12-23,260.154027,262.672570,258.252873,262.006165,39373600
2022-12-27,261.398636,261.506449,257.762936,258.301910,38009000
2022-12-28,257.900164,260.154096,254.529046,254.891632,47139000
2022-12-29,257.694350,262.045443,256.998576,261.104675,45893600
2022-12-30,258.341077,261.075217,257.037723,260.947815,37858300
2023-01-03,263.270318,264.740280,256.880890,259.183838,42335300
2023-01-04,261.300672,262.094450,257.272958,260.418671,47754900
2023-01-05,258.752710,258.919290,256.028380,256.341949,45396700
2023-01-06,258.076481,264.534514,255.126746,263.417328,54659700
2023-01-09,265.406730,269.777442,264.514979,265.122559,45568700
2023-01-10,264.093555,267.474482,263.583978,267.366669,35247800
2023-01-11,268.434902,272.100000,267.650903,271.992188,44077000
2023-01-12,272.550697,274.491059,268.258401,273.462067,60600000
2023-01-13,270.963198,275.588683,270.630010,275.343689,44802900
2023-01-17,275.147683,277.186048,273.981509,275.902283,36269700
2023-01-18,277.440835,278.989213,272.109796,272.315582,47754500
2023-01-19,270.688809,271.825584,268.405480,269.640228,44150400
2023-01-20,271.247370,277.352597,270.188980,277.019409,60613600
2023-01-23,277.862286,284.398706,277.068508,283.173737,52799900
2023-01-24,281.556809,283.751945,281.037423,282.595581,44875100
2023-01-25,278.087629,282.585713,275.549496,281.968353,50872000
2023-01-26,285.388430,287.642361,282.742484,287.465973,51596300
2023-01-27,286.152840,292.287496,286.035248,290.327545,56441900
2023-01-30,287.064228,288.485204,284.085123,284.457489,49405800
2023-01-31,284.496676,288.818371,284.388893,288.720367,46705100
2023-02-01,288.514576,297.353944,286.446813,294.894226,67562200
2023-02-02,301.411044,307.398679,300.587868,305.477936,83070600
2023-02-03,298.833699,306.134527,298.441715,300.048859,76170800
2023-02-06,297.432327,299.784262,296.168150,297.510712,40802300
2023-02-07,297.383379,304.801801,296.266222,303.674835,67584000
2023-02-08,302.361627,303.302395,297.589151,298.275116,56720900
2023-02-09,302.655605,302.802595,294.188633,295.638977,49137800
2023-02-10,293.483043,295.531188,291.297687,293.698639,50050100
2023-02-13,295.099954,298.990457,293.923972,298.402466,39636700
2023-02-14,296.824792,301.558060,294.884430,300.607483,64079100
2023-02-15,298.794522,303.077010,298.108557,302.910431,43100600
2023-02-16,298.284953,302.253842,297.079572,297.226562,59498600
2023-02-17,295.041261,295.884026,292.130733,295.129456,58230700
2023-02-21,291.307513,292.748078,288.005000,288.142181,46526700
2023-02-22,288.720344,290.425491,286.701597,288.357758,51389200
2023-02-23,292.003278,292.160078,286.691798,290.876312,69294400
2023-02-24,285.917635,287.103397,284.241855,286.005829,74332000
2023-02-27,289.161363,290.552911,287.465994,288.053986,48995000
2023-02-28,287.426715,290.190253,287.093527,287.681519,48243100
2023-03-01,287.387613,288.044180,284.388891,285.368866,58287000
2023-03-02,282.879730,288.534178,282.595529,287.730591,53565900
2023-03-03,289.474913,293.914200,288.965307,293.678986,60511500
2023-03-06,294.913798,297.912520,293.816230,294.012207,56736300
2023-03-07,294.061233,294.982413,289.798334,290.405914,65955800
2023-03-08,290.827331,292.454094,288.975193,291.856323,50876300
2023-03-09,292.356035,294.952993,285.986195,286.799591,71456700
2023-03-10,286.966174,288.455756,281.625327,282.771881,98593600
2023-03-13,280.988385,288.573386,279.479214,284.869080,97123600
2023-03-14,288.416531,291.964036,287.573766,291.415253,73602500
2023-03-15,288.808533,293.277219,287.367969,292.944031,83631500
2023-03-16,292.032679,301.028846,291.238901,300.666260,98198100
2023-03-17,300.578083,302.959416,297.295159,299.245300,89923700
2023-03-20,298.628938,300.631161,296.420579,300.307281,56359500
2023-03-21,302.240768,305.047822,300.729262,304.596344,49757000
2023-03-22,304.527656,309.415499,300.287631,300.454468,75791900
2023-03-23,304.184170,308.335864,301.328024,304.017303,74576000
2023-03-24,303.595310,305.234386,301.269178,305.136261,57195200
2023-03-27,305.833090,306.912737,302.191761,303.045654,50287400
2023-03-28,302.466498,302.495942,299.129400,301.435913,48585900
2023-03-29,305.126400,307.550688,304.311744,306.932343,53274300
2023-03-30,309.405635,310.465663,307.020616,309.837494,58354800
2023-03-31,310.063335,315.225996,309.759075,314.990417,62138100
2023-04-03,312.870359,314.489845,311.545368,314.224823,47126800
2023-04-04,314.666569,315.677505,311.947815,313.164886,45875400
2023-04-05,312.212797,313.155022,308.257383,310.073151,62795700
2023-04-06,308.424242,312.654473,307.030539,312.163727,46916500
2023-04-10,309.238863,312.036123,307.452539,311.987030,45134700
2023-04-11,311.947787,312.006705,309.474437,309.984802,40113600
2023-04-12,311.937994,312.526895,306.785157,307.246460,62813300
2023-04-13,309.003206,313.734006,307.825433,313.262909,54613800
2023-04-14,311.712138,314.430861,309.768772,312.674011,56278300
2023-04-17,312.261855,313.292440,310.190920,312.939087,43007000
2023-04-18,315.049232,315.471297,311.761257,312.958649,46746900
2023-04-19,310.554042,313.871491,310.426443,312.811462,38960100
2023-04-20,309.847376,313.361106,309.140700,310.426453,62462100
2023-04-21,310.063309,311.525723,308.286810,310.750336,59002300
2023-04-24,310.524635,311.859450,307.933480,310.102600,44043100
2023-04-25,308.473397,309.140805,304.154835,304.252960,57121600
2023-04-26,307.639034,309.111273,305.577894,306.098083,55400500
2023-04-27,309.857238,314.921714,309.219244,314.421173,65430400
2023-04-28,314.185572,316.678571,313.056861,316.590240,59712600
2023-05-01,316.128896,317.640402,315.147403,316.227051,41013400
2023-05-02,316.158427,316.482337,311.731885,313.469147,56519400
2023-05-03,313.832249,316.501910,311.309806,311.417786,59882100
2023-05-04,311.192025,312.340384,309.287927,310.318512,50224500
2023-05-05,312.575914,317.768017,310.357731,316.914124,51806100
2023-05-08,316.452856,318.042869,315.373208,317.699341,36465800
2023-05-09,316.040579,316.904297,315.373171,315.687256,31768800
2023-05-10,318.121326,319.976361,315.647975,319.122467,60446600
2023-05-11,319.672157,320.702712,318.121381,320.162903,44278500
2023-05-12,320.692901,321.114966,316.963241,319.014557,48432800
2023-05-15,319.485665,320.977523,317.964333,320.741974,33375600
2023-05-16,320.025516,322.812951,319.986247,321.105164,40019200
2023-05-17,322.165178,325.570959,320.987405,324.991882,47486100
2023-05-18,325.384372,331.243884,325.364753,331.027954,64213500
2023-05-19,331.243918,331.950593,329.222045,330.282074,61554900
2023-05-22,330.026855,332.402080,330.017030,331.391144,43015900
2023-05-23,329.673543,330.821873,326.837015,327.190338,48216700
2023-05-24,325.237085,326.748592,323.460587,325.511902,62891200
2023-05-25,332.863395,334.698781,330.439107,333.432648,66862800
2023-05-26,334.453379,342.786240,334.355223,341.951965,63007000
2023-05-30,346.182233,347.379655,342.079601,343.502777,72652200
2023-05-31,341.922594,344.111333,340.097032,341.549622,65105400
2023-06-01,341.294422,346.820200,340.244218,345.495209,50488600
2023-06-02,347.252060,349.244488,345.495209,348.086334,53372100
2023-06-05,347.870423,350.883613,347.301171,348.331726,47266200
2023-06-06,347.723194,349.234701,346.398173,348.272827,41390400
2023-06-07,348.557412,350.510572,341.736027,342.364197,69225900
2023-06-08,342.658661,347.075377,342.432937,346.614075,47153900
2023-06-09,348.066747,351.040668,346.496353,347.939148,53196900
2023-06-12,349.597831,353.916393,348.626163,353.818237,44606500
2023-06-13,356.566461,357.371263,353.366786,356.537018,57097800
2023-06-14,356.546783,359.412754,353.749553,359.128113,69525600
2023-06-15,357.862013,364.889504,357.243698,363.407471,71138800
2023-06-16,365.821902,365.949501,360.678891,361.120544,80932000
2023-06-20,359.669867,361.999190,357.645222,360.603546,49204700
2023-06-21,359.463521,359.895972,354.765552,355.689423,53378300
2023-06-22,354.441173,360.043336,354.038205,359.886108,47603000
2023-06-23,355.994097,358.618291,354.627967,356.318451,48922900
2023-06-26,355.787680,358.578939,351.453357,351.541809,52685500
2023-06-27,353.084854,358.313564,352.357563,357.586243,49428100
2023-06-28,355.768053,360.230121,355.689409,358.284119,46498000
2023-06-29,357.989203,358.628072,355.925265,357.566589,46151000
2023-06-30,361.242419,364.131968,360.927933,363.080353,58712500
2023-07-03,363.719199,364.564426,362.638070,363.935425,19432900
2023-07-05,362.372726,365.625920,362.333404,363.925598,34460900
2023-07-06,360.220313,361.596281,358.264443,361.153992,49374700
2023-07-07,360.927987,364.122214,359.728922,359.954956,47133700
2023-07-10,359.679685,360.750976,357.173458,360.072815,48498800
2023-07-11,360.495515,362.303935,358.362741,361.851837,38214100
2023-07-12,365.950193,367.768451,363.945194,366.421967,61975400
2023-07-13,369.596535,373.468922,369.016663,372.643341,46960000
2023-07-14,373.075793,376.289665,371.689987,372.564728,55148500
2023-07-17,373.282140,376.918656,372.800559,376.043915,40868900
2023-07-18,375.405110,380.486400,373.478754,379.120239,55262000
2023-07-19,380.181734,381.321831,377.704961,379.031799,54093000
2023-07-20,376.044018,377.508468,369.272273,370.294434,71941700
2023-07-21,372.672843,373.400164,368.751325,369.183777,60499600
2023-07-24,370.156821,371.100338,367.915949,369.773529,40380100
2023-07-25,370.481081,373.940663,370.461405,372.279663,38894400
2023-07-26,371.237931,372.731836,368.741512,371.041351,47075700
2023-07-27,376.496123,378.107963,368.869283,370.156799,63940200
2023-07-28,374.206019,377.921148,373.694953,376.899017,56902900
2023-07-31,377.203739,378.275030,375.778611,377.095612,44019900
2023-08-01,375.749143,376.977692,374.156949,376.220917,41060600
2023-08-02,372.751447,372.751447,366.726640,367.965027,72687100
2023-08-03,365.557108,369.498302,365.390012,367.375366,47666400
2023-08-04,369.301781,371.611459,365.154199,365.655457,61702800
2023-08-07,367.463735,368.849541,365.134412,368.751251,37230400
2023-08-08,366.245059,366.264705,362.490608,365.616028,44726500
2023-08-09,365.901091,366.058349,360.839477,361.596252,51150900
2023-08-10,364.603657,367.935464,360.741108,362.264496,72035300
2023-08-11,359.709246,361.684762,358.431568,359.954956,48707200
2023-08-14,359.158834,364.112351,358.441381,363.994415,42130800
2023-08-15,363.021293,363.817420,359.463422,360.131775,45539900
2023-08-16,359.591292,361.124518,356.220161,356.318451,53190500
2023-08-17,357.714101,358.058101,352.013647,352.426422,62604300
2023-08-18,349.163418,353.242194,348.622839,351.984161,61191400
2023-08-21,353.448511,358.333221,352.986575,357.655060,50696500
2023-08-22,360.259595,360.269433,356.456013,357.144012,44530200
2023-08-23,358.323406,363.866632,358.107180,362.775665,51770600
2023-08-24,366.245059,366.343319,354.814639,355.021027,66842500
2023-08-25,355.856462,359.463464,352.426334,357.772980,69960500
2023-08-28,360.692037,361.399682,357.999068,360.466003,40910000
2023-08-29,360.269403,368.692339,359.945079,368.338501,58492400
2023-08-30,368.446637,370.972540,367.444123,370.392639,41731500
2023-08-31,370.471236,373.203526,370.402430,371.503204,35730700
2023-09-01,373.871944,374.294557,369.626072,371.110168,39801200
2023-09-05,370.304170,372.800589,369.380299,371.581879,32344200
2023-09-06,370.805471,371.149470,366.304082,368.309052,42998700
2023-09-07,363.856760,366.451469,362.814954,365.675018,52060700
2023-09-08,365.625931,368.417190,365.222964,366.186127,35800100
2023-09-11,369.213277,371.011859,367.247599,370.500793,39936600
2023-09-12,368.829938,370.481130,366.107485,366.392517,41391000
2023-09-13,366.628374,369.390149,365.498115,367.788116,46300700
2023-09-14,369.537591,371.778463,367.473653,370.795624,48039400
2023-09-15,369.458956,369.861924,363.512763,364.446472,69811200
2023-09-18,363.507479,365.938606,363.222034,364.826385,36903500
2023-09-19,363.507527,364.846108,361.027168,364.048859,37621700
2023-09-20,365.111886,365.466206,358.724007,358.802765,45514200
2023-09-21,355.121576,355.909003,352.060537,352.227844,69734800
2023-09-22,353.970000,356.105831,351.962098,352.277069,51589700
2023-09-25,351.312473,354.038897,350.328212,353.950287,39168000
2023-09-26,351.371500,351.912861,347.650992,348.635254,53657700
2023-09-27,349.786977,351.361802,345.830225,349.452332,56066000
2023-09-28,348.536905,354.501558,347.680602,352.375549,56453300
2023-09-29,355.849963,357.237776,351.401082,352.631409,64829600
2023-10-02,352.897178,356.972006,352.286941,355.574371,51625100
2023-10-03,353.133372,355.328286,347.719934,349.334137,60478500
2023-10-04,350.170672,354.934494,349.708068,354.088043,54786700
2023-10-05,354.078201,354.481752,349.550623,353.044739,45897400
2023-10-06,350.052620,360.151153,349.265223,358.960205,75049100
2023-10-09,356.597960,361.332256,355.101893,360.790924,45304800
2023-10-10,361.125506,365.436576,360.623553,362.788910,46968800
2023-10-11,364.117740,365.564606,362.395283,365.377594,38215100
2023-10-12,365.879569,367.857914,361.716131,364.107880,49587900
2023-10-13,364.737850,365.318561,358.133433,359.531097,52469900
2023-10-16,360.849971,364.649236,360.702338,363.596069,44201100
2023-10-17,360.052721,364.098052,357.936565,362.405121,50999100
2023-10-18,359.914943,362.119679,356.322364,357.651123,54280500
2023-10-19,359.068480,360.259428,353.507407,354.304657,72274200
2023-10-20,353.802693,354.373581,348.792805,349.019196,72559700
2023-10-23,347.700283,353.605853,345.593949,350.072357,60665200
2023-10-24,351.883406,354.245628,350.190475,353.477905,47082100
2023-10-25,351.086122,351.263282,344.245492,344.826202,71190500
2023-10-26,343.625434,344.560494,336.961993,338.251373,78621400
2023-10-27,340.977734,343.349808,338.664714,339.875366,63476700
2023-10-30,342.355699,345.023070,340.997443,343.704163,55298500
2023-10-31,343.733666,345.721864,341.164728,345.347839,47671900
2023-11-01,346.184489,351.903047,346.086057,351.342010,58992700
2023-11-02,355.850001,357.956306,354.629496,357.720093,58162400
2023-11-03,359.009415,363.212201,358.783024,361.922821,53280500
2023-11-06,362.690561,363.960267,361.135441,363.399231,38848700
2023-11-07,364.442511,367.700414,363.241711,366.834290,50777400
2023-11-08,367.208277,367.907124,364.787002,367.070496,35663400
2023-11-09,367.759518,368.901235,363.753566,364.245697,53859400
2023-11-10,365.968208,372.582448,365.436698,372.434814,58309800
2023-11-13,370.859942,372.326483,369.334319,371.273315,40733500
2023-11-14,377.671095,380.180981,377.149438,379.265594,67792600
2023-11-15,381.155285,381.647416,378.192648,379.550934,54141400
2023-11-16,378.783247,380.112007,377.523394,379.875793,45343500
2023-11-17,379.147341,380.978083,378.241837,379.964294,46571900
2023-11-20,379.974203,385.249862,379.974203,384.590393,44429600
2023-11-21,382.887589,383.104127,380.613947,382.356079,43337000
2023-11-22,384.423095,386.883749,382.917176,383.921112,44121000
2023-11-24,383.517542,384.108105,382.385647,383.379761,15718800
2023-11-27,382.887589,384.993893,382.169067,383.045074,34139700
2023-11-28,382.297027,384.629722,381.942677,384.049011,35491100
2023-11-29,386.509697,387.936888,383.330521,383.675018,38811700
2023-11-30,383.940715,384.403319,379.747781,382.710388,52834400
2023-12-01,381.647413,384.393511,379.993861,383.802948,40490100
2023-12-04,380.013538,380.515521,376.637528,380.239929,51186900
2023-12-05,378.340289,382.385589,378.163099,381.194641,42933000
2023-12-06,384.127745,384.226177,378.645431,378.989899,41994100
2023-12-07,381.962405,385.112024,380.869859,384.285248,49593500
2023-12-08,382.553009,386.440825,382.365997,385.997925,46687500
2023-12-11,385.574628,389.560905,385.367941,389.295135,41198000
2023-12-12,389.334591,392.513767,388.202696,392.395660,39221200
2023-12-13,393.330620,397.996010,392.562897,397.385773,55408100
2023-12-14,398.606263,399.905465,394.039274,397.041290,55447800
2023-12-15,397.818855,400.141728,397.218470,398.960602,62896600
2023-12-18,399.353067,402.370920,399.027625,401.473450,46610000
2023-12-19,401.927158,403.643184,401.739772,403.524841,35711900
2023-12-20,402.726095,404.816893,397.351142,397.528656,54042400
2023-12-21,401.453840,402.518982,398.899513,402.154053,45568900
2023-12-22,403.367072,404.323713,400.881789,402.755615,34314000
2023-12-26,403.613636,405.891819,403.515007,405.221191,22722500
2023-12-27,405.503414,406.332277,404.644919,406.046112,31980500
2023-12-28,407.200592,407.447279,405.493510,405.848724,27029200
2023-12-29,405.829029,406.184274,402.178056,404.092346,42662100
2024-01-02,400.461106,400.707793,394.935321,397.254181,58026900
2024-01-03,394.629459,395.685285,392.616518,393.050659,47002800
2024-01-04,391.185715,394.293960,390.810747,391.027832,39432800
2024-01-05,391.195565,394.264332,390.100261,391.491577,44922800
2024-01-08,392.715200,399.869112,392.567195,399.582977,42473800
2024-01-09,396.583212,401.299858,396.385851,400.372314,39132900
2024-01-10,400.688060,404.092316,399.799994,403.085846,33962800
2024-01-11,404.358823,405.750139,398.882362,403.924652,54536200
2024-01-12,404.960669,405.799409,402.740490,404.131805,39595000
2024-01-16,402.898392,405.671146,401.437996,404.092346,43903000
2024-01-17,400.786794,402.187957,397.579868,401.812988,54386000
2024-01-18,405.079062,408.098504,403.737102,407.516327,59562500
2024-01-19,409.716809,415.755692,409.134632,415.597809,70325100
2024-01-22,417.798260,419.100772,415.538603,416.140533,44880600
2024-01-23,416.831208,418.084395,414.995874,417.867310,33003800
2024-01-24,421.774834,424.152897,419.692784,420.186157,46948000
2024-01-25,422.682619,423.353630,418.360696,420.699280,44367200
2024-01-26,418.814587,420.561117,417.541676,418.192932,37137000
2024-01-29,418.646792,422.672734,417.995536,422.475372,38694700
2024-01-30,421.439339,422.011638,418.755388,419.663177,36739000
2024-01-31,415.272184,417.265401,411.265996,411.443604,64010600
2024-02-01,413.239501,416.781917,412.272479,416.288544,51008600
2024-02-02,418.183036,424.537684,417.186442,423.324005,59602400
2024-02-05,423.383293,423.916114,419.367228,422.771515,39889200
2024-02-06,423.916068,424.517999,419.584268,421.922852,35846100
2024-02-07,424.705480,427.093390,423.402968,426.264526,37712700
2024-02-08,426.382914,427.813708,425.702087,427.053925,29889900
2024-02-09,428.188710,432.046892,427.399325,431.257477,36943900
2024-02-12,431.148899,433.319753,428.889242,429.570099,33203300
2024-02-13,421.616960,425.554068,419.692793,422.870117,64491700
2024-02-14,425.544227,427.902535,423.195766,427.478241,45092700
2024-02-15,428.168983,429.214932,425.613283,428.751160,38796100
2024-02-16,429.126063,429.224713,424.152853,424.863312,53716500
2024-02-20,422.870112,424.379832,417.887055,421.656433,53999500
2024-02-21,418.923137,420.057919,416.041855,419.969086,49779000
2024-02-22,428.731408,433.300049,427.961747,432.263977,53887800
2024-02-23,433.823015,434.750559,430.014189,430.991058,39853900
2024-02-26,431.800170,432.786917,430.576584,430.764069,33043200
2024-02-27,431.869311,432.185047,429.264286,431.800232,33713200
2024-02-28,429.658951,430.882537,428.543923,429.501068,32938800
2024-02-29,432.421826,434.257160,429.254349,433.181610,42495200
2024-03-01,434.069697,440.661155,434.010495,439.704010,43853000
2024-03-04,439.704024,440.128348,437.888415,438.135101,34325700
2024-03-05,435.095895,435.105772,427.902506,430.270691,57917100
2024-03-06,434.484178,436.132027,431.099645,432.974457,46234500
2024-03-07,436.556303,440.799300,435.016951,439.546143,44526700
2024-03-08,439.901433,442.693942,432.530436,433.201416,72096000
2024-03-11,431.711422,432.846175,429.668850,431.593018,45860000
2024-03-12,433.901971,438.135091,430.675291,437.779877,55300900
2024-03-13,436.783255,436.803009,433.300041,434.415070,37928700
2024-03-14,435.648501,436.171475,430.606241,433.319794,52195200
2024-03-15,430.290444,433.053321,427.004562,428.168945,73069800
2024-03-18,433.487658,435.770053,432.015441,432.252594,47323800
2024-03-19,430.246845,433.734664,428.152151,433.329559,43004100
2024-03-20,434.525093,438.803341,432.825644,438.467407,43653500
2024-03-21,443.516402,443.970897,440.344766,440.542358,39345700
2024-03-22,440.028573,442.142987,439.178834,441.046265,28253900
2024-03-25,438.250024,440.927664,437.252113,439.445587,27789200
2024-03-26,440.967231,441.886141,437.795595,438.022858,34142000
2024-03-27,441.105518,441.204329,436.649398,439.514740,41359200
2024-03-28,439.465348,440.315087,438.348845,438.704559,36839600
2024-04-01,439.653112,442.182520,437.726400,439.633362,38729000
2024-04-02,434.821511,436.155386,432.796019,435.839203,44259700
2024-04-03,433.714858,438.694643,433.704998,436.817352,39949800
2024-04-04,440.996793,441.609410,429.910860,430.138123,57267700
2024-04-05,431.560907,437.874567,430.750698,435.206818,54744600
2024-04-08,436.135616,437.212588,433.952031,435.335297,28144900
2024-04-09,437.667089,437.943742,432.213058,436.945831,39443600
2024-04-10,431.778302,433.991527,431.066904,433.131927,61502200
2024-04-11,434.999383,440.996830,432.726847,440.048309,45474600
2024-04-12,435.829313,436.955675,431.659736,433.033112,53665000
2024-04-15,436.777864,436.866785,425.069452,425.909302,63453600
2024-04-16,425.751139,428.576980,424.565496,425.948761,47619000
2024-04-17,427.924908,427.944658,419.822878,420.751648,56880500
2024-04-18,421.393892,423.122981,417.777622,418.350708,46549400
2024-04-19,417.174896,417.698562,408.134236,409.695343,75231000
2024-04-22,412.323615,416.147368,408.993888,413.815582,47807700
2024-04-23,415.742238,421.186409,413.864947,419.990875,44384700
2024-04-24,423.083505,424.595222,419.131301,421.413696,48440300
2024-04-25,414.230528,420.237896,413.143696,419.378296,57392200
2024-04-26,422.510449,427.381534,421.818832,425.850067,41874900
2024-04-29,427.954566,428.577043,424.842211,427.579102,30022200
2024-04-30,425.998183,427.391339,419.437540,419.516571,43665900
2024-05-01,418.093804,425.000302,415.633567,416.483276,52251700
2024-05-02,420.218123,422.698141,415.603942,421.799011,36559000
2024-05-03,429.248908,431.264540,427.450648,430.276489,48515300
2024-05-06,432.074739,435.078423,431.304060,434.989502,30227200
2024-05-07,435.434119,436.688933,434.327476,435.058655,30996100
2024-05-08,432.440362,436.204834,432.321770,434.801788,24896700
2024-05-09,435.068487,436.323331,433.220836,435.750244,24580100
2024-05-10,437.252138,439.000978,435.236505,436.777863,27116600
2024-05-13,438.684805,438.783616,436.372769,437.785675,22994200
2024-05-14,437.360787,441.135149,437.173055,440.601593,34478300
2024-05-15,443.071753,447.735355,441.560036,447.488342,41464700
2024-05-16,447.300634,449.256986,446.411394,446.579376,34780400
2024-05-17,446.707732,447.310459,444.168464,446.361938,35803700
2024-05-20,446.579383,450.136343,446.391650,449.474365,24474200
2024-05-21,447.626637,450.541370,447.429015,450.353638,23167700
2024-05-22,450.610564,451.361492,447.666161,450.264740,25120000
2024-05-23,455.046914,455.076554,446.450888,448.239258,40899200
2024-05-24,449.849777,453.742701,448.150328,452.477997,29669500
2024-05-28,453.693291,454.246598,451.233054,454.187317,26216800
2024-05-29,450.037533,452.764533,449.899191,450.986053,29739200
2024-05-30,450.057263,450.195605,444.830465,446.154449,30536800
2024-05-31,446.381685,447.073332,437.765879,445.324463,55941300
2024-06-03,449.138372,450.136283,442.548058,447.715576,32997500
2024-06-04,447.458658,450.136268,445.739459,448.940735,23767400
2024-06-05,452.507631,458.070333,448.980282,457.991302,33817400
2024-06-06,458.673040,458.989224,456.667298,457.833191,21966800
2024-06-07,457.467662,460.174912,456.321519,457.428131,25829700
2024-06-10,456.301744,459.631471,456.015200,459.275757,20660800
2024-06-11,458.001193,462.546234,456.509227,462.427643,22053300
2024-06-12,466.350212,470.806332,465.658594,468.484406,34532600
2024-06-13,472.011763,472.673771,468.751207,471.023712,25859000
2024-06-14,470.826063,473.533343,470.361678,473.464172,23372600
2024-06-17,473.730976,481.042549,472.426772,479.264069,37054500
2024-06-18,479.214639,480.093989,477.653502,479.412231,24438600
2024-06-20,480.607814,481.022779,473.889049,475.716949,33918700
2024-06-21,475.440294,476.774168,472.950416,474.442352,37456800
2024-06-24,473.217189,474.949027,468.902454,469.040985,37751000
2024-06-25,471.129110,474.701629,470.188957,474.404755,29014700
2024-06-26,473.583373,475.928801,473.167748,475.384491,22737100
2024-06-27,475.137107,478.086190,474.325610,476.611633,26222100
2024-06-28,477.403343,482.143638,473.494325,474.137573,34881600
2024-07-01,475.057933,477.482488,471.317165,476.918427,24898300
2024-07-02,475.424113,481.985309,475.295457,481.925934,26723600
2024-07-03,481.173773,486.072412,481.173773,485.943756,18064900
2024-07-05,486.784947,491.446056,486.488042,491.010620,28495900
2024-07-08,491.376723,492.732500,490.357414,492.178314,22109400
2024-07-09,493.692472,494.810749,491.089762,492.603882,25614500
2024-07-10,494.523751,498.294206,493.217473,497.740021,28046900
2024-07-11,497.848860,498.056672,485.636935,486.824463,49966600
2024-07-12,487.398486,494.434680,486.933363,489.684509,37109400
2024-07-15,491.455919,495.810278,488.962084,491.000702,31151400
2024-07-16,492.455435,493.266932,488.031826,491.188721,25950600
2024-07-17,483.212343,483.726935,476.700647,476.769897,56268800
2024-07-18,480.490964,480.669089,471.327059,474.513641,49347400
2024-07-19,474.177163,476.690810,469.021243,470.307739,42042900
2024-07-22,476.166245,478.333518,472.752039,477.314209,40300000
2024-07-23,476.413645,479.402291,475.156837,475.631836,23282500
2024-07-24,468.902483,469.268638,457.709865,458.570831,58818600
2024-07-25,458.907304,463.083509,450.901270,453.513855,59256800
2024-07-26,457.848383,461.094341,454.998269,458.165070,39992100
2024-07-29,460.876631,463.053811,456.829083,459.085419,28218500
2024-07-30,461.015214,461.717837,449.436629,452.781555,41317200
2024-07-31,463.014229,467.883181,461.569390,466.181030,44552100
2024-08-01,466.863861,470.614505,451.247635,454.889435,56653900
2024-08-02,446.210456,448.862634,439.857073,444.092651,66323200
2024-08-05,420.302133,437.699695,419.055230,430.851501,87483500
2024-08-06,432.692205,442.430077,430.049903,434.968323,63164400
2024-08-07,441.856055,444.340014,429.861848,430.257690,54929200
2024-08-08,436.482422,444.330113,432.612999,443.419678,47890100
2024-08-09,442.103519,447.368313,440.985242,445.735443,33574000
2024-08-12,446.705279,449.654332,443.894728,446.695374,27795000
2024-08-13,451.089263,458.046300,450.950701,457.779083,40084500
2024-08-14,458.699516,460.282886,453.642534,457.927612,34733700
2024-08-15,463.895015,469.892119,463.518954,469.496277,38280600
2024-08-16,467.714923,471.465597,466.754989,470.099915,38383600
2024-08-19,470.238419,476.314679,468.457082,476.275085,23737700
2024-08-20,475.364697,477.927813,473.583360,475.275635,29209300
2024-08-21,476.057407,479.342958,474.345382,477.492371,25658800
2024-08-22,479.808062,480.500809,468.892538,469.921753,37739600
2024-08-23,474.266158,477.729833,470.347266,475.018280,36061500
2024-08-26,474.474099,475.394440,468.328527,470.406738,27452600
2024-08-27,468.773805,472.880729,466.814344,471.811951,27510000
2024-08-28,471.346832,472.069236,463.034017,466.458099,37372400
2024-08-29,468.368011,472.969744,464.498587,465.775208,41081500
2024-08-30,470.109781,471.950462,465.626797,471.326996,33466500
2024-09-03,468.288924,468.417550,454.642035,457.017120,44985200
2024-09-04,453.909691,459.629702,452.979444,455.829529,32505100
2024-09-05,454.206573,460.530238,453.187264,456.255096,34452400
2024-09-06,455.552505,456.433283,443.538514,444.033325,50624400
2024-09-09,448.357944,450.733030,445.151580,449.743408,32981200
2024-09-10,451.504944,454.404558,447.536582,453.899841,29680300
2024-09-11,455.136844,464.498655,446.596405,463.756439,57843000
2024-09-12,463.786108,469.120182,462.004801,468.308685,40067800
2024-09-13,467.576435,471.584390,467.348811,470.406738,29111800
2024-09-16,468.278961,468.941991,465.013223,468.328430,22585600
2024-09-17,471.346856,472.643257,466.082062,468.575897,30084400
2024-09-18,469.773387,473.860499,465.943526,466.547211,39909200
2024-09-19,477.601259,481.183715,475.503266,478.343475,52782500
2024-09-20,477.482452,478.670010,473.335936,477.432983,34577700
2024-09-23,478.609360,479.788667,477.271487,478.698547,24843000
2024-09-24,480.105744,481.958932,475.854323,481.007568,25952600
2024-09-25,480.383242,483.405847,480.204867,481.453552,26549900
2024-09-26,488.935620,489.262671,481.433651,485.070679,32020200
2024-09-27,486.091510,486.230266,481.195907,482.375214,22851100
2024-09-30,481.413923,484.020290,478.579643,483.683350,30281100
2024-10-01,483.316628,483.613919,473.109185,476.944397,42735400
2024-10-02,476.042550,479.530932,473.426294,477.618286,23744000
2024-10-03,475.428157,480.194923,474.684898,477.261536,25337200
2024-10-04,483.068900,483.495028,478.054381,482.940063,30686600
2024-10-07,481.027406,482.196793,476.548012,477.766968,24975100
2024-10-08,480.304002,485.586084,479.501284,484.902283,28272000
2024-10-09,484.604957,489.292455,483.564406,488.717651,24995000
2024-10-10,486.438307,490.025766,485.130164,488.162659,25750400
2024-10-11,486.329304,489.946522,485.764450,488.925751,20644500
2024-10-14,491.314072,494.346567,490.808676,493.028534,26060100
2024-10-15,493.355569,494.019561,484.287814,486.438324,34784500
2024-10-16,486.765365,487.270791,483.187826,486.497803,22996800
2024-10-17,491.978072,492.027611,486.775258,486.834717,27210700
2024-10-18,489.619438,491.115876,488.866259,490.025757,25335000
2024-10-21,488.816745,491.769972,486.894179,490.967255,30336500
2024-10-22,488.301461,492.979040,487.548282,491.502411,26685800
2024-10-23,489.153677,489.807749,480.690425,483.970673,39346600
2024-10-24,487.687007,488.569023,485.041022,487.895142,22024900
2024-10-25,490.689820,495.783607,489.986179,490.868195,38762100
2024-10-28,493.979913,494.039371,490.650127,490.947418,20477800
2024-10-29,491.264576,496.843980,489.411388,495.664673,28014100
2024-10-30,494.901597,495.852960,491.433054,491.918640,29756000
2024-10-31,487.954584,488.004122,479.402144,479.501251,41245200
2024-11-01,481.136396,486.339209,480.839104,483.049042,33655800
2024-11-04,482.444594,484.981583,479.897685,481.641876,23291600
2024-11-05,483.227440,488.450094,483.138253,487.786102,24353600
2024-11-06,496.061049,501.858476,495.109686,501.035919,43082200
2024-11-07,503.830591,509.707316,503.771132,508.924377,32853100
2024-11-08,508.428832,510.291940,507.804490,509.518982,22924500
2024-11-11,510.737927,510.946062,506.327941,509.221710,24167500
2024-11-12,509.152304,510.034259,505.247684,508.299988,25835300
2024-11-13,507.794672,510.351440,505.366680,507.645996,24567400
2024-11-14,507.309072,508.181137,503.206267,504.118011,28679500
2024-11-15,498.419676,498.806155,490.045611,492.106934,51461100
2024-11-18,493.652912,497.626881,492.265501,495.525909,27080800
2024-11-19,492.949275,499.420584,492.612305,498.934967,24523000
2024-11-20,498.637663,498.954794,492.096977,498.647583,29565500
2024-11-21,501.690000,502.403530,493.088021,500.441345,34526700
2024-11-22,499.886367,501.977388,498.261093,501.244049,23826600
2024-11-25,505.317113,506.853200,499.727820,502.036865,26375200
2024-11-26,503.513436,505.554948,502.671099,504.732391,26557100
2024-11-27,503.602714,503.672062,497.418777,500.758484,24957400
2024-11-29,501.382785,505.753152,500.768362,505.158539,15334000
2024-12-02,506.417160,511.619974,506.030651,510.658661,25147200
2024-12-03,509.330688,512.501939,508.755884,512.224426,18597900
2024-12-04,515.643429,518.814680,514.929869,518.557007,26086200
2024-12-05,518.606574,519.329994,516.733547,517.120056,18169600
2024-12-06,517.784119,521.986002,517.655283,521.748169,23762600
2024-12-09,520.826367,521.619164,516.535268,517.684875,20674400
2024-12-10,518.913836,520.658027,514.493899,515.920959,24350000
2024-12-11,520.281342,525.840905,519.875054,525.157104,32168600
2024-12-12,522.937332,524.205856,521.292278,521.767944,23577500
2024-12-13,525.692341,528.377945,522.560708,525.761719,28780400
2024-12-16,528.288790,534.304241,528.209492,533.333008,31979900
2024-12-17,531.539217,532.649146,529.329280,530.984253,28579100
2024-12-18,530.340194,532.054626,510.381194,511.828033,54703200
2024-12-19,516.505600,517.070484,509.211765,509.548676,46441800
2024-12-20,505.852261,520.103021,504.712603,513.998352,60530000
2024-12-23,515.710630,519.383300,512.315920,519.006104,29672800
2024-12-24,520.951667,526.133063,520.316382,526.043762,17558200
2024-12-26,524.415892,527.314297,522.420735,525.686401,19090500
2024-12-27,522.122881,522.559632,514.033084,518.698364,33839600
2024-12-30,511.700507,515.522032,508.047678,511.799744,34584000
2024-12-31,513.080293,513.834626,506.489346,507.452179,29117000
2025-01-02,510.499404,512.822138,501.972886,506.459503,36389800
2025-01-03,509.556410,515.809903,508.742523,514.747803,29059500
2025-01-06,520.147580,524.018723,518.172296,520.663696,36109700
2025-01-07,521.706000,522.103008,509.486971,511.372894,36690300
2025-01-08,511.273621,513.099990,506.796940,511.462219,30777800
2025-01-10,507.700262,507.799498,500.196131,503.441956,40532500
2025-01-13,497.496239,502.280597,496.007324,501.824005,31694200
2025-01-14,504.980522,506.390042,497.883365,501.347565,33737200
2025-01-15,509.238791,514.023118,507.680355,512.881653,34957600
2025-01-16,515.144816,515.224242,509.159408,509.288452,28229000
2025-01-17,518.986182,520.197198,509.318169,517.884399,51837900
2025-01-21,520.604171,522.083151,516.216851,520.921814,23628000
2025-01-22,525.656548,529.875141,525.348842,527.582214,33593000
2025-01-23,525.130485,528.823027,524.544879,528.703918,23096600
2025-01-24,529.081088,529.845357,524.247082,525.716125,19878300
2025-01-27,507.223764,514.162099,506.380040,510.410065,60771700
2025-01-28,511.412591,519.135127,507.998040,517.953918,33194200
2025-01-29,518.599222,518.728266,513.080311,516.981262,26649000
2025-01-30,519.839910,522.212202,514.380554,519.184753,27431300
2025-01-31,523.026149,527.592192,517.338512,518.430359,38755200
2025-02-03,509.675524,517.000992,507.273424,514.281250,40580800
2025-02-04,514.797429,521.229523,514.400360,520.594238,26046800
2025-02-05,517.963867,523.115517,516.772723,522.956665,21134100
2025-02-06,523.462964,525.894871,521.854940,525.686401,19434500
2025-02-07,526.222402,528.167880,518.331139,519.055725,29605500
2025-02-10,523.323901,526.440711,522.857403,525.338928,20852800
2025-02-11,522.073290,526.003987,521.944245,524.088257,19325500
2025-02-12,518.440274,525.279373,518.092885,524.395935,25009400
2025-02-13,526.063463,532.257340,525.279323,531.939758,28714800
2025-02-14,532.049017,534.858121,531.711503,534.173218,17862600
2025-02-18,535.741419,536.009443,532.078686,535.384094,20565000
2025-02-19,534.590150,536.813588,532.495757,535.533142,19666900
2025-02-20,534.748864,535.116125,528.525239,533.259949,26550800
2025-02-21,534.401414,534.421285,521.825061,522.192322,47093800
2025-02-24,523.979077,525.160285,515.690806,516.028259,39268400
2025-02-25,515.402939,515.482364,505.675370,509.526703,48940000
2025-02-26,511.720371,515.819795,507.591078,510.757507,34457600
2025-02-27,514.301123,515.234179,496.354714,496.573090,52448000
2025-02-28,496.434170,505.020242,493.257805,504.414764,47654000
2025-03-03,507.739900,509.248657,489.932473,493.376831,44587200
2025-03-04,490.528099,500.017450,484.135687,491.887970,67875400
2025-03-05,492.533169,499.908256,487.629673,498.300232,46323700
2025-03-06,490.041736,494.895584,482.607095,484.592316,57574300
2025-03-07,483.560002,489.634772,476.978991,488.155792,54714700
2025-03-10,479.877447,480.393594,465.196733,469.236664,76668000
2025-03-11,468.859448,475.271702,463.558913,468.114990,68760800
2025-03-12,475.619128,477.505082,468.303596,473.395691,46971100
2025-03-13,472.730609,472.760386,462.983170,464.879059,46563300
2025-03-14,470.229216,477.008730,469.623708,476.115387,43563000
2025-03-17,476.065741,482.249713,474.269119,479.202393,41744400
2025-03-18,475.867271,476.065775,468.919000,471.033264,39072300
2025-03-19,473.286468,481.743496,471.360801,477.336334,40430300
2025-03-20,473.355906,480.969208,472.661067,475.718323,36780500
2025-03-21,470.576597,478.050951,469.415261,477.286652,42234900
2025-03-24,484.857679,488.605420,481.537421,487.760437,34567200
2025-03-25,488.486110,490.702912,487.521841,490.543854,26035200
2025-03-26,489.390696,490.245630,479.966738,481.517517,34627100
2025-03-27,479.559174,483.704514,477.411935,478.773834,33469800
2025-03-28,476.974520,477.680316,465.284007,466.168762,46363800
2025-03-31,459.190262,467.083312,454.627361,466.148895,53000300
2025-04-01,464.538443,470.831052,461.675488,469.906555,41156200
2025-04-02,463.365425,476.726003,463.106952,473.336151,49894500
2025-04-03,453.742637,457.351190,447.479880,447.996796,70456300
2025-04-04,435.550791,437.767593,420.172211,420.172211,117088400
2025-04-07,406.245009,440.521259,400.012073,421.186188,161557000
2025-04-08,435.570662,440.521243,407.368321,413.601257,101248100
2025-04-09,413.114126,465.065266,412.974938,463.246094,142876900
2025-04-10,450.879635,452.897638,430.073331,443.543243,108384100
2025-04-11,442.022339,453.096522,438.721951,451.714722,52483800
2025-04-14,461.715221,462.301731,449.955145,454.776489,43941200
2025-04-15,455.830246,459.647549,453.454355,455.283478,35404200
2025-04-16,446.376398,449.945179,435.173011,441.555054,48980600
2025-04-17,444.527390,445.103949,438.751697,441.475525,44837000
2025-04-21,435.640244,436.485197,425.401095,430.550476,44149300
2025-04-22,436.226747,444.934958,435.033826,441.853302,52304400
2025-04-23,455.462400,460.641603,450.203654,451.873718,55801100
2025-04-24,453.782407,464.896331,453.136224,464.588165,45956100
2025-04-25,464.210403,470.294231,462.639753,469.767365,38697100
2025-04-28,470.234587,472.004067,463.275954,469.618256,33550800
2025-04-29,467.391508,473.604573,466.814919,472.719818,30613100
2025-04-30,464.369446,474.379944,459.697209,472.660156,46810600
2025-05-01,480.553222,484.300932,477.898988,478.833435,43316500
2025-05-02,483.664747,488.008918,481.964831,485.941193,39218100
2025-05-05,481.736223,486.140036,481.239177,483.058350,28309500
2025-05-06,476.726021,482.183568,475.364121,478.565094,32786300
2025-05-07,479.231087,482.929104,473.962420,480.443878,38006300
2025-05-08,485.642991,489.788361,481.308771,485.404419,39577600
2025-05-09,487.313087,488.635245,483.326805,485.086334,27767400
2025-05-12,503.993913,504.888619,498.516495,504.848846,45090600
2025-05-13,506.151127,514.332503,505.415510,512.543152,53269600
2025-05-14,513.716182,516.161606,512.702190,515.614868,47014500
2025-05-15,513.467671,518.845674,512.125612,516.181519,50153300
2025-05-16,517.583087,518.616980,514.044128,518.428101,48394600
2025-05-19,511.201129,519.442178,511.201129,518.925232,52536200
2025-05-20,516.400175,517.851569,513.606783,517.195496,42517600
2025-05-21,513.219102,519.909311,508.218797,510.008148,71292800
2025-05-22,510.624476,514.650591,509.272528,510.962494,55607200
2025-05-23,503.188707,508.815263,502.592247,506.230621,58368100
2025-05-27,513.099786,518.626926,511.549007,518.139771,47226300
2025-05-28,519.094140,520.585276,515.326559,515.843445,46637200
2025-05-29,523.219625,523.368702,514.262860,516.857422,58513300
2025-05-30,516.370425,517.603088,508.904795,516.042358,67662800
2025-06-02,514.183291,520.356614,512.920777,520.118042,44762800
2025-06-03,520.465950,525.615330,519.601096,524.183838,44070300
2025-06-04,524.889684,526.708887,522.861701,525.645203,41359300
2025-06-05,527.046883,529.899918,519.571303,521.688721,61031200
2025-06-06,526.867935,528.657286,525.088535,526.788391,42467000
2025-06-09,527.007155,529.204056,525.883827,527.563843,33688700
2025-06-10,528.031027,531.739025,525.764532,531.053101,40664800
2025-06-11,532.454785,533.607965,526.977337,529.263733,53701000
2025-06-12,527.951588,531.480598,527.703066,530.506348,34104900
2025-06-13,524.561602,528.726843,522.623114,523.845886,55814400
2025-06-16,527.364987,532.206203,527.315295,531.132568,37622100
2025-06-17,528.567832,530.178253,524.790240,525.953369,42180900
2025-06-18,526.967317,529.402851,524.283322,525.863892,43983500
2025-06-20,529.114579,530.406884,521.778186,523.716675,61643500
2025-06-23,524.284918,529.619212,521.140091,529.101746,50666100
2025-06-24,534.316648,538.108383,533.699624,537.192810,45442000
2025-06-25,539.461812,540.705820,536.794665,538.566101,44804200
2025-06-26,540.745568,544.049662,538.924383,543.601807,43811400
2025-06-27,544.636913,547.353808,541.929919,545.462952,57577100
2025-06-30,548.617666,550.150263,546.378451,548.995850,45548700
2025-07-01,547.095082,548.070426,542.049376,544.368225,56166700
2025-07-02,543.542138,548.358966,543.502351,548.159912,36538300
2025-07-03,550.528548,554.529299,550.528548,553.553955,26443500
2025-07-07,550.866882,551.682958,546.945764,549.384033,45349300
2025-07-08,550.727620,551.354606,548.458519,549.692627,36153300
2025-07-09,551.822266,554.957192,550.448875,553.583801,43045500
2025-07-10,554.220759,554.628767,550.100588,552.787659,34710900
2025-07-11,550.647991,553.126046,549.403982,551.543701,39618600
2025-07-14,551.334616,554.280450,548.985942,553.544006,36453300
2025-07-15,557.564684,558.112036,553.991865,554.051575,43277700
2025-07-16,554.608934,557.524883,548.916319,554.618835,52314700
2025-07-17,555.345388,559.614804,554.539273,559.107239,40423800
2025-07-18,560.420894,562.023163,557.295930,558.569824,50484700
2025-07-21,559.395895,563.346837,559.366009,561.465881,39595200
2025-07-22,561.595183,561.644931,555.932454,558.559814,43270600
2025-07-23,559.644619,561.147330,556.897839,561.107544,40215300
2025-07-24,562.421300,563.525965,560.590092,562.301880,42275500
2025-07-25,562.222234,564.978977,561.565424,563.655334,30630800
2025-07-28,565.018702,566.312459,564.152877,565.416809,31498700
2025-07-29,568.024239,569.367744,563.814534,564.541016,45463300
2025-07-30,565.456692,567.884999,562.341689,565.297485,43433800
2025-07-31,571.786170,571.875766,561.167329,562.301880,64613600
2025-08-01,556.151445,556.340536,549.035692,551.225159,69400800
2025-08-04,556.370397,561.615156,556.270900,561.396179,47669800
2025-08-05,562.680049,563.844424,557.047144,557.584595,48666600
2025-08-06,558.420513,565.038662,557.942833,564.600769,41823700
2025-08-07,568.929942,570.572058,562.401387,566.511597,44463000
2025-08-08,567.715818,572.015120,567.417268,571.796143,35255500
2025-08-11,571.935394,574.035266,568.830354,570.104187,33112900
2025-08-12,572.403138,577.568264,569.745953,577.269714,42143300
2025-08-13,579.966794,580.524108,576.165097,577.558411,41209300
2025-08-14,575.508266,579.090987,575.139984,577.110535,45425000
2025-08-15,577.020985,577.060832,572.811279,574.572815,49480200
2025-08-18,573.677039,575.000682,572.482779,574.343811,29831000
2025-08-19,573.627298,573.796466,565.526299,566.551392,53752600
2025-08-20,565.605906,565.725326,556.161403,563.187561,76781100
2025-08-21,561.645018,563.774776,558.291176,560.580200,46436900
2025-08-22,561.963456,571.238792,560.570203,569.228455,51502100
2025-08-25,567.666059,570.542161,566.431952,567.586426,34044700
2025-08-26,567.098774,570.173929,566.073682,569.865417,34103000
2025-08-27,568.850354,571.656784,567.636170,570.741211,36927100
2025-08-28,571.358169,575.229538,569.716114,574.313965,46787900
2025-08-29,571.905607,572.273890,565.814946,567.666077,56030400
2025-09-02,558.619536,563.257173,556.858000,562.908875,65876800
2025-09-03,566.501585,568.959778,564.013568,567.337585,54230200
2025-09-04,568.004370,572.841061,566.302605,572.472839,47526300
2025-09-05,577.707648,578.334634,568.790633,573.298889,68342500
2025-09-08,575.597795,578.055987,575.000695,576.095398,46371400
2025-09-09,576.891539,578.155471,574.274140,577.727539,44007600
2025-09-10,580.942033,580.971918,575.776907,577.916626,49308000
2025-09-11,580.444456,582.076610,578.832226,581.280457,44745800
2025-09-12,582.235853,585.042344,581.300356,583.848083,50745900
2025-09-15,585.619534,588.953452,585.470228,588.843994,44360300
2025-09-16,589.769513,590.018315,587.659679,588.346375,36942100
2025-09-17,588.266823,588.913731,581.569099,587.172119,69384800
2025-09-18,592.058545,595.273105,590.117940,592.466614,61069300
2025-09-19,594.466896,597.173830,592.993949,596.477173,58196100
2025-09-22,595.564572,600.675906,595.544625,600.008362,57154800
2025-09-23,600.177756,600.377040,594.807358,596.022949,64635500
2025-09-24,597.397918,597.716761,591.200524,593.930542,49850300
2025-09-25,590.044757,592.954113,586.358211,591.369934,70920200
2025-09-26,592.186926,594.129841,588.908921,593.801025,54337400
2025-09-29,596.929586,599.858889,595.235761,596.550964,48332900
2025-09-30,596.252116,598.523848,593.930579,598.185059,46533800
2025-10-01,594.996615,601.592517,594.169680,601.054504,46899600
2025-10-02,604.850628,604.950240,600.735654,603.525452,43765400
2025-10-03,604.302700,605.119723,599.201339,600.984802,46482100
2025-10-06,606.235588,607.142249,603.764573,605.498291,41962100
2025-10-07,606.803532,607.491024,600.835342,602.309937,58209500
2025-10-08,603.206638,609.523591,603.057221,609.214722,50629800
2025-10-09,609.254547,609.384078,605.269104,608.477417,45551000
2025-10-10,609.174937,610.948428,586.906240,587.354614,97614800
2025-10-13,597.497494,600.755612,595.056398,599.819031,65872600
2025-10-14,593.143457,600.496603,587.982316,595.823669,69203200
2025-10-15,601.811784,604.491996,593.761173,600.028259,62805500
2025-10-16,602.907758,606.096124,593.332747,597.806396,70982000
2025-10-17,595.773839,603.306322,594.199572,601.732056,72024900
2025-10-20,604.930381,610.569755,604.860628,609.314331,45761700
2025-10-21,609.414032,610.490057,607.102468,609.154968,44538200
2025-10-22,608.596996,609.184815,597.557303,603.286377,61478800
2025-10-23,602.708441,609.144952,602.319907,608.357849,42844300
2025-10-24,613.748119,616.169268,612.891264,614.854065,47632500
2025-10-27,622.247124,626.262425,621.758917,625.804138,54098600
2025-10-28,628.065896,632.370182,626.959951,630.616577,61195700
2025-10-29,633.276900,634.691715,627.956307,633.456238,67422800
2025-10-30,629.869267,631.194444,623.661960,623.771545,61628600
2025-10-31,631.862055,631.891975,624.409296,626.780640,66305100
2025-11-03,632.798543,633.505981,627.557677,629.779602,37154300
2025-11-04,621.011639,624.668265,616.209174,616.996277,63830800
2025-11-05,616.239112,624.319583,614.963802,621.011719,48688500
2025-11-06,619.527074,619.776164,608.078899,609.443909,72115100
2025-11-07,606.096147,607.730193,596.491215,607.520935,81835400
2025-11-10,616.667541,622.037940,614.644960,620.961853,55919900
2025-11-11,618.311501,620.453640,615.272613,619.307861,44868800
2025-11-12,622.565967,622.585852,615.561523,618.819641,47444400
2025-11-13,615.292542,615.870449,603.874288,606.185852,71333600
2025-11-14,597.367989,611.117753,594.996646,606.644104,80087300
2025-11-17,604.093481,610.250982,597.686889,601.463074,63850400
2025-11-18,597.437660,600.117872,589.187827,594.139709,83327300
2025-11-19,594.897031,603.953915,592.426076,597.686829,73111500
2025-11-20,609.394020,611.795283,582.621817,583.538452,117743200
2025-11-21,585.331911,594.807310,578.626424,587.922485,103344200
2025-11-24,593.113593,604.472068,592.993974,602.957581,60168100
2025-11-25,601.313647,608.039082,595.146172,606.674072,57560900
2025-11-26,610.280820,613.947419,608.168540,612.034424,42393600
2025-11-28,613.867690,617.066029,613.180199,616.996277,23034400
2025-12-01,611.396734,617.185586,610.290788,614.923828,40957600
2025-12-02,617.205533,621.479898,615.342344,619.736267,54541800
2025-12-03,617.364902,621.948136,615.780723,621.250732,47841600
2025-12-04,622.655661,622.665634,617.285262,620.672913,47067800
2025-12-05,622.107641,626.631096,621.440096,623.203613,53614200
2025-12-08,624.927325,626.551397,619.427395,622.007996,43462400
2025-12-09,620.742593,623.592169,618.739898,622.775146,37156000
2025-12-10,621.579541,626.920080,618.729964,625.325867,55031400
2025-12-11,621.549679,623.502568,615.471843,623.303284,58272800
2025-12-12,619.816012,621.270660,609.134995,611.386780,75158700
2025-12-15,616.119514,616.169320,607.102462,608.317993,49538200
2025-12-16,606.046271,611.277164,604.701148,609.523560,55152800
2025-12-17,610.828840,611.416719,598.095383,598.224854,70654300
2025-12-18,607.580680,610.699293,604.711156,606.893188,78875800
2025-12-19,609.722906,615.372254,609.643180,614.804321,60369800
2025-12-22,619.886255,620.185597,616.314733,617.751343,43703100
2025-12-23,616.743708,620.943751,616.324714,620.644470,41120400
2025-12-24,620.524834,622.809478,620.255450,622.460266,18468700
2025-12-26,623.188433,624.046453,621.672055,622.420288,28959800
2025-12-29,618.639204,621.312944,617.272436,619.407410,32458300
2025-12-30,618.379832,620.714286,617.761237,617.970764,31226800
2025-12-31,618.190301,618.499569,612.603457,612.862854,40746500
2026-01-02,618.599375,621.382781,608.712746,611.675720,61859200
2026-01-05,617.861064,619.347544,615.267152,616.534180,46828400
2026-01-06,617.771284,622.550039,617.082907,621.951416,43137500
2026-01-07,621.572316,626.460798,621.093466,622.550049,44880300
2026-01-08,621.562390,621.951425,616.344668,619.008362,50435900
2026-01-09,619.946121,626.410897,617.601681,625.173828,49688700
2026-01-12,620.844029,627.368601,620.794159,625.692566,37388700
2026-01-13,625.792373,627.987142,622.230776,624.764771,44481400
2026-01-14,620.774181,621.981352,613.112280,618.090515,72598700
2026-01-15,625.123900,628.515915,619.287705,620.315308,53934900
2026-01-16,624.026511,624.605162,617.422110,619.796509,61058100
2026-01-20,609.091838,613.611135,605.619994,606.627625,81988900
2026-01-21,608.034231,618.958448,606.428038,614.828247,79837900
2026-01-22,620.883889,620.993676,616.324708,619.297668,42254800
2026-01-23,618.270105,623.926792,617.192693,621.253052,43645800
2026-01-26,621.741934,626.131532,620.654475,623.986633,35983000
2026-01-27,627.428448,630.551079,625.862200,629.643250,38997200
2026-01-28,633.963107,635.100375,630.321681,631.728333,50691700
2026-01-29,631.159712,632.177268,616.813582,627.947266,79944000
2026-01-30,624.236071,626.780052,617.841137,620.405090,65650700
2026-02-02,617.242563,627.009479,617.202618,624.665039,49020300
2026-02-03,626.819906,628.495941,609.520788,615.067688,81234000
2026-02-04,613.571242,613.651009,599.055468,604.323059,81850700
2026-02-05,598.796159,603.385299,593.358985,595.623657,89354500
2026-02-06,598.776130,609.969670,597.359492,608.213867,78019300
2026-02-09,606.108806,615.007837,603.644654,612.872864,56797600
2026-02-10,613.860522,615.566516,609.570664,610.029541,53938900
2026-02-11,614.928027,616.065356,606.258495,611.665710,58575100
2026-02-12,613.261961,614.359345,598.157611,599.225098,81378900
2026-02-13,599.015595,605.051331,595.015031,600.502075,69237500
2026-02-17,596.970380,602.527266,591.942275,599.883484,69013800
2026-02-18,600.691591,608.333581,599.304851,604.362915,64250700
2026-02-19,601.389982,604.392902,599.334838,602.048401,60960800
2026-02-20,598.706323,608.912205,597.818405,607.375854,74127300
2026-02-23,605.180988,606.577714,597.638799,599.993225,63859100
2026-02-24,600.980964,607.555406,598.317210,606.438049,55023700
2026-02-25,609.630525,615.376966,609.560682,615.227295,55710700
2026-02-26,614.139887,614.139887,602.557191,607.804810,96178900
2026-02-27,601.559531,606.886978,600.771414,605.859375,68125200
2026-03-02,597.449234,608.483177,596.581288,606.657532,75264600
2026-03-03,594.925270,602.537301,590.475754,600.162903,97015500
2026-03-04,602.736776,611.436267,602.008515,609.311279,70943900
2026-03-05,605.969133,611.316492,600.841227,607.475525,89602400
2026-03-06,598.895837,604.572435,596.920520,598.337158,86302300
2026-03-09,592.830152,607.834761,589.937020,606.328308,93068200
2026-03-10,606.348304,611.845273,603.993817,606.338318,64078900
2026-03-11,607.515525,610.987308,603.604777,606.258484,60114800
2026-03-12,601.340132,602.716887,595.643561,595.853088,71836600
2026-03-13,598.317202,602.178081,591.174096,592.321350,63145500
2026-03-16,598.626472,602.437481,597.698670,598.965698,49077200
2026-03-17,601.719211,604.472720,600.452184,601.888794,47106600
2026-03-18,600.073099,601.739149,593.159431,593.498657,56128000
2026-03-19,588.121306,594.396466,585.697037,591.623047,75597600
2026-03-20,589.667642,589.777368,577.177115,580.688843,91964700
2026-03-23,589.871807,594.426799,585.316814,587.354553,89936100
2026-03-24,584.168034,587.284604,581.291191,583.338928,57750900
2026-03-25,588.493302,590.720835,585.047077,587.174744,60475500
2026-03-26,581.960422,583.988222,572.800505,573.160095,81492100
2026-03-27,570.183410,570.393201,560.953562,561.962463,82702200
2026-03-30,566.757161,567.426409,554.990064,557.667175,70602600
2026-03-31,563.670522,578.004806,563.590654,576.546387,95878000
2026-04-01,580.841669,587.094807,579.782835,583.668579,79435100
2026-04-02,573.339906,585.406662,571.292168,584.337830,50941700
2026-04-06,585.586476,589.961673,584.048189,587.854004,35108500
2026-04-07,584.997135,588.333434,577.765092,587.943909,49948200
2026-04-08,608.041802,609.230498,601.459009,605.424683,63086000
2026-04-09,605.264869,609.829860,602.368089,609.520203,37837500
2026-04-10,611.168405,612.996353,608.910876,610.399231,34038500
2026-04-13,608.810929,626.051992,607.442438,616.712280,32972100
2026-04-14,619.539107,627.909912,619.419243,627.909912,49921100
2026-04-15,628.389443,637.129838,627.510405,636.700317,50102400
2026-04-16,638.508341,641.475052,634.562665,639.766907,42320600
2026-04-17,644.881325,649.286457,643.362974,648.137695,53488900
2026-04-20,647.328584,648.047825,641.814685,646.079956,37138500
2026-04-21,647.698158,649.486232,641.505013,643.622681,39580500
2026-04-22,649.436353,654.610659,647.808137,654.390869,37368400
2026-04-23,652.832562,656.198857,644.811408,650.704895,40099800
2026-04-24,657.787145,663.780558,655.809338,663.151245,45563100
2026-04-27,662.671809,663.700647,659.964762,663.500854,32717000
2026-04-28,656.688325,658.915919,653.092301,656.828186,34147900
2026-04-29,657.906975,660.993549,655.869236,660.843750,31724900
2026-04-30,664.619567,668.165719,656.838141,667.006958,40622200
2026-05-01,668.425400,675.227922,668.065810,673.409973,39172600
2026-05-04,673.919372,675.987107,668.165746,672.141357,34542000
2026-05-05,677.215799,682.020516,676.766280,680.861755,37101100
2026-05-06,687.025007,695.166023,685.726385,695.006226,38778500
2026-05-07,695.815338,700.470196,691.010621,694.177124,43779100
2026-05-08,699.151637,710.449219,698.732115,710.449219,44320400
2026-05-11,709.580182,713.805580,708.131761,712.506958,36019100
2026-05-12,707.442528,709.400398,695.875284,706.463623,45873000
2026-05-13,709.180690,715.863349,704.056317,713.925476,40012500
2026-05-14,713.835509,721.237409,713.435924,718.999817,33327500
2026-05-15,709.360488,714.345001,704.775500,708.151794,51792700
2026-05-18,710.758862,711.288310,698.082791,705.105103,49834500
2026-05-19,699.041805,705.714465,694.486813,700.759949,46827500
2026-05-20,704.515769,712.367188,703.017416,712.367188,36779200
2026-05-21,708.211687,716.332767,705.994153,713.725647,36415400
2026-05-22,717.281767,721.327309,715.164099,716.752319,33118600
2026-05-26,725.163128,730.367370,723.365055,729.478394,34254700
2026-05-27,732.155449,732.515039,724.643684,728.649292,35148700
2026-05-28,728.928929,735.791383,725.612566,734.792480,32840000
2026-05-29,737.030057,740.815874,734.442873,737.499512,37541700
2026-06-01,736.230927,744.831522,735.182092,741.924683,33890600
2026-06-02,741.585060,745.620603,738.418496,745.340881,30085200
2026-06-03,746.489639,747.828195,740.196567,743.393066,40270200
2026-06-04,734.672624,742.683839,731.815778,739.796997,40782600
2026-06-05,729.258567,730.886782,703.546833,704.286011,99606600
2026-06-08,717.022016,722.236317,712.287229,715.283936,47401500
2026-06-09,722.186311,724.863361,685.616515,707.052979,91932200
2026-06-10,700.889750,710.499246,692.169352,692.928528,65334300
2026-06-11,698.522320,717.581391,694.237051,716.332764,71798900
2026-06-12,716.822210,723.215209,710.499203,720.548157,51168400
2026-06-15,737.289741,743.942464,736.570560,743.183289,46710200
2026-06-16,741.435190,743.402998,728.839048,729.058777,45348700
2026-06-17,734.382931,734.872383,720.058646,721.716858,51669300
2026-06-18,736.390778,741.005702,731.705924,739.807007,50154600
2026-06-22,742.020020,745.450012,734.390015,737.950012,43518600
2026-06-23,715.739990,723.609985,712.109985,713.650024,53354200
2026-06-24,715.369995,719.929993,704.450012,710.619995,52480400
2026-06-25,725.900024,726.830017,705.299988,716.380005,49668000
2026-06-26,707.130005,715.559998,702.809998,706.520020,47081800
2026-06-29,713.989990,724.580017,705.169983,724.080017,44939100
2026-06-30,724.179993,737.619995,723.909973,736.400024,42121800
2026-07-01,729.190002,731.919983,724.599976,725.169983,40803800
2026-07-02,725.580017,730.830017,707.559998,712.599976,50959800
2026-07-06,719.929993,726.080017,718.450012,722.820007,30220400
2026-07-07,714.169983,716.349976,704.900024,709.429993,42483100
2026-07-08,704.950012,712.260010,700.909973,711.440002,35603200
2026-07-09,718.330017,724.229980,715.130005,723.280029,33654700
2026-07-10,720.700012,726.390015,717.000000,725.510010,26415900
2026-07-13,717.719971,718.739990,710.080017,711.739990,36552400
2026-07-14,720.219971,722.289978,714.340027,719.690002,29448100
2026-07-15,723.849976,724.359985,710.229980,717.739990,32627600
2026-07-16,712.010010,713.599976,702.609985,705.940002,39402000
2026-07-17,691.650024,702.299988,686.760010,695.330017,54109300
2026-07-20,702.159973,705.799988,695.510010,696.059998,29687600
2026-07-21,706.570007,710.049988,702.799988,708.969971,33728300
2026-07-22,703.619995,709.650024,703.619995,705.349976,23692200
2026-07-23,694.669983,698.659973,687.789978,691.960022,44028600
2026-07-24,690.409973,692.630005,682.479980,684.229980,42876700
2026-07-27,691.719971,692.280029,675.945007,682.119995,42144580
