Date,Open,High,Low,Close,Volume
2010-03-11,0.584489,0.600864,0.584489,0.600864,3702000
2010-03-12,0.601319,0.605261,0.586006,0.586006,4548000
2010-03-15,0.574179,0.580395,0.558714,0.567508,534000
2010-03-16,0.574634,0.614207,0.573725,0.613600,1260000
2010-03-17,0.636798,0.643166,0.624213,0.635736,2610000
2010-03-18,0.635736,0.637556,0.611478,0.620271,1584000
2010-03-19,0.612538,0.612842,0.581912,0.592070,1596000
2010-03-22,0.580395,0.637100,0.577060,0.634826,3804000
2010-03-23,0.643772,0.678190,0.643469,0.675763,6114000
2010-03-24,0.669244,0.669244,0.634978,0.638314,2034000
2010-03-25,0.665908,0.675460,0.634523,0.635130,2034000
2010-03-26,0.652111,0.655447,0.612690,0.625123,2322000
2010-03-29,0.645288,0.649230,0.637404,0.641953,1380000
2010-03-30,0.651960,0.661057,0.635130,0.654234,1920000
2010-03-31,0.659237,0.664089,0.640588,0.644075,1080000
2010-04-01,0.662118,0.688803,0.635433,0.646198,1644000
2010-04-05,0.670760,0.703509,0.627852,0.700932,1500000
2010-04-06,0.687590,0.700175,0.679706,0.690319,1998000
2010-04-07,0.693958,0.711546,0.674854,0.697142,3414000
2010-04-08,0.684557,0.684557,0.650140,0.672428,4470000
2010-04-09,0.680161,0.690623,0.664696,0.690319,1254000
2010-04-12,0.700780,0.725494,0.692442,0.707603,2400000
2010-04-13,0.711546,0.724737,0.702449,0.721249,2904000
2010-04-14,0.765977,0.816617,0.765977,0.814039,6504000
2010-04-15,0.828595,0.839815,0.811765,0.821014,12666000
2010-04-16,0.811159,0.811159,0.753696,0.790691,4452000
2010-04-19,0.764157,0.787355,0.720339,0.764005,5712000
2010-04-20,0.786293,0.806611,0.780835,0.801000,2922000
2010-04-21,0.806611,0.824350,0.740505,0.775983,5772000
2010-04-22,0.760821,0.822379,0.725342,0.819801,6594000
2010-04-23,0.833295,0.833295,0.790236,0.823440,3600000
2010-04-26,0.830869,0.853309,0.824956,0.830718,3846000
2010-04-27,0.795997,0.824653,0.742324,0.744750,5112000
2010-04-28,0.759911,0.799788,0.721856,0.759609,6864000
2010-04-29,0.759912,0.788416,0.750966,0.785687,5838000
2010-04-30,0.765674,0.765674,0.678037,0.679706,10104000
2010-05-03,0.689258,0.740505,0.689258,0.729740,4926000
2010-05-04,0.714578,0.714578,0.601622,0.633159,19164000
2010-05-05,0.623152,0.642104,0.583580,0.612842,7920000
2010-05-06,0.606474,0.632856,0.379046,0.560685,17448000
2010-05-07,0.545827,0.562353,0.467894,0.526571,12372000
2010-05-10,0.618603,0.621029,0.588431,0.618603,7206000
2010-05-11,0.585551,0.639072,0.578121,0.606777,27720000
2010-05-12,0.616784,0.659237,0.616784,0.656053,42330000
2010-05-13,0.638465,0.664847,0.596315,0.604655,28992000
2010-05-14,0.590402,0.590402,0.516413,0.549465,15846000
2010-05-17,0.537791,0.577515,0.518535,0.572208,19140000
2010-05-18,0.586309,0.596164,0.517777,0.525510,16128000
2010-05-19,0.522932,0.549617,0.497309,0.533848,21306000
2010-05-20,0.492760,0.524145,0.458797,0.490334,10638000
2010-05-21,0.470018,0.544917,0.458342,0.522326,11220000
2010-05-24,0.512015,0.532029,0.491547,0.491547,10944000
2010-05-25,0.449700,0.502767,0.432113,0.502615,10818000
2010-05-26,0.527935,0.549163,0.497157,0.500038,14250000
2010-05-27,0.538852,0.576909,0.531271,0.576150,10578000
2010-05-28,0.582822,0.582822,0.525055,0.548404,9288000
2010-06-01,0.544917,0.565082,0.511106,0.511106,4530000
2010-06-02,0.529300,0.566295,0.513229,0.565688,11094000
2010-06-03,0.575847,0.594041,0.559472,0.587370,9102000
2010-06-04,0.572208,0.573572,0.502615,0.510954,13650000
2010-06-07,0.518383,0.525813,0.450307,0.453946,18312000
2010-06-08,0.456523,0.458646,0.415586,0.448942,12504000
2010-06-09,0.461223,0.489879,0.434387,0.439997,8634000
2010-06-10,0.463346,0.490031,0.456220,0.488363,9504000
2010-06-11,0.471230,0.511410,0.466985,0.509286,6510000
2010-06-14,0.533849,0.548101,0.517778,0.518990,6924000
2010-06-15,0.530664,0.609203,0.530664,0.605413,14508000
2010-06-16,0.592525,0.627398,0.576757,0.613752,14226000
2010-06-17,0.625881,0.627246,0.578728,0.609809,8724000
2010-06-18,0.612690,0.620877,0.597377,0.605715,4656000
2010-06-21,0.632856,0.648776,0.578576,0.589645,9054000
2010-06-22,0.592525,0.615874,0.553407,0.558562,9888000
2010-06-23,0.564021,0.584489,0.533545,0.563414,8076000
2010-06-24,0.553559,0.555530,0.507467,0.514290,11754000
2010-06-25,0.520203,0.521719,0.488212,0.515958,8718000
2010-06-28,0.510803,0.538852,0.502918,0.522022,4248000
2010-06-29,0.495489,0.495489,0.441968,0.450914,23970000
2010-06-30,0.453491,0.468198,0.425442,0.429080,10842000
2010-07-01,0.432113,0.442422,0.395269,0.430748,10716000
2010-07-02,0.431658,0.438026,0.404215,0.425442,7032000
2010-07-06,0.450914,0.459404,0.413767,0.424683,24060000
2010-07-07,0.424835,0.492153,0.424835,0.491396,13650000
2010-07-08,0.509590,0.509590,0.464559,0.487757,14706000
2010-07-09,0.489879,0.506102,0.479569,0.504587,7512000
2010-07-12,0.507012,0.529604,0.501251,0.523842,8718000
2010-07-13,0.542794,0.562808,0.533393,0.557501,11688000
2010-07-14,0.582215,0.588280,0.541581,0.552346,16902000
2010-07-15,0.544917,0.550982,0.516716,0.545220,11166000
2010-07-16,0.535213,0.538852,0.492457,0.493366,7878000
2010-07-19,0.508983,0.532636,0.497764,0.530664,7908000
2010-07-20,0.490789,0.532333,0.472747,0.532181,14142000
2010-07-21,0.542340,0.542340,0.496399,0.499886,10890000
2010-07-22,0.507922,0.556440,0.507922,0.545675,10308000
2010-07-23,0.541278,0.559927,0.527480,0.556136,7092000
2010-07-26,0.556440,0.579334,0.539610,0.576150,8622000
2010-07-27,0.588735,0.588735,0.557046,0.564324,10470000
2010-07-28,0.557198,0.569934,0.526116,0.535062,17106000
2010-07-29,0.541126,0.542188,0.482299,0.502615,24666000
2010-07-30,0.490941,0.496399,0.461830,0.486847,13908000
2010-08-02,0.511409,0.520052,0.493215,0.512622,19812000
2010-08-03,0.512774,0.513835,0.484269,0.497157,11742000
2010-08-04,0.498825,0.513229,0.484269,0.511712,8508000
2010-08-05,0.508831,0.515806,0.494276,0.499431,7224000
2010-08-06,0.490182,0.510348,0.481389,0.500038,7914000
2010-08-09,0.503677,0.515503,0.491244,0.508225,7584000
2010-08-10,0.492760,0.492760,0.455613,0.469259,18732000
2010-08-11,0.439087,0.439542,0.400880,0.412706,30720000
2010-08-12,0.383443,0.401637,0.369949,0.396179,27768000
2010-08-13,0.398150,0.408915,0.383443,0.384201,9888000
2010-08-16,0.380562,0.400121,0.371465,0.388144,15528000
2010-08-17,0.403154,0.416648,0.394360,0.403002,14430000
2010-08-18,0.406641,0.422561,0.398605,0.416496,10218000
2010-08-19,0.411644,0.417860,0.390114,0.395572,11196000
2010-08-20,0.399211,0.411947,0.391782,0.400121,8682000
2010-08-23,0.411492,0.413312,0.385566,0.386020,15390000
2010-08-24,0.370555,0.379047,0.357668,0.366462,13998000
2010-08-25,0.361307,0.382230,0.347964,0.377530,19578000
2010-08-26,0.384201,0.386324,0.352058,0.356000,15816000
2010-08-27,0.366765,0.381321,0.337806,0.377227,22824000
2010-08-30,0.371769,0.376772,0.349329,0.349936,11874000
2010-08-31,0.347207,0.354332,0.322795,0.327648,17046000
2010-09-01,0.340990,0.368888,0.340990,0.358123,21294000
2010-09-02,0.364187,0.381927,0.356910,0.381927,32310000
2010-09-03,0.396937,0.407096,0.379046,0.398453,39972000
2010-09-07,0.394966,0.397999,0.372981,0.376923,24540000
2010-09-08,0.378592,0.381017,0.360094,0.370707,55176000
2010-09-09,0.384656,0.385566,0.367826,0.372224,16536000
2010-09-10,0.368888,0.373588,0.341748,0.357668,50568000
2010-09-13,0.368433,0.394057,0.367978,0.393147,34164000
2010-09-14,0.389659,0.419983,0.378743,0.412402,29940000
2010-09-15,0.403912,0.410128,0.392540,0.409218,20400000
2010-09-16,0.401031,0.419377,0.398453,0.417860,15978000
2010-09-17,0.423925,0.425745,0.411644,0.418164,14418000
2010-09-20,0.418315,0.425593,0.405579,0.423167,39192000
2010-09-21,0.421651,0.431355,0.416345,0.420286,18630000
2010-09-22,0.414948,0.419043,0.393563,0.402966,25320000
2010-09-23,0.391743,0.431630,0.384160,0.410701,21150000
2010-09-24,0.429204,0.461963,0.429204,0.459536,25266000
2010-09-27,0.463024,0.464238,0.446342,0.451650,20460000
2010-09-28,0.457109,0.475309,0.438455,0.472731,25440000
2010-09-29,0.464086,0.493812,0.464086,0.483196,31692000
2010-09-30,0.490778,0.500485,0.459384,0.472731,36396000
2010-10-01,0.484258,0.487290,0.456958,0.467726,24258000
2010-10-04,0.464996,0.465299,0.432995,0.448617,25332000
2010-10-05,0.458019,0.480921,0.458019,0.476674,24222000
2010-10-06,0.476219,0.476978,0.443612,0.460294,22194000
2010-10-07,0.459233,0.466968,0.444370,0.460446,20838000
2010-10-08,0.457261,0.477584,0.442095,0.475461,29346000
2010-10-11,0.475461,0.498058,0.475461,0.484106,20370000
2010-10-12,0.478039,0.500485,0.469546,0.494418,18330000
2010-10-13,0.499120,0.504277,0.482892,0.496693,27384000
2010-10-14,0.497603,0.506703,0.483954,0.492598,19338000
2010-10-15,0.502912,0.508068,0.481224,0.503822,22374000
2010-10-18,0.501243,0.501243,0.479859,0.492143,21282000
2010-10-19,0.476674,0.497148,0.456048,0.471518,37842000
2010-10-20,0.471973,0.486684,0.462569,0.479404,24378000
2010-10-21,0.481831,0.484257,0.458929,0.472276,22062000
2010-10-22,0.472276,0.502608,0.472276,0.500333,29832000
2010-10-25,0.508068,0.525357,0.508068,0.516712,12414000
2010-10-26,0.509433,0.517927,0.493053,0.510192,10962000
2010-10-27,0.512012,0.557813,0.511860,0.557055,19632000
2010-10-28,0.558571,0.561908,0.537794,0.558420,13932000
2010-10-29,0.553870,0.573283,0.552960,0.568885,10818000
2010-11-01,0.572980,0.580411,0.549624,0.563121,19554000
2010-11-02,0.573435,0.582685,0.565700,0.574041,11472000
2010-11-03,0.579805,0.592999,0.566003,0.592999,18366000
2010-11-04,0.609227,0.649569,0.609227,0.647446,18684000
2010-11-05,0.653967,0.670347,0.645474,0.660943,18162000
2010-11-08,0.657303,0.674745,0.650024,0.661853,17436000
2010-11-09,0.661853,0.663825,0.629701,0.636678,14748000
2010-11-10,0.636071,0.639104,0.612412,0.637436,14172000
2010-11-11,0.588752,0.621814,0.565548,0.615142,24570000
2010-11-12,0.610440,0.643654,0.595729,0.613625,16152000
2010-11-15,0.627274,0.632279,0.599975,0.599975,14220000
2010-11-16,0.585265,0.604222,0.565396,0.574496,16314000
2010-11-17,0.572373,0.592847,0.565851,0.572828,7788000
2010-11-18,0.590269,0.612260,0.590269,0.604829,10518000
2010-11-19,0.600885,0.638801,0.600885,0.634251,9654000
2010-11-22,0.636071,0.659123,0.630459,0.657758,32064000
2010-11-23,0.637133,0.654270,0.633038,0.640166,22074000
2010-11-24,0.654118,0.695067,0.654118,0.691427,24210000
2010-11-26,0.681115,0.690062,0.671863,0.679902,6378000
2010-11-29,0.668527,0.678992,0.649569,0.675200,12354000
2010-11-30,0.654574,0.660488,0.643654,0.650176,14658000
2010-12-01,0.682328,0.714632,0.682328,0.712509,16272000
2010-12-02,0.716604,0.753912,0.714177,0.752547,13560000
2010-12-03,0.741476,0.767259,0.735561,0.763467,10824000
2010-12-06,0.766045,0.766045,0.740111,0.759524,11808000
2010-12-07,0.783487,0.792738,0.757097,0.758007,22344000
2010-12-08,0.766197,0.781364,0.752245,0.778785,8406000
2010-12-09,0.792283,0.797439,0.776965,0.784396,7170000
2010-12-10,0.787279,0.794254,0.776055,0.786520,7374000
2010-12-13,0.802444,0.802444,0.765894,0.771809,8994000
2010-12-14,0.771657,0.775297,0.744661,0.752093,11034000
2010-12-15,0.746330,0.759069,0.724945,0.728736,13974000
2010-12-16,0.734955,0.747846,0.720850,0.741628,5910000
2010-12-17,0.745268,0.761344,0.742841,0.756794,5250000
2010-12-20,0.753457,0.761950,0.738443,0.748149,24018000
2010-12-21,0.757704,0.771354,0.753912,0.763922,7824000
2010-12-22,0.752244,0.765894,0.739808,0.764680,10470000
2010-12-23,0.751486,0.764984,0.751486,0.758310,4158000
2010-12-27,0.744206,0.764680,0.730253,0.760585,7362000
2010-12-28,0.758310,0.765742,0.741931,0.750880,6186000
2010-12-29,0.753912,0.757552,0.744206,0.753912,3360000
2010-12-30,0.753913,0.763922,0.749970,0.760585,3732000
2010-12-31,0.754671,0.762254,0.746178,0.758160,6024000
2011-01-03,0.773022,0.800018,0.766197,0.775145,11646000
2011-01-04,0.782274,0.793648,0.753457,0.777724,10098000
2011-01-05,0.766652,0.791221,0.759069,0.785307,4482000
2011-01-06,0.792131,0.830805,0.792131,0.828833,9810000
2011-01-07,0.834142,0.845668,0.796074,0.834293,21936000
2011-01-10,0.829592,0.865232,0.818975,0.860531,9960000
2011-01-11,0.875091,0.875091,0.851128,0.870086,9942000
2011-01-12,0.887072,0.919073,0.870996,0.918921,9696000
2011-01-13,0.919831,0.933480,0.900721,0.918618,8448000
2011-01-14,0.931812,0.993690,0.928172,0.993690,18042000
2011-01-18,0.982771,0.993690,0.966998,0.982013,13842000
2011-01-19,0.957746,0.962144,0.906940,0.913613,14754000
2011-01-20,0.895868,0.895868,0.846730,0.880399,18720000
2011-01-21,0.909973,0.912248,0.862199,0.865232,12576000
2011-01-24,0.874787,0.929689,0.873574,0.927717,12990000
2011-01-25,0.915736,0.926200,0.886616,0.908305,13026000
2011-01-26,0.926655,0.938637,0.900721,0.933480,16392000
2011-01-27,0.952287,0.990354,0.952287,0.985046,19854000
2011-01-28,1.004610,1.004610,0.882826,0.905271,36168000
2011-01-31,0.913006,0.928627,0.879641,0.915585,12234000
2011-02-01,0.942732,0.994903,0.941215,0.981861,22254000
2011-02-02,0.971093,1.011890,0.961841,0.998543,18420000
2011-02-03,0.998998,1.005368,0.968818,0.999605,10446000
2011-02-04,1.008857,1.061028,1.003700,1.058753,16854000
2011-02-07,1.070128,1.084385,1.037521,1.047834,21102000
2011-02-08,1.048137,1.054052,1.021142,1.045407,8292000
2011-02-09,1.031909,1.047076,1.012345,1.025539,12252000
2011-02-10,0.991870,1.036762,0.981557,1.034336,12342000
2011-02-11,1.027359,1.068460,1.010525,1.057995,8436000
2011-02-14,1.070431,1.106679,1.066033,1.082109,15360000
2011-02-15,1.080138,1.081351,1.037217,1.051171,14406000
2011-02-16,1.073616,1.094090,1.060421,1.084384,10158000
2011-02-17,1.078015,1.137466,1.069218,1.132158,15246000
2011-02-18,1.142774,1.142926,1.106982,1.119115,13470000
2011-02-22,1.061331,1.068611,0.978221,0.985803,40812000
2011-02-23,0.995813,0.995813,0.893290,0.932874,35844000
2011-02-24,0.945462,0.985197,0.923774,0.978979,41208000
2011-02-25,1.010980,1.054961,1.007492,1.052990,38130000
2011-02-28,1.075285,1.075285,0.987472,1.021141,38628000
2011-03-01,1.034791,1.041616,0.958049,0.960173,37800000
2011-03-02,0.958656,1.036156,0.958353,1.001122,51600000
2011-03-03,1.037217,1.068460,1.034942,1.059208,33474000
2011-03-04,1.051474,1.059816,1.005065,1.025843,31500000
2011-03-07,1.027511,1.041161,0.911035,0.940912,50460000
2011-03-08,0.948799,0.974581,0.916950,0.945917,26598000
2011-03-09,0.929234,0.929234,0.856436,0.861592,66846000
2011-03-10,0.818673,0.834142,0.791979,0.796378,60888000
2011-03-11,0.781212,0.825800,0.779695,0.817611,37662000
2011-03-14,0.813971,0.845972,0.798501,0.814274,37458000
2011-03-15,0.732376,0.801079,0.711902,0.784700,39852000
2011-03-16,0.787278,0.811696,0.717514,0.734045,35268000
2011-03-17,0.766500,0.788188,0.752547,0.760889,37530000
2011-03-18,0.798956,0.798956,0.759069,0.768472,32274000
2011-03-21,0.795923,0.825193,0.792283,0.808208,39534000
2011-03-22,0.813819,0.813819,0.785003,0.789249,24156000
2011-03-23,0.783790,0.815184,0.764377,0.810634,25218000
2011-03-24,0.839147,0.876001,0.827013,0.870389,44664000
2011-03-25,0.878427,0.891925,0.861592,0.863109,31548000
2011-03-28,0.876607,0.889043,0.863109,0.867204,22812000
2011-03-29,0.863867,0.891166,0.840360,0.891015,29970000
2011-03-30,0.911945,0.917404,0.873119,0.893896,29814000
2011-03-31,0.887072,0.898295,0.860682,0.871147,20958000
2011-04-01,0.890408,0.890408,0.831412,0.840663,33942000
2011-04-04,0.845213,0.852948,0.803658,0.818976,27054000
2011-04-05,0.856891,0.892835,0.855981,0.872361,44274000
2011-04-06,0.898598,0.916343,0.888133,0.915130,30012000
2011-04-07,0.915281,0.915281,0.873574,0.901783,20022000
2011-04-08,0.917252,0.925139,0.866446,0.879641,20496000
2011-04-11,0.886011,0.886011,0.848853,0.855982,18594000
2011-04-12,0.834142,0.834142,0.790311,0.803506,31302000
2011-04-13,0.819733,0.826255,0.795013,0.810331,33960000
2011-04-14,0.793193,0.813213,0.776207,0.811999,18072000
2011-04-15,0.806539,0.834597,0.793951,0.828075,17262000
2011-04-18,0.798349,0.803051,0.764074,0.783790,29268000
2011-04-19,0.778937,0.794709,0.773477,0.793193,22242000
2011-04-20,0.864322,0.894806,0.858407,0.894806,52812000
2011-04-21,0.913765,0.913765,0.880854,0.892380,22464000
2011-04-25,0.889801,0.908305,0.883735,0.894958,13536000
2011-04-26,0.896626,0.940305,0.895868,0.938030,30864000
2011-04-27,0.928172,0.941064,0.903300,0.937879,26574000
2011-04-28,0.928324,0.937727,0.900418,0.919225,25950000
2011-04-29,0.914220,0.936817,0.913916,0.932722,12540000
2011-05-02,0.941822,0.941822,0.897840,0.903603,21006000
2011-05-03,0.894806,0.898750,0.852493,0.870237,33096000
2011-05-04,0.892228,0.892835,0.840057,0.871754,20118000
2011-05-05,0.856891,0.903148,0.851583,0.877062,41994000
2011-05-06,0.909973,0.926200,0.885404,0.896323,40860000
2011-05-09,0.896323,0.896626,0.870692,0.888588,18708000
2011-05-10,0.901176,0.908456,0.884948,0.900115,19446000
2011-05-11,0.903755,0.914220,0.862351,0.879489,18096000
2011-05-12,0.866901,0.923925,0.864019,0.915585,25260000
2011-05-13,0.910731,0.917708,0.877366,0.880096,16488000
2011-05-16,0.877669,0.899356,0.839602,0.842787,23142000
2011-05-17,0.833535,0.834293,0.788795,0.812303,35832000
2011-05-18,0.821554,0.865991,0.820796,0.858104,17988000
2011-05-19,0.847640,0.848095,0.813819,0.836720,20982000
2011-05-20,0.838540,0.844152,0.816094,0.828985,10974000
2011-05-23,0.800928,0.800928,0.776965,0.778027,23688000
2011-05-24,0.791828,0.792889,0.758462,0.760434,23982000
2011-05-25,0.754671,0.788340,0.746178,0.780454,19098000
2011-05-26,0.777875,0.807449,0.769534,0.802444,14706000
2011-05-27,0.818369,0.838237,0.818369,0.830957,19008000
2011-05-31,0.856891,0.868266,0.843545,0.868266,15954000
2011-06-01,0.861592,0.861592,0.788643,0.789553,17838000
2011-06-02,0.790766,0.813061,0.777269,0.789856,16122000
2011-06-03,0.764832,0.782577,0.744510,0.747846,38124000
2011-06-06,0.744055,0.753609,0.728130,0.729646,18660000
2011-06-07,0.752093,0.763012,0.740111,0.740415,14688000
2011-06-08,0.730556,0.730708,0.689001,0.695977,36198000
2011-06-09,0.698404,0.711296,0.686575,0.698252,25770000
2011-06-10,0.690062,0.693399,0.650176,0.664432,22752000
2011-06-13,0.664735,0.675503,0.638498,0.645019,18828000
2011-06-14,0.667617,0.693399,0.667617,0.681115,15768000
2011-06-15,0.666100,0.675048,0.639711,0.641076,13464000
2011-06-16,0.646233,0.646384,0.602857,0.619389,17418000
2011-06-17,0.641228,0.641228,0.586175,0.592392,23820000
2011-06-20,0.588752,0.602099,0.585870,0.594212,18750000
2011-06-21,0.605132,0.641986,0.595274,0.638953,30174000
2011-06-22,0.629853,0.647749,0.623938,0.629549,20856000
2011-06-23,0.606649,0.659275,0.594819,0.657910,41520000
2011-06-24,0.651692,0.651692,0.606497,0.610895,21660000
2011-06-27,0.610895,0.630308,0.592999,0.621359,15390000
2011-06-28,0.628791,0.645626,0.624696,0.645019,24696000
2011-06-29,0.650782,0.658517,0.632886,0.647749,16728000
2011-06-30,0.652148,0.700679,0.652148,0.694612,30492000
2011-07-01,0.699921,0.743145,0.689152,0.739960,25212000
2011-07-05,0.736016,0.744055,0.709021,0.719788,15444000
2011-07-06,0.712357,0.712661,0.685664,0.703106,10506000
2011-07-07,0.722822,0.756794,0.717362,0.744661,18822000
2011-07-08,0.715997,0.718878,0.688091,0.711296,16896000
2011-07-11,0.697342,0.716149,0.668830,0.674745,22608000
2011-07-12,0.654422,0.657455,0.607407,0.617113,46284000
2011-07-13,0.631976,0.640014,0.603767,0.610592,27108000
2011-07-14,0.613019,0.635009,0.579350,0.583141,41184000
2011-07-15,0.594970,0.595425,0.571008,0.592392,24444000
2011-07-18,0.584961,0.591937,0.554325,0.566913,25644000
2011-07-19,0.584809,0.626971,0.584809,0.623028,31746000
2011-07-20,0.638346,0.644413,0.603615,0.614990,21420000
2011-07-21,0.610440,0.635464,0.586325,0.631824,32058000
2011-07-22,0.635009,0.680963,0.635009,0.674593,40338000
2011-07-25,0.654573,0.663067,0.635009,0.648811,17520000
2011-07-26,0.660640,0.687788,0.660640,0.665038,30282000
2011-07-27,0.643351,0.643351,0.588145,0.592240,54816000
2011-07-28,0.591482,0.618782,0.570553,0.587842,23532000
2011-07-29,0.556903,0.589662,0.548411,0.573738,33750000
2011-08-01,0.597700,0.606345,0.549321,0.572373,41922000
2011-08-02,0.559481,0.570553,0.519443,0.521567,44364000
2011-08-03,0.524751,0.542344,0.490323,0.538097,48840000
2011-08-04,0.520504,0.521717,0.445432,0.449830,70020000
2011-08-05,0.463328,0.478343,0.380976,0.417071,60150000
2011-08-08,0.371421,0.400995,0.347155,0.351856,42156000
2011-08-09,0.372331,0.400388,0.336690,0.399175,49818000
2011-08-10,0.386284,0.413280,0.357619,0.375212,35904000
2011-08-11,0.391136,0.446949,0.388558,0.431024,29616000
2011-08-12,0.441792,0.454834,0.417678,0.426777,27114000
2011-08-15,0.434512,0.452863,0.430114,0.451954,22326000
2011-08-16,0.436180,0.449375,0.409488,0.426474,25092000
2011-08-17,0.422530,0.445887,0.405848,0.417222,17232000
2011-08-18,0.382492,0.382492,0.336690,0.345032,38010000
2011-08-19,0.336993,0.367326,0.323040,0.324860,28344000
2011-08-22,0.352159,0.352917,0.327287,0.333960,21594000
2011-08-23,0.345790,0.386131,0.336690,0.385070,51924000
2011-08-24,0.385070,0.395231,0.361562,0.384463,51954000
2011-08-25,0.378397,0.392350,0.351856,0.353979,33522000
2011-08-26,0.355192,0.388406,0.338207,0.382037,38676000
2011-08-29,0.401146,0.425412,0.398113,0.424654,29448000
2011-08-30,0.414644,0.432237,0.406151,0.424654,25152000
2011-08-31,0.437394,0.444522,0.406606,0.415555,29664000
2011-09-01,0.416161,0.432085,0.394321,0.394776,26106000
2011-09-02,0.376881,0.379156,0.360652,0.367629,22992000
2011-09-06,0.333505,0.361107,0.331837,0.360349,29136000
2011-09-07,0.381431,0.407971,0.381431,0.406758,43224000
2011-09-08,0.396748,0.431327,0.394018,0.400691,32784000
2011-09-09,0.386890,0.419649,0.379762,0.387648,39306000
2011-09-12,0.377487,0.422985,0.377487,0.422985,34446000
2011-09-13,0.430569,0.451953,0.420255,0.448617,43494000
2011-09-14,0.455593,0.498210,0.449678,0.482285,86268000
2011-09-15,0.497452,0.508675,0.485016,0.504125,61032000
2011-09-16,0.503518,0.521718,0.499120,0.505793,62544000
2011-09-19,0.482589,0.499120,0.463934,0.488807,54882000
2011-09-20,0.496693,0.500940,0.469698,0.472731,72882000
2011-09-21,0.482134,0.492598,0.442854,0.443157,117186000
2011-09-22,0.409488,0.411763,0.376122,0.398720,61854000
2011-09-23,0.389468,0.426929,0.383705,0.420559,52566000
2011-09-26,0.435725,0.435725,0.390985,0.419801,98616000
2011-09-27,0.442399,0.469849,0.435119,0.442702,75846000
2011-09-28,0.450437,0.450437,0.403573,0.404483,57690000
2011-09-29,0.420104,0.424047,0.365506,0.387951,82098000
2011-09-30,0.368842,0.380824,0.348823,0.348975,47844000
2011-10-03,0.341998,0.352917,0.309391,0.310149,52956000
2011-10-04,0.300291,0.349885,0.296651,0.349278,89970000
2011-10-05,0.350188,0.384919,0.335780,0.382189,78738000
2011-10-06,0.379762,0.395990,0.366264,0.395383,78432000
2011-10-07,0.405696,0.415403,0.388255,0.401601,53652000
2011-10-10,0.418890,0.440579,0.418890,0.433602,30468000
2011-10-11,0.426625,0.437697,0.421924,0.430720,30294000
2011-10-12,0.447100,0.456503,0.442095,0.442095,41778000
2011-10-13,0.434664,0.473489,0.433299,0.469849,45486000
2011-10-14,0.488200,0.488958,0.461356,0.486532,47322000
2011-10-17,0.475006,0.476826,0.441185,0.446494,36648000
2011-10-18,0.447252,0.479253,0.431175,0.475309,52332000
2011-10-19,0.474248,0.474248,0.440882,0.444219,44826000
2011-10-20,0.431934,0.437849,0.397051,0.422834,53466000
2011-10-21,0.439820,0.465906,0.439517,0.448617,28434000
2011-10-24,0.458778,0.497148,0.456351,0.495177,81846000
2011-10-25,0.484409,0.495328,0.465603,0.468484,63798000
2011-10-26,0.480769,0.490475,0.445584,0.475006,38490000
2011-10-27,0.512922,0.544619,0.505793,0.535519,55464000
2011-10-28,0.527481,0.539766,0.523689,0.539766,25170000
2011-10-31,0.523386,0.523386,0.498210,0.498665,29562000
2011-11-01,0.457868,0.468788,0.441489,0.450892,40368000
2011-11-02,0.467119,0.470153,0.446494,0.457716,15834000
2011-11-03,0.470153,0.501395,0.443612,0.498817,44694000
2011-11-04,0.487290,0.521566,0.485622,0.516258,40914000
2011-11-07,0.508827,0.518230,0.485319,0.513983,44898000
2011-11-08,0.525206,0.530059,0.497603,0.522172,42258000
2011-11-09,0.488200,0.488200,0.450133,0.451346,41424000
2011-11-10,0.473641,0.474551,0.442854,0.463328,21204000
2011-11-11,0.476219,0.516258,0.476219,0.510647,34920000
2011-11-14,0.503215,0.518229,0.483347,0.493053,29382000
2011-11-15,0.489868,0.521717,0.486987,0.513073,45540000
2011-11-16,0.500485,0.528542,0.494115,0.504732,36810000
2011-11-17,0.500485,0.503518,0.429659,0.447404,73242000
2011-11-18,0.456654,0.456654,0.427232,0.434057,32286000
2011-11-21,0.415706,0.417830,0.391288,0.409185,39312000
2011-11-22,0.404635,0.417070,0.386890,0.394473,28380000
2011-11-23,0.381886,0.382492,0.357012,0.357316,31662000
2011-11-25,0.353676,0.367326,0.342453,0.342453,22728000
2011-11-28,0.382037,0.384767,0.366416,0.377487,23802000
2011-11-29,0.380976,0.388255,0.366112,0.368994,23424000
2011-11-30,0.399023,0.433450,0.399023,0.432085,51342000
2011-12-01,0.432995,0.443460,0.417526,0.439517,24264000
2011-12-02,0.452863,0.460598,0.435422,0.436635,28338000
2011-12-05,0.457716,0.463328,0.441489,0.450134,29232000
2011-12-06,0.448162,0.454683,0.436029,0.447404,16620000
2011-12-07,0.441489,0.466968,0.430720,0.463176,20436000
2011-12-08,0.449830,0.466816,0.420408,0.423744,26226000
2011-12-09,0.414796,0.444370,0.401601,0.439062,35904000
2011-12-12,0.412066,0.412066,0.388710,0.403876,28650000
2011-12-13,0.410095,0.417375,0.369297,0.374909,41736000
2011-12-14,0.373089,0.381127,0.350795,0.356861,31500000
2011-12-15,0.376577,0.379459,0.350795,0.355951,20004000
2011-12-16,0.367629,0.378701,0.359439,0.364292,18036000
2011-12-19,0.368084,0.368994,0.332140,0.333657,36264000
2011-12-20,0.353524,0.380976,0.353524,0.377639,36492000
2011-12-21,0.377184,0.379156,0.351098,0.366567,24912000
2011-12-22,0.372179,0.405848,0.370966,0.402663,28410000
2011-12-23,0.403876,0.409336,0.394473,0.408426,15252000
2011-12-27,0.402663,0.416464,0.401905,0.407365,19536000
2011-12-28,0.403118,0.407516,0.386738,0.387496,23736000
2011-12-29,0.395080,0.400236,0.385980,0.398720,13962000
2011-12-30,0.398871,0.403421,0.393108,0.393715,15528000
2012-01-03,0.418587,0.427687,0.404938,0.408123,20838000
2012-01-04,0.406000,0.410701,0.392501,0.407820,19632000
2012-01-05,0.406303,0.426929,0.404028,0.425412,25092000
2012-01-06,0.425260,0.430720,0.415402,0.429204,19224000
2012-01-09,0.436484,0.456503,0.433754,0.453015,27516000
2012-01-10,0.469849,0.475613,0.461659,0.466968,20658000
2012-01-11,0.458171,0.476826,0.457261,0.472731,16698000
2012-01-12,0.481224,0.490172,0.467119,0.488655,20850000
2012-01-13,0.475309,0.475613,0.453924,0.456806,24198000
2012-01-17,0.475006,0.477584,0.460598,0.462721,17028000
2012-01-18,0.479101,0.534912,0.479101,0.530817,50442000
2012-01-19,0.546287,0.565700,0.543406,0.563425,41148000
2012-01-20,0.561150,0.574496,0.554932,0.571615,17694000
2012-01-23,0.575103,0.579350,0.553112,0.567216,22410000
2012-01-24,0.557965,0.577985,0.554931,0.571160,11994000
2012-01-25,0.576771,0.583900,0.553416,0.578591,29904000
2012-01-26,0.586174,0.595425,0.552657,0.560695,22794000
2012-01-27,0.553718,0.572828,0.550685,0.568430,9660000
2012-01-30,0.555386,0.555386,0.530817,0.548562,15960000
2012-01-31,0.563121,0.565548,0.539766,0.550837,17148000
2012-02-01,0.569340,0.600582,0.566610,0.587084,39444000
2012-02-02,0.596032,0.610592,0.588145,0.598459,22602000
2012-02-03,0.618933,0.632583,0.611654,0.623786,26310000
2012-02-06,0.617872,0.618479,0.594212,0.603919,16218000
2012-02-07,0.594515,0.610440,0.585415,0.604525,18906000
2012-02-08,0.608317,0.640469,0.608317,0.627426,28428000
2012-02-09,0.637739,0.637739,0.617720,0.632886,20448000
2012-02-10,0.612867,0.616507,0.587084,0.593757,28206000
2012-02-13,0.611957,0.614232,0.577226,0.599975,18954000
2012-02-14,0.593909,0.608620,0.591482,0.608620,20418000
2012-02-15,0.621511,0.639256,0.614232,0.616810,32016000
2012-02-16,0.612715,0.665797,0.612715,0.662460,32184000
2012-02-17,0.678688,0.678840,0.641076,0.646991,18594000
2012-02-21,0.651844,0.652148,0.612715,0.621057,19566000
2012-02-22,0.613170,0.628943,0.605132,0.611654,12120000
2012-02-23,0.612715,0.618327,0.588449,0.615294,14346000
2012-02-24,0.618782,0.628791,0.607255,0.610744,8700000
2012-02-27,0.598762,0.624544,0.586780,0.611350,16248000
2012-02-28,0.615445,0.650327,0.615445,0.642289,25620000
2012-02-29,0.644564,0.645626,0.608772,0.612563,17994000
2012-03-01,0.623483,0.630611,0.605435,0.613170,11220000
2012-03-02,0.608469,0.622724,0.591482,0.594364,15672000
2012-03-05,0.588297,0.588600,0.544164,0.549927,37602000
2012-03-06,0.525206,0.537339,0.515500,0.533244,25242000
2012-03-07,0.542496,0.565093,0.538249,0.558875,33216000
2012-03-08,0.576316,0.587540,0.566003,0.582686,18336000
2012-03-09,0.582080,0.603009,0.581625,0.601492,25692000
2012-03-12,0.602099,0.602099,0.578288,0.585113,16902000
2012-03-13,0.595729,0.623028,0.595729,0.623028,29352000
2012-03-14,0.629398,0.647294,0.613474,0.617417,32916000
2012-03-15,0.628184,0.655483,0.624544,0.652298,32976000
2012-03-16,0.652906,0.660337,0.645474,0.653664,17574000
2012-03-19,0.650630,0.677475,0.647598,0.669437,17856000
2012-03-20,0.654118,0.661853,0.639256,0.656393,16914000
2012-03-21,0.661702,0.671408,0.650631,0.662763,10542000
2012-03-22,0.649113,0.657000,0.635464,0.651388,12330000
2012-03-23,0.654877,0.656697,0.631369,0.656393,17070000
2012-03-26,0.673228,0.684148,0.660488,0.684148,19938000
2012-03-27,0.679447,0.698404,0.679447,0.682480,11262000
2012-03-28,0.681722,0.686877,0.643958,0.657910,20256000
2012-03-29,0.645778,0.663218,0.633189,0.660033,13368000
2012-03-30,0.681115,0.681115,0.652148,0.667617,17772000
2012-04-02,0.662763,0.673683,0.638649,0.667010,16848000
2012-04-03,0.664280,0.664280,0.628184,0.636223,24684000
2012-04-04,0.611805,0.613625,0.577075,0.592847,43110000
2012-04-05,0.590572,0.603615,0.586477,0.598459,13242000
2012-04-09,0.571160,0.578288,0.561908,0.573586,20418000
2012-04-10,0.570553,0.584657,0.538249,0.543557,19278000
2012-04-11,0.561150,0.580866,0.560391,0.568885,15714000
2012-04-12,0.572828,0.607407,0.571160,0.600127,29892000
2012-04-13,0.592695,0.599672,0.567671,0.567975,13854000
2012-04-16,0.582838,0.585719,0.553718,0.568885,26910000
2012-04-17,0.580563,0.602857,0.580563,0.595274,25710000
2012-04-18,0.575861,0.587995,0.562818,0.580411,18018000
2012-04-19,0.573435,0.602099,0.550534,0.561453,19344000
2012-04-20,0.561908,0.562060,0.520656,0.522476,40272000
2012-04-23,0.503670,0.504428,0.487442,0.503367,27534000
2012-04-24,0.509888,0.510343,0.485623,0.491233,19170000
2012-04-25,0.515348,0.527481,0.507310,0.523992,29502000
2012-04-26,0.528087,0.562515,0.528087,0.559330,28902000
2012-04-27,0.558420,0.565093,0.542799,0.559785,29844000
2012-04-30,0.558420,0.559785,0.550534,0.550686,15000000
2012-05-01,0.550534,0.570856,0.545832,0.557206,19788000
2012-05-02,0.545984,0.568733,0.542192,0.564941,15480000
2012-05-03,0.567368,0.568581,0.522324,0.524447,26280000
2012-05-04,0.516410,0.524751,0.489110,0.490627,31662000
2012-05-07,0.483347,0.498210,0.483347,0.487593,21600000
2012-05-08,0.478343,0.482438,0.448769,0.479101,33234000
2012-05-09,0.457109,0.480921,0.444370,0.475006,33318000
2012-05-10,0.484561,0.484561,0.457564,0.468939,21144000
2012-05-11,0.466361,0.495935,0.464693,0.478949,23736000
2012-05-14,0.464541,0.473489,0.458019,0.464844,18600000
2012-05-15,0.463024,0.476068,0.447252,0.450134,18522000
2012-05-16,0.454228,0.459081,0.427687,0.429355,32856000
2012-05-17,0.431934,0.433602,0.398265,0.398265,27282000
2012-05-18,0.406151,0.407516,0.373847,0.376274,48906000
2012-05-21,0.377942,0.406455,0.376122,0.404786,43740000
2012-05-22,0.405545,0.405545,0.388558,0.396900,29538000
2012-05-23,0.382795,0.402663,0.373089,0.401601,27300000
2012-05-24,0.402208,0.404028,0.377639,0.385829,28086000
2012-05-25,0.385374,0.404028,0.385070,0.399781,21594000
2012-05-29,0.411915,0.428900,0.410701,0.423289,18396000
2012-05-30,0.411611,0.411915,0.396141,0.400388,22146000
2012-05-31,0.397961,0.400540,0.375212,0.387041,21192000
2012-06-01,0.367629,0.368691,0.341240,0.341695,45294000
2012-06-04,0.342908,0.353524,0.327893,0.336993,27960000
2012-06-05,0.338207,0.363079,0.338207,0.359742,36054000
2012-06-06,0.370207,0.397810,0.369146,0.396141,41736000
2012-06-07,0.409943,0.414796,0.378397,0.380066,32898000
2012-06-08,0.372937,0.398113,0.371572,0.396748,22326000
2012-06-11,0.412976,0.414796,0.372786,0.374151,29760000
2012-06-12,0.379611,0.399933,0.378397,0.399630,36006000
2012-06-13,0.394018,0.403421,0.381582,0.385980,21486000
2012-06-14,0.387345,0.390833,0.370662,0.384767,21318000
2012-06-15,0.385828,0.403573,0.385070,0.402056,16392000
2012-06-18,0.394625,0.426474,0.394625,0.420862,31980000
2012-06-19,0.431024,0.440427,0.422985,0.433754,23340000
2012-06-20,0.437090,0.453318,0.434512,0.448465,39066000
2012-06-21,0.443764,0.444370,0.391288,0.392350,48192000
2012-06-22,0.398871,0.413128,0.397355,0.408578,21888000
2012-06-25,0.398265,0.398568,0.367326,0.369146,41736000
2012-06-26,0.374151,0.379459,0.360652,0.372482,24744000
2012-06-27,0.378397,0.391288,0.374606,0.387800,23748000
2012-06-28,0.375212,0.384160,0.364747,0.380066,30120000
2012-06-29,0.408578,0.428445,0.406151,0.427687,48804000
2012-07-02,0.436029,0.438910,0.418436,0.426019,17688000
2012-07-03,0.430720,0.445432,0.426777,0.445432,18162000
2012-07-05,0.435725,0.439517,0.420407,0.433299,17106000
2012-07-06,0.421469,0.422985,0.390530,0.401601,30462000
2012-07-09,0.397051,0.402966,0.381582,0.387648,25698000
2012-07-10,0.378852,0.392198,0.353372,0.360501,48462000
2012-07-11,0.363686,0.366719,0.344273,0.349278,34476000
2012-07-12,0.341847,0.342302,0.324102,0.333505,49020000
2012-07-13,0.335932,0.345335,0.333960,0.341998,30048000
2012-07-16,0.337297,0.337297,0.323192,0.330623,27762000
2012-07-17,0.336690,0.337448,0.309694,0.326073,49782000
2012-07-18,0.321978,0.365961,0.320917,0.359136,82602000
2012-07-19,0.374606,0.390226,0.374606,0.382037,54054000
2012-07-20,0.380672,0.382796,0.362472,0.362927,30600000
2012-07-23,0.339723,0.358074,0.326983,0.352159,36108000
2012-07-24,0.354889,0.357619,0.338207,0.348823,30174000
2012-07-25,0.356254,0.381431,0.356102,0.367326,43992000
2012-07-26,0.390226,0.401146,0.382189,0.393108,42372000
2012-07-27,0.398871,0.423895,0.392956,0.420407,44328000
2012-07-30,0.420862,0.430265,0.402208,0.409336,21042000
2012-07-31,0.422530,0.433602,0.417071,0.419042,64002000
2012-08-01,0.426019,0.430872,0.409488,0.418284,20508000
2012-08-02,0.405848,0.433754,0.400995,0.414341,21774000
2012-08-03,0.433754,0.447404,0.424654,0.439820,25608000
2012-08-06,0.448162,0.454531,0.444219,0.447555,15390000
2012-08-07,0.456199,0.485319,0.456199,0.474551,31686000
2012-08-08,0.470153,0.481831,0.467726,0.480921,15552000
2012-08-09,0.478343,0.492447,0.477736,0.489717,14832000
2012-08-10,0.488353,0.497755,0.485016,0.496087,13224000
2012-08-13,0.496087,0.496087,0.468484,0.486532,17268000
2012-08-14,0.495177,0.496238,0.467119,0.473186,21054000
2012-08-15,0.462114,0.487897,0.462114,0.481224,13752000
2012-08-16,0.481073,0.506552,0.479859,0.506248,14346000
2012-08-17,0.503215,0.503215,0.488808,0.496087,16194000
2012-08-20,0.492447,0.493053,0.473034,0.483044,60024000
2012-08-21,0.488503,0.503367,0.478949,0.484106,14460000
2012-08-22,0.476674,0.480769,0.464541,0.473944,16560000
2012-08-23,0.469849,0.471518,0.455896,0.464389,12726000
2012-08-24,0.459536,0.475309,0.454986,0.471973,11352000
2012-08-27,0.476826,0.477281,0.460294,0.467726,7974000
2012-08-28,0.461963,0.472276,0.459536,0.466513,10518000
2012-08-29,0.464844,0.473034,0.456503,0.467423,8772000
2012-08-30,0.459536,0.459536,0.441640,0.444219,13566000
2012-08-31,0.453621,0.467271,0.442095,0.461659,18720000
2012-09-04,0.460446,0.461508,0.434512,0.451044,33096000
2012-09-05,0.448617,0.457413,0.435877,0.441034,15120000
2012-09-06,0.452257,0.490172,0.452257,0.488048,33888000
2012-09-07,0.481224,0.484409,0.468788,0.478949,13488000
2012-09-10,0.471366,0.473034,0.451044,0.453925,19014000
2012-09-11,0.458626,0.467726,0.450892,0.461659,15582000
2012-09-12,0.465603,0.475158,0.457564,0.464541,18390000
2012-09-13,0.461963,0.481983,0.452256,0.477433,30066000
2012-09-14,0.485622,0.511405,0.484409,0.495783,22680000
2012-09-17,0.502608,0.502608,0.475764,0.482134,13680000
2012-09-18,0.478494,0.480769,0.470456,0.475461,8472000
2012-09-19,0.476068,0.476371,0.464086,0.466361,11808000
2012-09-20,0.460446,0.462721,0.445887,0.454228,18546000
2012-09-21,0.461659,0.469849,0.454379,0.454683,10662000
2012-09-24,0.442854,0.445280,0.429204,0.434209,20208000
2012-09-25,0.439517,0.444067,0.400995,0.400995,29880000
2012-09-26,0.392805,0.396748,0.377487,0.394018,29124000
2012-09-27,0.402966,0.423592,0.395990,0.420407,22788000
2012-09-28,0.415403,0.418588,0.407516,0.408881,18846000
2012-10-01,0.415858,0.423289,0.402511,0.405393,17454000
2012-10-02,0.415100,0.415554,0.402663,0.412673,12186000
2012-10-03,0.417375,0.417375,0.403118,0.405848,11076000
2012-10-04,0.409640,0.416313,0.400691,0.415251,13104000
2012-10-05,0.421469,0.433450,0.410398,0.413583,21108000
2012-10-08,0.406455,0.407516,0.395231,0.399781,13800000
2012-10-09,0.396596,0.396596,0.377336,0.380976,26988000
2012-10-10,0.378094,0.380824,0.364596,0.365202,33456000
2012-10-11,0.378246,0.379156,0.367022,0.367477,24282000
2012-10-12,0.366112,0.371572,0.360956,0.361259,20214000
2012-10-15,0.366416,0.379156,0.366416,0.377032,23754000
2012-10-16,0.379914,0.402663,0.379914,0.401298,25398000
2012-10-17,0.390985,0.406000,0.388861,0.398568,19134000
2012-10-18,0.393715,0.398568,0.382189,0.388558,17580000
2012-10-19,0.385676,0.385980,0.354586,0.355192,56556000
2012-10-22,0.360197,0.364596,0.349582,0.354586,23040000
2012-10-23,0.343667,0.360501,0.339723,0.357922,41184000
2012-10-24,0.369449,0.369449,0.341088,0.341392,38772000
2012-10-25,0.358681,0.358681,0.344728,0.355192,27804000
2012-10-26,0.354889,0.367477,0.351856,0.360197,28536000
2012-10-31,0.363989,0.368236,0.356406,0.359742,17892000
2012-11-01,0.363989,0.397355,0.360804,0.396445,59682000
2012-11-02,0.397810,0.400540,0.374151,0.374302,29826000
2012-11-05,0.373847,0.396141,0.370814,0.392956,21156000
2012-11-06,0.396748,0.412976,0.392956,0.408578,36810000
2012-11-07,0.391440,0.396445,0.369449,0.377791,49578000
2012-11-08,0.383706,0.384919,0.363989,0.363989,29484000
2012-11-09,0.362624,0.380217,0.362017,0.366567,39966000
2012-11-12,0.375212,0.375971,0.359136,0.366871,20754000
2012-11-13,0.360197,0.367932,0.356557,0.358984,25692000
2012-11-14,0.366112,0.369297,0.338965,0.341392,41352000
2012-11-15,0.343060,0.345942,0.325770,0.327438,44232000
2012-11-16,0.333505,0.333505,0.310453,0.327893,43050000
2012-11-19,0.342150,0.347610,0.336083,0.346548,43926000
2012-11-20,0.342150,0.345032,0.333050,0.344273,28992000
2012-11-21,0.345790,0.349429,0.341543,0.345942,13506000
2012-11-23,0.352614,0.368842,0.351857,0.363686,39354000
2012-11-26,0.363079,0.371572,0.360349,0.369752,27870000
2012-11-27,0.371572,0.376729,0.364292,0.365354,26604000
2012-11-28,0.360349,0.379156,0.350036,0.378094,30288000
2012-11-29,0.383553,0.388103,0.373999,0.381279,28662000
2012-11-30,0.380976,0.385980,0.375819,0.379762,17814000
2012-12-03,0.386890,0.390075,0.373089,0.374757,20892000
2012-12-04,0.376426,0.384464,0.368994,0.381127,11244000
2012-12-05,0.377942,0.385373,0.372179,0.378701,11466000
2012-12-06,0.380521,0.393108,0.379156,0.392198,22764000
2012-12-07,0.396445,0.398265,0.386890,0.394776,12366000
2012-12-10,0.393108,0.405545,0.393108,0.402056,10578000
2012-12-11,0.407820,0.429052,0.407516,0.426322,43932000
2012-12-12,0.434664,0.434664,0.418284,0.421317,21654000
2012-12-13,0.418739,0.431327,0.404483,0.409488,27486000
2012-12-14,0.403876,0.409943,0.394625,0.400995,18882000
2012-12-17,0.402815,0.411156,0.395535,0.405696,17166000
2012-12-18,0.415857,0.427990,0.405545,0.424502,29934000
2012-12-19,0.426322,0.439365,0.426322,0.427839,24540000
2012-12-20,0.427232,0.429507,0.415858,0.427080,15660000
2012-12-21,0.406455,0.415251,0.391288,0.413583,23190000
2012-12-24,0.420407,0.429052,0.404938,0.409943,9054000
2012-12-26,0.411308,0.420104,0.399326,0.400691,11136000
2012-12-27,0.399478,0.400085,0.380672,0.394321,24114000
2012-12-28,0.385222,0.399175,0.383554,0.387496,12612000
2012-12-31,0.391136,0.410550,0.384464,0.407820,29208000
2013-01-02,0.432540,0.459991,0.432237,0.459688,59640000
2013-01-03,0.458019,0.462114,0.446190,0.451498,23976000
2013-01-04,0.452711,0.454683,0.441944,0.449982,14664000
2013-01-07,0.447100,0.451346,0.436180,0.445432,14658000
2013-01-08,0.441944,0.447859,0.429204,0.430720,20568000
2013-01-09,0.433450,0.443915,0.433450,0.443460,15072000
2013-01-10,0.458019,0.463934,0.450589,0.461356,31482000
2013-01-11,0.456199,0.470153,0.456199,0.469394,11706000
2013-01-14,0.455744,0.469546,0.453621,0.465451,11772000
2013-01-15,0.459839,0.460143,0.451953,0.458474,11472000
2013-01-16,0.460598,0.477736,0.456958,0.473338,16008000
2013-01-17,0.484409,0.504277,0.481073,0.503367,35070000
2013-01-18,0.492143,0.500333,0.486836,0.495328,25674000
2013-01-22,0.495177,0.495177,0.481831,0.490930,14790000
2013-01-23,0.496693,0.508220,0.492598,0.507007,19140000
2013-01-24,0.486229,0.506552,0.482286,0.493508,15810000
2013-01-25,0.498513,0.519291,0.498513,0.511860,17778000
2013-01-28,0.517168,0.520504,0.510343,0.515348,9876000
2013-01-29,0.510343,0.511253,0.499727,0.505793,12882000
2013-01-30,0.503518,0.516409,0.503518,0.508372,14028000
2013-01-31,0.507462,0.515803,0.499727,0.503822,17040000
2013-02-01,0.516258,0.532789,0.512770,0.530666,23550000
2013-02-04,0.518685,0.535064,0.506400,0.507613,17340000
2013-02-05,0.517167,0.535367,0.514134,0.531576,13062000
2013-02-06,0.523386,0.536884,0.521262,0.534457,8304000
2013-02-07,0.539311,0.539311,0.512618,0.527481,14106000
2013-02-08,0.530817,0.549169,0.530817,0.547956,20130000
2013-02-11,0.548865,0.554021,0.540827,0.550381,7806000
2013-02-12,0.550381,0.556751,0.544467,0.553870,12744000
2013-02-13,0.560088,0.565700,0.547956,0.558268,9024000
2013-02-14,0.549927,0.574951,0.549017,0.574193,8382000
2013-02-15,0.577075,0.579501,0.557055,0.563121,15144000
2013-02-19,0.565245,0.584658,0.563728,0.583445,14514000
2013-02-20,0.583899,0.586932,0.544316,0.544316,25884000
2013-02-21,0.529301,0.537036,0.503973,0.514590,27420000
2013-02-22,0.529149,0.548866,0.525054,0.546742,29910000
2013-02-25,0.559633,0.563121,0.515500,0.515500,27048000
2013-02-26,0.517926,0.532182,0.513983,0.528391,17646000
2013-02-27,0.530969,0.560391,0.528087,0.552051,12156000
2013-02-28,0.547804,0.566458,0.547804,0.566155,18894000
2013-03-01,0.539311,0.553567,0.524296,0.546136,21294000
2013-03-04,0.548866,0.550837,0.530969,0.543861,10890000
2013-03-05,0.558420,0.578743,0.558268,0.574800,24552000
2013-03-06,0.586932,0.587235,0.572070,0.577378,22008000
2013-03-07,0.583445,0.593757,0.579350,0.584810,15654000
2013-03-08,0.599065,0.599065,0.571008,0.586175,29580000
2013-03-11,0.583141,0.590875,0.572525,0.588904,9966000
2013-03-12,0.580715,0.598307,0.580715,0.597700,10350000
2013-03-13,0.596032,0.606497,0.586174,0.603009,12882000
2013-03-14,0.609530,0.619994,0.606800,0.611350,10014000
2013-03-15,0.611350,0.611350,0.576013,0.581625,22080000
2013-03-18,0.557510,0.573738,0.550231,0.558116,22266000
2013-03-19,0.567065,0.569188,0.537339,0.551596,18228000
2013-03-20,0.564183,0.576316,0.562363,0.573283,21108000
2013-03-21,0.571615,0.571615,0.544316,0.546136,20580000
2013-03-22,0.555083,0.572525,0.553415,0.563273,14652000
2013-03-25,0.575103,0.583748,0.551444,0.560391,13764000
2013-03-26,0.564941,0.576771,0.564941,0.575861,9618000
2013-03-27,0.566458,0.580108,0.555386,0.578288,9366000
2013-03-28,0.587539,0.591482,0.571008,0.588752,11640000
2013-04-01,0.580108,0.585415,0.550230,0.555538,14892000
2013-04-02,0.571463,0.571463,0.533547,0.539614,23736000
2013-04-03,0.561150,0.561150,0.501547,0.507158,25308000
2013-04-04,0.507765,0.527784,0.496997,0.526571,17364000
2013-04-05,0.501243,0.521566,0.490627,0.518987,27174000
2013-04-08,0.513377,0.538097,0.506855,0.538097,14004000
2013-04-09,0.533092,0.564183,0.528542,0.552809,19890000
2013-04-10,0.558116,0.590420,0.557813,0.588297,29310000
2013-04-11,0.582079,0.593302,0.571311,0.582534,13578000
2013-04-12,0.568581,0.579198,0.554325,0.573890,11412000
2013-04-15,0.558723,0.569188,0.529907,0.532941,22998000
2013-04-16,0.546135,0.566458,0.540827,0.564941,15036000
2013-04-17,0.542951,0.542951,0.502457,0.509282,26514000
2013-04-18,0.522627,0.535216,0.492902,0.495480,19272000
2013-04-19,0.500788,0.510798,0.484713,0.507310,22866000
2013-04-22,0.511102,0.528542,0.491082,0.522779,22254000
2013-04-23,0.530817,0.559026,0.530817,0.556448,29820000
2013-04-24,0.546439,0.581776,0.546439,0.576468,17994000
2013-04-25,0.582535,0.604222,0.580866,0.593302,18084000
2013-04-26,0.576923,0.583445,0.570553,0.577075,9282000
2013-04-29,0.576316,0.601340,0.576316,0.596790,10020000
2013-04-30,0.602705,0.614535,0.588449,0.614535,9654000
2013-05-01,0.617569,0.617569,0.595274,0.597245,9882000
2013-05-02,0.611199,0.624696,0.599217,0.621966,12612000
2013-05-03,0.643806,0.652148,0.637739,0.640014,21360000
2013-05-06,0.652451,0.660640,0.644413,0.652906,17496000
2013-05-07,0.662460,0.662460,0.641379,0.651995,10182000
2013-05-08,0.652147,0.678688,0.651541,0.677627,10608000
2013-05-09,0.677778,0.697494,0.675200,0.688394,15090000
2013-05-10,0.694916,0.707352,0.693247,0.707201,12012000
2013-05-13,0.709021,0.709021,0.682935,0.685968,14652000
2013-05-14,0.691579,0.700679,0.683845,0.696432,11418000
2013-05-15,0.696432,0.723883,0.690062,0.714936,8250000
2013-05-16,0.720850,0.726461,0.698707,0.701286,8520000
2013-05-17,0.717362,0.728736,0.707656,0.727675,9216000
2013-05-20,0.731770,0.736320,0.719333,0.723580,16860000
2013-05-21,0.731315,0.731315,0.715239,0.722063,9300000
2013-05-22,0.728281,0.745116,0.678385,0.689001,25668000
2013-05-23,0.668375,0.691882,0.649872,0.688242,18678000
2013-05-24,0.674897,0.688091,0.667313,0.688091,6270000
2013-05-28,0.724490,0.724490,0.701437,0.706442,11004000
2013-05-29,0.686877,0.721760,0.686877,0.715087,5958000
2013-05-30,0.719636,0.756187,0.719636,0.747997,11388000
2013-05-31,0.730405,0.752396,0.720698,0.726158,9222000
2013-06-03,0.723277,0.744813,0.701892,0.727978,14388000
2013-06-04,0.734045,0.760585,0.727068,0.737685,24846000
2013-06-05,0.733135,0.733135,0.700831,0.703409,13428000
2013-06-06,0.702347,0.717665,0.679295,0.697949,11610000
2013-06-07,0.711144,0.732528,0.696584,0.731315,11730000
2013-06-10,0.742993,0.747088,0.725551,0.742841,10980000
2013-06-11,0.727220,0.727523,0.692792,0.695371,16632000
2013-06-12,0.712509,0.716907,0.667465,0.669892,17346000
2013-06-13,0.666100,0.713267,0.662915,0.710386,14190000
2013-06-14,0.725551,0.727826,0.698556,0.702651,8658000
2013-06-17,0.721456,0.746330,0.721456,0.732831,12372000
2013-06-18,0.748756,0.771354,0.735713,0.768472,15378000
2013-06-19,0.769685,0.778937,0.741173,0.743448,16416000
2013-06-20,0.715694,0.715694,0.667010,0.674138,19248000
2013-06-21,0.675807,0.694612,0.654573,0.679295,19020000
2013-06-24,0.652906,0.665342,0.621814,0.637133,22710000
2013-06-25,0.654270,0.687788,0.652602,0.684300,13842000
2013-06-26,0.704167,0.706291,0.680963,0.693096,11466000
2013-06-27,0.712812,0.720091,0.700831,0.702196,11340000
2013-06-28,0.704016,0.721001,0.684754,0.711599,11352000
2013-07-01,0.716907,0.729191,0.704167,0.706291,8286000
2013-07-02,0.706291,0.729495,0.694006,0.708111,12954000
2013-07-03,0.687030,0.727978,0.687030,0.719334,6444000
2013-07-05,0.732528,0.750425,0.722670,0.747391,11562000
2013-07-08,0.766045,0.766045,0.695674,0.702954,29700000
2013-07-09,0.721911,0.730860,0.716755,0.724641,10788000
2013-07-10,0.722821,0.753306,0.722367,0.749515,14016000
2013-07-11,0.781212,0.798046,0.772567,0.797288,13638000
2013-07-12,0.803809,0.814274,0.797288,0.810938,8298000
2013-07-15,0.817459,0.817459,0.805023,0.810786,8160000
2013-07-16,0.805933,0.829288,0.804719,0.817459,11532000
2013-07-17,0.828985,0.829288,0.812909,0.819582,13026000
2013-07-18,0.825952,0.825952,0.790614,0.799259,14046000
2013-07-19,0.786217,0.794406,0.771354,0.794406,12150000
2013-07-22,0.800018,0.800018,0.778482,0.788643,6804000
2013-07-23,0.788946,0.813061,0.776359,0.779999,13200000
2013-07-24,0.788643,0.788643,0.734348,0.737230,20934000
2013-07-25,0.727826,0.750880,0.722974,0.750425,9228000
2013-07-26,0.748908,0.748908,0.718121,0.730101,10296000
2013-07-29,0.729191,0.734500,0.712054,0.718120,7278000
2013-07-30,0.725400,0.746936,0.724945,0.742083,7872000
2013-07-31,0.749211,0.766955,0.744055,0.752699,7854000
2013-08-01,0.777724,0.795013,0.772415,0.793496,11010000
2013-08-02,0.785913,0.785913,0.763619,0.778482,5070000
2013-08-05,0.769534,0.778330,0.767562,0.774842,3534000
2013-08-06,0.775904,0.775904,0.750273,0.759069,4620000
2013-08-07,0.746785,0.749818,0.726613,0.735410,6234000
2013-08-08,0.747240,0.747998,0.724490,0.737685,4242000
2013-08-09,0.735561,0.739201,0.721305,0.726765,4308000
2013-08-12,0.715997,0.741173,0.715846,0.734803,3732000
2013-08-13,0.741628,0.762405,0.726613,0.759372,8910000
2013-08-14,0.742993,0.744661,0.721456,0.725551,12360000
2013-08-15,0.702196,0.702196,0.674897,0.675807,10518000
2013-08-16,0.675655,0.702044,0.671712,0.682480,7278000
2013-08-19,0.673228,0.690669,0.668072,0.668678,6270000
2013-08-20,0.670195,0.688850,0.669740,0.682025,6636000
2013-08-21,0.675503,0.684299,0.659730,0.667010,8808000
2013-08-22,0.674290,0.693854,0.674290,0.689607,8454000
2013-08-23,0.697039,0.699314,0.678385,0.690062,9096000
2013-08-26,0.687181,0.699011,0.682024,0.685361,4092000
2013-08-27,0.659730,0.662308,0.631369,0.634251,16050000
2013-08-28,0.639408,0.665190,0.639408,0.655180,6834000
2013-08-29,0.659275,0.684754,0.655332,0.680205,5964000
2013-08-30,0.678840,0.681570,0.654725,0.661550,7362000
2013-09-03,0.692034,0.703712,0.668072,0.677778,7626000
2013-09-04,0.690669,0.734348,0.684754,0.729798,17016000
2013-09-05,0.735713,0.751030,0.733741,0.746936,5136000
2013-09-06,0.754367,0.755732,0.718879,0.737836,10566000
2013-09-09,0.740870,0.770595,0.739201,0.767410,5964000
2013-09-10,0.784700,0.811393,0.784397,0.810028,10008000
2013-09-11,0.799866,0.809118,0.781819,0.803051,4254000
2013-09-12,0.807449,0.808966,0.785610,0.789099,3576000
2013-09-13,0.786824,0.799866,0.776814,0.799563,2934000
2013-09-16,0.828227,0.829440,0.806539,0.809118,6642000
2013-09-17,0.813668,0.829592,0.813668,0.825497,5118000
2013-09-18,0.824283,0.848853,0.813971,0.846730,6474000
2013-09-19,0.850825,0.860682,0.830350,0.837933,5850000
2013-09-20,0.836417,0.852342,0.820796,0.824435,4320000
2013-09-23,0.827317,0.838995,0.803658,0.813819,12870000
2013-09-24,0.823525,0.839905,0.813668,0.830198,5820000
2013-09-25,0.835052,0.845517,0.816246,0.832322,4452000
2013-09-26,0.843393,0.846427,0.821099,0.831108,6276000
2013-09-27,0.818824,0.822918,0.805326,0.811999,3846000
2013-09-30,0.789553,0.819734,0.776662,0.813516,8412000
2013-10-01,0.818824,0.840967,0.813061,0.834597,5850000
2013-10-02,0.814881,0.833080,0.814881,0.833080,2394000
2013-10-03,0.827772,0.845972,0.800473,0.826407,4836000
2013-10-04,0.826407,0.851582,0.826407,0.844910,4698000
2013-10-07,0.825193,0.849308,0.815943,0.832322,3126000
2013-10-08,0.833990,0.839147,0.783183,0.792738,6852000
2013-10-09,0.793193,0.799866,0.756945,0.782577,7686000
2013-10-10,0.805933,0.839602,0.803506,0.835810,10824000
2013-10-11,0.826558,0.849308,0.818218,0.843545,6798000
2013-10-14,0.820340,0.863109,0.818975,0.860076,5442000
2013-10-15,0.861137,0.865384,0.834142,0.838085,6456000
2013-10-16,0.843545,0.864019,0.839450,0.861896,4344000
2013-10-17,0.848550,0.881916,0.835507,0.880096,5004000
2013-10-18,0.889801,0.889801,0.865232,0.886010,6288000
2013-10-21,0.893290,0.897840,0.884191,0.896475,4620000
2013-10-22,0.901935,0.901935,0.875242,0.890560,6168000
2013-10-23,0.850825,0.850825,0.790463,0.802596,13896000
2013-10-24,0.816549,0.830805,0.816549,0.822160,5088000
2013-10-25,0.829743,0.834142,0.822160,0.831260,7236000
2013-10-28,0.831108,0.851583,0.825648,0.848398,3276000
2013-10-29,0.856891,0.886920,0.856891,0.885707,6594000
2013-10-30,0.890408,0.896171,0.862047,0.872664,4176000
2013-10-31,0.874939,0.903300,0.873726,0.887527,6642000
2013-11-01,0.894655,0.898598,0.869024,0.877821,4572000
2013-11-04,0.888891,0.888891,0.870996,0.876152,2082000
2013-11-05,0.856587,0.878731,0.846730,0.868266,3276000
2013-11-06,0.881006,0.882826,0.862502,0.877972,2826000
2013-11-07,0.875394,0.875394,0.823677,0.827468,7236000
2013-11-08,0.823828,0.855829,0.818976,0.854919,5514000
2013-11-11,0.846730,0.856891,0.838995,0.854313,2082000
2013-11-12,0.846275,0.870996,0.846275,0.868569,4428000
2013-11-13,0.858407,0.893896,0.852645,0.893138,2928000
2013-11-14,0.892531,0.892531,0.875091,0.880702,2946000
2013-11-15,0.885100,0.900873,0.869782,0.897385,3630000
2013-11-18,0.900873,0.901480,0.867811,0.873119,7848000
2013-11-19,0.877972,0.879186,0.840360,0.842635,6336000
2013-11-20,0.845820,0.852190,0.823677,0.830047,5040000
2013-11-21,0.838843,0.876001,0.838388,0.874332,4164000
2013-11-22,0.871147,0.879185,0.862806,0.875849,2322000
2013-11-25,0.880551,0.880551,0.856587,0.872816,3900000
2013-11-26,0.886617,0.900873,0.875242,0.895261,5604000
2013-11-27,0.886162,0.907243,0.879944,0.906940,4746000
2013-11-29,0.909973,0.918465,0.904210,0.906788,2976000
2013-12-02,0.914826,0.916343,0.898295,0.901935,5214000
2013-12-03,0.895868,0.919983,0.894048,0.911186,5022000
2013-12-04,0.907395,0.917556,0.881157,0.899660,2712000
2013-12-05,0.900873,0.916343,0.899053,0.905575,3810000
2013-12-06,0.946524,0.946524,0.926655,0.936817,4728000
2013-12-09,0.952135,0.954561,0.939244,0.944097,3150000
2013-12-10,0.940912,0.948344,0.926201,0.936059,1938000
2013-12-11,0.939547,0.942732,0.904665,0.908456,3504000
2013-12-12,0.905726,0.911490,0.882219,0.885555,4140000
2013-12-13,0.894806,0.899963,0.875091,0.880854,4620000
2013-12-16,0.899963,0.932419,0.899963,0.916343,3594000
2013-12-17,0.916342,0.951376,0.916342,0.944855,5094000
2013-12-18,0.946827,0.966239,0.902996,0.963661,6684000
2013-12-19,0.962144,0.962144,0.933784,0.946372,3366000
2013-12-20,0.946372,0.978373,0.946372,0.970486,7314000
2013-12-23,0.988230,0.998392,0.980344,0.994600,4920000
2013-12-24,1.002183,1.012800,0.996420,1.006430,2052000
2013-12-26,1.011587,1.020079,1.005823,1.015681,4362000
2013-12-27,1.018715,1.025084,1.010828,1.012952,2088000
2013-12-30,1.008098,1.027056,1.008098,1.020686,2718000
2013-12-31,1.027511,1.047682,1.027511,1.046772,4722000
2014-01-02,1.027056,1.027056,0.989443,0.999757,7344000
2014-01-03,1.004155,1.004155,0.981406,0.996117,4176000
2014-01-06,1.001425,1.001425,0.972913,0.977311,3546000
2014-01-07,0.986108,1.003548,0.982619,1.000060,2796000
2014-01-08,1.022809,1.046469,1.016137,1.044194,4404000
2014-01-09,1.054659,1.054659,1.010222,1.022051,2556000
2014-01-10,1.022202,1.038886,1.020231,1.034487,2616000
2014-01-13,1.029179,1.039189,0.989595,0.997633,5268000
2014-01-14,1.002183,1.068460,0.998392,1.066185,8208000
2014-01-15,1.078166,1.102280,1.075285,1.093181,5568000
2014-01-16,1.090450,1.093484,1.069218,1.074981,6768000
2014-01-17,1.061938,1.078621,1.049653,1.056478,4092000
2014-01-21,1.070128,1.077560,1.050412,1.077256,5472000
2014-01-22,1.077256,1.114717,1.069673,1.114110,3648000
2014-01-23,1.082564,1.093635,1.057388,1.076195,6252000
2014-01-24,1.056781,1.061786,0.999150,1.000667,8844000
2014-01-27,1.013102,1.013557,0.963206,0.981557,8034000
2014-01-28,0.974278,0.998543,0.962144,0.993538,4476000
2014-01-29,0.974581,1.007643,0.974581,0.979586,6654000
2014-01-30,1.003093,1.026297,0.997178,1.017653,5076000
2014-01-31,0.987169,1.016440,0.975491,1.001880,3480000
2014-02-03,0.999605,0.999605,0.930144,0.938637,7428000
2014-02-04,0.939395,0.946675,0.924684,0.940154,6804000
2014-02-05,0.934997,0.956533,0.912096,0.943945,4200000
2014-02-06,0.959567,0.994904,0.958809,0.988838,7758000
2014-02-07,1.002335,1.039492,0.991264,1.036611,7098000
2014-02-10,1.030392,1.056933,1.029937,1.052535,4908000
2014-02-11,1.057691,1.100764,1.054659,1.092725,6120000
2014-02-12,1.110167,1.128670,1.104404,1.123514,8586000
2014-02-13,1.103797,1.163855,1.100460,1.163855,5844000
2014-02-14,1.163703,1.187514,1.148841,1.183116,7818000
2014-02-18,1.199041,1.199041,1.167798,1.192671,5424000
2014-02-19,1.187667,1.207079,1.180083,1.189942,4584000
2014-02-20,1.192367,1.220880,1.186149,1.217999,5178000
2014-02-21,1.222851,1.229980,1.188576,1.199496,5064000
2014-02-24,1.217089,1.236046,1.208899,1.213297,4512000
2014-02-25,1.208596,1.218151,1.175533,1.195553,6354000
2014-02-26,1.203591,1.244691,1.203591,1.218756,5082000
2014-02-27,1.213297,1.225279,1.192368,1.217089,3162000
2014-02-28,1.226795,1.229221,1.189334,1.213297,4836000
2014-03-03,1.177050,1.201164,1.157940,1.193429,8346000
2014-03-04,1.230131,1.260161,1.229676,1.255308,7014000
2014-03-05,1.255307,1.273962,1.248330,1.263194,3366000
2014-03-06,1.273962,1.293374,1.260464,1.292009,3126000
2014-03-07,1.304143,1.307479,1.273659,1.285944,3978000
2014-03-10,1.275479,1.294284,1.260312,1.277754,1980000
2014-03-11,1.290493,1.298986,1.246815,1.257430,2088000
2014-03-12,1.237715,1.289128,1.231648,1.289128,2508000
2014-03-13,1.302778,1.308693,1.203894,1.224671,5796000
2014-03-14,1.213297,1.236046,1.202832,1.205259,3678000
2014-03-17,1.230586,1.260464,1.227856,1.248482,4002000
2014-03-18,1.262890,1.303688,1.247876,1.301716,8142000
2014-03-19,1.303839,1.325831,1.274265,1.298834,6624000
2014-03-20,1.278209,1.372694,1.278209,1.371936,6588000
2014-03-21,1.388163,1.389680,1.324920,1.335840,7470000
2014-03-24,1.355557,1.355557,1.286399,1.319309,9888000
2014-03-25,1.329470,1.369661,1.325678,1.346608,6858000
2014-03-26,1.374059,1.395292,1.303688,1.305811,8124000
2014-03-27,1.294739,1.317489,1.264255,1.273507,5778000
2014-03-28,1.287612,1.330077,1.281545,1.300958,4116000
2014-03-31,1.331442,1.373604,1.324010,1.363594,9546000
2014-04-01,1.393016,1.427292,1.378457,1.427292,8106000
2014-04-02,1.440790,1.440790,1.397870,1.418344,7266000
2014-04-03,1.425624,1.466724,1.405605,1.426837,6804000
2014-04-04,1.465815,1.465815,1.301564,1.306873,15960000
2014-04-07,1.284579,1.327802,1.246966,1.270777,9858000
2014-04-08,1.281545,1.322948,1.274569,1.318398,5208000
2014-04-09,1.345547,1.365111,1.319460,1.360864,7512000
2014-04-10,1.365566,1.366779,1.231496,1.235440,11070000
2014-04-11,1.198132,1.245450,1.166889,1.176443,9384000
2014-04-14,1.203742,1.224368,1.172500,1.204046,5760000
2014-04-15,1.217088,1.239383,1.164765,1.228918,6870000
2014-04-16,1.253640,1.253640,1.170832,1.221791,5334000
2014-04-17,1.219061,1.308238,1.219061,1.292313,10782000
2014-04-21,1.297318,1.327347,1.275630,1.326437,6312000
2014-04-22,1.334627,1.374059,1.326740,1.364352,5940000
2014-04-23,1.368599,1.377851,1.347215,1.358741,2610000
2014-04-24,1.394381,1.394381,1.328408,1.379822,6888000
2014-04-25,1.344940,1.344940,1.237866,1.246360,12810000
2014-04-28,1.255005,1.277905,1.175533,1.223611,7662000
2014-04-29,1.240900,1.260767,1.218301,1.245905,3888000
2014-04-30,1.232558,1.271080,1.231951,1.271080,4680000
2014-05-01,1.273052,1.306114,1.251971,1.258493,4398000
2014-05-02,1.246511,1.285184,1.246511,1.266075,4212000
2014-05-05,1.252426,1.282000,1.234985,1.272142,2844000
2014-05-06,1.277754,1.293678,1.256520,1.256975,2064000
2014-05-07,1.268805,1.273355,1.227401,1.259402,3090000
2014-05-08,1.248028,1.338267,1.247725,1.285185,7788000
2014-05-09,1.281242,1.284124,1.246815,1.274720,2988000
2014-05-12,1.282455,1.347822,1.282455,1.343727,9942000
2014-05-13,1.354039,1.355252,1.312333,1.314001,4584000
2014-05-14,1.303991,1.312939,1.278512,1.280484,3846000
2014-05-15,1.269412,1.279877,1.206169,1.235591,8310000
2014-05-16,1.233468,1.278057,1.229828,1.272142,3402000
2014-05-19,1.267440,1.323404,1.267440,1.312939,4440000
2014-05-20,1.314152,1.325678,1.273962,1.294436,3666000
2014-05-21,1.307328,1.324314,1.293982,1.313091,4350000
2014-05-22,1.322038,1.346760,1.317034,1.332352,4740000
2014-05-23,1.331138,1.370571,1.326588,1.368144,7674000
2014-05-27,1.406515,1.420467,1.384978,1.420467,6498000
2014-05-28,1.433055,1.437605,1.404088,1.425017,4740000
2014-05-29,1.428354,1.450497,1.425775,1.433814,3030000
2014-05-30,1.432449,1.445189,1.423045,1.439729,2382000
2014-06-02,1.464753,1.474914,1.426382,1.463084,3918000
2014-06-03,1.464298,1.509493,1.456714,1.504337,6246000
2014-06-04,1.504640,1.531029,1.489171,1.524812,4044000
2014-06-05,1.534062,1.559845,1.506763,1.545892,6264000
2014-06-06,1.556811,1.579258,1.551200,1.568945,6654000
2014-06-09,1.576983,1.606557,1.572736,1.580168,6924000
2014-06-10,1.583201,1.597305,1.559845,1.595940,4128000
2014-06-11,1.581381,1.635828,1.581381,1.619145,4884000
2014-06-12,1.618690,1.633249,1.583656,1.602310,6840000
2014-06-13,1.647961,1.664493,1.620965,1.647809,6210000
2014-06-16,1.652663,1.687697,1.640074,1.678597,7470000
2014-06-17,1.684208,1.722882,1.673137,1.716361,6432000
2014-06-18,1.720911,1.722427,1.652814,1.695734,9090000
2014-06-19,1.711052,1.713631,1.666767,1.700436,7944000
2014-06-20,1.703621,1.715299,1.690577,1.715299,4170000
2014-06-23,1.722276,1.722276,1.691185,1.696341,6738000
2014-06-24,1.686786,1.732740,1.644776,1.658577,9162000
2014-06-25,1.645534,1.682387,1.623694,1.676473,6300000
2014-06-26,1.666008,1.679203,1.616567,1.655089,5352000
2014-06-27,1.642653,1.662975,1.634463,1.662975,2694000
2014-06-30,1.664492,1.719849,1.664492,1.714996,4662000
2014-07-01,1.727431,1.809178,1.727431,1.785670,9978000
2014-07-02,1.800684,1.807054,1.782182,1.799168,5664000
2014-07-03,1.803263,1.842392,1.803263,1.835415,3942000
2014-07-07,1.835415,1.840572,1.787490,1.797045,8154000
2014-07-08,1.786732,1.798258,1.717271,1.769897,10506000
2014-07-09,1.784002,1.806296,1.742598,1.800684,6528000
2014-07-10,1.721972,1.796741,1.703469,1.774750,6774000
2014-07-11,1.784153,1.791736,1.753365,1.778239,3882000
2014-07-14,1.811301,1.821766,1.788097,1.802201,7164000
2014-07-15,1.818733,1.818884,1.737745,1.787945,6828000
2014-07-16,1.829500,1.852552,1.815698,1.849822,5760000
2014-07-17,1.805841,1.805841,1.697251,1.706957,12642000
2014-07-18,1.728948,1.778694,1.717119,1.773840,5280000
2014-07-21,1.773689,1.798258,1.757764,1.788399,3408000
2014-07-22,1.820098,1.833748,1.797197,1.822524,4308000
2014-07-23,1.804021,1.804021,1.694369,1.696644,12192000
2014-07-24,1.696644,1.698616,1.648113,1.653724,9876000
2014-07-25,1.621268,1.621268,1.539067,1.554233,10626000
2014-07-28,1.559086,1.559390,1.492052,1.549229,8148000
2014-07-29,1.559238,1.585779,1.539826,1.542101,5832000
2014-07-30,1.568641,1.600035,1.557418,1.587599,5922000
2014-07-31,1.538916,1.546347,1.468999,1.479919,9606000
2014-08-01,1.471123,1.530271,1.465056,1.502062,9360000
2014-08-04,1.514650,1.534821,1.478706,1.520867,4602000
2014-08-05,1.498573,1.523901,1.455957,1.475521,6888000
2014-08-06,1.453227,1.517987,1.450194,1.488716,8052000
2014-08-07,1.520262,1.525721,1.418041,1.430325,7098000
2014-08-08,1.444582,1.482346,1.435937,1.478251,6456000
2014-08-11,1.499787,1.546802,1.499787,1.522839,7698000
2014-08-12,1.514043,1.535276,1.477948,1.517077,5640000
2014-08-13,1.530726,1.560755,1.526328,1.560755,5910000
2014-08-14,1.562120,1.578348,1.555144,1.569096,4776000
2014-08-15,1.601097,1.635828,1.564243,1.616415,7260000
2014-08-18,1.636586,1.640226,1.603675,1.637799,6054000
2014-08-19,1.643259,1.681175,1.643259,1.672833,4548000
2014-08-20,1.672833,1.722579,1.666919,1.713934,4878000
2014-08-21,1.719697,1.738806,1.704531,1.736683,4374000
2014-08-22,1.743660,1.760645,1.717725,1.740475,6348000
2014-08-25,1.774902,1.774902,1.711052,1.719393,6822000
2014-08-26,1.715451,1.739413,1.715451,1.720911,3456000
2014-08-27,1.720000,1.735470,1.697554,1.730313,3738000
2014-08-28,1.713934,1.767319,1.696492,1.767319,3102000
2014-08-29,1.776722,1.803263,1.764589,1.786884,5214000
2014-09-02,1.798561,1.798561,1.739716,1.762769,4158000
2014-09-03,1.794314,1.800078,1.764589,1.778239,3906000
2014-09-04,1.788249,1.833443,1.779452,1.791889,6786000
2014-09-05,1.789462,1.836932,1.787490,1.836932,8496000
2014-09-08,1.836932,1.878942,1.829045,1.848307,5826000
2014-09-09,1.848458,1.854069,1.791888,1.799319,4278000
2014-09-10,1.798713,1.808723,1.762466,1.797499,7584000
2014-09-11,1.781272,1.812059,1.755490,1.811149,4134000
2014-09-12,1.797803,1.797803,1.728948,1.741081,5574000
2014-09-15,1.748664,1.754730,1.675715,1.677535,7626000
2014-09-16,1.671165,1.771717,1.667070,1.764589,6174000
2014-09-17,1.771262,1.835112,1.771262,1.806296,8154000
2014-09-18,1.832230,1.883946,1.813423,1.883946,6774000
2014-09-19,1.899568,1.904725,1.806296,1.816609,6696000
2014-09-22,1.800229,1.807813,1.740171,1.750181,8310000
2014-09-23,1.722427,1.777935,1.709991,1.736531,5520000
2014-09-24,1.749120,1.801898,1.744570,1.798864,4500000
2014-09-25,1.794769,1.794769,1.684512,1.701497,8892000
2014-09-26,1.727128,1.775509,1.725309,1.760646,5322000
2014-09-29,1.706047,1.784912,1.697706,1.768077,4182000
2014-09-30,1.770959,1.772930,1.706199,1.723943,5490000
2014-10-01,1.716057,1.716057,1.585628,1.598215,13020000
2014-10-02,1.590935,1.590935,1.484923,1.571675,17538000
2014-10-03,1.618842,1.630368,1.574253,1.595485,10464000
2014-10-06,1.614747,1.615657,1.526327,1.556963,7080000
2014-10-07,1.541646,1.551049,1.469454,1.469454,6960000
2014-10-08,1.474004,1.574253,1.429415,1.566366,11916000
2014-10-09,1.562120,1.562120,1.436847,1.440942,11388000
2014-10-10,1.323403,1.323403,1.104404,1.142318,57942000
2014-10-13,1.146718,1.185391,1.068460,1.068460,18840000
2014-10-14,1.125333,1.187514,1.098489,1.128821,30090000
2014-10-15,1.068308,1.167798,1.041616,1.143684,41124000
2014-10-16,1.094242,1.221336,1.084385,1.193277,31764000
2014-10-17,1.262587,1.282455,1.215572,1.222397,43908000
2014-10-20,1.215724,1.283214,1.198586,1.280180,16344000
2014-10-21,1.328257,1.424107,1.312484,1.419405,22548000
2014-10-22,1.446553,1.462023,1.357679,1.360409,32538000
2014-10-23,1.408486,1.441397,1.399993,1.419254,17814000
2014-10-24,1.418041,1.471274,1.418041,1.465056,15600000
2014-10-27,1.440942,1.489171,1.422136,1.480071,24660000
2014-10-28,1.497815,1.546044,1.488109,1.544527,18132000
2014-10-29,1.537854,1.565153,1.500545,1.553779,24510000
2014-10-30,1.541191,1.541191,1.438364,1.501303,17796000
2014-10-31,1.618994,1.696037,1.618994,1.675867,30552000
2014-11-03,1.704531,1.732891,1.675715,1.706957,12402000
2014-11-04,1.691640,1.720001,1.650236,1.692702,8046000
2014-11-05,1.728948,1.746390,1.682085,1.742598,13212000
2014-11-06,1.715602,1.725461,1.662975,1.698161,11454000
2014-11-07,1.698161,1.708929,1.607164,1.648264,16014000
2014-11-10,1.663278,1.693156,1.639923,1.685572,3756000
2014-11-11,1.697706,1.697706,1.657363,1.670862,4548000
2014-11-12,1.648568,1.674350,1.640984,1.667828,3774000
2014-11-13,1.680872,1.720758,1.653117,1.670710,7716000
2014-11-14,1.655392,1.716209,1.633249,1.711811,9924000
2014-11-17,1.691032,1.702104,1.646444,1.689667,10320000
2014-11-18,1.697099,1.801443,1.697099,1.787339,10830000
2014-11-19,1.791433,1.797044,1.726370,1.752911,8220000
2014-11-20,1.714389,1.804779,1.705289,1.801746,8310000
2014-11-21,1.861501,1.874544,1.817974,1.855889,12906000
2014-11-24,1.869084,1.916706,1.857861,1.913218,9054000
2014-11-25,1.926109,1.933540,1.900933,1.912459,6144000
2014-11-26,1.922317,2.037276,1.922317,2.035760,10092000
2014-11-28,2.053050,2.072160,2.013770,2.047439,6168000
2014-12-01,2.031362,2.058359,1.949769,1.976006,13002000
2014-12-02,1.992688,2.014072,1.935815,2.013618,8928000
2014-12-03,2.032121,2.146777,2.032121,2.138739,10110000
2014-12-04,2.167707,2.186968,2.108104,2.147991,11634000
2014-12-05,2.163916,2.213964,2.151783,2.213964,6846000
2014-12-08,2.210172,2.224580,2.077013,2.118568,15150000
2014-12-09,2.012405,2.131157,2.007703,2.112805,12642000
2014-12-10,2.114777,2.123119,1.983134,1.994509,11838000
2014-12-11,2.028633,2.097336,2.008765,2.022870,9138000
2014-12-12,1.971609,2.009676,1.917313,1.922773,10422000
2014-12-15,1.957200,2.006187,1.850278,1.868174,16956000
2014-12-16,1.845122,1.951437,1.821917,1.836325,16812000
2014-12-17,1.841482,1.963569,1.795679,1.954773,15510000
2014-12-18,2.046832,2.062605,2.003457,2.062605,21252000
2014-12-19,2.084140,2.089752,2.014376,2.046529,15420000
2014-12-22,2.075345,2.143744,2.067003,2.137374,10992000
2014-12-23,2.184012,2.188258,2.119401,2.125316,16380000
2014-12-24,2.133052,2.158229,2.123345,2.132749,3030000
2014-12-26,2.155801,2.163991,2.130473,2.141089,3072000
2014-12-29,2.129109,2.136085,2.095135,2.121980,5970000
2014-12-30,2.078603,2.111211,2.078603,2.085428,5286000
2014-12-31,2.091344,2.136085,2.043569,2.044782,8412000
2015-01-02,2.081333,2.113031,1.985934,2.044933,15978000
2015-01-05,1.988816,2.024761,1.924508,1.929210,12648000
2015-01-06,1.926936,1.933761,1.781032,1.797867,13386000
2015-01-07,1.829413,1.877948,1.799080,1.852315,8574000
2015-01-08,1.926177,2.058279,1.911010,2.018998,13884000
2015-01-09,2.043719,2.049786,1.945136,2.024003,11070000
2015-01-12,1.996248,1.996248,1.870667,1.902366,10962000
2015-01-13,1.944681,2.014296,1.816673,1.845642,12708000
2015-01-14,1.785430,1.871122,1.759495,1.816067,9324000
2015-01-15,1.851253,1.888108,1.766926,1.771780,6774000
2015-01-16,1.755400,1.839120,1.732042,1.832295,8616000
2015-01-20,1.847310,1.910101,1.817432,1.890233,9438000
2015-01-21,1.874762,1.976076,1.852467,1.952264,9642000
2015-01-22,1.958028,1.993669,1.836693,1.988968,12336000
2015-01-23,1.966673,2.002011,1.937704,1.971526,9594000
2015-01-26,1.969403,1.995338,1.914195,1.992153,6576000
2015-01-27,1.911010,1.933760,1.838513,1.877643,15486000
2015-01-28,1.941344,2.000343,1.847158,1.849585,13218000
2015-01-29,1.821830,1.875217,1.751002,1.854893,15474000
2015-01-30,1.805753,1.863993,1.736593,1.740840,10230000
2015-02-02,1.758129,1.768443,1.643469,1.756764,14562000
2015-02-03,1.783155,1.854438,1.770263,1.851557,10800000
2015-02-04,1.838513,1.911920,1.823498,1.873700,8946000
2015-02-05,1.882952,1.926935,1.867633,1.924963,6324000
2015-02-06,1.936945,1.982446,1.879312,1.895843,11220000
2015-02-09,1.863538,1.887198,1.820010,1.833812,6336000
2015-02-10,1.901001,2.020969,1.888716,2.019604,10446000
2015-02-11,2.016874,2.062678,1.959998,2.039928,9228000
2015-02-12,2.077693,2.138511,2.062223,2.138359,8820000
2015-02-13,2.174002,2.201302,2.125772,2.183860,8976000
2015-02-17,2.184619,2.210857,2.160049,2.205700,5856000
2015-02-18,2.199179,2.203729,2.159745,2.184012,5652000
2015-02-19,2.169300,2.223143,2.162930,2.204033,5124000
2015-02-20,2.187500,2.245892,2.167935,2.243314,6198000
2015-02-23,2.241494,2.243010,2.175367,2.198724,5010000
2015-02-24,2.190837,2.290785,2.155498,2.287752,8376000
2015-02-25,2.287146,2.291545,2.231635,2.249381,5766000
2015-02-26,2.279714,2.316720,2.259845,2.295032,6090000
2015-02-27,2.300038,2.315660,2.257420,2.278501,4236000
2015-03-02,2.328399,2.468995,2.328399,2.467781,10602000
2015-03-03,2.444426,2.444426,2.320513,2.325215,11424000
2015-03-04,2.306560,2.324456,2.238005,2.321423,7704000
2015-03-05,2.355700,2.363435,2.293971,2.323546,5172000
2015-03-06,2.294880,2.313839,2.232090,2.253475,6402000
2015-03-09,2.247713,2.287753,2.241040,2.273193,3822000
2015-03-10,2.222991,2.240736,2.136692,2.144882,10950000
2015-03-11,2.172789,2.228147,2.159594,2.162930,5814000
2015-03-12,2.098017,2.160504,2.088462,2.160200,5214000
2015-03-13,2.174154,2.214953,2.131384,2.204791,5982000
2015-03-16,2.220564,2.305650,2.220564,2.301858,6324000
2015-03-17,2.258480,2.265458,2.210857,2.252869,6150000
2015-03-18,2.253021,2.336438,2.164447,2.302313,8148000
2015-03-19,2.302313,2.336286,2.283809,2.319148,4704000
2015-03-20,2.372686,2.439571,2.357520,2.420916,6618000
2015-03-23,2.420766,2.428046,2.353121,2.353121,6318000
2015-03-24,2.342505,2.370563,2.290330,2.292909,6552000
2015-03-25,2.301554,2.301554,1.971678,1.978806,21066000
2015-03-26,1.873093,1.933760,1.767684,1.897208,24066000
2015-03-27,1.885985,2.077389,1.881890,2.052971,16368000
2015-03-30,2.093012,2.149735,2.059342,2.138512,16764000
2015-03-31,2.099534,2.114245,2.051759,2.063285,6942000
2015-04-01,2.044327,2.050394,1.971678,2.024459,12366000
2015-04-02,2.029009,2.066470,2.001709,2.004135,10686000
2015-04-06,1.944074,2.046753,1.919049,2.032799,8514000
2015-04-07,2.047815,2.089979,2.024914,2.037957,5790000
2015-04-08,2.026126,2.092859,2.020211,2.074659,3948000
2015-04-09,2.039625,2.160655,2.039625,2.155195,7356000
2015-04-10,2.167632,2.179310,2.144579,2.179310,4248000
2015-04-13,2.179310,2.214042,2.131839,2.136995,7758000
2015-04-14,2.154891,2.154891,2.051909,2.074659,8010000
2015-04-15,2.126074,2.197814,2.095589,2.179461,8970000
2015-04-16,2.123345,2.164902,2.110757,2.152010,3702000
2015-04-17,2.104690,2.104690,2.027794,2.059796,9108000
2015-04-20,2.092556,2.135326,2.085276,2.110149,4416000
2015-04-21,2.180675,2.199179,2.131384,2.156257,6054000
2015-04-22,2.183254,2.249532,2.146095,2.245589,9702000
2015-04-23,2.122587,2.166570,2.081333,2.140180,11388000
2015-04-24,2.130928,2.134871,1.996854,2.035529,18216000
2015-04-27,2.040686,2.115762,2.033558,2.056763,8376000
2015-04-28,2.040079,2.070413,1.971678,2.059341,4686000
2015-04-29,2.038866,2.044023,1.961818,2.024760,7008000
2015-04-30,2.007319,2.034771,1.934670,1.978502,6360000
2015-05-01,1.998219,2.148219,1.998219,2.132749,17382000
2015-05-04,2.141393,2.166114,2.102111,2.118794,7014000
2015-05-05,2.099533,2.099533,1.978957,1.984872,11862000
2015-05-06,2.003528,2.027946,1.933457,1.977441,9012000
2015-05-07,1.995641,2.052971,1.995641,2.044023,7686000
2015-05-08,2.093164,2.128047,2.081030,2.102566,10140000
2015-05-11,2.097409,2.127743,2.076631,2.103173,7164000
2015-05-12,2.082243,2.084973,2.018846,2.052819,6732000
2015-05-13,2.072992,2.130625,2.069504,2.086339,5100000
2015-05-14,2.130624,2.186590,2.106206,2.163385,10308000
2015-05-15,2.184012,2.199179,2.141697,2.174002,4164000
2015-05-18,2.165509,2.239370,2.165509,2.232242,6348000
2015-05-19,2.256963,2.281230,2.187196,2.211918,6744000
2015-05-20,2.233759,2.275012,2.198572,2.223445,2923500
2015-05-21,2.217379,2.268945,2.187652,2.256812,2389500
2015-05-22,2.263486,2.296246,2.257420,2.273193,2566500
2015-05-26,2.250745,2.267125,2.188259,2.224052,4063500
2015-05-27,2.240432,2.504334,2.235579,2.483706,13917000
2015-05-28,2.489167,2.530421,2.441241,2.490381,6607500
2015-05-29,2.505547,2.548621,2.484313,2.512221,5224500
2015-06-01,2.554687,2.575921,2.485527,2.523747,6366000
2015-06-02,2.501906,2.501906,2.426680,2.434566,5436000
2015-06-03,2.480066,2.481886,2.384212,2.386032,4191000
2015-06-04,2.356306,2.383606,2.302920,2.323546,8517000
2015-06-05,2.317480,2.341746,2.257419,2.327186,6295500
2015-06-08,2.327186,2.330220,2.176732,2.199179,10593000
2015-06-09,2.190685,2.206459,2.123345,2.187652,10443000
2015-06-10,2.234972,2.294426,2.214345,2.269552,8491500
2015-06-11,2.300493,2.305346,2.262272,2.268339,5124000
2015-06-12,2.239219,2.244679,2.197359,2.206459,3468000
2015-06-15,2.162779,2.197359,2.102112,2.190079,3541500
2015-06-16,2.169452,2.227692,2.162779,2.213132,3762000
2015-06-17,2.229512,2.243465,2.191292,2.217985,4078500
2015-06-18,2.237399,2.341746,2.237399,2.312020,7689000
2015-06-19,2.318086,2.336286,2.252565,2.291393,4377000
2015-06-22,2.332646,2.352666,2.299886,2.334466,4977000
2015-06-23,2.344780,2.360553,2.273192,2.294425,5640000
2015-06-24,2.286539,2.303525,2.223445,2.226479,4566000
2015-06-25,2.264700,2.264700,2.201606,2.221626,3018000
2015-06-26,2.167025,2.167025,2.027491,2.059644,10182000
2015-06-29,1.971678,2.017784,1.878857,1.883710,11571000
2015-06-30,1.935884,1.949231,1.878250,1.906157,11799000
2015-07-01,1.977138,1.994124,1.904337,1.920110,10522500
2015-07-02,1.932243,1.961970,1.917683,1.943770,3387000
2015-07-06,1.904943,1.943771,1.833963,1.866117,8164500
2015-07-07,1.863083,1.863083,1.673802,1.841243,8449500
2015-07-08,1.766623,1.804843,1.677442,1.706562,7170000
2015-07-09,1.789677,1.796350,1.625269,1.625269,11626500
2015-07-10,1.698676,1.735683,1.680476,1.717482,10768500
2015-07-13,1.768443,1.770263,1.722336,1.758736,7369500
2015-07-14,1.777543,1.827897,1.777543,1.819403,5853000
2015-07-15,1.830323,1.830323,1.758130,1.782397,8317500
2015-07-16,1.826077,1.826077,1.743569,1.793923,9607500
2015-07-17,1.776330,1.786643,1.737503,1.778757,5380500
2015-07-20,1.797563,1.810910,1.741143,1.742356,4542000
2015-07-21,1.730830,1.792710,1.730830,1.747210,6831000
2015-07-22,1.632549,1.632549,1.559142,1.617989,14968500
2015-07-23,1.645896,1.744176,1.645896,1.688969,8224500
2015-07-24,1.724156,1.724156,1.580376,1.587049,7174500
2015-07-27,1.563389,1.582802,1.498475,1.549436,9583500
2015-07-28,1.574916,1.676836,1.538515,1.645896,12343500
2015-07-29,1.645896,1.663489,1.598576,1.654389,9057000
2015-07-30,1.640436,1.689576,1.614349,1.673196,5058000
2015-07-31,1.676229,1.680476,1.605249,1.614349,5568000
2015-08-03,1.603429,1.618596,1.571881,1.598576,3805500
2015-08-04,1.583409,1.593116,1.514248,1.545188,6415500
2015-08-05,1.563388,1.636189,1.563388,1.602821,7600500
2015-08-06,1.607676,1.607676,1.480881,1.519101,7930500
2015-08-07,1.516676,1.548222,1.498475,1.543976,6246000
2015-08-10,1.577342,1.665916,1.577342,1.659849,8170500
2015-08-11,1.627089,1.627089,1.524562,1.547009,7215000
2015-08-12,1.500901,1.595542,1.454795,1.573096,9519000
2015-08-13,1.573096,1.594329,1.525168,1.525168,7285500
2015-08-14,1.512428,1.521529,1.469961,1.498475,5598000
2015-08-17,1.476028,1.543369,1.456008,1.543369,4459500
2015-08-18,1.540335,1.540335,1.440841,1.448121,8851500
2015-08-19,1.452368,1.457828,1.378961,1.407475,7707000
2015-08-20,1.371075,1.371075,1.249740,1.250954,13956000
2015-08-21,1.203634,1.257627,1.147213,1.162379,12129000
2015-08-24,0.929418,1.219407,0.913645,1.073199,29239500
2015-08-25,1.189073,1.204847,1.038013,1.038013,14115000
2015-08-26,1.139326,1.196354,1.071986,1.192106,21187500
2015-08-27,1.255806,1.330427,1.249133,1.326180,24174000
2015-08-28,1.297667,1.356514,1.297667,1.351660,10723500
2015-08-31,1.316475,1.377748,1.297061,1.335281,9834000
2015-09-01,1.225474,1.297060,1.175120,1.197567,13606500
2015-09-02,1.257020,1.281894,1.215159,1.281894,5200500
2015-09-03,1.306767,1.361974,1.300094,1.311620,7801500
2015-09-04,1.247920,1.291600,1.226687,1.241854,7768500
2015-09-08,1.328607,1.409295,1.325574,1.404441,11443500
2015-09-09,1.445695,1.474815,1.321327,1.330427,17734500
2015-09-10,1.328607,1.385027,1.289780,1.349234,8355000
2015-09-11,1.308587,1.352874,1.293420,1.348627,6459000
2015-09-14,1.366827,1.380781,1.344380,1.361974,5242500
2015-09-15,1.374107,1.422035,1.374107,1.408688,5133000
2015-09-16,1.407475,1.424461,1.375320,1.420215,6328500
2015-09-17,1.420214,1.453581,1.376534,1.381994,10005000
2015-09-18,1.324967,1.366220,1.296454,1.312834,9004500
2015-09-21,1.334674,1.351054,1.282500,1.299487,7872000
2015-09-22,1.230327,1.247314,1.198780,1.214554,10623000
2015-09-23,1.218194,1.235787,1.183613,1.186646,5457000
2015-09-24,1.155706,1.204847,1.088366,1.181793,11694000
2015-09-25,1.230934,1.253987,1.166626,1.199993,14334000
2015-09-28,1.174513,1.198780,1.099893,1.099893,19645500
2015-09-29,1.114453,1.154493,1.082299,1.124159,8577000
2015-09-30,1.175119,1.255807,1.174513,1.249740,11164500
2015-10-01,1.247314,1.247314,1.143573,1.208487,11292000
2015-10-02,1.167233,1.286140,1.156919,1.286140,11044500
2015-10-05,1.321327,1.377748,1.306767,1.357728,11214000
2015-10-06,1.371680,1.383207,1.298274,1.371680,10017000
2015-10-07,1.403835,1.451761,1.355907,1.433561,13086000
2015-10-08,1.417788,1.460861,1.384421,1.460255,10491000
2015-10-09,1.452368,1.466928,1.400194,1.421427,9637500
2015-10-12,1.421428,1.434775,1.405048,1.427495,3466500
2015-10-13,1.393520,1.419608,1.369254,1.369860,5832000
2015-10-14,1.395341,1.560356,1.381995,1.524562,12873000
2015-10-15,1.558535,1.600396,1.526988,1.570062,7219500
2015-10-16,1.577342,1.582196,1.537908,1.576128,3847500
2015-10-19,1.553681,1.605855,1.540335,1.575521,3388500
2015-10-20,1.566421,1.586441,1.545188,1.568241,3612000
2015-10-21,1.619809,1.667129,1.576129,1.576735,7911000
2015-10-22,1.644682,1.749029,1.644682,1.736896,9553500
2015-10-23,1.791497,1.818797,1.733257,1.804843,12801000
2015-10-26,1.780577,1.783003,1.680476,1.696856,7888500
2015-10-27,1.662276,1.696856,1.649536,1.661669,5899500
2015-10-28,1.693216,1.749030,1.676229,1.747817,7332000
2015-10-29,1.642862,1.648322,1.580375,1.594329,7363500
2015-10-30,1.604642,1.650142,1.604642,1.634976,4933500
2015-11-02,1.650749,1.683509,1.642256,1.676229,4515000
2015-11-03,1.671376,1.721729,1.664702,1.701102,3586500
2015-11-04,1.706562,1.729010,1.680476,1.719303,4272000
2015-11-05,1.699283,1.699283,1.600396,1.611922,6928500
2015-11-06,1.637402,1.738109,1.637402,1.733256,7741500
2015-11-09,1.720517,1.720517,1.658636,1.684116,4533000
2015-11-10,1.630729,1.638009,1.577342,1.592509,6873000
2015-11-11,1.603429,1.648929,1.592509,1.596149,6765000
2015-11-12,1.579162,1.600396,1.535482,1.537302,5874000
2015-11-13,1.533055,1.550648,1.475421,1.494228,8245500
2015-11-16,1.491801,1.551862,1.490588,1.550042,4926000
2015-11-17,1.551861,1.616169,1.548828,1.580376,5721000
2015-11-18,1.582196,1.631336,1.551862,1.627089,7293000
2015-11-19,1.635582,1.681082,1.610709,1.638616,4227000
2015-11-20,1.659242,1.680476,1.639829,1.655602,4059000
2015-11-23,1.658636,1.658636,1.586442,1.589476,4002000
2015-11-24,1.577341,1.660456,1.541548,1.650749,6042000
2015-11-25,1.658636,1.680476,1.634369,1.654996,2290500
2015-11-27,1.670162,1.696249,1.663489,1.692003,1800000
2015-11-30,1.698069,1.746603,1.688362,1.743569,4113000
2015-12-01,1.753883,1.814550,1.753883,1.811517,8346000
2015-12-02,1.821223,1.847310,1.776936,1.786036,9337500
2015-12-03,1.848523,1.865510,1.726583,1.752670,6945000
2015-12-04,1.766623,1.860657,1.738110,1.849737,6492000
2015-12-07,1.839423,1.839423,1.789676,1.796956,3729000
2015-12-08,1.722942,1.770870,1.702316,1.753276,6631500
2015-12-09,1.738717,1.761163,1.661062,1.683509,6715500
2015-12-10,1.684722,1.752063,1.683509,1.712629,5155500
2015-12-11,1.662883,1.676837,1.604036,1.611922,7531500
2015-12-14,1.609496,1.629516,1.532448,1.580982,8115000
2015-12-15,1.614349,1.673196,1.604642,1.653782,5202000
2015-12-16,1.670162,1.702316,1.612529,1.692003,5487000
2015-12-17,1.719910,1.738717,1.617382,1.617382,5890500
2015-12-18,1.583409,1.607676,1.553075,1.560356,5401500
2015-12-21,1.599789,1.647716,1.587656,1.647109,3751500
2015-12-22,1.667129,1.670162,1.613741,1.653176,2517000
2015-12-23,1.667129,1.690789,1.647109,1.688969,3277500
2015-12-24,1.681082,1.723549,1.677442,1.706562,1558500
2015-12-28,1.686542,1.686542,1.634369,1.686542,3654000
2015-12-29,1.719910,1.767230,1.699283,1.747817,5613000
2015-12-30,1.738109,1.755096,1.692002,1.693822,3543000
2015-12-31,1.671982,1.679869,1.624056,1.624056,2239500
2016-01-04,1.531235,1.570061,1.500295,1.568848,6852000
2016-01-05,1.587049,1.588262,1.516068,1.520315,7008000
2016-01-06,1.446301,1.448728,1.357120,1.397768,8817000
2016-01-07,1.291600,1.349235,1.244887,1.254594,8475000
2016-01-08,1.281287,1.292814,1.189074,1.192714,9717000
2016-01-11,1.213340,1.243674,1.161773,1.210914,9301500
2016-01-12,1.253987,1.275220,1.189679,1.241246,8331000
2016-01-13,1.243674,1.269154,1.119913,1.123553,6531000
2016-01-14,1.138113,1.210914,1.090186,1.192714,8373000
2016-01-15,1.048933,1.075019,0.983412,1.031945,12220500
2016-01-19,1.085939,1.102926,1.007679,1.035586,9246000
2016-01-20,0.994939,1.087759,0.968245,1.055606,11091000
2016-01-21,1.084726,1.142966,1.051966,1.099286,13318500
2016-01-22,1.161166,1.186646,1.141753,1.163593,12348000
2016-01-25,1.150853,1.162379,1.106566,1.113846,7657500
2016-01-26,1.131439,1.172693,1.111419,1.146606,7986000
2016-01-27,1.126586,1.170266,1.088366,1.105959,9180000
2016-01-28,1.133259,1.138113,1.071986,1.096253,6303000
2016-01-29,1.114453,1.246707,1.114453,1.244280,11986500
2016-02-01,1.218193,1.281894,1.207273,1.263087,8037000
2016-02-02,1.221834,1.221834,1.125373,1.138113,8760000
2016-02-03,1.177546,1.183006,1.076233,1.147213,9664500
2016-02-04,1.152674,1.226687,1.144180,1.203634,13746000
2016-02-05,1.192714,1.192714,1.065919,1.081693,16936500
2016-02-08,1.027699,1.031339,0.949438,0.997973,10143000
2016-02-09,0.960965,1.035586,0.953078,0.978558,6549000
2016-02-10,1.013139,1.033159,0.956112,0.957325,13690500
2016-02-11,0.910005,0.953078,0.899692,0.935485,18111000
2016-02-12,0.982805,1.001612,0.927598,0.997365,14359500
2016-02-16,1.041653,1.119913,1.027699,1.102926,19578000
2016-02-17,1.125979,1.189073,1.120519,1.181793,18730500
2016-02-18,1.210307,1.210914,1.160559,1.162986,11878500
2016-02-19,1.159953,1.200600,1.155706,1.178759,7744500
2016-02-22,1.221227,1.255200,1.217587,1.234574,8479500
2016-02-23,1.207274,1.226687,1.169659,1.174513,5545500
2016-02-24,1.134473,1.231540,1.113239,1.223653,14658000
2016-02-25,1.241247,1.272187,1.193927,1.270974,9294000
2016-02-26,1.299487,1.306767,1.274614,1.290387,11154000
2016-02-29,1.310407,1.350447,1.283714,1.283714,15354000
2016-03-01,1.331640,1.391701,1.310407,1.390488,12424500
2016-03-02,1.392914,1.414755,1.375320,1.414148,8562000
2016-03-03,1.413541,1.425675,1.387454,1.417181,9262500
2016-03-04,1.448121,1.497261,1.415361,1.462075,17245500
2016-03-07,1.428101,1.497868,1.417181,1.478455,13198500
2016-03-08,1.442661,1.446908,1.373501,1.377748,13114500
2016-03-09,1.397161,1.422641,1.378354,1.411721,10950000
2016-03-10,1.434168,1.471175,1.372287,1.430528,10504500
2016-03-11,1.472388,1.516068,1.468748,1.515461,10131000
2016-03-14,1.505148,1.517888,1.481488,1.497868,10215000
2016-03-15,1.482701,1.489375,1.452368,1.489375,10891500
2016-03-16,1.477848,1.536695,1.462681,1.530628,12388500
2016-03-17,1.523348,1.573096,1.510608,1.563996,10372500
2016-03-18,1.573702,1.629516,1.559142,1.626482,9391500
2016-03-21,1.607676,1.635582,1.587656,1.634369,6912000
2016-03-22,1.615562,1.645896,1.594328,1.630122,6469500
2016-03-23,1.621629,1.622842,1.562175,1.564602,7260000
2016-03-24,1.529415,1.562176,1.509395,1.560962,10165500
2016-03-28,1.586442,1.586442,1.537908,1.559141,8259000
2016-03-29,1.543369,1.627089,1.516068,1.618596,8484000
2016-03-30,1.648929,1.695642,1.645289,1.667129,8788500
2016-03-31,1.651962,1.662882,1.635582,1.638616,6111000
2016-04-01,1.614956,1.671982,1.585229,1.670769,8401500
2016-04-04,1.670769,1.672589,1.616776,1.624662,6859500
2016-04-05,1.585228,1.631942,1.571275,1.595541,4804500
2016-04-06,1.593722,1.648322,1.553075,1.644076,7842000
2016-04-07,1.618596,1.625876,1.551256,1.567029,4113000
2016-04-08,1.613136,1.634976,1.574916,1.590689,5931000
2016-04-11,1.616169,1.660456,1.588262,1.588262,4776000
2016-04-12,1.594329,1.611316,1.521528,1.583409,6948000
2016-04-13,1.614956,1.693822,1.610709,1.691396,8346000
2016-04-14,1.645896,1.658029,1.599789,1.650142,7392000
2016-04-15,1.653782,1.653782,1.604642,1.605856,4174500
2016-04-18,1.577342,1.621629,1.577342,1.608282,5779500
2016-04-19,1.615562,1.623449,1.529416,1.547009,7656000
2016-04-20,1.537909,1.614349,1.534875,1.592509,6774000
2016-04-21,1.593722,1.593722,1.542761,1.564602,3598500
2016-04-22,1.568242,1.614956,1.536089,1.573096,4846500
2016-04-25,1.555502,1.584016,1.533662,1.544582,3564000
2016-04-26,1.579768,1.649536,1.570668,1.606462,5229000
2016-04-27,1.560355,1.664096,1.554895,1.658029,7045500
2016-04-28,1.623449,1.656816,1.514249,1.524562,8776500
2016-04-29,1.511215,1.511215,1.370468,1.407475,10438500
2016-05-02,1.412935,1.442661,1.384420,1.436595,4453500
2016-05-03,1.398375,1.414755,1.368648,1.388668,4360500
2016-05-04,1.352874,1.386241,1.326180,1.338920,4780500
2016-05-05,1.377747,1.389881,1.336494,1.349234,5563500
2016-05-06,1.336494,1.355301,1.300094,1.354694,3399000
2016-05-09,1.360154,1.386240,1.338920,1.348627,3502500
2016-05-10,1.362580,1.400195,1.338314,1.398981,4980000
2016-05-11,1.390488,1.426281,1.383815,1.386241,7488000
2016-05-12,1.402014,1.404440,1.280074,1.312834,8350500
2016-05-13,1.317687,1.359547,1.315867,1.328607,6027000
2016-05-16,1.337100,1.419001,1.335887,1.390488,8338500
2016-05-17,1.389275,1.409295,1.352875,1.363188,4624500
2016-05-18,1.337101,1.464501,1.337101,1.429315,10564500
2016-05-19,1.412328,1.440235,1.366828,1.401408,5457000
2016-05-20,1.470568,1.535481,1.457221,1.531842,9211500
2016-05-23,1.575522,1.606462,1.556715,1.565208,6511500
2016-05-24,1.601609,1.682902,1.592509,1.678656,9954000
2016-05-25,1.704742,1.719909,1.668342,1.708382,10669500
2016-05-26,1.727796,1.736289,1.701709,1.725369,4302000
2016-05-27,1.725369,1.765410,1.725369,1.756917,3603000
2016-05-31,1.771477,1.790890,1.750850,1.785430,4935000
2016-06-01,1.786037,1.820617,1.761163,1.816370,4663500
2016-06-02,1.796957,1.815157,1.781183,1.815157,3682500
2016-06-03,1.860050,1.869150,1.798776,1.832143,4863000
2016-06-06,1.843063,1.864297,1.807877,1.818190,4572000
2016-06-07,1.841850,1.881283,1.841850,1.871577,5604000
2016-06-08,1.869757,1.883103,1.851557,1.866723,4368000
2016-06-09,1.825470,1.877037,1.809697,1.874003,5599500
2016-06-10,1.814550,1.814550,1.761163,1.779970,5686500
2016-06-13,1.747816,1.814550,1.742962,1.755702,5010000
2016-06-14,1.729617,1.764803,1.702922,1.750850,6199500
2016-06-15,1.778150,1.791497,1.743569,1.751456,3606000
2016-06-16,1.688362,1.753882,1.660456,1.749636,7249500
2016-06-17,1.740537,1.753277,1.668949,1.705956,3912000
2016-06-20,1.788463,1.826683,1.760557,1.763590,5973000
2016-06-21,1.790283,1.792710,1.760556,1.781790,2568000
2016-06-22,1.779969,1.832143,1.769049,1.773902,3489000
2016-06-23,1.847918,1.913438,1.832750,1.912224,5671500
2016-06-24,1.653176,1.751457,1.574916,1.589476,11479500
2016-06-27,1.533055,1.533055,1.371075,1.400195,11446500
2016-06-28,1.466928,1.520921,1.456615,1.512428,14646000
2016-06-29,1.568242,1.619809,1.548829,1.603429,9870000
2016-06-30,1.613136,1.690789,1.597362,1.690789,5794500
2016-07-01,1.642256,1.660456,1.628302,1.636189,4080000
2016-07-05,1.602216,1.602822,1.523349,1.553682,4137000
2016-07-06,1.522135,1.567029,1.474815,1.560356,6273000
2016-07-07,1.570669,1.650749,1.570669,1.617382,6213000
2016-07-08,1.664702,1.755096,1.662882,1.753276,9957000
2016-07-11,1.790890,1.833357,1.787857,1.810910,9292500
2016-07-12,1.857623,1.900697,1.853377,1.884923,6894000
2016-07-13,1.904943,1.924357,1.879463,1.889777,5205000
2016-07-14,1.941951,1.947411,1.894631,1.931031,6063000
2016-07-15,1.933457,1.937704,1.904943,1.926783,4302000
2016-07-18,1.985024,2.023244,1.983204,2.013538,5875500
2016-07-19,2.000798,2.007471,1.973498,1.989878,3187500
2016-07-20,2.012324,2.102718,2.007471,2.085731,6294000
2016-07-21,2.088159,2.096652,2.016572,2.042052,5059500
2016-07-22,2.028705,2.075419,1.984418,2.074205,5407500
2016-07-25,2.079664,2.120918,2.079664,2.107571,4806000
2016-07-26,2.168238,2.382999,2.168238,2.364799,15642000
2016-07-27,2.417580,2.421220,2.307165,2.350240,8205000
2016-07-28,2.305346,2.362373,2.279259,2.313233,5161500
2016-07-29,2.315659,2.331433,2.251959,2.278045,5205000
2016-08-01,2.308379,2.315659,2.264698,2.290178,3016500
2016-08-02,2.276225,2.276225,2.143365,2.180372,7983000
2016-08-03,2.142152,2.195539,2.142152,2.195539,4182000
2016-08-04,2.211919,2.254385,2.196145,2.252565,5209500
2016-08-05,2.295032,2.344173,2.284112,2.338712,5161500
2016-08-08,2.360553,2.378753,2.318086,2.329006,3063000
2016-08-09,2.343566,2.410300,2.342960,2.389066,3786000
2016-08-10,2.398167,2.399987,2.307773,2.333860,5244000
2016-08-11,2.350846,2.375113,2.326580,2.367226,2359500
2016-08-12,2.366012,2.413940,2.366012,2.397560,4086000
2016-08-15,2.420006,2.514040,2.417580,2.497053,4903500
2016-08-16,2.493414,2.493414,2.434567,2.443667,2446500
2016-08-17,2.451553,2.451553,2.402413,2.442453,3484500
2016-08-18,2.430321,2.496447,2.430321,2.496447,3172500
2016-08-19,2.504940,2.578347,2.497660,2.561361,4912500
2016-08-22,2.553473,2.585021,2.532240,2.564394,3501000
2016-08-23,2.600187,2.636587,2.597760,2.605647,4677000
2016-08-24,2.605647,2.619601,2.515254,2.538307,4705500
2016-08-25,2.567426,2.602007,2.512826,2.569247,3475500
2016-08-26,2.585627,2.660247,2.548013,2.605041,3075000
2016-08-29,2.620207,2.663887,2.620207,2.631734,5029500
2016-08-30,2.636588,2.678448,2.587448,2.608682,4834500
2016-08-31,2.613534,2.622027,2.568641,2.610501,2962500
2016-09-01,2.615354,2.679055,2.574101,2.679055,5970000
2016-09-02,2.709995,2.709995,2.628702,2.664495,4899000
2016-09-06,2.708782,2.708782,2.603827,2.642048,2661000
2016-09-07,2.649327,2.660854,2.571067,2.583807,4519500
2016-09-08,2.560147,2.591087,2.525567,2.572281,4620000
2016-09-09,2.514646,2.514646,2.276225,2.288965,7638000
2016-09-12,2.239219,2.432747,2.214345,2.426074,7582500
2016-09-13,2.384820,2.450340,2.322333,2.355700,4434000
2016-09-14,2.362980,2.439420,2.333859,2.423040,5754000
2016-09-15,2.435174,2.604435,2.423041,2.590482,11305500
2016-09-16,2.657215,2.662068,2.532241,2.591695,5265000
2016-09-19,2.651147,2.716061,2.575920,2.604434,5494500
2016-09-20,2.640228,2.651148,2.546801,2.571674,3736500
2016-09-21,2.605041,2.682694,2.571067,2.672381,3955500
2016-09-22,2.717882,2.753068,2.677235,2.703322,4545000
2016-09-23,2.697861,2.697861,2.605647,2.617174,2404500
2016-09-26,2.572281,2.585627,2.507974,2.535881,2850000
2016-09-27,2.529814,2.672988,2.517680,2.672381,4380000
2016-09-28,2.688762,2.730015,2.639015,2.689975,4860000
2016-09-29,2.689974,2.837395,2.602614,2.788862,12943500
2016-09-30,2.850135,2.972076,2.844675,2.918689,7447500
2016-10-03,2.924150,2.978144,2.844069,2.858023,3537000
2016-10-04,2.904736,2.920509,2.805848,2.836183,4381500
2016-10-05,2.863482,2.960549,2.850742,2.902308,3516000
2016-10-06,2.905343,2.956909,2.841643,2.952663,4366500
2016-10-07,2.972076,2.989669,2.858629,2.935676,4740000
2016-10-10,2.979964,3.014544,2.890177,2.891996,4125000
2016-10-11,2.878649,2.880469,2.633555,2.711208,11005500
2016-10-12,2.711208,2.711208,2.603221,2.680875,4563000
2016-10-13,2.607467,2.612321,2.455800,2.583807,7308000
2016-10-14,2.678448,2.736082,2.637802,2.646902,8758500
2016-10-17,2.634161,2.681481,2.599581,2.602007,3201000
2016-10-18,2.722734,2.726981,2.674201,2.697254,3852000
2016-10-19,2.624454,2.669954,2.583806,2.657214,4539000
2016-10-20,2.652361,2.740935,2.595334,2.714242,4458000
2016-10-21,2.644475,2.702108,2.614748,2.692402,3619500
2016-10-24,2.754282,2.845889,2.748822,2.842249,4044000
2016-10-25,2.867728,2.873188,2.817375,2.835575,4288500
2016-10-26,2.781582,2.871976,2.767628,2.819196,4497000
2016-10-27,2.903523,2.926576,2.770662,2.781582,4950000
2016-10-28,2.788862,2.865909,2.720915,2.733655,5382000
2016-10-31,2.788255,2.814948,2.762168,2.776728,2971500
2016-11-01,2.800388,2.841642,2.606254,2.698467,5791500
2016-11-02,2.706962,2.753675,2.623241,2.644474,6438000
2016-11-03,2.657214,2.702107,2.601401,2.626881,5181000
2016-11-04,2.578954,2.652362,2.525567,2.580774,2907000
2016-11-07,2.727588,2.807063,2.694222,2.804029,3789000
2016-11-08,2.808883,2.871369,2.751856,2.822229,4149000
2016-11-09,2.626882,2.805849,2.590481,2.777335,8143500
2016-11-10,2.841036,2.885323,2.519501,2.603221,11700000
2016-11-11,2.689974,2.910803,2.687547,2.896848,8976000
2016-11-14,2.912016,2.944169,2.825263,2.848316,3526500
2016-11-15,2.898669,3.033350,2.862876,3.012724,5700000
2016-11-16,2.999377,3.124350,2.990276,3.117070,6178500
2016-11-17,3.203825,3.262065,3.097050,3.218991,4744500
2016-11-18,3.235977,3.298465,3.197757,3.285118,3157500
2016-11-21,3.313025,3.363378,3.280264,3.328798,4183500
2016-11-22,3.424651,3.468332,3.393711,3.462265,5646000
2016-11-23,3.450132,3.492599,3.410699,3.476219,3952500
2016-11-25,3.508979,3.508979,3.444066,3.490779,1351500
2016-11-28,3.473185,3.505946,3.441031,3.461658,2221500
2016-11-29,3.447099,3.497453,3.389466,3.441639,1993500
2016-11-30,3.446492,3.459232,3.375512,3.379759,1819500
2016-12-01,3.367625,3.374906,2.825263,2.879863,10963500
2016-12-02,2.868336,3.003624,2.839216,2.991490,6096000
2016-12-05,3.066717,3.127384,3.006656,3.100690,6199500
2016-12-06,3.132237,3.238405,3.131024,3.229305,4474500
2016-12-07,3.215350,3.451952,3.189264,3.433752,6499500
2016-12-08,3.442246,3.576320,3.442246,3.521719,7072500
2016-12-09,3.621820,3.627280,3.405846,3.477432,5371500
2016-12-12,3.434966,3.454986,3.313025,3.398566,3918000
2016-12-13,3.445886,3.582993,3.416766,3.513227,6130500
2016-12-14,3.518686,3.572680,3.468332,3.505339,5143500
2016-12-15,3.538098,3.735267,3.528391,3.689766,7221000
2016-12-16,3.761354,3.772274,3.523539,3.569647,4263000
2016-12-19,3.640019,3.721920,3.591486,3.680666,4107000
2016-12-20,3.809954,3.809954,3.736857,3.783894,5374500
2016-12-21,3.814404,3.830294,3.768639,3.783894,2376000
2016-12-22,3.919916,3.936443,3.797241,3.844913,3078000
2016-12-23,3.820126,3.905300,3.808684,3.902122,1362000
2016-12-27,3.912925,4.067383,3.909111,4.044500,4866000
2016-12-28,4.123954,4.126497,3.803597,3.809318,8050500
2016-12-29,3.771180,3.810590,3.687913,3.808683,5998500
2016-12-30,3.890044,3.906570,3.597655,3.629437,5214000
2017-01-03,3.726687,3.792156,3.539812,3.635156,6211500
2017-01-04,3.684100,3.715881,3.614181,3.668209,3565500
2017-01-05,3.677743,3.727958,3.549347,3.567144,3568500
2017-01-06,3.591933,3.681556,3.517564,3.652953,4870500
2017-01-09,3.686642,3.814404,3.686006,3.770545,5397000
2017-01-10,3.769274,3.851270,3.762282,3.827752,3775500
2017-01-11,3.816310,3.863983,3.779444,3.863983,3205500
2017-01-12,3.838557,3.838557,3.593205,3.764188,5007000
2017-01-13,3.775630,3.867160,3.764825,3.835379,4092000
2017-01-17,3.799784,3.799784,3.614181,3.651047,4072500
2017-01-18,3.661854,3.810590,3.661218,3.803598,3651000
2017-01-19,3.748934,3.877331,3.742577,3.751477,2694000
2017-01-20,3.851906,3.963141,3.846185,3.897035,4134000
2017-01-23,3.839828,3.876695,3.731772,3.820125,4033500
2017-01-24,3.862710,4.061026,3.862710,4.047042,4725000
2017-01-25,4.204043,4.251715,4.112513,4.225019,5010000
2017-01-26,4.240910,4.250444,4.095350,4.151286,3685500
2017-01-27,4.218027,4.310193,4.210399,4.308921,3610500
2017-01-30,4.242181,4.245359,4.079460,4.240273,7095000
2017-01-31,4.169083,4.180525,3.998099,4.075010,6417000
2017-02-01,4.234553,4.280318,4.143659,4.268877,5668500
2017-02-02,4.182431,4.306379,4.110605,4.258071,4839000
2017-02-03,4.317185,4.352145,4.281590,4.331804,2787000
2017-02-06,4.362314,4.383925,4.276504,4.376934,4750500
2017-02-07,4.448760,4.471007,4.351509,4.425242,4060500
2017-02-08,4.474821,4.502153,4.378842,4.446854,3667500
2017-02-09,4.470371,4.470371,4.312100,4.330533,5070000
2017-02-10,4.422064,4.422064,4.191331,4.320363,5946000
2017-02-13,4.366128,4.438590,4.327990,4.350873,4624500
2017-02-14,4.335617,4.347695,4.233918,4.305108,3199500
2017-02-15,4.327990,4.425878,4.279683,4.412529,3541500
2017-02-16,4.427149,4.455117,4.348967,4.429056,2700000
2017-02-17,4.375027,4.500246,4.314007,4.500246,3577500
2017-02-21,4.588598,4.695383,4.564444,4.693477,4737000
2017-02-22,4.696656,4.714454,4.635636,4.694113,2751000
2017-02-23,4.647712,4.661060,4.372485,4.460837,7501500
2017-02-24,4.244723,4.454480,4.200865,4.453209,5176500
2017-02-27,4.462109,4.586692,4.426514,4.581607,3328500
2017-02-28,4.601947,4.601947,4.374392,4.404266,4711500
2017-03-01,4.570164,4.627371,4.433505,4.610845,4848000
2017-03-02,4.647076,4.673136,4.454480,4.467828,4126500
2017-03-03,4.474821,4.481814,4.378206,4.459566,3142500
2017-03-06,4.388375,4.490711,4.309557,4.466558,3381000
2017-03-07,4.441769,4.584149,4.403631,4.497703,4263000
2017-03-08,4.562538,4.638178,4.500882,4.530756,4267500
2017-03-09,4.518679,4.576521,4.443675,4.552367,2389500
2017-03-10,4.632455,4.739876,4.632455,4.709366,4827000
2017-03-13,4.748777,4.821873,4.726529,4.818696,4614000
2017-03-14,4.771660,4.777380,4.652797,4.774201,4156500
2017-03-15,4.808526,4.914040,4.722716,4.889887,4375500
2017-03-16,4.954085,4.954085,4.841579,4.870818,2938500
2017-03-17,4.916583,4.927388,4.861283,4.897513,2268000
2017-03-20,4.923574,5.060234,4.894335,5.006841,3282000
2017-03-21,5.069767,5.078031,4.627370,4.658516,8511000
2017-03-22,4.664874,4.819967,4.619109,4.807254,4558500
2017-03-23,4.805347,4.837764,4.731614,4.770387,3840000
2017-03-24,4.969340,5.047523,4.817426,4.870818,5841000
2017-03-27,4.709367,4.930565,4.670594,4.896241,7363500
2017-03-28,4.924845,4.997943,4.853019,4.945186,4147500
2017-03-29,4.945186,4.945186,4.862554,4.903869,3456000
2017-03-30,4.895608,5.014470,4.895608,4.987773,5355000
2017-03-31,4.999849,5.053242,4.926116,4.978237,3334500
2017-04-03,5.006842,5.027817,4.792000,4.891794,4821000
2017-04-04,4.800898,4.910226,4.767846,4.816789,3976500
2017-04-05,4.870817,4.951541,4.703646,4.712545,5608500
2017-04-06,4.709367,4.762760,4.590505,4.730342,5905500
2017-04-07,4.732249,4.835220,4.702375,4.793269,2850000
2017-04-10,4.797083,4.806618,4.647076,4.682035,3631500
2017-04-11,4.624830,4.624830,4.357866,4.568258,7803000
2017-04-12,4.539019,4.546010,4.300023,4.327355,8232000
2017-04-13,4.261251,4.437320,4.240911,4.244089,4864500
2017-04-17,4.283496,4.411257,4.283496,4.409985,5293500
2017-04-18,4.348967,4.473550,4.319093,4.462745,3120000
2017-04-19,4.568893,4.659152,4.512958,4.535840,3657000
2017-04-20,4.634999,4.773567,4.569530,4.753226,5005500
2017-04-21,4.706824,4.715722,4.569528,4.686483,5757000
2017-04-24,4.890521,4.932472,4.826323,4.887979,7372500
2017-04-25,4.982687,5.060233,4.921667,5.040529,4311000
2017-04-26,5.022733,5.037987,4.857469,4.910862,5542500
2017-04-27,5.016376,5.139052,4.981417,5.119983,5331000
2017-04-28,5.080574,5.080574,4.814882,4.858740,7579500
2017-05-01,4.913403,5.005570,4.819966,5.000485,5449500
2017-05-02,4.957897,4.957897,4.760852,4.839670,4305000
2017-05-03,4.779920,4.914038,4.765302,4.893063,2863500
2017-05-04,4.913405,4.932473,4.823146,4.880987,2571000
2017-05-05,4.919124,4.938828,4.804076,4.933107,2940000
2017-05-08,4.921031,4.955355,4.847934,4.878444,1861500
2017-05-09,4.878445,5.063413,4.878445,5.026546,4875000
2017-05-10,5.196894,5.371056,5.194351,5.344995,6981000
2017-05-11,5.306222,5.472121,5.196894,5.399024,3789000
2017-05-12,5.420000,5.467671,5.355800,5.447967,3030000
2017-05-15,5.485468,5.709210,5.469578,5.697768,3984000
2017-05-16,5.760696,5.953292,5.697769,5.952021,4143000
2017-05-17,5.717474,5.775316,5.170834,5.170834,14551500
2017-05-18,5.224863,5.507718,5.148587,5.467037,12283500
2017-05-19,5.618950,5.700946,5.599882,5.646919,6928500
2017-05-22,5.728279,5.833794,5.711117,5.827437,5236500
2017-05-23,5.840149,5.847777,5.613866,5.760060,4482000
2017-05-24,5.854132,5.900533,5.790569,5.867480,3240000
2017-05-25,5.950113,6.021939,5.847777,5.966003,3831000
2017-05-26,5.964732,6.041643,5.831250,6.037829,4323000
2017-05-30,6.034017,6.202457,6.031474,6.158599,4041000
2017-05-31,6.290812,6.323865,6.065163,6.156694,6340500
2017-06-01,6.184024,6.216441,6.061348,6.171947,3088500
2017-06-02,6.278733,6.384884,6.148430,6.355644,5817000
2017-06-05,6.356914,6.505016,6.337210,6.410943,4200000
2017-06-06,6.325133,6.598454,6.306700,6.474506,5025000
2017-06-07,6.548876,6.689349,6.512009,6.626422,6444000
2017-06-08,6.754819,6.978559,6.600361,6.973475,7707000
2017-06-09,7.119033,7.187681,5.685057,6.094401,32179500
2017-06-12,5.842691,5.992064,5.477841,5.992064,22534500
2017-06-13,6.289538,6.292716,5.884006,6.107748,14511000
2017-06-14,6.180846,6.223433,5.717474,5.910704,11181000
2017-06-15,5.602424,5.829979,5.596703,5.768323,8821500
2017-06-16,5.786122,5.907526,5.650097,5.701583,8154000
2017-06-19,5.878287,6.054356,5.875109,6.026389,11425500
2017-06-20,6.095670,6.143978,5.818537,5.826165,8809500
2017-06-21,5.905619,6.032110,5.831887,6.024482,6385500
2017-06-22,6.055628,6.060713,5.895449,5.979352,7081500
2017-06-23,5.956470,6.133810,5.925325,6.034652,5433000
2017-06-26,6.181481,6.236146,5.784214,5.884643,11284500
2017-06-27,5.765146,5.789299,5.402838,5.409194,13833000
2017-06-28,5.521699,5.707939,5.344359,5.685691,9801000
2017-06-29,5.566829,5.607508,5.030995,5.259184,18418500
2017-06-30,5.311307,5.391396,5.107271,5.180367,8343000
2017-07-03,5.273805,5.324020,4.957898,4.957898,6811500
2017-07-05,5.021462,5.291604,5.021462,5.272535,9180000
2017-07-06,5.089473,5.334825,5.046885,5.202615,8092500
2017-07-07,5.308129,5.522335,5.246473,5.458138,7816500
2017-07-10,5.517885,5.688870,5.420634,5.653910,6774000
2017-07-11,5.642469,5.795656,5.587170,5.786757,7659000
2017-07-12,5.943121,6.100121,5.889728,6.062619,14623500
2017-07-13,6.099486,6.205001,5.949478,6.011770,13311000
2017-07-14,6.101391,6.255849,6.056898,6.252035,9894000
2017-07-17,6.296531,6.314963,6.104571,6.171947,8266500
2017-07-18,6.060076,6.229789,5.989522,6.229789,5998500
2017-07-19,6.324498,6.401409,6.267927,6.396959,6400500
2017-07-20,6.419208,6.478956,6.244410,6.452260,5653500
2017-07-21,6.306065,6.322591,6.185931,6.286996,6243000
2017-07-24,6.304157,6.305428,6.194194,6.225339,5100000
2017-07-25,6.196736,6.260299,6.021939,6.221526,6889500
2017-07-26,6.357550,6.503109,6.307971,6.407129,7546500
2017-07-27,6.473870,6.502474,5.899262,6.117919,19879500
2017-07-28,6.024481,6.126817,5.962825,6.058169,4975500
2017-07-31,6.070245,6.152242,5.863666,5.922143,6486000
2017-08-01,5.964732,6.021302,5.873201,6.021302,4021500
2017-08-02,6.120461,6.162412,5.765146,5.892907,8943000
2017-08-03,5.887821,5.935493,5.736542,5.822987,5614500
2017-08-04,5.852226,5.968546,5.780400,5.829343,3673500
2017-08-07,5.869389,6.138260,5.868753,6.132539,6843000
2017-08-08,6.129360,6.290173,6.006684,6.068340,6391500
2017-08-09,5.912610,6.028930,5.847776,6.008590,4788000
2017-08-10,5.883372,5.908796,5.498181,5.507080,10722000
2017-08-11,5.444790,5.631664,5.393938,5.597975,5586000
2017-08-14,5.796927,6.049272,5.796927,6.031474,6805500
2017-08-15,6.088680,6.109019,5.943757,6.075967,3964500
2017-08-16,6.128088,6.176396,6.011769,6.103299,4659000
2017-08-17,5.987614,6.068974,5.617043,5.617043,8376000
2017-08-18,5.727008,5.793748,5.573821,5.668529,5275500
2017-08-21,5.688872,5.691413,5.425085,5.547126,6723000
2017-08-22,5.681878,5.844599,5.657088,5.810275,4810500
2017-08-23,5.667257,5.931679,5.609415,5.887185,4038000
2017-08-24,5.974903,5.974903,5.776587,5.880194,3655500
2017-08-25,5.927865,5.974902,5.758789,5.792477,3156000
2017-08-28,5.809639,5.859854,5.747984,5.837607,2274000
2017-08-29,5.617044,5.917697,5.613866,5.878923,3357000
2017-08-30,5.924053,6.197373,5.905620,6.178304,6849000
2017-08-31,6.257757,6.379797,6.203729,6.359458,6339000
2017-09-01,6.435733,6.541882,6.389332,6.442724,4966500
2017-09-05,6.311785,6.395689,6.006684,6.170040,7698000
2017-09-06,6.255850,6.287632,6.109656,6.206907,3603000
2017-09-07,6.260936,6.306065,6.152244,6.235510,2992500
2017-09-08,6.198008,6.229153,5.943121,6.004777,4530000
2017-09-11,6.159235,6.395689,6.147794,6.356915,6217500
2017-09-12,6.441454,6.496117,6.327041,6.442090,4447500
2017-09-13,6.386154,6.521543,6.327677,6.468150,3481500
2017-09-14,6.378527,6.667737,6.356915,6.558410,4311000
2017-09-15,6.610531,6.915632,6.599725,6.890843,6129000
2017-09-18,7.018603,7.295101,7.014789,7.164162,7929000
2017-09-19,7.235352,7.314169,7.091700,7.238530,4869000
2017-09-20,7.255058,7.255058,6.653119,6.933430,12088500
2017-09-21,6.916903,6.925801,6.665829,6.848890,4734000
2017-09-22,6.755454,6.977288,6.738292,6.946778,3871500
2017-09-25,6.838721,6.850797,6.448444,6.542518,10708500
2017-09-26,6.752275,6.766894,6.459886,6.531076,7134000
2017-09-27,6.738292,7.065640,6.720494,6.988729,7663500
2017-09-28,6.970296,7.146364,6.906097,7.145729,4728000
2017-09-29,7.194037,7.343410,7.115220,7.326248,6090000
2017-10-02,7.391081,7.559523,7.302729,7.453373,6615000
2017-10-03,7.499774,7.588762,7.416507,7.527107,4030500
2017-10-04,7.500411,7.576687,7.366293,7.576687,4509000
2017-10-05,7.659952,7.687284,7.467992,7.592575,4539000
2017-10-06,7.468629,7.691099,7.468629,7.691099,2910000
2017-10-09,7.769915,7.881786,7.748939,7.851911,4219500
2017-10-10,8.039420,8.044505,7.760379,8.004460,5818500
2017-10-11,7.921194,8.165275,7.913567,8.161462,4752000
2017-10-12,8.136035,8.244092,8.059760,8.078829,4723500
2017-10-13,8.150657,8.317191,8.125231,8.237738,4167000
2017-10-16,8.326722,8.357233,8.183706,8.355962,4827000
2017-10-17,8.350246,8.351516,8.204051,8.337533,2974500
2017-10-18,8.380757,8.457668,8.083282,8.419530,6814500
2017-10-19,8.196425,8.351517,7.955521,8.345797,7495500
2017-10-20,8.507879,8.597503,8.434783,8.465927,4353000
2017-10-23,8.586697,8.738612,8.471648,8.601953,7243500
2017-10-24,8.673141,8.806622,8.563813,8.777384,5085000
2017-10-25,8.613393,8.704923,8.169725,8.434782,12625500
2017-10-26,8.478005,8.631827,8.444317,8.586061,5766000
2017-10-27,8.803445,9.152405,8.639454,9.112361,9070500
2017-10-30,8.803444,9.306862,8.803444,9.198170,7716000
2017-10-31,9.280168,9.492468,9.189910,9.404752,5248500
2017-11-01,9.640567,9.648830,9.064053,9.317033,7902000
2017-11-02,9.328477,9.515351,9.135246,9.440347,6831000
2017-11-03,9.542682,9.946942,9.346909,9.943763,11805000
2017-11-06,10.199919,10.376624,10.011138,10.367089,10276500
2017-11-07,10.325141,10.402689,10.123012,10.338490,8470500
2017-11-08,10.265395,10.459261,10.178948,10.442735,5565000
2017-11-09,10.136359,10.164328,9.428905,9.807104,17956500
2017-11-10,9.884650,10.021310,9.813460,9.993341,6489000
2017-11-13,9.840155,10.118560,9.788670,10.074701,5070000
2017-11-14,10.000334,10.139537,9.821722,10.046734,6117000
2017-11-15,9.783586,9.911982,9.534420,9.780408,8970000
2017-11-16,9.915796,10.341667,9.915796,10.220898,7363500
2017-11-17,10.372179,10.404596,10.036567,10.085510,6295500
2017-11-20,10.171319,10.494853,10.164962,10.441461,6471000
2017-11-21,10.678549,10.841271,10.581934,10.815845,9874500
2017-11-22,10.909916,10.920085,10.556506,10.604815,6756000
2017-11-24,10.695076,10.909919,10.691263,10.888308,6757500
2017-11-27,10.693805,10.694441,10.424299,10.478327,10698000
2017-11-28,10.587655,10.606724,10.290816,10.468792,9736500
2017-11-29,10.408407,10.428111,8.793276,9.092657,36519000
2017-11-30,9.404113,9.528060,9.077401,9.261097,14869500
2017-12-01,8.980789,9.108550,8.263165,8.943922,19072500
2017-12-04,9.254740,9.276987,8.120145,8.294942,23742000
2017-12-05,8.197693,8.771029,7.949799,8.305750,16374000
2017-12-06,8.073748,8.432878,7.963784,8.389654,10795500
2017-12-07,8.591150,8.713826,8.470380,8.635009,9966000
2017-12-08,8.908325,8.948370,8.480548,8.501524,9871500
2017-12-11,8.542837,8.722720,8.463384,8.649622,5599500
2017-12-12,8.580979,8.580979,8.365502,8.390291,5977500
2017-12-13,8.471013,8.621656,8.371855,8.389016,4125000
2017-12-14,8.378211,8.532669,8.302572,8.369949,5094000
2017-12-15,8.453851,8.819337,8.358507,8.742426,10255500
2017-12-18,9.073589,9.337374,8.942014,9.331653,15397500
2017-12-19,9.295456,9.393424,9.138963,9.298001,8127000
2017-12-20,9.558824,9.621803,9.243293,9.492664,8721000
2017-12-21,9.549916,9.549916,9.145323,9.185401,6909000
2017-12-22,9.040996,9.177769,8.970384,9.161229,3942000
2017-12-26,8.842516,8.914400,8.658030,8.896587,4524000
2017-12-27,8.846333,9.120514,8.843151,8.986285,2980500
2017-12-28,9.095705,9.123696,9.002191,9.043541,3168000
2017-12-29,9.068350,9.100794,8.771268,8.772539,4132500
2018-01-02,8.922037,9.495846,8.878142,9.495846,9237000
2018-01-03,9.590632,9.985046,9.569002,9.968506,9871500
2018-01-04,10.175893,10.247142,9.894078,10.143450,8502000
2018-01-05,10.254139,10.437351,10.093193,10.326660,7713000
2018-01-08,10.315845,10.655550,10.232509,10.558855,6538500
2018-01-09,10.611021,10.618018,10.201339,10.255411,9009000
2018-01-10,9.902984,10.016219,9.635163,9.876266,13269000
2018-01-11,9.999676,10.064564,9.845728,10.051205,5524500
2018-01-12,10.046753,10.272586,9.962781,10.207063,5019000
2018-01-16,10.436716,10.669547,10.125002,10.316483,9804000
2018-01-17,10.583666,11.252899,10.547406,11.203915,11496000
2018-01-18,11.123122,11.530259,11.097676,11.363587,9171000
2018-01-19,11.496543,11.548072,11.179739,11.394123,9315000
2018-01-22,11.439291,11.658127,11.269439,11.658127,5620500
2018-01-23,11.806986,11.924039,11.674031,11.922767,6738000
2018-01-24,11.583062,11.675940,10.850215,11.102131,18628500
2018-01-25,11.527080,11.541711,10.523869,10.524504,13167000
2018-01-26,10.941820,11.530260,10.878204,11.522626,12733500
2018-01-29,11.370587,11.715381,11.060780,11.485730,9184500
2018-01-30,10.884567,11.182286,10.752247,10.786599,11923500
2018-01-31,11.148569,11.289158,10.870570,11.063324,6891000
2018-02-01,10.750971,11.381397,10.693717,10.899830,6895500
2018-02-02,10.562672,10.649188,9.987591,9.989499,13788000
2018-02-05,9.733129,10.231873,8.524440,8.652943,16929000
2018-02-06,8.136388,9.563278,8.128755,9.542285,20614500
2018-02-07,9.408690,9.590630,8.906130,8.907403,12523500
2018-02-08,9.065806,9.091888,7.762330,7.780141,17155500
2018-02-09,8.356495,8.622408,7.462702,8.488815,20676000
2018-02-12,8.725465,9.103975,8.540344,8.936666,14100000
2018-02-13,8.707649,8.965927,8.672025,8.923305,7440000
2018-02-14,8.715286,9.575364,8.715286,9.522563,11127000
2018-02-15,9.785293,9.874353,9.192399,9.874353,12339000
2018-02-16,9.692416,10.119274,9.687327,9.762393,7677000
2018-02-20,9.637708,10.546770,9.627529,10.268135,11586000
2018-02-21,10.452618,10.465978,9.901074,9.920158,9901500
2018-02-22,10.041661,10.151717,9.756666,9.846364,5809500
2018-02-23,10.102735,10.485699,10.073473,10.485699,8178000
2018-02-26,10.719166,11.164473,10.630741,11.153022,8653500
2018-02-27,11.114217,11.612961,11.042969,11.049966,10837500
2018-02-28,11.259895,11.383945,10.717256,10.745884,10170000
2018-03-01,10.765606,10.880750,9.860361,10.227422,14397000
2018-03-02,9.788475,10.812680,9.788475,10.756063,9610500
2018-03-05,10.597024,11.202640,10.432896,11.049328,8790000
2018-03-06,11.310785,11.632678,11.180374,11.548706,12933000
2018-03-07,11.212822,11.695662,11.196281,11.639680,9990000
2018-03-08,11.768818,11.877601,11.476189,11.689300,8625000
2018-03-09,11.890958,12.420874,11.869965,12.417692,12120000
2018-03-12,12.672154,13.004226,12.564008,12.804474,12079500
2018-03-13,13.039848,13.295581,12.034091,12.206489,22048500
2018-03-14,12.356623,12.385885,11.864877,12.201402,13102500
2018-03-15,12.296185,12.417054,11.981290,12.165774,7572000
2018-03-16,12.219849,12.370617,12.101525,12.156234,4693500
2018-03-19,11.840067,11.970479,10.943729,11.452014,17712000
2018-03-20,11.514357,11.819074,11.467282,11.719834,8823000
2018-03-21,11.637771,12.235754,11.527080,11.799353,9939000
2018-03-22,11.242719,11.590694,10.813316,10.830493,15714000
2018-03-23,10.768151,10.838764,9.747127,9.747127,16557000
2018-03-26,10.478062,10.980621,10.052476,10.972988,18847500
2018-03-27,11.298069,11.308883,9.479309,9.749673,23146500
2018-03-28,9.630711,9.831099,8.990106,9.131331,20061000
2018-03-29,9.340624,9.976776,9.106519,9.721679,17752500
2018-04-02,9.427776,9.669513,8.324688,8.595689,19338000
2018-04-03,8.962749,9.147233,8.628769,9.088071,15993000
2018-04-04,8.308785,9.504752,8.285884,9.434774,16759500
2018-04-05,9.631340,9.665057,8.944932,9.144684,13840500
2018-04-06,8.750910,9.064533,8.195549,8.310057,13326000
2018-04-09,8.631949,9.182857,8.448738,8.462097,16462500
2018-04-10,9.063260,9.418233,8.876867,9.275735,18669000
2018-04-11,9.136420,9.523836,9.042906,9.279553,10633500
2018-04-12,9.532106,9.884535,9.455132,9.808197,13927500
2018-04-13,10.169530,10.188614,9.462765,9.577908,14283000
2018-04-16,9.759851,9.785298,9.394065,9.639619,8299500
2018-04-17,9.825369,10.245865,9.796743,10.182886,12387000
2018-04-18,9.988226,10.043571,9.586814,9.867357,12802500
2018-04-19,9.348895,9.351441,8.498996,8.593146,33981000
2018-04-20,8.588057,8.715288,8.167560,8.284613,16249500
2018-04-23,8.411842,8.434108,7.888290,7.951269,16278000
2018-04-24,8.153565,8.381306,7.544130,7.757877,21633000
2018-04-25,7.874292,7.902282,7.357737,7.730521,20535000
2018-04-26,8.074044,8.222903,7.942360,8.202546,17655000
2018-04-27,8.496448,8.523166,7.906098,8.021242,13656000
2018-04-30,8.015517,8.161832,7.655456,7.755331,11466000
2018-05-01,7.697442,8.165014,7.678993,8.138931,13552500
2018-05-02,8.140841,8.238809,7.929002,8.026970,10189500
2018-05-03,7.824676,8.276344,7.647825,8.172015,15442500
2018-05-04,7.997706,8.788444,7.929001,8.761088,19219500
2018-05-07,8.908040,9.122424,8.850786,9.000918,14211000
2018-05-08,8.903589,9.192402,8.869237,9.192402,10398000
2018-05-09,9.274464,9.591269,9.189856,9.589359,12400500
2018-05-10,9.708322,10.101465,9.708322,10.101465,12277500
2018-05-11,9.902983,10.146629,9.805015,9.860360,11790000
2018-05-14,10.225512,10.581122,10.176529,10.248414,13374000
2018-05-15,10.011129,10.114823,9.673332,9.885807,10774500
2018-05-16,9.915070,10.330477,9.915070,10.284674,10854000
2018-05-17,10.170169,10.432264,9.943699,10.164444,8755500
2018-05-18,9.916981,9.954514,9.632621,9.736950,9588000
2018-05-21,10.181616,10.329838,9.771297,10.041026,13068000
2018-05-22,10.309484,10.429717,10.090012,10.210244,12891000
2018-05-23,9.923341,10.375010,9.834917,10.373737,9612000
2018-05-24,10.347655,10.556948,10.095738,10.481247,10362000
2018-05-25,10.464706,10.765605,10.409360,10.739524,9672000
2018-05-29,10.544859,10.814587,10.315208,10.534044,10375500
2018-05-30,10.680995,10.974898,10.586846,10.742702,12159000
2018-05-31,10.669544,10.834308,10.455162,10.509871,9567000
2018-06-01,10.743339,11.219180,10.665093,11.214091,17115000
2018-06-04,11.323509,11.526442,11.181648,11.488273,11950500
2018-06-05,11.577970,11.748459,11.447559,11.640949,9339000
2018-06-06,11.664486,11.869328,11.514354,11.865510,8950500
2018-06-07,11.895410,11.946302,11.294247,11.550616,9597000
2018-06-08,11.139027,11.309516,10.955180,11.245900,9820500
2018-06-11,11.171468,11.348319,11.056325,11.162562,6118500
2018-06-12,11.238902,11.364860,11.048692,11.333688,7593000
2018-06-13,11.335596,11.650493,11.259258,11.294884,8608500
2018-06-14,11.466007,11.661941,11.292337,11.488273,8094000
2018-06-15,11.202005,11.488274,11.148568,11.466008,10308000
2018-06-18,11.196279,11.196279,10.802502,11.113580,12819000
2018-06-19,10.645130,10.759868,10.253109,10.746482,14991000
2018-06-20,11.005278,11.072846,10.772616,10.915401,7033500
2018-06-21,11.140415,11.147427,10.464099,10.506169,9858000
2018-06-22,10.641944,10.697400,10.188729,10.262671,5146500
2018-06-25,9.880208,9.896782,8.969317,9.356238,16000500
2018-06-26,9.500301,9.591454,9.306521,9.454406,7869000
2018-06-27,9.594006,9.683246,8.754507,8.758969,12337500
2018-06-28,8.711160,9.027964,8.656977,8.980156,10029000
2018-06-29,9.182220,9.348589,9.019674,9.019674,8799000
2018-07-02,8.782552,9.194334,8.585585,9.186048,8422500
2018-07-03,9.272099,9.336480,8.652514,8.666538,7272000
2018-07-05,8.966768,9.377912,8.939358,9.367713,10789500
2018-07-06,9.328194,9.759736,9.216007,9.721490,14602500
2018-07-09,10.017260,10.017260,9.553845,9.903158,10915500
2018-07-10,9.943955,10.281158,9.909535,10.212952,11608500
2018-07-11,9.701729,9.899333,9.402773,9.419984,16504500
2018-07-12,9.383013,9.654560,9.163736,9.622050,13414500
2018-07-13,9.637988,9.674959,9.451221,9.499027,6973500
2018-07-16,9.511777,9.652650,9.440384,9.460145,6094500
2018-07-17,9.263815,9.880212,9.235130,9.879576,10303500
2018-07-18,9.994946,10.149842,9.896145,10.093111,9042000
2018-07-19,9.969452,10.149208,9.819655,10.019172,7416000
2018-07-20,9.937577,10.050403,9.720851,9.872559,6780000
2018-07-23,9.753361,9.964351,9.340941,9.913994,8800500
2018-07-24,10.080366,10.249923,9.551933,9.594005,10236000
2018-07-25,9.548745,9.744436,9.206444,9.744436,14748000
2018-07-26,9.912083,10.286894,9.901884,10.274144,16359000
2018-07-27,10.294545,10.560991,9.899973,10.126262,12807000
2018-07-30,10.106498,10.207850,9.681969,9.838140,10194000
2018-07-31,10.008337,10.426494,9.963717,10.021723,7806000
2018-08-01,10.089925,10.292628,9.854074,9.966900,6054000
2018-08-02,9.709379,10.310478,9.606115,10.276056,7603500
2018-08-03,10.279247,10.364663,10.135187,10.326417,4069500
2018-08-06,10.283707,10.516371,10.102677,10.512547,5463000
2018-08-07,10.627918,10.787915,10.538040,10.770066,5655000
2018-08-08,10.716523,10.900742,10.636206,10.852297,4932000
2018-08-09,10.723535,10.731185,10.503621,10.516370,6726000
2018-08-10,9.927379,10.001959,9.585078,9.724038,16897500
2018-08-13,9.774399,10.030648,9.739979,9.762288,9745500
2018-08-14,9.937579,9.997498,9.687068,9.732963,5463000
2018-08-15,9.523888,9.586356,9.019678,9.332021,12493500
2018-08-16,9.531535,9.550020,9.198157,9.267000,8014500
2018-08-17,8.994817,9.130589,8.656340,9.055373,12708000
2018-08-20,9.115292,9.194334,8.727733,9.034338,8164500
2018-08-21,9.140789,9.632250,9.099993,9.569144,10276500
2018-08-22,9.481816,9.726589,9.317994,9.694717,8587500
2018-08-23,9.692804,9.940766,9.649459,9.727863,7741500
2018-08-24,9.844513,10.153669,9.841964,10.146019,8875500
2018-08-27,10.345538,10.852298,10.306655,10.621548,16623000
2018-08-28,10.764968,10.874606,10.432228,10.744570,11250000
2018-08-29,10.743295,10.919226,10.627918,10.833810,7524000
2018-08-30,10.731185,10.876519,10.490873,10.529119,9526500
2018-08-31,10.453902,10.749033,10.453902,10.708875,4807500
2018-09-04,10.566727,10.977870,10.508083,10.954923,8767500
2018-09-05,10.900102,11.020578,10.518918,10.797477,6303000
2018-09-06,10.701224,10.714610,9.904433,9.931205,13224000
2018-09-07,9.816467,10.246734,9.736788,9.810730,8241000
2018-09-10,10.051680,10.131997,9.843240,10.130721,5392500
2018-09-11,9.960526,10.044667,9.667308,9.827941,8391000
2018-09-12,9.501576,9.501576,8.847570,9.490740,19008000
2018-09-13,9.789696,10.172793,9.703643,9.824755,13285500
2018-09-14,9.994949,10.249923,9.891685,10.143472,9342000
2018-09-17,9.960526,10.103312,9.666032,9.688980,6747000
2018-09-18,9.823479,10.135184,9.823479,9.961164,6496500
2018-09-19,9.956702,10.141558,9.874474,10.017896,4318500
2018-09-20,10.177894,10.486411,10.177894,10.362750,9111000
2018-09-21,10.360197,10.504895,10.191278,10.269683,5826000
2018-09-24,10.022996,10.394619,9.954153,10.378683,5310000
2018-09-25,10.277177,10.304661,9.799688,9.861053,10809000
2018-09-26,9.760696,9.923054,9.551675,9.582996,5340000
2018-09-27,9.658423,9.799049,9.579162,9.707003,3802500
2018-09-28,9.640528,9.965884,9.574050,9.882787,7743000
2018-10-01,9.964604,10.211338,9.889817,9.965243,6400500
2018-10-02,9.899404,10.371139,9.882784,9.981222,8142000
2018-10-03,10.106509,10.192163,9.715954,9.997844,7701000
2018-10-04,9.818227,9.843796,9.204588,9.460271,15123000
2018-10-05,9.358638,9.489675,8.530864,8.792300,22242000
2018-10-08,8.629299,8.808278,8.258559,8.480365,12891000
2018-10-09,8.416445,8.585197,8.300110,8.473334,7024500
2018-10-10,8.156286,8.157565,7.338100,7.348968,26956500
2018-10-11,7.331710,7.771484,6.948185,7.115018,20209500
2018-10-12,7.709481,7.819424,7.191084,7.511327,13690500
2018-10-15,7.405857,7.555432,7.223683,7.310616,8487000
2018-10-16,7.587391,8.056570,7.525389,8.026526,10891500
2018-10-17,8.181217,8.250890,7.759978,7.924894,9156000
2018-10-18,7.825178,7.830292,7.244138,7.331710,15177000
2018-10-19,7.480644,7.591867,6.903440,6.985898,14745000
2018-10-22,7.127162,7.247334,6.931564,7.122048,8202000
2018-10-23,6.561465,7.127164,6.338382,7.007633,20764500
2018-10-24,6.657986,6.679720,5.593066,5.621830,29644500
2018-10-25,5.753506,6.138948,5.714514,6.004075,15933000
2018-10-26,5.598818,5.995766,5.393632,5.684473,19084500
2018-10-29,6.009188,6.106986,5.192920,5.516999,15058500
2018-10-30,5.485677,6.210539,5.458192,6.203507,18321000
2018-10-31,6.487955,6.571052,6.254006,6.426592,14517000
2018-11-01,6.514802,7.375175,6.509688,7.311254,19780500
2018-11-02,7.304223,7.363030,6.719348,6.983341,18301500
2018-11-05,6.948184,6.963525,6.461108,6.803723,12534000
2018-11-06,6.757062,7.118214,6.757062,7.050458,7428000
2018-11-07,7.341936,7.358556,7.042148,7.303583,13149000
2018-11-08,7.094564,7.364310,7.003157,7.207704,8494500
2018-11-09,6.903441,6.976950,6.617715,6.805642,8788500
2018-11-12,6.477088,6.479645,5.823179,5.913947,15409500
2018-11-13,6.009188,6.492429,6.009188,6.132555,10953000
2018-11-14,6.359474,6.492429,6.037952,6.204147,10629000
2018-11-15,6.135112,6.903439,6.104430,6.831847,14431500
2018-11-16,6.126803,6.676521,6.089090,6.587672,12009000
2018-11-19,6.426592,6.555712,5.813591,5.821262,13630500
2018-11-20,5.343135,6.083976,5.327794,5.848748,21753000
2018-11-21,6.059047,6.180497,5.908195,5.918422,10492500
2018-11-23,5.816789,6.072471,5.752867,5.915865,5686500
2018-11-26,6.168352,6.252727,5.985539,6.250171,10636500
2018-11-27,6.142144,6.436818,6.052655,6.290440,7797000
2018-11-28,6.479006,6.723184,6.117855,6.722545,11701500
2018-11-29,6.626024,6.760896,6.512884,6.562743,6813000
2018-11-30,6.580002,6.845911,6.363310,6.832488,9060000
2018-12-03,7.476169,7.537533,7.171907,7.384763,18288000
2018-12-04,7.213455,7.240941,6.296193,6.307699,18252000
2018-12-06,5.789941,6.204147,5.695338,6.204147,21013500
2018-12-07,6.162598,6.206703,5.424313,5.509328,19045500
2018-12-10,5.479926,5.802726,5.424955,5.742640,14008500
2018-12-11,6.012385,6.241861,5.742639,5.844273,23953500
2018-12-12,6.124245,6.354360,5.972114,6.103151,17592000
2018-12-13,6.217571,6.303864,5.967640,6.035397,13446000
2018-12-14,5.832767,6.145979,5.773960,5.777796,10413000
2018-12-17,5.720906,6.016858,5.456912,5.561104,15946500
2018-12-18,5.701092,6.045624,5.699814,5.780993,13204500
2018-12-19,5.725380,5.874316,4.967919,5.050377,29062500
2018-12-20,5.024809,5.279853,4.732691,4.921258,19387500
2018-12-21,5.016499,5.191643,4.638728,4.695617,19287000
2018-12-24,4.572252,4.720547,4.282691,4.287804,13795500
2018-12-26,4.461030,5.028646,4.243059,5.024811,17737500
2018-12-27,4.769678,5.139833,4.622129,5.137268,12370500
2018-12-28,5.248892,5.529877,5.113532,5.245684,17269500
2018-12-31,5.425308,5.476629,5.187305,5.345119,12660000
2019-01-02,4.985229,5.602369,4.978814,5.486896,13147500
2019-01-03,5.114815,5.185382,4.496393,4.511789,28599000
2019-01-04,4.736318,5.154588,4.702318,5.094926,17604000
2019-01-07,5.195005,5.536934,5.081456,5.393875,16641000
2019-01-08,5.557461,5.564519,5.098777,5.311119,14445000
2019-01-09,5.463801,5.794823,5.458669,5.721691,17928000
2019-01-10,5.543347,5.905804,5.540139,5.882710,12975000
2019-01-11,5.791616,6.207960,5.741578,6.046939,12399000
2019-01-14,5.821767,5.887201,5.668444,5.760823,10731000
2019-01-15,5.801239,6.007806,5.727464,5.798672,14590500
2019-01-16,5.869879,5.946220,5.649198,5.656896,10257000
2019-01-17,5.575424,5.943013,5.441347,5.852559,15876000
2019-01-18,6.027051,6.366415,5.928900,6.254148,15720000
2019-01-22,6.077090,6.083505,5.594028,5.728106,18655500
2019-01-23,5.838445,5.894898,5.447120,5.608782,15681000
2019-01-24,5.959051,6.639700,5.959051,6.567850,32491500
2019-01-25,6.634569,7.065026,6.511397,6.987402,17100000
2019-01-28,6.209883,6.730796,6.165619,6.561435,14305500
2019-01-29,6.598644,6.646117,6.251583,6.277885,9061500
2019-01-30,6.616606,6.896307,6.405547,6.822533,14400000
2019-01-31,6.799438,6.999592,6.639701,6.827665,10894500
2019-02-01,6.838570,7.159970,6.838570,7.066308,10723500
2019-02-04,7.082348,7.174084,6.896308,7.172801,4450500
2019-02-05,7.184990,7.367823,7.129819,7.272878,9172500
2019-02-06,7.537825,8.022171,7.530769,7.857300,17931000
2019-02-07,7.569899,7.666768,7.142649,7.332538,18687000
2019-02-08,6.998950,7.337030,6.913629,7.302388,10705500
2019-02-11,7.415293,7.456351,7.208084,7.406953,8164500
2019-02-12,7.685375,7.924661,7.637902,7.873981,13083000
2019-02-13,8.017678,8.123529,7.866281,7.942621,12480000
2019-02-14,7.829072,8.179340,7.829072,8.004848,11575500
2019-02-15,8.210776,8.253757,7.981755,8.134435,10102500
2019-02-19,7.991379,8.251193,7.987529,8.081833,7548000
2019-02-20,8.152399,8.448138,8.149832,8.304439,9694500
2019-02-21,8.326248,8.365379,8.043980,8.121603,11476500
2019-02-22,8.316623,8.404511,8.203716,8.375001,12757500
2019-02-25,8.789423,8.872820,8.563609,8.585421,12519000
2019-02-26,8.496251,8.611724,8.336513,8.407722,8319000
2019-02-27,8.289682,8.289682,7.843186,8.110699,15036000
2019-02-28,8.009982,8.196021,7.929150,8.130587,7447500
2019-03-01,8.374364,8.450703,8.083756,8.342929,10362000
2019-03-04,8.530251,8.590553,8.033717,8.346777,14767500
2019-03-05,8.324965,8.382061,8.129303,8.227455,7974000
2019-03-06,8.202436,8.233228,7.813676,7.825223,14940000
2019-03-07,7.698203,7.737336,7.420426,7.558994,15607500
2019-03-08,7.161896,7.565410,7.101593,7.546806,12711000
2019-03-11,7.687299,8.191531,7.646883,8.085039,12825000
2019-03-12,8.138924,8.307001,7.943902,8.179339,10372500
2019-03-13,8.309570,8.470591,8.243494,8.279419,8331000
2019-03-14,8.285191,8.396816,8.123530,8.138284,6633000
2019-03-15,8.434663,9.030633,8.391040,8.839460,22909500
2019-03-18,8.895273,9.030634,8.623911,8.781725,10273500
2019-03-19,9.025485,9.215068,8.981783,9.137307,13689000
2019-03-20,9.125098,9.281907,8.709299,8.877032,13167000
2019-03-21,8.904024,9.975978,8.904024,9.797318,21321000
2019-03-22,9.650792,9.711202,8.939369,8.963791,18607500
2019-03-25,8.815336,9.016489,8.407248,8.621897,23959500
2019-03-26,8.983712,9.110317,8.678451,8.884100,17310000
2019-03-27,8.900809,8.981784,8.299281,8.494650,19968000
2019-03-28,8.570482,8.764565,8.278072,8.450305,11520000
2019-03-29,8.747216,8.883459,8.674596,8.839116,12793500
2019-04-01,9.232423,9.513907,9.115460,9.490129,18229500
2019-04-02,9.475348,9.590383,9.346816,9.520334,8290500
2019-04-03,9.868011,10.419412,9.846161,10.168776,30327000
2019-04-04,10.060163,10.406555,10.055663,10.207332,14100000
2019-04-05,10.403986,10.456683,10.218900,10.440617,7863000
2019-04-08,10.298594,10.539590,10.234328,10.515812,7659000
2019-04-09,10.346788,10.346788,10.019033,10.161060,16965000
2019-04-10,10.159776,10.507454,10.141140,10.421980,13528500
2019-04-11,10.475321,10.608994,10.295377,10.396275,9259500
2019-04-12,10.693825,10.834567,10.579432,10.828783,12208500
2019-04-15,10.824929,10.860918,10.407201,10.598071,9196500
2019-04-16,10.796007,11.613468,10.770301,11.607684,19468500
2019-04-17,12.274762,12.592236,11.859606,12.135948,16183500
2019-04-18,12.147515,12.265765,11.973998,12.159083,9463500
2019-04-22,11.985568,12.245202,11.850609,12.164227,4671000
2019-04-23,12.317821,12.648148,12.237489,12.529255,8796000
2019-04-24,12.500335,13.266383,12.500335,12.892356,11011500
2019-04-25,12.785034,12.785034,11.858322,12.190576,12978000
2019-04-26,11.499073,11.889166,11.126331,11.885310,13794000
2019-04-29,11.925798,11.968857,11.666165,11.822973,4995000
2019-04-30,11.769634,12.166155,11.750354,12.085179,6696000
2019-05-01,12.468205,12.634654,11.769636,11.788916,12915000
2019-05-02,11.727217,12.551105,11.699583,12.181577,13312500
2019-05-03,12.400081,12.443139,12.002277,12.425788,8863500
2019-05-06,11.188029,11.842255,11.067852,11.815264,17829000
2019-05-07,11.376330,11.432241,10.565296,10.952819,24256500
2019-05-08,10.724674,11.182247,10.626990,10.689970,12007500
2019-05-09,10.186124,10.457326,9.596807,10.309515,18993000
2019-05-10,10.101937,10.529947,9.614803,10.339721,20788500
2019-05-13,9.314683,9.503624,8.752356,8.880245,24391500
2019-05-14,9.209283,9.646933,9.085893,9.515831,17139000
2019-05-15,9.179084,9.939990,9.170729,9.749121,14703000
2019-05-16,9.318537,9.577528,9.078182,9.254272,21981000
2019-05-17,8.825621,9.365454,8.596835,8.707373,24265500
2019-05-20,7.927827,8.071782,7.499817,7.663694,26760000
2019-05-21,8.161754,8.266506,7.948391,8.145687,19236000
2019-05-22,7.694542,7.884126,7.553800,7.636059,15225000
2019-05-23,7.202266,7.282599,6.897004,7.249823,20860500
2019-05-24,7.434907,7.525521,7.047384,7.061522,13459500
2019-05-28,7.188769,7.262032,6.839806,6.869368,13249500
2019-05-29,6.700350,7.058954,6.654721,6.962555,20284500
2019-05-30,7.033246,7.299306,6.966409,7.121289,19113000
2019-05-31,6.855874,7.163064,6.794178,6.812173,18478500
2019-06-03,7.067949,7.262031,6.757546,6.877723,23410500
2019-06-04,7.262032,7.765233,7.062809,7.750453,32151000
2019-06-05,8.005589,8.011372,7.296736,7.596215,25533000
2019-06-06,7.593643,7.993376,7.544802,7.911758,14176500
2019-06-07,7.967669,8.231159,7.931037,8.159824,14091000
2019-06-10,8.532565,9.084608,8.470870,8.796056,21726000
2019-06-11,9.290902,9.318537,8.670096,8.862249,18606000
2019-06-12,8.600688,8.624466,8.210594,8.236944,11925000
2019-06-13,8.452879,8.486296,8.193887,8.393111,11455500
2019-06-14,7.647627,7.850065,7.569224,7.727961,14856000
2019-06-17,7.744025,7.818575,7.556370,7.572436,8601000
2019-06-18,7.851350,8.714439,7.802508,8.560202,26061000
2019-06-19,8.701586,8.754284,8.440024,8.576910,13185000
2019-06-20,9.130238,9.208643,8.686162,8.814693,19162500
2019-06-21,8.686162,8.913663,8.602617,8.632821,12225000
2019-06-24,8.689375,8.804411,8.605829,8.690018,9433500
2019-06-25,8.712801,8.853102,8.289967,8.320860,12205500
2019-06-26,8.870476,9.261773,8.825425,9.102808,19284000
2019-06-27,9.270785,9.655003,9.270785,9.504405,13567500
2019-06-28,9.775354,9.805602,9.484455,9.543664,11226000
2019-07-01,10.792853,11.043849,10.078477,10.315959,21082500
2019-07-02,10.194324,10.194324,9.753471,9.883474,12142500
2019-07-03,9.921446,9.921446,9.534654,9.729659,9478500
2019-07-05,9.412374,9.606735,9.256627,9.574556,9699000
2019-07-08,9.310690,9.440051,9.187123,9.342870,8194500
2019-07-09,9.205784,9.584854,9.131129,9.558466,9168000
2019-07-10,9.876396,10.166008,9.710995,9.759264,16626000
2019-07-11,9.904715,9.954270,9.660797,9.833277,8664000
2019-07-12,9.938819,10.405416,9.913077,10.395118,12400500
2019-07-15,10.554729,10.779983,10.458191,10.637108,8479500
2019-07-16,10.483293,10.554088,10.135760,10.292793,9934500
2019-07-17,10.518690,10.547008,10.282496,10.379033,7201500
2019-07-18,10.422152,10.911274,10.401558,10.854639,13081500
2019-07-19,11.001375,11.101774,10.764538,10.782557,9180000
2019-07-22,10.971125,11.468613,10.947312,11.413908,13075500
2019-07-23,11.652036,11.848328,11.462823,11.848328,10419000
2019-07-24,12.099324,13.007417,12.079373,12.928257,23553000
2019-07-25,12.688201,12.691419,12.173336,12.272449,14809500
2019-07-26,12.520227,12.540823,12.246062,12.263438,8842500
2019-07-29,12.163683,12.417897,11.895309,12.358045,7939500
2019-07-30,12.024669,12.361262,11.895953,12.274379,5961000
2019-07-31,12.077441,12.077441,10.724633,11.088901,21309000
2019-08-01,10.970483,11.886299,10.142838,10.423438,25618500
2019-08-02,10.091352,10.364231,9.685896,9.934962,16612500
2019-08-05,9.061622,9.103455,8.400663,8.636858,22728000
2019-08-06,9.091227,9.331284,8.694138,8.983749,20334000
2019-08-07,8.579580,9.239894,8.559630,9.172962,19701000
2019-08-08,9.452275,9.922733,9.228308,9.922733,18787500
2019-08-09,9.602871,9.721934,9.176820,9.367965,17550000
2019-08-12,9.135633,9.367967,8.883994,9.032017,12654000
2019-08-13,8.997264,10.050806,8.817705,9.829414,19845000
2019-08-14,9.151722,9.384698,8.760425,8.907804,27957000
2019-08-15,9.145289,9.145289,8.619483,8.834438,14976000
2019-08-16,9.214794,9.631835,9.151723,9.557179,16189500
2019-08-19,10.224574,10.343637,9.956200,10.106155,15972000
2019-08-20,10.033430,10.160215,9.785007,9.945903,8716500
2019-08-21,10.265117,10.361653,10.070756,10.227790,9754500
2019-08-22,10.284427,10.382895,9.891200,10.216851,9760500
2019-08-23,9.821048,10.075264,8.791319,8.893004,31515000
2019-08-26,9.333857,9.350589,9.002411,9.113108,11319000
2019-08-27,9.341583,9.428467,8.862115,9.017861,11251500
2019-08-28,8.876273,9.221876,8.688990,9.183261,10600500
2019-08-29,9.589358,9.989665,9.589358,9.804957,18906000
2019-08-30,10.079124,10.231653,9.817830,9.972289,10582500
2019-09-03,9.654361,9.752829,9.290738,9.453565,12528000
2019-09-04,9.910506,10.240019,9.896347,10.226504,19119000
2019-09-05,10.879737,11.536833,10.837260,11.181577,17769000
2019-09-06,11.236926,11.346334,11.005880,11.226627,7131000
2019-09-09,11.442873,11.666196,11.243363,11.384308,9319500
2019-09-10,11.206035,11.534262,10.980138,11.534262,7002000
2019-09-11,11.699659,12.051054,11.487921,12.051054,9793500
2019-09-12,12.357401,12.489978,11.906893,12.157247,11793000
2019-09-13,12.161109,12.263439,11.855409,12.047195,6118500
2019-09-16,11.713175,11.964172,11.476337,11.801990,6535500
2019-09-17,11.722831,11.931351,11.520746,11.909470,5451000
2019-09-18,11.866348,11.946152,11.424207,11.932637,8751000
2019-09-19,12.040114,12.121850,11.697729,11.751146,7227000
2019-09-20,11.893381,11.893381,10.940881,11.095984,11719500
2019-09-23,11.030337,11.615996,11.030337,11.435149,8188500
2019-09-24,11.693875,11.706125,10.704235,10.881532,18163500
2019-09-25,10.702944,11.545590,10.439899,11.437922,11985000
2019-09-26,11.448882,11.572668,11.132326,11.474026,10096500
2019-09-27,11.225164,11.351528,10.395413,10.637827,17278500
2019-09-30,10.831244,11.007897,10.654591,10.974371,7299000
2019-10-01,11.192284,11.592009,10.551436,10.673931,14653500
2019-10-02,10.356731,10.479872,9.967322,10.170408,19338000
2019-10-03,10.188459,10.715193,9.811945,10.690695,17961000
2019-10-04,10.796429,11.282547,10.769997,11.270297,13695000
2019-10-07,11.172945,11.375386,11.009187,11.013700,9079500
2019-10-08,10.670061,10.694562,9.971833,10.000846,25107000
2019-10-09,10.412178,10.701656,10.319983,10.505017,15838500
2019-10-10,10.581093,11.137484,10.544989,10.810613,18492000
2019-10-11,11.411490,11.929842,11.375385,11.536564,27876000
2019-10-14,11.496590,11.604902,11.363778,11.534628,7069500
2019-10-15,11.732556,12.374694,11.698387,12.290881,19419000
2019-10-16,12.113586,12.273475,11.679691,11.756413,15471000
2019-10-17,12.181279,12.283144,11.646808,11.879552,12418500
2019-10-18,11.801541,11.886000,11.134905,11.483051,14661000
2019-10-21,11.758348,12.143245,11.714507,12.136151,11613000
2019-10-22,12.204489,12.281210,11.835066,11.852473,9618000
2019-10-23,11.194863,11.475959,10.944067,11.163271,15555000
2019-10-24,11.604903,11.990445,11.541076,11.973037,14469000
2019-10-25,12.045889,12.739603,12.033638,12.709947,18265500
2019-10-28,12.959452,13.431385,12.950425,13.376583,15250500
2019-10-29,13.441056,13.698941,12.981372,13.025857,10779000
2019-10-30,13.290838,13.290838,12.739605,13.027793,8559000
2019-10-31,12.865969,12.906586,12.291526,12.782801,9952500
2019-11-01,13.147712,13.664130,12.992336,13.664130,10477500
2019-11-04,14.182480,14.633138,14.147022,14.558996,12294000
2019-11-05,14.734358,14.967746,14.477117,14.642808,9777000
2019-11-06,14.564798,14.570600,13.873661,14.312714,11104500
2019-11-07,14.999336,15.056072,14.391368,14.593809,12427500
2019-11-08,14.415224,14.826553,14.156693,14.826553,7299000
2019-11-11,14.434566,14.675690,14.263072,14.585430,6657000
2019-11-12,14.802054,15.047046,14.513866,14.714373,13849500
2019-11-13,14.398462,14.847829,14.248242,14.705992,12061500
2019-11-14,14.559641,14.629270,14.256624,14.584785,11265000
2019-11-15,15.105073,15.344263,14.777557,14.963880,14211000
2019-11-18,14.974192,15.159225,14.636361,14.872971,8130000
2019-11-19,15.054138,15.148266,14.408132,14.642808,12429000
2019-11-20,14.404907,14.667950,13.814990,14.139284,17808000
2019-11-21,13.932329,14.063852,13.498435,13.656390,15439500
2019-11-22,13.871727,14.012920,13.539054,13.649301,10084500
2019-11-25,14.054826,14.664083,14.039997,14.642163,14046000
2019-11-26,14.567376,14.597679,14.254689,14.444236,10887000
2019-11-27,14.667954,14.772398,14.558998,14.753701,7248000
2019-11-29,14.540943,14.574468,14.229544,14.276608,4399500
2019-12-02,14.288217,14.388793,13.573225,13.648657,13189500
2019-12-03,12.720264,13.031663,12.552638,13.024571,14646000
2019-12-04,13.602881,13.774376,13.474583,13.636407,8785500
2019-12-05,13.845294,14.006472,13.624801,13.800164,7833000
2019-12-06,14.270806,14.523534,14.242437,14.441655,9769500
2019-12-09,14.441659,14.556418,14.190864,14.197955,4908000
2019-12-10,14.386211,14.651834,14.214071,14.355909,7432500
2019-12-11,14.528692,15.329431,14.474536,15.297195,11976000
2019-12-12,15.216609,16.585342,15.202425,16.538279,20947500
2019-12-13,16.491860,17.032132,16.054098,16.266209,21313500
2019-12-16,16.814215,17.174610,16.712349,16.727821,10213500
2019-12-17,16.985061,17.075322,16.698161,16.947668,9778500
2019-12-18,17.000540,17.085000,16.756194,16.923174,7486500
2019-12-19,17.085639,17.337079,16.892223,17.320961,7558500
2019-12-20,17.614312,17.965682,17.443460,17.877356,10882500
2019-12-23,18.309634,18.316734,17.942408,17.997911,11043000
2019-12-24,18.077301,18.131516,17.812047,18.131516,3774000
2019-12-26,18.228960,18.270910,17.961771,18.199917,5878500
2019-12-27,18.384501,18.384501,17.852055,17.997269,7303500
2019-12-30,17.919822,17.944992,17.207315,17.618425,9241500
2019-12-31,17.344139,17.794618,17.298962,17.736534,5722500
2020-01-02,18.401926,18.844661,18.154097,18.842726,10438500
2020-01-03,17.909493,18.282526,17.691354,17.824947,14713500
2020-01-06,17.167946,17.422231,16.873004,17.259592,11313000
2020-01-07,17.816553,18.399338,17.544845,18.149572,10441500
2020-01-08,18.225733,18.512929,17.895939,18.189590,10024500
2020-01-09,18.844657,18.860793,17.955313,18.503893,11472000
2020-01-10,18.757534,18.763343,17.990814,18.125700,11304000
2020-01-13,18.516158,18.878866,18.316088,18.836269,8160000
2020-01-14,18.849179,19.379041,18.609096,18.957603,9610500
2020-01-15,18.948569,18.996972,18.070843,18.274139,11518500
2020-01-16,18.725906,19.191230,18.683956,19.189939,10807500
2020-01-17,19.436481,19.590083,19.117014,19.562330,11839500
2020-01-21,19.319020,19.748848,19.297076,19.526190,6961500
2020-01-22,19.975378,20.611728,19.812739,19.992157,10747500
2020-01-23,20.223853,20.458774,19.602345,20.448448,9354000
2020-01-24,21.250021,21.362319,19.320312,19.757240,19885500
2020-01-27,17.992750,18.196693,17.364787,17.465467,19500000
2020-01-28,18.135383,18.874352,17.748149,18.715586,14221500
2020-01-29,18.507122,18.629102,17.621653,17.683609,12270000
2020-01-30,17.329290,17.786225,16.596130,17.617779,17106000
2020-01-31,17.191175,17.213118,15.522205,15.722275,22954500
2020-02-03,15.942351,16.399929,15.879102,16.322483,13681500
2020-02-04,17.557113,17.880452,17.320902,17.844955,15466500
2020-02-05,18.793673,19.091196,18.224440,19.013103,19452000
2020-02-06,19.072477,19.093776,18.341900,19.025364,12234000
2020-02-07,18.465819,18.541974,17.651340,17.682964,16014000
2020-02-10,17.271853,18.483889,17.264107,18.483889,11137500
2020-02-11,18.986001,19.880507,18.973738,19.593309,16857000
2020-02-12,20.225791,20.549774,20.136080,20.454258,11917500
2020-02-13,19.906322,20.935069,19.859854,20.499432,13008000
2020-02-14,20.959596,21.207425,20.005068,20.367775,11269500
2020-02-18,19.297080,19.635264,19.104109,19.521675,16186500
2020-02-19,20.320014,21.114486,20.268383,21.038330,13075500
2020-02-20,20.781468,20.975085,19.142829,20.098003,20755500
2020-02-21,19.695286,19.716583,18.070847,18.293505,25333500
2020-02-24,15.704205,16.471570,15.426043,15.683552,30187500
2020-02-25,16.354755,16.382507,13.990702,14.243050,38751000
2020-02-26,14.587687,15.268570,14.069440,14.362447,33132000
2020-02-27,13.011004,13.884213,12.254610,12.335283,38827500
2020-02-28,11.100658,13.423406,11.081296,13.230435,45580500
2020-03-02,14.037170,14.541218,12.605056,14.540572,36516000
2020-03-03,14.724507,15.317618,12.699282,13.068443,32919000
2020-03-04,13.850008,14.995569,13.297556,14.981371,20538000
2020-03-05,13.737711,14.798082,13.295621,13.637675,23968500
2020-03-06,12.585052,13.132985,11.810587,12.818037,26310000
2020-03-09,9.811821,11.416254,9.551730,9.570446,31191000
2020-03-10,10.772804,11.397538,9.616270,11.397538,33006000
2020-03-11,10.377180,10.777321,9.119321,9.463958,33735000
2020-03-12,7.525861,8.630763,6.584241,6.585532,47734500
2020-03-13,7.816285,8.454572,6.324794,8.384871,43620000
2020-03-16,5.794285,6.870791,5.098558,5.148899,47341500
2020-03-17,5.150189,5.800739,4.240839,5.660689,73488000
2020-03-18,4.453819,5.095979,3.452823,4.195018,67953000
2020-03-19,4.080782,4.904297,3.727110,4.513192,67534500
2020-03-20,5.054026,5.259259,4.117569,4.127250,63204000
2020-03-23,4.388632,4.781028,3.956868,4.511256,63927000
2020-03-24,5.398312,6.072859,5.376344,6.056705,67669500
2020-03-25,6.167191,6.797155,5.531411,5.819580,65236500
2020-03-26,6.269924,7.042680,6.073504,6.983237,55215000
2020-03-27,6.278970,6.605258,5.862224,5.908098,51672000
2020-03-30,6.135531,6.589106,5.967540,6.543877,39718500
2020-03-31,6.553570,6.864352,5.974002,6.121317,50964000
2020-04-01,5.512027,5.966248,4.949260,5.130818,47541000
2020-04-02,5.024209,5.618637,5.015809,5.600546,43654500
2020-04-03,5.605715,5.776937,5.047470,5.267795,43627500
2020-04-06,5.944280,6.958038,5.937172,6.883735,51997500
2020-04-07,7.665537,7.733379,6.765496,6.797155,79462500
2020-04-08,7.165442,7.561513,6.846261,7.478164,50287500
2020-04-09,7.792821,7.975672,6.770664,6.987759,75898500
2020-04-13,6.939301,7.291435,6.748696,7.239746,36957000
2020-04-14,7.746304,8.230892,7.695907,8.201170,51487500
2020-04-15,7.726918,7.728210,7.273989,7.535666,37128000
2020-04-16,7.905895,8.174680,7.592528,8.090038,47277000
2020-04-17,8.583670,8.614037,8.011857,8.300025,47445000
2020-04-20,7.947892,8.302610,7.753410,7.764394,35502000
2020-04-21,7.407090,7.534375,6.558737,6.673747,60042000
2020-04-22,7.264298,7.931092,7.184825,7.791530,37150500
2020-04-23,7.831588,8.079698,7.514345,7.593817,42906000
2020-04-24,7.621601,8.119758,7.391583,8.077113,34429500
2020-04-27,8.399526,8.642465,8.280640,8.403402,42303000
2020-04-28,8.851165,9.001711,8.239938,8.272243,55147500
2020-04-29,8.694803,9.546387,8.656036,9.459161,42030000
2020-04-30,9.328002,9.357722,8.400823,8.464788,55264500
2020-05-01,7.882634,7.914940,7.094371,7.178366,65224500
2020-05-04,6.986467,7.400629,6.914102,7.379953,35217000
2020-05-05,7.802514,8.174677,7.605448,7.754055,47706000
2020-05-06,8.011857,8.391128,7.960813,8.022840,46401000
2020-05-07,8.444110,8.548134,8.128159,8.258028,32518500
2020-05-08,8.511950,8.995891,8.426016,8.979738,38311500
2020-05-11,8.686404,9.190375,8.663789,8.955188,27099000
2020-05-12,9.143854,9.224618,8.196000,8.196000,34702500
2020-05-13,8.417618,8.470600,7.390291,7.754702,53503500
2020-05-14,7.572497,8.399528,7.171905,8.374330,54496500
2020-05-15,7.546653,7.938845,7.404506,7.849681,55647000
2020-05-18,8.399528,9.061799,8.399528,8.948082,42394500
2020-05-19,8.902852,9.461744,8.826611,8.840825,40813500
2020-05-20,9.378395,9.995436,9.373226,9.846184,39808500
2020-05-21,9.842955,9.851355,9.036601,9.081182,37935000
2020-05-22,9.158069,9.238834,8.755538,9.212989,25134000
2020-05-26,9.933412,10.067804,9.448178,9.498575,41682000
2020-05-27,9.612293,9.911446,8.767170,9.904337,41941500
2020-05-28,9.743450,10.096876,9.110254,9.254339,33565500
2020-05-29,9.379041,10.058111,9.271786,9.957316,38440500
2020-06-01,9.761542,9.957316,9.562538,9.833907,21564000
2020-06-02,9.916611,10.467103,9.762834,10.467103,34992000
2020-06-03,10.873511,11.510584,10.873511,11.384591,30483000
2020-06-04,11.284442,11.934436,11.124204,11.684388,31461000
2020-06-05,12.528862,13.051572,12.431299,12.535324,26946000
2020-06-08,12.851922,12.851922,12.073350,12.459083,25800000
2020-06-09,12.030707,12.608983,11.902776,12.480405,22317000
2020-06-10,12.747897,12.970162,12.459083,12.595414,23647500
2020-06-11,11.631406,11.781306,10.177642,10.191856,47562000
2020-06-12,11.137774,11.241154,9.943103,10.614419,35401500
2020-06-15,9.944394,11.108697,9.803539,11.080268,29254500
2020-06-16,12.023603,12.232299,11.080271,11.667592,30856500
2020-06-17,11.916991,12.278171,11.759984,11.990648,21156000
2020-06-18,11.830412,12.095966,11.728971,11.935082,13989000
2020-06-19,12.346658,12.463605,11.635929,11.694726,29616000
2020-06-22,11.752876,12.065596,11.347114,12.007445,19461000
2020-06-23,12.241071,12.489306,12.044552,12.112429,18909000
2020-06-24,11.886174,12.105319,11.023171,11.298556,31200000
2020-06-25,11.285627,11.627596,10.753603,11.576528,21685500
2020-06-26,11.442065,11.641170,10.819539,10.883537,21492000
2020-06-29,10.906811,11.266880,10.505368,11.257830,17931000
2020-06-30,11.390352,12.265637,11.390352,12.166731,32251500
2020-07-01,12.174491,12.180956,11.625659,11.657982,21469500
2020-07-02,12.147337,12.415612,11.954697,12.091743,24289500
2020-07-06,12.707804,13.182295,12.690996,13.061409,21822000
2020-07-07,12.895275,13.200396,12.508700,12.578517,17728500
2020-07-08,12.896567,13.122822,12.561709,13.098905,14014500
2020-07-09,13.252114,13.859125,12.673545,13.619940,25341000
2020-07-10,13.646442,13.767328,13.072399,13.484185,16764000
2020-07-13,14.053057,14.507507,12.734956,12.811236,24480000
2020-07-14,12.599201,13.538485,12.025158,13.490002,25491000
2020-07-15,13.769267,13.779610,12.734956,13.354897,20254500
2020-07-16,12.929534,13.347784,12.728491,13.191991,13903500
2020-07-17,13.433762,13.578566,13.187467,13.436348,12028500
2020-07-20,13.499700,14.326503,13.213971,14.264444,16717500
2020-07-21,14.511384,14.579261,13.813871,13.962553,16822500
2020-07-22,14.092488,14.451265,13.786074,14.129982,13956000
2020-07-23,14.110590,14.487467,13.100197,13.471903,22534500
2020-07-24,12.758872,13.413720,12.247535,12.829981,19546500
2020-07-27,13.316756,14.060814,13.299302,14.045300,17731500
2020-07-28,13.799649,13.799649,13.142216,13.214618,20592000
2020-07-29,13.623817,14.208203,13.531375,14.070510,19687500
2020-07-30,13.876579,14.908950,13.865588,14.894082,25672500
2020-07-31,15.004623,15.005916,14.009098,14.642614,26299500
2020-08-03,14.923816,15.590299,14.923169,15.514019,16984500
2020-08-04,15.443560,16.203778,15.400894,16.180506,12100500
2020-08-05,16.130082,16.339532,15.773245,16.148829,12822000
2020-08-06,16.035699,16.167573,15.598057,16.090000,10840500
2020-08-07,15.974935,16.225756,14.975532,15.543110,17872500
2020-08-10,15.635552,15.740278,14.869517,15.552808,11625000
2020-08-11,15.508850,15.974291,14.916706,15.037592,15201000
2020-08-12,15.422873,16.634956,15.296170,16.552212,18397500
2020-08-13,16.559324,16.559324,15.775187,16.010492,12742500
2020-08-14,16.148184,16.548333,15.813972,15.954250,12001500
2020-08-17,16.347287,16.757133,16.270359,16.558027,11739000
2020-08-18,16.751960,16.847634,16.121677,16.284582,11410500
2020-08-19,16.302681,16.417747,15.824310,15.968469,10309500
2020-08-20,15.494627,15.786820,15.217302,15.552808,16498500
2020-08-21,15.558625,15.902532,15.288411,15.895423,10789500
2020-08-24,16.377025,16.530879,15.974936,16.335007,11776500
2020-08-25,16.364741,16.863795,16.364741,16.861210,11626500
2020-08-26,16.973692,17.181847,16.735800,17.051266,11527500
2020-08-27,17.128189,17.220631,16.086121,16.386717,17893500
2020-08-28,16.489502,17.330527,16.384778,17.315012,13989000
2020-08-31,17.299504,17.641471,16.859920,17.266535,12093000
2020-09-01,17.576824,18.262053,17.328589,18.238783,10255500
2020-09-02,19.032619,20.129634,18.541320,19.874937,18729000
2020-09-03,18.977671,19.005468,16.099054,16.483042,37044000
2020-09-04,16.111978,16.836643,14.225654,16.026001,26686500
2020-09-08,14.262507,15.139086,13.702685,13.744058,21556500
2020-09-09,14.747982,15.210837,14.221776,14.880503,19171500
2020-09-10,15.369217,15.591592,13.989058,14.262504,19227000
2020-09-11,14.573444,15.005916,13.760863,14.212729,14871000
2020-09-14,15.081549,15.373096,14.748630,15.111285,11850000
2020-09-15,15.663997,16.179861,15.609696,15.888312,11725500
2020-09-16,16.088709,16.272946,15.353056,15.409944,10791000
2020-09-17,14.301936,15.486867,14.113175,15.339478,14704500
2020-09-18,15.528889,15.711187,14.079561,14.624513,17329500
2020-09-21,13.758923,14.576029,13.472549,14.554049,25779000
2020-09-22,14.891495,15.104175,14.109944,15.081550,13864500
2020-09-23,14.995574,15.307806,13.830034,13.958676,14178000
2020-09-24,13.667131,14.939979,13.639979,14.366583,24952500
2020-09-25,14.444156,15.078319,13.792540,14.986523,15505500
2020-09-28,15.554744,16.225109,15.283885,16.210239,15123000
2020-09-29,16.104223,16.748081,16.104223,16.345346,19848000
2020-09-30,16.194079,16.870907,16.096467,16.367327,20143500
2020-10-01,16.990502,17.530284,16.814670,17.383541,18271500
2020-10-02,16.165636,16.922622,15.790052,15.834009,24060000
2020-10-05,16.281350,17.381598,16.260018,17.379658,14751000
2020-10-06,17.320836,18.316360,16.872850,17.082943,16638000
2020-10-07,17.813424,18.213573,17.794032,18.113375,13549500
2020-10-08,18.588509,18.843208,18.377769,18.742363,11172000
2020-10-09,19.412079,19.874288,19.318990,19.725605,18609000
2020-10-12,20.449622,20.899548,20.170358,20.582144,15901500
2020-10-13,20.606063,21.018495,20.202034,20.557579,14068500
2020-10-14,20.691396,20.937691,19.872998,20.231775,11320500
2020-10-15,19.200051,20.197514,18.981552,20.072105,10518000
2020-10-16,20.568574,20.573100,19.746297,19.785730,8916000
2020-10-19,20.233715,20.617703,19.243361,19.467031,11283000
2020-10-20,19.743059,19.898206,19.241418,19.404968,6909000
2020-10-21,19.543950,19.635746,18.956333,18.995119,8161500
2020-10-22,19.127643,19.316406,18.338980,19.061707,9789000
2020-10-23,18.888463,18.888463,18.263996,18.782446,6975000
2020-10-26,18.310537,18.552954,16.872198,17.582642,13960500
2020-10-27,17.954994,18.099151,17.188958,17.400991,7834500
2020-10-28,16.556735,16.567078,15.605815,15.669166,15634500
2020-10-29,15.773893,17.354451,15.642666,16.916807,10749000
2020-10-30,16.382838,16.663396,15.521775,16.093231,11187000
2020-11-02,16.622022,16.872196,15.925801,16.352455,10897500
2020-11-03,16.807555,17.705467,16.770062,17.325357,12472500
2020-11-04,18.388112,19.362950,17.728739,19.141220,17590500
2020-11-05,20.686219,21.808449,20.679757,21.665583,20565000
2020-11-06,21.477470,22.961708,21.268669,22.780056,15370500
2020-11-09,24.204819,24.822174,21.869862,21.909941,16741500
2020-11-10,21.328784,21.616452,19.787662,19.939575,16570500
2020-11-11,20.877566,22.217000,20.847183,22.112276,11782500
2020-11-12,22.149774,22.392836,20.926055,21.256388,11928000
2020-11-13,21.972642,22.604865,21.602877,22.045044,10963500
2020-11-16,22.564144,23.705118,22.399301,23.670856,12468000
2020-11-17,23.423268,23.481448,22.575134,23.094229,9009000
2020-11-18,23.193133,23.712228,22.566728,22.604221,10455000
2020-11-19,22.528587,23.665683,21.992686,23.653400,8220000
2020-11-20,23.631425,24.220983,23.182794,23.269417,11338500
2020-11-23,23.692840,24.524814,23.353456,24.322475,11436000
2020-11-24,24.758821,24.791144,23.571950,24.715509,9943500
2020-11-25,24.597214,25.076876,24.156339,24.451117,6964500
2020-11-27,24.941119,25.798306,24.940474,25.292786,8937000
2020-11-30,25.440173,26.327096,24.502183,26.243704,10632000
2020-12-01,26.904375,28.055046,26.698158,27.636150,12735000
2020-12-02,27.362700,28.219239,27.215313,27.846241,7210500
2020-12-03,28.344652,28.785528,27.765439,27.888264,7801500
2020-12-04,28.348526,30.247133,28.099645,30.209641,10473000
2020-12-07,30.773340,30.773340,29.757129,30.604618,8889000
2020-12-08,30.496662,31.294376,30.099745,30.990545,6286500
2020-12-09,30.647936,31.185776,27.749925,28.340130,19231500
2020-12-10,27.751859,28.917398,27.280601,28.285175,11490000
2020-12-11,27.551462,27.983933,26.439577,27.309046,13248000
2020-12-14,28.109348,28.782942,27.926403,28.337543,10854000
2020-12-15,29.362800,29.756483,28.848231,29.519239,7351500
2020-12-16,29.778459,29.790096,28.795217,29.453945,6372000
2020-12-17,29.981444,30.050615,29.265186,29.611679,6106500
2020-12-18,29.801091,29.930380,28.660762,29.225109,8797500
2020-12-21,28.120333,28.793282,27.312279,28.649771,11620500
2020-12-22,28.803063,28.919437,27.885653,28.543808,6235500
2020-12-23,28.728067,28.898749,27.913453,27.950953,4338000
2020-12-24,28.285200,28.764270,28.152015,28.757803,2637000
2020-12-28,29.696554,29.804523,28.480452,28.594238,7542000
2020-12-29,28.964047,28.964047,27.429212,28.374422,7833000
2020-12-30,28.775266,29.957748,28.705442,29.841375,7807500
2020-12-31,29.844606,30.240920,29.265324,30.158813,5871000
2021-01-04,30.714823,32.637569,29.026115,29.742456,17731500
2021-01-05,29.523929,31.522964,29.523929,31.465424,8538000
2021-01-06,30.575169,33.128272,30.338543,31.233971,16782000
2021-01-07,32.629160,35.029686,32.599421,34.676041,10443000
2021-01-08,36.373795,36.795328,33.582775,34.705132,13090500
2021-01-11,33.908621,36.729385,33.878234,35.969078,9625500
2021-01-12,36.527015,37.587306,35.596676,36.675716,10501500
2021-01-13,37.453483,37.756701,36.269708,36.773346,6897000
2021-01-14,38.034705,40.355061,38.034705,39.166111,11373000
2021-01-15,38.977328,39.094991,35.983943,36.680893,16302000
2021-01-19,38.319818,40.532206,38.220252,40.407429,13351500
2021-01-20,41.858868,42.206046,39.713716,40.070595,11220000
2021-01-21,41.107610,42.204751,39.855300,41.854340,11056500
2021-01-22,40.730686,41.192302,39.541736,39.557255,12573000
2021-01-25,40.743619,40.866458,37.459952,39.727291,12499500
2021-01-26,39.806167,39.806167,37.821355,37.875015,7641000
2021-01-27,35.752496,35.928995,31.555293,32.142334,25056000
2021-01-28,33.942895,35.471266,33.140563,34.072197,16110000
2021-01-29,34.269390,34.738764,31.906361,32.391251,15256500
2021-02-01,34.025634,36.393186,33.589880,36.219273,13749000
2021-02-02,37.950017,37.976523,36.334366,37.867908,10789500
2021-02-03,38.273913,38.593938,35.466083,35.525562,14184000
2021-02-04,35.238508,36.470774,34.455572,36.403534,8400000
2021-02-05,37.174830,37.174830,35.479660,35.612843,8242500
2021-02-08,36.329195,38.920441,36.313676,38.920441,17278500
2021-02-09,38.438785,39.314820,37.863382,38.424564,8659500
2021-02-10,39.437649,40.063478,37.216856,38.787895,15432000
2021-02-11,39.649065,42.829937,39.649065,42.829937,20781000
2021-02-12,42.173717,44.622730,41.704347,44.388691,15841500
2021-02-16,45.906072,46.406480,44.426189,45.174213,14367000
2021-02-17,43.736995,44.358947,40.865161,42.680584,19341000
2021-02-18,40.927874,41.958422,39.780950,41.395306,15594000
2021-02-19,43.295439,45.112157,42.886835,44.414562,23602500
2021-02-22,42.673480,43.577960,38.965693,39.573421,22419000
2021-02-23,37.333233,39.512648,34.009479,38.770447,27033000
2021-02-24,37.804536,42.508605,36.916219,42.423267,17964000
2021-02-25,40.795992,41.709524,34.624324,35.124081,35817000
2021-02-26,36.796624,38.500850,34.721299,37.540768,29536500
2021-03-01,39.365233,41.271816,38.354724,41.271816,24520500
2021-03-02,41.642283,41.690775,37.287980,37.384956,19687700
2021-03-03,37.724371,37.811651,33.767674,33.951931,21749000
2021-03-04,33.777378,34.126496,27.580494,29.073952,34294300
2021-03-05,31.246255,31.963889,26.891950,31.760237,30945800
2021-03-08,31.721447,31.934800,26.668903,26.688299,28761200
2021-03-09,29.423074,32.080268,29.093349,31.469307,19994900
2021-03-10,33.156722,33.156722,29.694615,29.791592,19953500
2021-03-11,32.293615,33.981030,31.857214,33.428257,19094300
2021-03-12,31.537194,32.574856,30.887442,32.409992,17047600
2021-03-15,32.778503,34.553198,32.177241,34.495010,15325300
2021-03-16,35.716936,37.423744,35.135066,35.862400,27404900
2021-03-17,34.213777,37.966822,33.467048,37.258881,21743500
2021-03-18,35.649046,35.804210,32.439082,32.691223,25749000
2021-03-19,32.982157,34.572597,31.401421,33.699795,20615000
2021-03-22,34.853820,37.045521,34.543492,35.881786,23763800
2021-03-23,36.256292,36.382419,32.511328,33.015831,26947000
2021-03-24,34.568154,35.053253,31.579943,31.618752,26195900
2021-03-25,30.008222,32.191167,29.202958,31.832195,30291400
2021-03-26,31.832191,36.615266,31.735169,36.566753,35670300
2021-03-29,35.295798,35.810002,33.471825,34.723381,28422700
2021-03-30,34.073349,34.713679,33.258383,34.461430,17926000
2021-03-31,35.344308,37.818311,35.266690,37.071259,25362500
2021-04-01,38.856424,41.175196,38.856424,41.146091,27795500
2021-04-05,43.202907,43.949960,41.631188,43.658901,26445800
2021-04-06,42.805129,43.629800,40.816224,42.087185,17961500
2021-04-07,42.679006,42.688707,41.078178,42.087185,12421800
2021-04-08,43.416346,43.658895,42.300617,43.455154,12957100
2021-04-09,42.523773,43.173804,41.844634,43.154400,10748500
2021-04-12,42.417046,42.484960,40.554265,41.805820,14926000
2021-04-13,42.688696,42.814823,40.331116,41.417736,14056400
2021-04-14,41.126686,42.174502,39.419140,40.040066,12838600
2021-04-15,41.087875,42.358836,40.379631,42.174500,13642000
2021-04-16,42.213309,42.339435,41.214006,41.475960,11016200
2021-04-19,40.525161,41.029665,37.110065,38.419830,20268200
2021-04-20,37.847419,38.351922,35.936132,36.586163,13892000
2021-04-21,36.799603,39.554965,36.227186,39.535561,15160200
2021-04-22,39.166878,39.399727,36.159267,36.848106,20962100
2021-04-23,37.177985,39.360931,37.158581,38.953449,13212600
2021-04-26,38.895227,41.194595,38.807909,40.952045,13528500
2021-04-27,41.505062,41.631189,39.739303,40.107979,12557200
2021-04-28,39.467645,39.477345,38.138475,38.245193,12753600
2021-04-29,39.972156,39.991561,37.333217,39.108681,14812500
2021-04-30,37.207084,38.002646,35.470433,35.800301,19385800
2021-05-03,36.595862,36.663776,34.034541,34.548744,13899900
2021-05-04,33.384504,33.423313,31.046328,32.957619,24428000
2021-05-05,34.024839,34.723383,32.744179,33.520336,16034800
2021-05-06,33.180763,34.345001,32.171757,34.345001,15387300
2021-05-07,35.421925,36.430932,34.839808,35.829411,16784600
2021-05-10,34.927128,34.927128,30.929911,30.978422,25439800
2021-05-11,28.155142,31.347094,27.834977,31.153053,29951300
2021-05-12,29.202957,29.649247,26.981203,27.291666,34045700
2021-05-13,28.649944,29.591036,27.456600,28.455904,25520000
2021-05-14,29.581337,31.706071,28.698457,30.978422,21881300
2021-05-17,30.056728,30.173153,28.552922,30.173153,19224800
2021-05-18,30.764972,31.123948,29.319377,29.387293,15262600
2021-05-19,27.611832,31.211266,27.378985,31.094843,29208700
2021-05-20,31.773978,33.937518,31.696360,33.607651,28593200
2021-05-21,34.247984,34.286793,32.802391,33.122555,25100300
2021-05-24,33.956914,36.033136,33.869596,35.441315,21577500
2021-05-25,36.217488,36.624969,35.159972,35.839108,19468200
2021-05-26,35.926433,36.557063,35.111467,36.071964,13436700
2021-05-27,35.780900,37.119770,35.615964,36.731693,16449400
2021-05-28,36.935432,38.099670,36.751096,37.624271,15891400
2021-06-01,38.342222,39.331824,36.615270,37.197388,18159400
2021-06-02,37.129469,38.400429,36.780197,38.022049,12370500
2021-06-03,36.702588,37.139174,35.431627,36.013744,16945800
2021-06-04,36.945139,38.798217,36.916031,38.555668,15960500
2021-06-07,38.089972,38.264608,37.013055,37.750404,11453800
2021-06-08,38.613879,38.778815,36.188384,37.032455,13475800
2021-06-09,37.410829,37.730992,36.498840,36.576458,11721000
2021-06-10,36.673483,38.196693,36.401828,37.876530,17601900
2021-06-11,37.886232,38.313122,37.420538,38.313122,7971500
2021-06-14,38.623573,39.943039,37.895925,39.943039,18513300
2021-06-15,39.584066,40.360224,38.555659,38.846718,13301400
2021-06-16,39.283309,39.671385,36.935428,38.012348,18089300
2021-06-17,37.536957,39.943048,37.498152,39.108681,18466200
2021-06-18,38.119074,38.400432,35.654770,36.207783,21346600
2021-06-21,36.430931,37.022753,35.499542,36.983944,12722000
2021-06-22,36.770495,37.672779,36.285396,37.449631,10500400
2021-06-23,37.449629,38.448935,37.449629,37.886219,8615400
2021-06-24,38.691490,40.001256,38.691490,39.855728,12716800
2021-06-25,39.943045,40.447549,39.089274,39.448246,9244100
2021-06-28,40.263213,42.766326,40.214704,42.349140,18209300
2021-06-29,42.019274,43.358144,41.602088,43.309635,13090200
2021-06-30,43.047680,43.396952,42.368541,43.212616,9830900
2021-07-01,42.834233,43.047674,40.874433,41.301319,11578200
2021-07-02,42.271522,42.397649,40.990861,42.028973,10933300
2021-07-06,42.339434,42.824533,40.127384,41.757317,10020300
2021-07-07,42.494664,42.601386,39.477348,40.010960,10623800
2021-07-08,37.401128,39.176592,36.634671,38.594471,14764300
2021-07-09,38.982547,40.690094,38.080263,40.525162,9799600
2021-07-12,40.903540,42.038673,40.563972,42.038673,9021800
2021-07-13,41.475957,42.028970,40.845327,41.349831,9289300
2021-07-14,42.242412,43.455159,40.612479,40.903538,15361500
2021-07-15,40.544565,40.554265,37.401122,38.245193,14968000
2021-07-16,38.837030,39.244516,35.499550,35.664482,14425600
2021-07-19,34.160672,35.829414,33.675573,35.742096,17527800
2021-07-20,36.130171,37.915336,34.781593,37.197388,12487200
2021-07-21,37.517543,40.602772,37.449629,40.602772,12599700
2021-07-22,39.681091,40.379631,38.710894,39.525860,8148900
2021-07-23,40.059476,40.369939,38.759410,40.311726,8740400
2021-07-26,39.370628,40.544566,39.370628,40.214699,7703500
2021-07-27,39.584078,39.632587,35.615968,37.983253,17917400
2021-07-28,38.361627,40.263214,37.857124,39.952751,12983000
2021-07-29,40.001261,42.387947,40.001261,42.155102,15318400
2021-07-30,40.932642,43.173800,40.816219,43.067078,13599200
2021-08-02,43.843240,45.492577,43.542481,43.862644,17018600
2021-08-03,43.940264,44.609699,42.310331,44.599998,10801400
2021-08-04,44.784336,46.715032,44.677614,46.191124,13768900
2021-08-05,46.734427,46.753831,45.055985,45.764229,8580700
2021-08-06,44.949275,45.861260,44.823148,45.240334,6202000
2021-08-09,45.502276,45.861248,44.182806,44.774628,5943700
2021-08-10,44.988072,45.182112,42.203605,43.125294,9994500
2021-08-11,43.717109,43.775319,41.165488,42.853630,10016600
2021-08-12,42.145393,42.203606,40.321423,41.349831,9746100
2021-08-13,41.233407,42.300623,41.029666,42.184200,7655800
2021-08-16,41.631192,42.135695,40.680399,41.728210,6658600
2021-08-17,40.680392,40.699796,38.167580,39.254200,13983700
2021-08-18,39.089270,39.739301,37.430233,37.507847,10760100
2021-08-19,37.042153,39.060162,36.033146,38.448940,14855300
2021-08-20,38.769111,39.535568,37.847422,39.225105,10732300
2021-08-23,40.166197,42.484969,40.166197,42.387947,12229000
2021-08-24,42.669292,43.115582,42.087175,42.426743,8557100
2021-08-25,42.863348,44.289540,42.795434,43.445465,10125800
2021-08-26,43.193207,43.979068,42.407345,43.348438,9529400
2021-08-27,43.513372,46.084398,43.358141,45.890358,12358300
2021-08-30,46.356058,47.539701,45.725432,46.317253,10291100
2021-08-31,46.346351,46.540391,44.017875,45.162708,9620800
2021-09-01,45.822446,45.890359,44.464171,44.590294,7246900
2021-09-02,44.968671,45.327647,44.338045,44.920162,7168600
2021-09-03,44.764926,46.423963,44.590290,45.832146,7374000
2021-09-07,45.948565,45.997074,44.551478,45.376148,5660800
2021-09-08,44.726123,44.988077,42.455859,43.610397,11787400
2021-09-09,43.571583,44.881348,43.552178,44.192509,8643000
2021-09-10,45.250036,47.180732,45.123909,45.201527,14399600
2021-09-13,46.375450,46.734422,44.561181,46.443363,11356400
2021-09-14,46.957570,47.510583,45.735119,46.443363,10129200
2021-09-15,46.627714,47.248641,45.366454,47.141918,9321800
2021-09-16,46.317244,48.053895,45.618700,47.607605,9094400
2021-09-17,47.190428,47.200132,44.600001,45.356754,14478900
2021-09-20,42.446153,42.882743,39.933341,42.009563,19454600
2021-09-21,42.727522,43.193217,41.087885,42.300632,9972400
2021-09-22,43.135000,45.182118,42.698410,44.881355,11093200
2021-09-23,45.492569,47.103097,45.036575,46.666508,11819600
2021-09-24,45.463476,46.792647,45.385859,46.520992,7465000
2021-09-27,45.133608,46.744136,44.202219,46.268738,10241300
2021-09-28,43.561885,44.425360,40.796819,40.971455,23988000
2021-09-29,41.291621,41.408043,38.594468,38.924335,19889700
2021-09-30,39.836320,40.699795,38.807909,38.846718,14470200
2021-10-01,39.293017,39.487057,36.925735,38.875832,16368700
2021-10-04,38.138479,38.342220,35.480135,35.916725,20555400
2021-10-05,36.479428,38.216083,36.149561,37.498138,15194100
2021-10-06,36.207789,37.973549,35.819708,37.895935,16403200
2021-10-07,39.322126,40.777423,39.069876,39.186298,13234300
2021-10-08,39.681101,39.846033,37.915341,38.157890,10297000
2021-10-11,37.604879,39.186303,37.216802,37.236206,9446400
2021-10-12,38.041463,38.138485,35.383122,35.945835,19847400
2021-10-13,36.576463,37.158581,36.130173,36.527954,11660600
2021-10-14,38.458647,39.855734,38.167588,39.826626,14800900
2021-10-15,40.777423,41.029676,40.069178,40.593086,10988500
2021-10-18,39.913935,41.689398,39.234795,41.582676,8498200
2021-10-19,41.825235,43.154405,41.359540,43.105896,11476200
2021-10-20,42.814834,43.396951,42.329735,42.882748,9908200
2021-10-21,42.038678,44.357450,42.009569,44.231323,10019700
2021-10-22,43.503674,44.852249,42.465563,42.737217,12691700
2021-10-25,43.270823,44.308935,42.843938,43.717117,9706700
2021-10-26,44.648509,45.065695,43.212617,43.620098,12067800
2021-10-27,42.911851,44.250725,42.261820,42.776024,13076300
2021-10-28,44.473875,45.696323,44.211921,45.599304,15904400
2021-10-29,44.599998,46.229931,44.260427,46.229931,12735000
2021-11-01,46.365757,48.471085,46.035890,48.471085,14647400
2021-11-02,48.335254,50.275650,48.325554,50.275650,12421100
2021-11-03,50.518207,52.206353,49.887577,52.070522,11472200
2021-11-04,53.768370,58.046946,52.943703,57.319298,20539200
2021-11-05,58.250678,60.540346,57.445412,59.094749,19536100
2021-11-08,60.249286,62.781503,59.657469,61.646374,15603900
2021-11-09,63.324813,63.674085,59.579852,61.510548,16385900
2021-11-10,58.260379,60.637365,55.369190,56.222965,17648300
2021-11-11,58.910417,60.142569,57.600648,59.802998,13055700
2021-11-12,60.365711,62.335212,59.347001,61.462032,13052700
2021-11-15,62.800911,62.810607,59.434319,61.316505,11837400
2021-11-16,60.520950,64.450251,60.161974,64.178596,12693000
2021-11-17,64.033056,64.159179,61.801602,62.597160,11636600
2021-11-18,65.847326,66.846628,64.062158,65.954048,14102700
2021-11-19,65.837621,67.787721,64.886824,66.565269,14527400
2021-11-22,67.467555,70.329636,63.286005,63.480042,16809800
2021-11-23,62.897922,64.624873,59.521630,62.810600,16233700
2021-11-24,61.112753,64.906226,59.385799,64.886818,14762200
2021-11-26,61.219484,63.043461,58.066341,59.541042,14919700
2021-11-29,62.044153,66.633189,61.335909,66.371239,18352700
2021-11-30,65.274908,67.273513,61.015740,62.742691,22246300
2021-12-01,65.527170,68.845246,61.170980,61.277702,24798700
2021-12-02,59.434314,62.810602,57.901404,61.365009,21014200
2021-12-03,63.936031,65.924932,58.891002,61.054543,18842800
2021-12-06,60.210471,61.403814,55.087825,60.734375,13816300
2021-12-07,64.770406,70.358739,64.731597,69.844536,21654500
2021-12-08,68.816136,69.078086,66.448850,68.583290,12500700
2021-12-09,67.360840,69.456464,63.703197,63.936043,14533000
2021-12-10,67.389942,68.350435,63.227792,65.585373,12329100
2021-12-13,65.992865,66.662304,60.152276,60.482143,13561500
2021-12-14,58.211868,60.511236,57.183457,59.686569,13311200
2021-12-15,59.997044,66.303327,57.474530,66.089890,19005700
2021-12-16,66.953354,67.428749,56.290879,57.464817,27692100
2021-12-17,55.631154,59.744795,55.165459,57.202873,17729000
2021-12-20,54.466910,57.008827,53.816879,55.834888,15681400
2021-12-21,59.361446,61.806940,57.032406,61.622559,20477000
2021-12-22,60.623006,63.592531,59.788432,63.446964,13011600
2021-12-23,64.048631,66.717324,63.970995,65.416946,14507000
2021-12-27,66.086549,70.841677,65.989507,70.831970,15598000
2021-12-28,71.880057,71.880057,67.513103,68.435013,14401800
2021-12-29,68.337949,70.094439,67.542194,68.900803,10702000
2021-12-30,68.415611,69.230772,65.882777,66.338882,11188200
2021-12-31,66.668809,68.027418,65.824536,65.999214,10152000
2022-01-03,67.008458,69.977983,66.367968,69.968277,15794800
2022-01-04,70.434108,72.015912,64.087468,68.968750,21988000
2022-01-05,67.532489,69.308385,62.049540,62.117474,20821000
2022-01-06,62.195108,64.427109,60.021338,63.602242,19343100
2022-01-07,63.155842,64.097164,57.391462,57.973724,22625900
2022-01-10,55.644678,58.410413,52.228751,58.226032,25112700
2022-01-11,57.342943,61.564329,56.168718,61.418766,22053900
2022-01-12,63.068502,64.436817,60.787983,62.670628,19392000
2022-01-13,65.504283,67.134612,57.818448,58.420116,28866500
2022-01-14,57.022698,62.631809,56.828614,62.573586,23880600
2022-01-18,59.109121,59.565226,53.859075,54.324883,29055200
2022-01-19,55.780546,56.440441,49.230116,49.317455,28683300
2022-01-20,50.579014,51.627084,44.455578,44.630257,32438800
2022-01-21,43.883013,47.483321,42.116824,42.417656,45826500
2022-01-24,39.787789,44.135332,35.537287,44.106220,53548700
2022-01-25,40.535027,42.068311,38.215690,39.001740,40326300
2022-01-26,42.485596,45.707436,38.914399,40.874676,46405000
2022-01-27,42.116823,42.165344,34.935613,35.284969,50033700
2022-01-28,35.294682,37.274368,32.121363,37.274368,43946700
2022-01-31,37.837222,43.426920,37.167620,43.261948,39362500
2022-02-01,44.533207,44.736997,41.039647,44.552616,37795600
2022-02-02,47.036938,48.036483,45.086363,47.881214,40548600
2022-02-03,44.232387,46.386748,40.903798,41.369606,32875300
2022-02-04,40.835860,43.203718,39.176416,42.175056,30575600
2022-02-07,42.349737,44.174154,41.592799,42.126537,28382000
2022-02-08,41.486049,45.493942,41.282258,45.222218,33686800
2022-02-09,46.998115,49.715330,45.328968,49.511539,35302800
2022-02-10,46.173250,50.666356,44.232382,45.047543,51371000
2022-02-11,45.183398,46.241171,37.284064,38.370953,51212800
2022-02-14,38.574749,40.612658,36.740629,38.419479,43218400
2022-02-15,40.661189,44.921394,40.437986,44.649670,39910800
2022-02-16,42.767020,45.125175,41.767474,44.737000,35357600
2022-02-17,42.815539,43.077556,39.467541,39.661629,41858900
2022-02-18,39.923651,40.127442,36.653290,38.458298,46904100
2022-02-22,37.099687,40.331233,35.741081,37.468452,49765600
2022-02-23,38.885278,40.078911,34.576554,34.848274,52830600
2022-02-24,30.869502,38.865877,30.617189,38.759129,68362100
2022-02-25,38.817360,40.602959,37.031761,40.544731,40949000
2022-02-28,39.011451,40.981431,37.419940,39.797501,43350600
2022-03-01,39.574294,40.078920,34.304837,35.498474,46635000
2022-03-02,36.362160,39.671339,36.129254,38.933807,41485400
2022-03-03,39.448140,39.661633,35.731376,36.439793,45902800
2022-03-04,35.546993,36.313633,32.373674,33.741985,46799000
2022-03-07,33.790510,34.547448,28.627802,28.705437,50665800
2022-03-08,28.792772,33.324698,27.637955,30.238718,68456500
2022-03-09,33.111206,34.605675,32.092251,33.897259,46482400
2022-03-10,32.092248,32.218406,29.889363,31.781710,43831500
2022-03-11,33.150023,33.402334,29.598235,29.782618,34118300
2022-03-14,29.122724,29.937889,26.492847,27.084812,49351500
2022-03-15,27.608844,30.782161,27.181853,30.578371,42082900
2022-03-16,32.063147,35.323807,31.112122,35.226761,55754000
2022-03-17,34.207791,35.906050,33.305287,35.857529,37147500
2022-03-18,35.527593,38.497119,34.547452,38.011902,39797700
2022-03-21,37.555794,38.788246,35.789605,37.846924,38312100
2022-03-22,37.649894,39.814350,37.494597,38.426380,34654100
2022-03-23,37.378113,38.814616,35.514547,35.611607,38313200
2022-03-24,36.708400,41.008195,36.203684,40.852898,44687200
2022-03-25,40.833483,41.124665,38.581673,40.775246,36316000
2022-03-28,39.989053,41.551733,38.164309,41.454670,35741000
2022-03-29,43.522059,44.647964,41.842908,44.240311,40148500
2022-03-30,43.395891,43.871491,39.484342,40.134647,38435700
2022-03-31,40.047286,40.610241,37.290759,37.640179,38547400
2022-04-01,37.921659,38.174019,33.602452,35.223370,57428500
2022-04-04,35.504844,37.096640,35.106891,36.844280,28200500
2022-04-05,35.999859,36.145451,31.573884,31.913599,57649600
2022-04-06,29.943263,31.156522,28.691178,29.613256,69146900
2022-04-07,29.360898,30.496510,27.817631,29.613256,55657300
2022-04-08,28.982358,29.079417,27.322617,27.458504,71608900
2022-04-11,26.245246,26.895552,25.565820,25.711411,60558200
2022-04-12,27.215851,27.992337,25.099925,25.468756,66793200
2022-04-13,25.983178,27.701155,25.536697,27.206144,50484000
2022-04-14,27.710862,27.778806,24.789333,24.857275,51193200
2022-04-18,24.517559,26.856724,24.420498,26.187004,49251700
2022-04-19,25.895823,28.040866,25.449343,27.904982,45358800
2022-04-20,29.186183,29.943258,27.409970,27.662329,51891900
2022-04-21,28.729997,29.671486,25.051392,25.439634,53808500
2022-04-22,25.332870,25.779349,23.653719,23.731367,57459200
2022-04-25,23.187825,25.002863,22.983999,24.915508,58210600
2022-04-26,23.983728,24.168144,21.693094,21.770742,55039200
2022-04-27,20.984547,22.896644,20.848661,21.304848,52406400
2022-04-28,22.518107,25.526991,21.741620,24.828154,63555800
2022-04-29,23.585779,25.187284,21.450442,21.586327,48104400
2022-05-02,21.722206,23.828425,21.168960,23.779896,57669900
2022-05-03,23.614891,24.925212,23.051938,24.371965,53115700
2022-05-04,24.934925,27.312914,22.615170,27.196442,77054200
2022-05-05,25.750233,25.837588,22.081334,23.284887,64302700
2022-05-06,22.556929,24.139021,21.295139,22.663696,73607500
2022-05-09,21.178672,21.935747,18.752151,19.140394,72482100
2022-05-10,20.819545,21.498969,19.140391,20.470125,72934500
2022-05-11,19.926579,21.353372,18.412429,18.587139,76546000
2022-05-12,17.965954,19.402453,17.432118,18.839500,79889100
2022-05-13,19.965408,22.236631,19.586872,21.828976,65885900
2022-05-16,21.217491,21.848386,20.576890,20.741894,49300800
2022-05-17,22.401637,24.012847,22.168692,23.857550,65619700
2022-05-18,22.712229,23.634307,19.926585,20.237179,61497800
2022-05-19,19.945995,21.392202,19.315100,19.907171,62522000
2022-05-20,20.906901,21.013667,17.140940,19.761583,86718200
2022-05-23,19.344217,20.217764,18.878326,20.023642,54498700
2022-05-24,19.111273,19.295687,17.898013,18.538614,57291400
2022-05-25,18.179490,20.111000,18.169783,19.596579,54536300
2022-05-26,19.033626,22.158984,18.907446,21.877508,60520000
2022-05-27,22.906352,24.692271,22.896645,24.517561,54680400
2022-05-31,24.401087,24.847568,23.051943,24.129318,48671900
2022-06-01,24.595211,24.964041,22.042511,23.013119,52378500
2022-06-02,22.712230,25.507582,22.615169,25.429934,49439000
2022-06-03,23.828430,24.216675,22.809292,23.226654,42093200
2022-06-06,24.507858,24.828159,22.789881,23.207243,40514000
2022-06-07,22.343398,24.012843,21.877507,23.876959,37067500
2022-06-08,23.449892,23.741073,21.761034,22.236631,38501600
2022-06-09,21.731915,22.867527,20.411889,20.470125,37937200
2022-06-10,19.392753,19.907176,18.111550,18.257141,58924000
2022-06-13,16.432394,16.898285,14.889127,15.092955,77061300
2022-06-14,15.539435,15.743262,14.762949,15.296783,52253400
2022-06-15,15.869445,16.917702,15.015310,16.121803,77001800
2022-06-16,14.695005,14.743535,12.608198,13.171150,90753100
2022-06-17,13.248799,13.607925,12.404370,13.297330,64012800
2022-06-21,14.112640,14.976481,14.064109,14.364998,57522800
2022-06-22,13.644855,14.548682,13.547669,13.887819,49362200
2022-06-23,14.169658,14.179377,12.964557,13.615701,47625300
2022-06-24,14.227969,15.403915,14.159939,15.365041,60548200
2022-06-27,15.850966,15.996744,14.937422,15.355320,43426900
2022-06-28,15.549691,16.113367,14.111345,14.150219,56957600
2022-06-29,13.605982,13.644856,12.663281,13.168647,61516700
2022-06-30,12.663279,13.440764,12.031574,12.731310,70274900
2022-07-01,12.138478,12.245383,10.816755,11.273527,92067100
2022-07-05,10.437730,11.565083,10.233641,11.516491,82942200
2022-07-06,11.584523,12.148199,11.195781,11.749739,77177800
2022-07-07,12.546658,13.499077,12.546658,13.324142,75926300
2022-07-08,12.760466,13.771195,12.595250,13.518513,77437200
2022-07-11,12.877089,13.071460,12.293975,12.546658,52520600
2022-07-12,12.809060,13.071460,12.362006,12.604970,53368400
2022-07-13,11.837204,13.178365,11.788611,12.915963,70014100
2022-07-14,12.799338,13.858660,12.187069,13.674007,78227900
2022-07-15,14.334871,14.723613,13.644854,14.684739,74112400
2022-07-18,15.384477,15.724627,14.218251,14.500089,83926600
2022-07-19,15.170666,16.686761,15.063762,16.472954,78348500
2022-07-20,16.356332,17.921020,16.035619,17.687775,85890600
2022-07-21,17.998768,18.581882,17.182409,18.562445,80210800
2022-07-22,18.309760,18.377790,16.667324,17.153252,65689500
2022-07-25,16.745075,16.881136,15.967591,16.813105,43336800
2022-07-26,16.453520,16.754795,15.792658,15.967592,48959700
2022-07-27,16.832540,18.581881,16.686762,18.202856,78797600
2022-07-28,18.329198,18.970622,17.085222,18.824844,69548100
2022-07-29,18.047363,19.427399,17.804399,19.271902,61313500
2022-08-01,18.863723,20.029950,18.494418,19.446836,61205100
2022-08-02,18.883158,20.282631,18.572165,19.359367,60816500
2022-08-03,19.417678,21.108707,19.310775,20.943491,57214600
2022-08-04,20.865743,21.643228,20.622779,21.448856,56294600
2022-08-05,20.370097,21.497451,19.991074,20.953211,60067800
2022-08-08,20.068821,20.787994,19.019217,19.961918,59477700
2022-08-09,18.688782,18.688782,16.434077,17.192125,65153600
2022-08-10,18.543009,19.456554,17.872428,19.349649,69125300
2022-08-11,19.893884,20.992082,19.126119,19.223305,70069200
2022-08-12,19.670360,21.108706,19.417677,20.992085,57238400
2022-08-15,20.642216,21.351670,20.214599,21.167019,48991600
2022-08-16,20.875460,21.128142,19.816137,20.545029,48777200
2022-08-17,19.612049,19.631486,18.183420,18.999779,67988800
2022-08-18,19.164995,20.758840,18.951188,20.302067,50790800
2022-08-19,19.495429,19.806423,18.358358,18.630478,49700800
2022-08-22,17.590587,17.639179,16.298020,16.560421,51389400
2022-08-23,16.599296,17.551715,16.531267,16.842260,49723200
2022-08-24,16.764513,17.094944,16.298022,16.920010,42087500
2022-08-25,16.968602,18.834565,16.929729,18.776255,58659800
2022-08-26,18.708224,18.785973,15.501100,15.530255,84676900
2022-08-29,15.044326,15.598283,14.529243,14.626429,61062700
2022-08-30,15.063762,15.131791,13.567104,14.062751,77063100
2022-08-31,14.276558,14.286277,13.275547,13.644853,86870500
2022-09-01,12.663280,12.886807,11.633113,12.847933,113345600
2022-09-02,13.450484,13.742041,12.274539,12.498065,100737200
2022-09-06,12.546660,12.663283,11.730301,12.070451,79919100
2022-09-07,12.070449,12.945119,11.885796,12.624407,79632700
2022-09-08,12.284255,13.411607,12.021853,13.265828,103258300
2022-09-09,13.858661,14.432056,13.790631,14.237684,81908900
2022-09-12,14.412620,14.626429,13.897537,14.364027,67153300
2022-09-13,12.779905,13.110337,11.613679,11.749739,85975600
2022-09-14,11.934388,12.381442,11.603957,12.109323,65846900
2022-09-15,11.885797,12.313414,11.263810,11.574803,94630600
2022-09-16,11.147185,11.759454,10.865347,11.720580,87622100
2022-09-19,11.292964,12.089886,11.244371,11.914952,75532200
2022-09-20,11.554190,11.739447,11.144675,11.407934,70577400
2022-09-21,11.466434,12.597477,11.095920,11.115420,125021300
2022-09-22,10.891163,11.037418,9.994129,10.247639,112096100
2022-09-23,9.818622,9.886875,9.214099,9.779620,120047000
2022-09-26,9.662617,10.101383,9.262852,9.311604,96464800
2022-09-27,9.789371,10.023380,9.155597,9.565113,115839400
2022-09-28,9.331103,10.091632,9.214098,9.916125,119412700
2022-09-29,9.457858,9.496860,8.580325,9.058093,128122600
2022-09-30,8.677829,9.370105,8.521823,8.638827,109534300
2022-10-03,8.863086,9.750369,8.658328,9.457858,126786100
2022-10-04,10.315891,10.822911,10.276890,10.764408,114533100
2022-10-05,10.267138,11.368930,9.955126,11.134921,110030200
2022-10-06,11.008165,11.622438,10.774156,10.910661,117138000
2022-10-07,9.925876,10.023379,8.775332,8.980090,134873300
2022-10-10,8.843584,8.863085,7.663790,8.073305,163448700
2022-10-11,7.615039,7.819797,7.020266,7.381030,186475200
2022-10-12,7.303027,7.429782,7.049517,7.156772,110516500
2022-10-13,6.259737,8.151309,6.054980,7.800296,284532700
2022-10-14,8.053806,8.063556,6.698504,6.757006,177216100
2022-10-17,7.283526,7.478534,7.020266,7.147021,113321500
2022-10-18,7.839297,8.005054,6.864260,7.215274,185506400
2022-10-19,7.088519,7.605289,7.020266,7.381030,134272400
2022-10-20,7.507784,8.209811,7.400530,7.507784,170614600
2022-10-21,7.459033,8.424320,7.361529,8.365817,178616600
2022-10-24,8.424318,8.590075,7.878297,8.463320,147205700
2022-10-25,8.580325,9.233600,8.531573,9.028842,127146900
2022-10-26,8.521821,9.428605,8.336564,8.785081,143571600
2022-10-27,8.931338,9.204348,8.268313,8.307315,129662300
2022-10-28,8.346316,9.321353,8.278063,9.262851,129291600
2022-10-31,9.067845,9.116597,8.531574,8.697330,118351000
2022-11-01,9.175098,9.282353,8.716830,8.872837,108638200
2022-11-02,9.038591,9.526110,7.995301,8.034303,174985600
2022-11-03,7.585787,8.083056,7.342028,7.693041,135668700
2022-11-04,8.502323,8.833835,8.209811,8.765582,173041700
2022-11-07,9.038593,9.448108,8.658329,9.350605,105846700
2022-11-08,9.857623,10.296390,9.370104,9.916125,147373300
2022-11-09,9.496859,9.574862,8.950839,9.009340,107444900
2022-11-10,10.530399,11.866200,10.296391,11.778446,196270300
2022-11-11,11.973453,13.075245,11.534686,12.889988,166468400
2022-11-14,12.665730,13.172750,12.412220,12.451222,108739600
2022-11-15,13.982030,14.079533,12.977743,13.523763,159797700
2022-11-16,12.607228,12.665729,11.573688,11.827198,112310400
2022-11-17,11.056919,12.265965,11.027668,12.061207,128795400
2022-11-18,12.665730,12.704731,11.768696,12.178211,117064100
2022-11-21,11.768696,11.895451,11.446934,11.593190,84238200
2022-11-22,11.836948,12.616977,11.554187,12.577975,86949600
2022-11-23,12.577975,13.406757,12.519473,12.987491,113790600
2022-11-25,12.802235,12.928990,12.509724,12.538975,41754500
2022-11-28,12.051457,12.441472,11.310430,11.544438,87803100
2022-11-29,11.651691,11.875950,11.212924,11.437182,75056000
2022-11-30,11.544436,13.504261,11.232425,13.475009,133385800
2022-12-01,13.738270,13.777272,12.616977,13.162998,112133900
2022-12-02,12.178212,12.802236,11.992955,12.704732,98017700
2022-12-05,12.480474,12.831487,11.895451,12.275716,71095100
2022-12-06,12.226963,12.285466,11.095920,11.427433,86923400
2022-12-07,11.125173,11.632193,11.047171,11.407934,86276700
2022-12-08,11.593190,12.402471,11.359181,12.304967,101888300
2022-12-09,12.178212,12.665731,11.875951,12.012456,88787400
2022-12-12,11.836947,12.685229,11.641939,12.655977,73482200
2022-12-13,14.352544,14.537801,12.811986,13.289754,180078900
2022-12-14,13.172750,13.679769,12.226964,12.675481,139612300
2022-12-15,11.924701,12.070957,11.037417,11.115420,107181700
2022-12-16,10.920413,11.193423,10.501148,10.832660,88813800
2022-12-19,10.842411,10.871661,10.091633,10.423144,82876800
2022-12-20,10.029782,10.519039,9.941715,10.186344,88304000
2022-12-21,10.401616,11.027866,10.372260,10.900659,83240400
2022-12-22,10.313551,10.333122,8.914274,9.569880,135617300
2022-12-23,9.383962,9.599235,9.031696,9.560095,92378600
2022-12-27,9.374176,9.383962,8.933845,9.070837,78142100
2022-12-28,8.904489,9.227399,8.552223,8.669644,83917300
2022-12-29,9.080622,9.618805,8.982771,9.462243,90966000
2022-12-30,9.070837,9.491598,8.865349,9.462243,64369800
2023-01-03,9.951500,9.990640,8.992555,9.158902,97509800
2023-01-04,9.667732,10.049353,9.374177,9.853649,114576600
2023-01-05,9.589449,9.785152,9.325250,9.364390,83312800
2023-01-06,9.736226,10.832163,9.354606,10.636460,123492600
2023-01-09,11.282280,12.006382,11.037651,11.282280,136968300
2023-01-10,11.135504,11.732398,10.949585,11.712828,90401400
2023-01-11,11.722613,12.162946,11.399703,12.133590,80469400
2023-01-12,12.319507,12.798979,11.566050,12.544565,135343400
2023-01-13,12.104234,12.720699,12.006383,12.671773,74389800
2023-01-17,12.603276,13.141460,12.397788,12.779409,74500500
2023-01-18,13.161030,13.464370,12.534781,12.544565,82050400
2023-01-19,12.211870,12.251012,11.370347,11.517125,99618400
2023-01-20,11.849819,12.583706,11.497554,12.515210,89921600
2023-01-23,12.896832,14.589663,12.847906,14.423315,125178200
2023-01-24,13.982982,14.530951,13.855775,14.129759,75816000
2023-01-25,13.415444,14.315678,13.043608,14.217826,93424800
2023-01-26,14.697300,14.971284,13.992769,14.912573,111443300
2023-01-27,14.188470,15.029993,14.041694,14.658157,101402600
2023-01-30,14.041694,14.305893,13.435014,13.503510,81286700
2023-01-31,13.376305,14.237398,13.346949,14.208043,97363300
2023-02-01,14.413530,16.908745,14.364605,16.439056,150219900
2023-02-02,16.957670,18.004681,16.644545,17.534994,116420900
2023-02-03,16.419486,17.740480,16.243353,16.566263,94867600
2023-02-06,15.773668,16.497769,15.519253,15.754097,77254800
2023-02-07,15.871519,17.466500,15.783452,17.212086,119100900
2023-02-08,16.957672,17.309939,15.998728,16.135719,72392900
2023-02-09,16.957668,17.515421,15.861730,16.223782,84793400
2023-02-10,15.714954,15.871516,14.922357,15.460541,78447700
2023-02-13,15.646459,16.262924,15.235482,16.067221,60332300
2023-02-14,15.714954,17.153372,15.333333,16.957668,111460800
2023-02-15,16.448841,17.212083,16.077006,17.163158,74638200
2023-02-16,16.292279,16.801107,15.832377,15.930229,81774100
2023-02-17,15.636673,15.773667,14.716869,15.166986,82871000
2023-02-21,14.472241,14.981070,13.591578,13.709000,68114400
2023-02-22,13.806850,14.100405,13.249097,13.532866,70471500
2023-02-23,14.804936,15.010424,13.973198,14.756010,94198000
2023-02-24,13.982981,14.227610,13.660071,14.002552,74689200
2023-02-27,14.638588,14.687514,14.188471,14.188471,61896900
2023-02-28,14.090619,14.941928,14.002554,14.335248,59300500
2023-03-01,14.491811,14.893002,14.168900,14.364604,63832600
2023-03-02,13.708999,14.912572,13.366518,14.687514,73485400
2023-03-03,14.726655,15.431186,14.335248,15.343120,72055200
2023-03-06,15.489898,15.900875,14.716871,14.844078,56252700
2023-03-07,14.863646,15.088705,14.178686,14.335248,66744300
2023-03-08,14.540737,15.558393,14.530953,15.470327,71670200
2023-03-09,15.411616,16.184643,14.482026,14.589663,87945700
2023-03-10,14.785366,14.922359,13.513297,13.748140,128656300
2023-03-13,13.317593,14.227613,12.867476,13.718785,121199400
2023-03-14,14.442885,15.206126,14.227611,14.893002,107012500
2023-03-15,14.286321,14.530950,13.454583,14.374387,126199700
2023-03-16,14.168901,16.165073,13.992768,16.067221,108646600
2023-03-17,16.135716,16.536907,15.489896,15.783450,79179200
2023-03-20,15.793236,16.429273,15.440971,16.253139,62536400
2023-03-21,16.669634,17.179229,15.621044,16.336437,76051300
2023-03-22,16.346238,17.659425,15.875843,15.915042,95075000
2023-03-23,16.679433,17.806422,16.297236,17.140028,97514400
2023-03-24,16.757833,16.875431,15.719044,16.238438,90583300
2023-03-27,16.424636,16.581435,15.493646,15.650444,64605200
2023-03-28,15.552446,15.562246,14.601855,15.317248,75621600
2023-03-29,16.013043,17.120431,15.973842,16.738235,90012500
2023-03-30,17.404627,17.924023,17.228229,17.590826,80622200
2023-03-31,17.208626,17.973019,17.081228,17.933819,68287500
2023-04-03,17.561426,17.796624,16.787233,17.453627,57147300
2023-04-04,17.512428,17.541827,16.179641,16.454039,64093400
2023-04-05,15.924841,15.983640,15.072250,15.601444,86953300
2023-04-06,15.140850,15.689645,14.788054,15.346648,65901100
2023-04-10,14.915453,16.169840,14.837053,16.062040,63177700
2023-04-11,16.385436,16.454037,15.787644,15.885641,52220200
2023-04-12,16.326638,16.405037,14.964452,15.023251,76962300
2023-04-13,15.082051,15.630845,14.739054,15.356448,59431400
2023-04-14,15.327047,15.866042,14.778252,15.268248,56858500
2023-04-17,14.797853,15.307447,14.650854,15.268248,56761700
2023-04-18,15.699443,16.032640,15.101649,15.464245,56833200
2023-04-19,14.895852,15.072251,14.680254,14.954652,53185600
2023-04-20,14.494055,15.581844,14.454856,14.895851,65191000
2023-04-21,14.788053,14.788053,14.190258,14.562654,68276000
2023-04-24,14.484256,14.739053,14.072660,14.337257,48740200
2023-04-25,14.131461,14.131461,12.906473,12.935872,89382800
2023-04-26,13.347468,13.514066,12.916273,13.102470,68911200
2023-04-27,13.063271,13.327869,12.269479,13.269069,87997600
2023-04-28,13.484665,13.984461,13.269067,13.945260,65456800
2023-05-01,14.170660,14.494057,14.033461,14.366658,57191000
2023-05-02,14.366657,14.611655,13.631664,14.062860,61126500
2023-05-03,13.837462,14.327457,13.533665,13.563065,71240700
2023-05-04,13.229868,13.719863,12.955471,13.327868,62383900
2023-05-05,13.347468,14.386258,13.171069,14.180460,62636200
2023-05-08,14.170660,14.405857,13.788463,14.356857,41012800
2023-05-09,13.788462,13.837462,13.465065,13.661063,57414300
2023-05-10,14.092259,14.347056,13.631663,14.023660,78346700
2023-05-11,14.043260,14.141260,13.367067,13.788463,54962200
2023-05-12,13.896263,14.082461,13.318069,13.739465,46243600
2023-05-15,13.817863,14.837053,13.690464,14.807652,64054000
2023-05-16,14.680254,15.258448,14.670455,14.748854,54294600
2023-05-17,15.170247,16.013039,14.837051,15.817040,77302900
2023-05-18,16.013042,17.443827,15.993442,17.316429,91302200
2023-05-19,17.238027,17.287026,16.718632,17.042028,49521200
2023-05-22,16.581435,17.365427,16.552035,17.179230,43944400
2023-05-23,16.855834,17.198829,16.454038,16.581436,41287200
2023-05-24,15.572047,15.905243,15.180050,15.709246,87475800
2023-05-25,17.796623,19.002011,17.277228,18.766813,124768700
2023-05-26,19.648802,22.794572,19.629204,22.422174,112964600
2023-05-30,24.078361,24.303758,22.137980,22.412378,99439100
2023-05-31,21.275587,22.216379,20.667994,20.726793,73938700
2023-06-01,21.050191,22.294780,20.413198,21.716585,74757400
2023-06-02,22.235979,22.431976,21.099191,21.579386,65015000
2023-06-05,21.314785,21.314785,20.246596,20.550392,35747700
2023-06-06,20.138800,21.618586,20.021202,21.295189,49445200
2023-06-07,21.706785,22.637776,21.059991,21.206989,65066100
2023-06-08,21.353990,22.020381,21.030591,21.834185,43045900
2023-06-09,22.569177,23.019972,21.647986,21.951782,50142100
2023-06-12,22.735777,24.186162,22.667176,24.107763,52761000
2023-06-13,25.273951,25.558147,24.225360,25.048552,82626800
2023-06-14,24.803551,26.165738,24.342956,26.106937,84622000
2023-06-15,25.234751,26.038343,24.911354,25.430750,64797200
2023-06-16,26.234343,26.253943,24.627157,24.734957,55392600
2023-06-20,24.362560,25.038752,23.500168,24.156761,43349100
2023-06-21,23.722935,24.037016,22.280126,22.358646,59099400
2023-06-22,21.867891,22.947543,21.809000,22.672724,44637500
2023-06-23,21.544001,21.867897,21.121954,21.485109,44294000
2023-06-26,21.907153,22.888657,21.642147,21.681408,47524300
2023-06-27,21.877710,24.037016,21.602889,23.919237,54471000
2023-06-28,22.751249,23.987943,22.682544,23.281260,55584500
2023-06-29,23.664047,23.664047,22.741433,23.369595,45213700
2023-06-30,24.115533,24.704435,23.840713,24.370724,47598800
2023-07-03,24.792775,25.273711,24.223503,25.018520,25289900
2023-07-05,24.527769,24.714255,23.389225,23.408855,38292000
2023-07-06,22.181975,22.623650,21.632333,22.554945,49420400
2023-07-07,22.653100,23.585529,22.407724,22.535318,41284000
2023-07-10,22.731617,23.987942,22.653097,23.870161,39943500
2023-07-11,24.223503,24.282392,22.849398,23.889791,44231000
2023-07-12,24.969445,25.371861,24.537583,25.214821,54237000
2023-07-13,26.019652,26.942265,25.725200,26.775410,42645500
2023-07-14,26.834300,27.511538,25.420935,25.744831,47910200
2023-07-17,25.793907,28.002289,25.293340,27.540981,50068600
2023-07-18,27.236721,28.021923,26.588928,27.737288,45800100
2023-07-19,27.884511,27.913957,26.539853,26.785229,49085500
2023-07-20,25.312972,25.577977,23.428486,23.840717,67340600
2023-07-21,24.547398,25.116670,24.046831,24.459063,43146400
2023-07-24,24.449249,24.969447,24.056648,24.439434,29911500
2023-07-25,24.841848,26.098173,24.841848,25.646681,39288500
2023-07-26,24.733885,25.254081,23.762195,24.596474,54225500
2023-07-27,26.500590,27.531168,25.519087,25.970577,83083300
2023-07-28,27.472278,27.913955,26.647815,27.629318,60636000
2023-07-31,27.933583,28.218219,27.433018,27.884508,37007400
2023-08-01,27.295607,28.188775,26.932452,28.002291,36908400
2023-08-02,26.991341,26.991341,24.331468,24.812405,81886500
2023-08-03,23.840719,25.126488,23.624787,24.684811,51031600
2023-08-04,24.360914,25.470014,23.634602,24.419804,59250900
2023-08-07,24.989074,25.303156,24.517953,25.185375,40030800
2023-08-08,24.046831,24.095906,22.996623,24.007570,52987700
2023-08-09,23.948681,23.987942,22.525502,22.662912,49811500
2023-08-10,23.222368,23.958496,21.897338,22.388090,65350400
2023-08-11,21.524366,21.593071,20.621383,20.748978,66258400
2023-08-14,20.474161,22.535317,20.277860,22.505873,55110100
2023-08-15,22.201607,22.397906,21.298624,21.396772,45574800
2023-08-16,21.308439,21.377146,20.091375,20.150267,54398900
2023-08-17,20.238601,20.366196,19.345431,19.541733,50769000
2023-08-18,18.864492,20.052112,18.756528,19.777290,63687900
2023-08-21,20.130634,21.622519,20.012852,21.475292,60272400
2023-08-22,22.289941,22.397906,20.709721,20.955097,59640500
2023-08-23,20.562496,22.466611,20.513420,22.181976,67010200
2023-08-24,23.448115,23.477561,19.865628,20.032484,87095000
2023-08-25,19.963778,20.778426,19.041164,20.277859,73315300
2023-08-28,20.866761,21.190657,20.376010,21.023802,57976500
2023-08-29,20.699904,22.878841,20.582123,22.643280,62384100
2023-08-30,22.496057,23.261630,21.956231,22.967178,58519900
2023-08-31,22.741429,23.830898,22.711983,23.418667,57584100
2023-09-01,23.899606,24.056647,23.075143,23.575710,50183300
2023-09-05,23.310704,24.125352,22.947547,23.575710,39873800
2023-09-06,23.428482,23.840713,22.240862,23.006435,45032300
2023-09-07,21.455664,21.642148,20.611570,21.465479,61690800
2023-09-08,21.318252,21.779559,20.827500,21.102322,40693000
2023-09-11,21.828636,21.897341,20.209156,21.053249,55474600
2023-09-12,20.611569,21.573441,20.464344,20.552679,49005100
2023-09-13,20.493788,21.465478,20.405455,20.837315,56098900
2023-09-14,21.455663,21.524368,20.660644,21.249546,54201500
2023-09-15,20.847129,20.876575,19.090239,19.423950,77383000
2023-09-18,18.933202,19.806739,18.844866,19.561363,41631100
2023-09-19,19.426673,19.475829,18.758143,19.102240,50047300
2023-09-20,19.328360,19.583974,18.128940,18.168264,58695600
2023-09-21,17.460409,17.824167,17.096650,17.126144,68048000
2023-09-22,17.598048,18.060121,17.332602,17.539061,65378900
2023-09-25,17.312940,17.971638,17.047495,17.912649,56510100
2023-09-26,17.440750,17.617714,16.703402,16.949184,70947400
2023-09-27,17.342435,17.775014,16.605087,17.381762,80980900
2023-09-28,17.273615,18.895781,17.057327,18.325565,88909800
2023-09-29,19.102240,19.328360,18.345229,18.551687,75732800
2023-10-02,18.630338,19.249710,18.119109,18.758144,65982800
2023-10-03,18.286243,19.062916,17.234293,17.588219,77741000
2023-10-04,17.873326,18.492698,17.470242,18.325565,74018800
2023-10-05,18.266581,18.551690,17.519401,18.089617,63584100
2023-10-06,17.716024,19.456167,17.362097,19.141563,92805900
2023-10-09,18.600844,19.200555,18.138773,19.053083,62652500
2023-10-10,19.230046,20.272167,18.964602,19.711781,67622800
2023-10-11,19.967397,20.331157,19.485663,20.164024,62660000
2023-10-12,20.321322,21.206140,19.751106,20.331154,83392100
2023-10-13,20.449127,20.537608,18.532022,18.659828,88671200
2023-10-16,18.807299,19.662624,18.777806,19.475828,65688500
2023-10-17,18.315734,19.426673,17.607880,18.974432,90214600
2023-10-18,18.060122,18.473037,17.676699,17.971640,81406400
2023-10-19,18.443541,18.610674,16.939350,17.135977,115930900
2023-10-20,17.126148,17.489907,16.290486,16.359304,83690500
2023-10-23,16.074193,16.968843,15.562965,16.113518,89594500
2023-10-24,16.378967,16.841038,16.143016,16.752558,79093400
2023-10-25,16.103689,16.241329,14.461861,14.717475,107436500
2023-10-26,14.874775,15.415497,14.235739,14.481522,101804700
2023-10-27,15.041909,15.307354,14.678150,14.845283,91507300
2023-10-30,14.570005,14.855113,13.783501,14.284897,104353000
2023-10-31,14.294727,14.776461,13.773668,14.648654,75873100
2023-11-01,14.697810,15.749761,14.678148,15.680942,100044400
2023-11-02,16.614916,17.116313,16.103687,16.791880,89974100
2023-11-03,17.303111,18.443543,17.204797,18.069952,88065900
2023-11-06,18.138771,18.325565,17.430916,17.942144,52668800
2023-11-07,17.853665,18.561519,17.755352,18.286243,56719500
2023-11-08,18.345227,18.640166,17.971638,18.355059,50269100
2023-11-09,18.718819,19.367686,17.971639,18.079782,75784400
2023-11-10,18.738480,20.429466,18.512360,20.252502,95598900
2023-11-13,19.770767,19.859249,19.249707,19.682285,57461900
2023-11-14,21.147152,22.012306,21.019343,21.766523,94381100
2023-11-15,22.228599,22.788984,21.805853,22.248260,78026200
2023-11-16,21.992646,22.523536,21.766524,22.336740,61404400
2023-11-17,22.090962,22.897131,21.992650,22.739828,54090800
2023-11-20,22.700501,24.008065,22.661174,23.772114,56824400
2023-11-21,23.172401,23.201896,22.071295,22.454716,63297900
2023-11-22,22.838138,23.713126,22.435055,22.612019,64858200
2023-11-24,22.582524,22.759488,22.366236,22.700500,21933500
2023-11-27,22.405561,23.142910,22.218766,22.582523,40671500
2023-11-28,22.120452,22.503873,21.599392,22.159779,53548300
2023-11-29,23.064257,23.890088,22.749656,22.828306,69262600
2023-11-30,23.054428,23.074089,21.815682,22.425222,58913500
2023-12-01,22.002475,22.808644,21.471585,22.680836,54913400
2023-12-04,21.982816,22.061467,20.930866,21.933659,55773300
2023-12-05,21.314283,21.717367,20.980019,21.560066,51980900
2023-12-06,22.444887,22.503875,21.048841,21.107828,60117400
2023-12-07,21.648550,23.005271,21.451923,22.788982,77337000
2023-12-08,22.621852,23.634478,22.562864,23.300213,69286800
2023-12-11,23.978569,25.935000,23.899918,25.669556,80772700
2023-12-12,25.315629,26.269266,25.168160,26.200447,55752100
2023-12-13,26.249601,27.920923,25.974324,27.449020,80992700
2023-12-14,28.137217,29.975671,28.127385,29.680733,86502800
2023-12-15,29.946176,31.057116,29.838033,30.054321,66922000
2023-12-18,30.044487,30.191956,28.963043,29.779043,46100400
2023-12-19,29.818368,30.457403,29.779044,30.231283,39361100
2023-12-20,29.690560,30.103475,27.576827,27.625984,59562600
2023-12-21,29.313871,29.964195,28.919735,29.816395,62019200
2023-12-22,30.171121,30.624376,29.441967,30.062733,42657600
2023-12-26,30.476579,32.053122,30.456872,31.688547,48619700
2023-12-27,32.082682,32.260043,31.383089,31.875757,47991500
2023-12-28,32.112240,32.299454,31.580156,31.747665,34883800
2023-12-29,31.698393,31.875754,30.437158,30.939682,53294900
2024-01-02,29.451823,29.461676,26.860378,27.628944,79763800
2024-01-03,26.200199,26.653454,25.500606,25.865183,62304900
2024-01-04,24.594094,25.944011,24.436440,25.205006,75067000
2024-01-05,25.273979,26.229761,25.027644,25.549875,73944700
2024-01-08,26.101665,28.249707,26.042545,28.013226,73206500
2024-01-09,27.096859,28.712817,26.949058,28.003372,67616000
2024-01-10,28.220145,28.259560,26.692869,27.757036,62528400
2024-01-11,27.835863,28.614283,26.387414,28.042784,77551200
2024-01-12,28.161026,28.555161,27.205246,27.688063,48992100
2024-01-16,27.737330,29.392702,27.293928,28.762085,77707000
2024-01-17,27.954106,28.131465,26.564774,28.013226,77075400
2024-01-18,30.269654,30.851005,29.372994,30.732765,99590300
2024-01-19,31.944732,34.477060,31.432356,34.348965,91848600
2024-01-22,35.156944,36.033896,33.718348,34.743099,73322100
2024-01-23,34.713538,35.482102,33.718346,35.393421,50847400
2024-01-24,36.556128,38.349448,35.728442,36.871437,97248200
2024-01-25,38.920943,38.950502,35.984630,36.575832,82851400
2024-01-26,34.358814,35.028846,33.205968,33.511421,70933100
2024-01-29,33.728194,34.615002,33.018748,34.526321,54398800
2024-01-30,34.053363,34.615007,32.565497,33.038460,55768200
2024-01-31,31.452063,33.373476,30.683497,31.629423,85888800
2024-02-01,31.806787,32.240339,30.742621,31.974297,60671300
2024-02-02,31.875762,33.422746,31.698401,33.156708,67828900
2024-02-05,34.043505,35.078112,32.930070,34.585442,65899800
2024-02-06,34.851486,34.959874,32.181214,33.334064,62828900
2024-02-07,33.935118,34.969728,32.969485,34.841633,63261800
2024-02-08,35.216063,37.393664,35.117527,36.605392,59516900
2024-02-09,37.304988,38.960360,36.625100,38.743584,65860900
2024-02-12,38.832260,40.724115,38.083403,38.576073,72207900
2024-02-13,35.186499,37.403514,34.644562,36.299934,86489300
2024-02-14,37.580876,38.694311,37.058647,38.546509,62424100
2024-02-15,39.413615,39.531855,37.935605,38.536663,60937300
2024-02-16,39.255959,40.182178,37.413374,37.768097,77150800
2024-02-20,36.694076,37.117769,34.151896,35.886093,80980100
2024-02-21,34.595300,35.620054,34.073070,35.610199,64615200
2024-02-22,39.857016,41.433559,39.285517,40.812794,96865500
2024-02-23,41.522237,42.054322,38.832259,39.581116,68430000
2024-02-26,40.615732,41.187228,39.807754,40.605877,49475100
2024-02-27,41.197078,41.541946,40.182175,40.507339,48124600
2024-02-28,39.157431,39.906288,38.576080,39.216549,46281900
2024-02-29,40.605873,42.497729,40.172325,42.211979,67431600
2024-03-01,43.749110,48.232408,43.591456,47.621498,90615500
2024-03-04,49.267018,50.656348,48.281677,49.040390,81255500
2024-03-05,47.306190,48.281678,44.596504,46.153343,76835800
2024-03-06,49.040391,51.089897,48.005785,49.483795,91762300
2024-03-07,51.385491,55.238171,51.336221,54.509018,91590800
2024-03-08,55.119933,56.154543,48.084604,48.232407,129037200
2024-03-11,46.251868,47.089409,44.438842,46.084362,76456400
2024-03-12,47.729885,48.961560,45.325656,48.853176,89505900
2024-03-13,47.197807,47.335754,44.428999,45.404488,79513600
2024-03-14,44.832983,45.660668,41.561653,42.891861,77822900
2024-03-15,41.197079,43.492919,41.009861,42.113445,72496500
2024-03-18,44.044717,44.596505,41.709461,41.916382,65139200
2024-03-19,40.146234,41.369064,38.410609,40.846401,83450200
2024-03-20,41.014049,43.193443,40.057480,42.798985,79396800
2024-03-21,46.960542,48.084755,45.422148,45.668686,82495700
2024-03-22,45.047408,46.842204,44.623362,45.787022,57152800
2024-03-25,43.883747,46.526634,43.528732,45.254498,54917700
2024-03-26,46.171623,46.714005,44.258490,44.406410,55697600
2024-03-27,45.589795,45.895503,43.301923,45.856056,56643600
2024-03-28,45.668681,46.644969,45.372832,45.885632,45684700
2024-04-01,46.082863,49.297720,46.073004,47.325417,63270000
2024-04-02,45.195326,45.520754,43.765405,45.244633,57411500
2024-04-03,43.676660,46.526638,43.597766,45.550346,54158200
2024-04-04,47.463485,47.818500,41.398650,41.783249,82719300
2024-04-05,42.108676,43.913332,41.359199,43.015934,71151400
2024-04-08,43.883754,44.564198,42.897603,43.390678,42780900
2024-04-09,44.741702,45.215054,42.572167,44.761425,66283900
2024-04-10,42.512998,44.150010,41.605737,42.493275,74894000
2024-04-11,43.104691,45.412287,42.069233,45.165749,64703800
2024-04-12,42.720090,42.946904,40.461802,40.935154,79978400
2024-04-15,42.394664,42.798986,38.558531,39.229115,62077800
2024-04-16,39.199531,40.599865,38.667008,39.978592,62696200
2024-04-17,40.037762,40.284300,36.132602,36.546787,85426600
2024-04-18,35.540908,36.290382,34.051817,34.426556,91529700
2024-04-19,33.489710,34.101127,29.781782,30.363611,105240100
2024-04-22,31.142671,32.395082,30.077627,31.625885,65096900
2024-04-23,32.365501,34.180021,32.138687,33.637638,66511500
2024-04-24,36.398857,36.960963,34.120846,34.998524,80370100
2024-04-25,34.791426,37.651267,34.160289,36.891930,80677600
2024-04-26,36.803184,39.732056,36.497476,39.248840,59041700
2024-04-29,39.051604,40.264573,38.173929,40.047619,51120700
2024-04-30,39.524962,40.915435,37.592101,37.651272,56304200
2024-05-01,35.580358,37.532938,33.184009,33.894035,97290300
2024-05-02,35.481736,36.398857,33.647493,35.945229,56653400
2024-05-03,38.213381,39.031889,37.572381,38.430336,58599400
2024-05-06,39.416482,40.806956,38.933266,40.728062,48404800
2024-05-07,40.954882,41.329621,39.722192,39.801086,51508400
2024-05-08,38.519084,39.939141,38.420467,39.850388,53735100
2024-05-09,39.840533,40.057484,38.765627,39.406624,39132700
2024-05-10,40.580148,41.655054,39.958871,40.461807,47048400
2024-05-13,41.023911,41.487403,40.511115,40.698483,30565400
2024-05-14,40.609727,42.838429,40.481527,42.611614,41581500
2024-05-15,44.051394,46.418159,43.380814,46.349129,58063500
2024-05-16,46.309688,47.364870,45.570074,45.619381,46325500
2024-05-17,46.368855,46.723870,43.716108,44.771290,40965800
2024-05-20,45.323529,48.617276,45.175609,47.581818,55103200
2024-05-21,45.905362,47.522650,45.767301,47.315559,36437200
2024-05-22,48.567974,49.307588,47.433898,48.696175,55487800
2024-05-23,52.413962,52.463269,46.891511,48.134064,81175900
2024-05-24,49.327308,51.348919,48.666585,50.727642,48477400
2024-05-28,52.601330,54.129865,51.033349,53.291637,50658400
2024-05-29,50.441661,51.200995,49.948585,50.274014,42965600
2024-05-30,50.135954,50.629030,48.301711,49.307587,38260500
2024-05-31,49.603433,50.017619,43.765416,47.917114,72522600
2024-06-03,50.106372,50.224710,45.481318,47.917114,53127300
2024-06-04,47.788909,47.976280,45.787022,46.930958,46692500
2024-06-05,49.337168,53.123991,48.883539,52.778839,66560100
2024-06-06,53.045102,53.045102,50.520552,51.782825,43947600
2024-06-07,51.506707,52.167430,50.106373,51.151691,50248700
2024-06-10,49.820388,53.824165,49.721770,53.202888,43759400
2024-06-11,52.640781,53.725546,50.984046,53.419838,37695700
2024-06-12,56.457186,58.626720,56.023280,57.906830,73759300
2024-06-13,59.238136,60.638473,57.492647,60.017197,45660700
2024-06-14,58.133643,59.711484,57.541950,59.267715,39112000
2024-06-17,60.155253,62.275480,58.133642,61.802124,54196500
2024-06-18,62.541737,65.273381,62.226169,64.336533,47069100
2024-06-20,64.612658,64.918370,57.975861,59.188828,60852900
2024-06-21,57.610979,59.346608,55.254077,57.394028,50012300
2024-06-24,55.668260,56.693858,52.295619,52.482990,54326400
2024-06-25,53.629157,54.835641,51.769985,54.687302,43610200
2024-06-26,54.548845,55.597101,52.264437,54.173054,41093400
2024-06-27,53.728045,54.964195,52.234773,53.203915,35417000
2024-06-28,54.262059,57.930956,53.490702,54.746632,55584600
2024-07-01,54.746632,54.934525,51.671089,54.746632,43335000
2024-07-02,53.757711,57.110151,53.678596,56.961811,45011700
2024-07-03,57.456269,60.838379,56.546464,59.720898,40242700
2024-07-05,61.174615,61.688854,59.127550,60.136250,38395400
2024-07-08,61.570176,63.785359,61.510843,63.597462,42861600
2024-07-09,64.408383,65.417086,61.728409,63.538136,41789800
2024-07-10,65.159966,68.235509,64.289718,67.830048,48280800
2024-07-11,69.234319,69.303543,60.541708,61.303177,75368500
2024-07-12,62.143756,66.554344,60.966943,63.231567,51046400
2024-07-15,64.220491,66.020326,62.351428,63.429352,48228700
2024-07-16,64.299604,64.863288,61.540518,64.576508,39846400
2024-07-17,57.950731,58.642976,50.652502,50.978844,99429800
2024-07-18,53.559932,53.569820,48.575772,51.087631,94172600
2024-07-19,51.206294,51.789757,46.232026,46.479256,75969100
2024-07-22,49.495464,52.363334,48.269205,52.343555,73675300
2024-07-23,49.940476,51.493081,49.446016,49.970142,50181600
2024-07-24,47.893419,48.249431,41.781890,42.424690,90534800
2024-07-25,41.050084,43.215822,36.975733,39.339252,143325900
2024-07-26,41.771994,42.523572,40.258943,41.455536,82759200
2024-07-29,42.889473,44.501414,40.802851,41.346760,80788400
2024-07-30,41.910447,42.197231,36.372490,36.827396,108596000
2024-07-31,41.831331,44.264074,40.961080,43.898174,96880500
2024-08-01,41.584101,42.938921,33.049717,34.612213,163864400
2024-08-02,30.221405,31.239994,27.828218,29.014923,198233900
2024-08-05,23.259405,29.815946,23.239627,27.580986,220042200
2024-08-06,28.283123,30.458746,26.868966,28.263344,137309500
2024-08-07,30.972985,31.586117,25.652595,25.929491,146256500
2024-08-08,28.253454,31.249883,26.572290,31.111433,149988600
2024-08-09,30.369743,31.437779,29.252264,30.666420,96949800
2024-08-12,30.765312,32.228913,29.895061,31.061987,89135100
2024-08-13,32.298137,35.037446,31.833343,34.889107,103380000
2024-08-14,35.779140,36.234043,32.901382,34.661659,112421600
2024-08-15,36.936174,40.021609,36.451605,39.477699,107522700
2024-08-16,38.360223,39.784267,37.648199,39.289806,82364600
2024-08-19,38.844789,41.287423,37.470190,41.139084,77684200
2024-08-20,40.595179,41.455539,38.666784,39.645817,83644600
2024-08-21,40.298505,41.890668,39.883161,41.267647,83611500
2024-08-22,42.039004,42.404908,36.698836,37.094402,107889900
2024-08-23,38.726118,40.753404,38.162434,39.952381,87128100
2024-08-26,39.309587,39.843605,36.501053,36.955956,86603000
2024-08-27,36.105480,38.538227,35.126451,38.063545,74033300
2024-08-28,37.667982,38.429451,34.899005,36.194489,101998500
2024-08-29,36.649396,38.498676,35.235239,35.789032,97333200
2024-08-30,38.251440,38.785458,36.649390,38.360222,85280800
2024-09-03,36.392272,36.402163,29.074261,29.736837,140077900
2024-09-04,28.747915,31.338887,28.411682,29.964287,108759900
2024-09-05,28.728135,30.854315,28.510573,29.420380,100075900
2024-09-06,28.787474,28.846808,25.217470,25.672373,156147600
2024-09-09,26.878857,27.422763,25.860268,27.126087,84474500
2024-09-10,27.234868,28.075448,25.949270,28.035892,81557500
2024-09-11,28.569908,32.060795,26.779962,31.863014,143140900
2024-09-12,31.398221,32.327805,30.013733,31.457556,98895800
2024-09-13,32.159691,33.346396,32.001464,33.059608,78147300
2024-09-16,31.675120,32.278362,30.498306,31.803680,79670100
2024-09-17,32.940940,33.188171,31.012545,31.803680,86913700
2024-09-18,32.179469,33.623292,30.705976,30.794979,113735500
2024-09-19,34.295757,36.036255,33.504622,34.730881,123984300
2024-09-20,33.672740,34.018865,31.685012,33.178280,108589600
2024-09-23,33.593623,33.999080,32.822263,33.544174,59731600
2024-09-24,34.515043,35.367022,33.266797,34.742897,83369600
2024-09-25,34.386255,36.119932,34.326817,35.406651,73587500
2024-09-26,39.825047,40.132154,36.367598,39.280178,138171800
2024-09-27,39.626905,39.636810,36.753953,37.308731,85253500
2024-09-30,35.911890,37.061070,34.723081,36.337879,74316700
2024-10-01,36.248713,36.644983,32.434624,33.514458,124928300
2024-10-02,33.534271,35.713752,32.850709,34.633919,81729100
2024-10-03,33.752225,36.268535,33.663065,34.881592,86857200
2024-10-04,36.962004,37.179950,35.119352,36.337879,100846900
2024-10-07,35.584965,36.892657,35.238231,36.070396,73150200
2024-10-08,36.080303,37.477155,35.327393,37.110603,66629700
2024-10-09,36.942194,38.398480,36.189280,38.249882,67182800
2024-10-10,36.753959,38.061647,36.020864,37.477154,79999000
2024-10-11,36.585543,38.685768,36.516196,38.309311,58434500
2024-10-14,39.072129,40.677022,38.982969,40.439259,69661800
2024-10-15,40.112341,40.805809,33.326231,34.148491,131664200
2024-10-16,35.416549,35.416549,33.682872,34.138580,70233000
2024-10-17,36.823310,37.011540,34.881592,34.881592,97549000
2024-10-18,35.911884,35.991139,34.524940,34.941025,56704300
2024-10-21,34.515039,35.050003,33.415391,34.762707,59115800
2024-10-22,34.079144,34.703265,33.534271,34.366436,51493100
2024-10-23,34.089048,34.554666,31.988823,33.484737,81658300
2024-10-24,34.257469,34.415976,33.217259,33.970173,60128300
2024-10-25,34.861775,36.526105,34.841961,34.950935,82300500
2024-10-28,34.970746,35.753378,34.425877,35.020279,51661100
2024-10-29,35.129256,38.091369,34.614105,37.625751,72288200
2024-10-30,34.643828,35.367019,33.593714,33.692780,89440100
2024-10-31,32.702104,32.712013,28.957362,29.809341,135437800
2024-11-01,30.403747,31.533113,30.096637,30.542440,80726000
2024-11-04,30.324496,31.374609,29.730092,30.066921,60422400
2024-11-05,30.076826,31.196285,29.967851,31.087311,63174900
2024-11-06,32.939866,34.178207,32.097796,33.801750,97893100
2024-11-07,35.436363,36.030765,35.109439,35.872257,77945800
2024-11-08,35.228326,35.941608,34.515040,35.079723,62666300
2024-11-11,34.029613,34.089055,31.186383,32.464352,99155700
2024-11-12,32.068075,32.246396,30.096636,31.374605,75694800
2024-11-13,30.542441,30.928803,29.195125,29.413074,92269200
2024-11-14,30.304679,30.552348,29.105964,29.323914,68994200
2024-11-15,27.748746,28.224268,26.183483,26.411337,113560200
2024-11-18,26.450963,27.570422,26.054692,27.411915,70256700
2024-11-19,27.114714,27.768558,26.837325,27.590237,57030600
2024-11-20,27.084993,27.302941,25.757492,26.876951,90911700
2024-11-21,27.788368,28.650254,26.223105,28.224264,106013200
2024-11-22,27.986503,28.422399,27.580327,28.224264,52604100
2024-11-25,29.304099,29.819249,28.471934,29.056431,70536000
2024-11-26,29.759811,29.967851,27.203873,27.867624,73204200
2024-11-27,27.421823,27.491170,25.341410,26.728352,84235700
2024-11-29,27.293032,28.769136,27.243499,27.798275,54303400
2024-12-02,28.293613,30.512720,28.194546,29.918318,89389800
2024-12-03,29.304099,29.997571,29.125778,29.452700,59730300
2024-12-04,31.245818,31.265630,29.957942,30.591972,67498800
2024-12-05,30.463188,30.582070,28.610629,28.848392,59282100
2024-12-06,28.927647,29.581490,28.630444,29.333822,49152300
2024-12-09,28.798856,30.037197,28.343147,28.957363,54963000
2024-12-10,29.155499,29.254567,26.312267,26.807604,77681700
2024-12-11,28.065760,29.353634,27.530798,28.848392,77277400
2024-12-12,28.184643,28.561097,27.481264,28.194548,59937600
2024-12-13,30.086732,31.017963,29.214939,30.413654,103693900
2024-12-16,30.829735,32.642666,30.106543,32.206768,85469700
2024-12-17,31.285445,31.790688,30.265051,30.839642,64499000
2024-12-18,31.483579,32.177049,26.748163,27.570421,102912200
2024-12-19,27.709117,27.748745,25.816932,26.054693,86520100
2024-12-20,25.579169,28.105386,25.351315,27.045364,108080200
2024-12-23,27.708013,29.565812,27.678210,29.396921,79330900
2024-12-24,30.062551,30.370527,29.466465,30.281115,39963700
2024-12-26,29.704897,30.897068,29.565811,30.370525,45184100
2024-12-27,29.784376,29.983072,28.403446,29.496269,59316300
2024-12-30,28.055728,28.592206,27.141731,27.757687,64859000
2024-12-31,28.015992,28.383576,26.754278,27.131798,61199500
2025-01-02,27.946446,28.860443,26.863560,27.489449,80996300
2025-01-03,28.135207,29.923463,27.976252,29.625420,72119600
2025-01-06,31.602435,33.410561,31.602435,32.278000,95159500
2025-01-07,33.350948,33.509904,30.400329,30.946739,79205700
2025-01-08,30.599024,30.807654,28.989596,29.983070,69523500
2025-01-10,28.870378,28.900183,27.260950,27.876904,85395000
2025-01-13,26.267476,27.688146,26.078716,27.668276,68286400
2025-01-14,28.284227,28.771029,27.002645,27.936512,79759400
2025-01-15,29.456530,30.261244,29.108813,29.744638,69461300
2025-01-16,31.254717,31.513021,29.794310,29.794310,78881100
2025-01-17,31.820999,32.496562,31.274588,32.278000,69688900
2025-01-21,33.112518,34.304684,32.287932,33.470165,60897500
2025-01-22,34.463642,35.914118,34.185470,34.920643,57709400
2025-01-23,33.221796,34.692139,32.794602,34.692139,44900600
2025-01-24,34.712009,34.712009,32.099173,32.436954,60111500
2025-01-27,27.479514,27.896773,23.684440,24.896479,198431800
2025-01-28,25.274001,25.631651,23.595028,25.204458,103185300
2025-01-29,25.939630,26.128389,24.687852,25.512436,94141700
2025-01-30,26.406559,27.489447,25.969430,26.972839,87140400
2025-01-31,27.449707,29.059137,26.525777,26.843689,102136600
2025-02-03,24.638176,26.317149,24.151374,25.442892,103914300
2025-02-04,25.174652,26.426431,25.035567,26.078714,60520500
2025-02-05,25.919760,27.767623,25.373349,27.519255,70330700
2025-02-06,26.992710,27.618598,26.545646,27.509317,59735100
2025-02-07,27.688144,28.095468,25.631649,26.158192,87930800
2025-02-10,26.744343,27.370231,26.724473,27.171537,53330500
2025-02-11,26.505909,27.717948,26.505909,27.221210,43880500
2025-02-12,26.009172,27.360298,25.780673,27.360298,57999300
2025-02-13,27.310623,28.363705,27.221210,28.284227,61026300
2025-02-14,28.304099,28.631945,27.926579,28.363707,43089600
2025-02-18,29.009465,30.032743,28.522661,29.794310,60222200
2025-02-19,29.993008,31.681914,29.565813,31.264654,58412700
2025-02-20,31.850806,32.427020,30.499680,31.493155,50903200
2025-02-21,31.701782,31.751455,28.214685,28.622009,61966500
2025-02-24,28.969725,29.069073,26.486038,26.585386,63724100
2025-02-25,26.486039,26.744343,24.658045,24.906414,90907500
2025-02-26,25.820410,26.823820,25.353478,26.118454,75869500
2025-02-27,26.605257,26.724473,21.588208,21.608078,144841600
2025-02-28,21.657750,23.068485,20.882841,22.581682,110939400
2025-03-03,23.565223,23.575158,19.581388,20.376169,141822100
2025-03-04,20.147670,22.114750,18.876022,20.515255,154119800
2025-03-05,21.111341,22.015403,19.988715,21.806774,117702400
2025-03-06,19.581388,20.882842,18.885957,19.104521,164277600
2025-03-07,19.372759,20.952384,18.627653,20.743753,139349200
2025-03-10,19.213803,19.670801,16.988420,17.872612,169215200
2025-03-11,17.932220,18.379284,16.402269,17.296396,161267000
2025-03-12,18.419025,18.985306,17.783200,18.180590,137654500
2025-03-13,18.260067,19.144261,17.465288,17.971960,117160200
2025-03-14,18.935630,19.799954,18.866087,19.670801,99718700
2025-03-17,19.382694,21.141145,19.372759,20.654343,82794200
2025-03-18,20.058257,20.266886,19.392629,19.799953,79140900
2025-03-19,19.760214,21.230559,19.333020,20.247017,83249700
2025-03-20,19.482042,20.435777,19.462172,19.799953,80380600
2025-03-21,18.697196,19.362825,18.250134,19.154196,84348300
2025-03-24,20.346365,21.230559,20.237084,20.862972,91671300
2025-03-25,20.758333,20.947680,20.279985,20.479296,57784400
2025-03-26,20.230156,20.439435,18.137383,18.725353,94328400
2025-03-27,18.107484,18.346658,17.300271,17.698895,103112800
2025-03-28,17.270374,17.529480,15.685845,15.974848,138232400
2025-03-31,15.018150,15.925019,14.350455,15.895123,111345600
2025-04-01,15.675879,15.934985,14.778976,15.895123,106085000
2025-04-02,15.137737,16.831887,14.978287,16.204056,141655200
2025-04-03,13.762486,14.071419,11.360777,11.370743,302517400
2025-04-04,10.015422,10.394114,8.151856,8.699963,499158100
2025-04-07,7.852888,10.942221,7.205124,9.118518,723467300
2025-04-08,10.374183,10.802704,7.573851,8.221615,488735500
2025-04-09,8.450824,13.064894,8.211650,12.726065,787748800
2025-04-10,10.882429,11.101673,8.321272,9.596868,686331800
2025-04-11,9.317831,10.354253,8.879344,10.194802,412972900
2025-04-14,11.111637,11.121603,9.935697,10.433977,358849500
2025-04-15,10.563530,10.982085,10.374183,10.563530,230001400
2025-04-16,9.098587,9.716453,8.301339,9.307864,362439300
2025-04-17,9.517143,9.517143,8.869378,9.168346,233659100
2025-04-21,8.640169,8.709928,8.121958,8.680032,255318100
2025-04-22,8.929172,9.367658,8.819551,9.148416,249211900
2025-04-23,10.543598,10.862497,10.065250,10.254596,368456100
2025-04-24,11.011981,12.048403,10.812670,11.958713,339636700
2025-04-25,11.589986,12.546683,11.470399,12.297544,274438500
2025-04-28,12.118162,12.486889,11.410605,12.247715,203468900
2025-04-29,11.769367,12.227784,11.580020,11.819194,184045100
2025-04-30,10.952188,12.167991,10.713014,12.118163,229393200
2025-05-01,12.496855,12.765927,12.008541,12.058370,203349500
2025-05-02,12.845651,13.642898,12.845651,13.244274,223410600
2025-05-05,12.885513,13.363861,12.825719,13.005100,127572300
2025-05-06,12.287577,12.905444,12.078300,12.596511,158548700
2025-05-07,12.566613,13.353895,12.187921,13.234308,189249300
2025-05-08,13.792383,14.290663,13.333965,13.613002,203277000
2025-05-09,14.161109,14.420215,13.692726,14.061453,149644500
2025-05-12,16.831886,17.409890,16.443229,17.071060,263806000
2025-05-13,17.300273,18.795113,17.220549,18.536007,212931800
2025-05-14,18.904731,19.303356,18.366590,18.775179,179343100
2025-05-15,18.256967,18.844937,17.758687,18.406450,141287600
2025-05-16,18.466247,18.536005,17.698895,18.326727,113068600
2025-05-19,17.090993,18.147345,17.031200,17.997862,123632000
2025-05-20,17.559378,17.938070,17.379997,17.908173,84252500
2025-05-21,17.499582,18.526039,16.592713,16.941509,149964800
2025-05-22,16.911612,17.370030,16.423298,16.453196,144981100
2025-05-23,15.157668,15.944950,15.048047,15.675879,179062600
2025-05-27,16.682404,17.449755,16.293746,17.230513,136539700
2025-05-28,17.370030,17.509548,16.841853,16.981373,126785300
2025-05-29,18.117451,18.147347,16.841854,17.140823,179820200
2025-05-30,16.841854,16.841854,15.187566,16.114367,194058700
2025-06-02,16.004742,17.041165,15.984812,16.841852,103937000
2025-06-03,16.871750,18.316760,16.522954,18.237036,158644000
2025-06-04,18.615730,19.193734,18.157311,19.024319,146325300
2025-06-05,19.422944,19.921224,18.356626,18.745283,187397100
2025-06-06,19.333252,19.881361,19.084112,19.114010,114398700
2025-06-09,19.642184,20.987540,19.612288,20.509192,162686000
2025-06-10,20.768299,22.023964,20.618816,21.814686,142811000
2025-06-11,22.283070,22.522244,20.917783,21.565546,160395000
2025-06-12,21.166921,21.994065,21.017438,21.615374,100384500
2025-06-13,20.250086,20.987539,19.771738,19.971050,166989600
2025-06-16,20.758332,22.143549,20.718470,21.824650,121972300
2025-06-17,21.535649,22.452484,21.266577,21.346302,122379500
2025-06-18,21.645269,22.302998,21.156955,21.535648,113893800
2025-06-20,22.063824,22.253171,20.299916,21.137024,137078900
2025-06-23,21.107129,21.904376,20.210226,21.505753,125143700
2025-06-24,22.653418,24.023021,22.623426,23.943045,137608000
2025-06-25,24.392913,24.592855,23.863068,24.572861,107621600
2025-06-26,25.172688,25.352636,24.582859,25.192682,92382200
2025-06-27,25.202676,25.832494,24.272948,25.102707,113655600
2025-06-30,25.482596,25.492593,24.672832,25.102707,78035000
2025-07-01,24.372918,25.162689,23.573151,24.702822,107277300
2025-07-02,24.502881,26.382334,24.442899,26.042433,107157100
2025-07-03,26.392331,26.712238,26.222381,26.422323,62695800
2025-07-07,25.722527,26.042434,24.612851,24.962748,93297600
2025-07-08,25.622554,27.022149,25.352634,26.362341,90457500
2025-07-09,26.622265,27.402039,25.882480,26.642260,86818700
2025-07-10,27.382044,27.721945,26.652256,27.362051,87602500
2025-07-11,26.842201,27.532001,26.542287,27.282074,71855400
2025-07-14,26.632263,26.762226,25.312646,26.492304,99670600
2025-07-15,28.041852,28.451732,27.202095,27.282074,108926200
2025-07-16,26.592275,27.042143,24.902765,27.022150,125700900
2025-07-17,26.952169,27.502010,26.412327,27.312065,85334100
2025-07-18,27.651966,27.891896,26.752227,27.322062,68274300
2025-07-21,27.551994,28.491722,27.432030,27.492012,79860300
2025-07-22,27.112124,27.272077,25.332640,26.312355,118871600
2025-07-23,25.642549,25.902474,24.832785,25.772512,105639200
2025-07-24,25.652548,25.782511,24.942755,25.612560,77503300
2025-07-25,25.162690,25.612560,24.822789,25.592566,68037900
2025-07-28,26.372338,26.982161,26.332350,26.872192,88108400
2025-07-29,27.402039,28.151821,26.492303,27.022150,101714500
2025-07-30,27.741941,28.121830,26.922179,27.601982,96772200
2025-07-31,26.692246,26.732233,24.192972,24.972744,133413800
2025-08-01,23.573151,24.822788,22.563444,24.073006,132665200
2025-08-04,24.582858,25.172687,24.232959,24.992739,85963800
2025-08-05,25.412617,25.672541,23.603143,24.512878,99733400
2025-08-06,23.833076,24.112996,22.943335,23.983032,103447500
2025-08-07,25.472599,25.872482,24.522876,24.992739,117228400
2025-08-08,25.152692,25.822498,24.892768,25.702532,71389900
2025-08-11,26.022440,26.882189,25.442609,25.602562,75943500
2025-08-12,26.202386,28.071844,25.672541,27.991867,125315900
2025-08-13,28.641679,29.321481,28.301777,29.261499,89497100
2025-08-14,28.111833,29.651385,27.941883,29.411455,84286800
2025-08-15,28.701660,28.701660,27.062137,27.362051,93664700
2025-08-18,27.092130,27.641969,27.022150,27.522005,50310400
2025-08-19,27.561992,27.851908,26.092419,26.232378,75595100
2025-08-20,26.102417,26.102417,23.653127,25.792505,117636500
2025-08-21,25.392623,25.892478,24.902765,25.342638,67871100
2025-08-22,25.552576,28.311774,25.332640,27.442028,117140900
2025-08-25,27.342057,27.571990,26.802213,27.292070,55018700
2025-08-26,27.522004,28.211802,27.512007,27.931885,57544300
2025-08-27,27.601982,28.221801,27.272078,28.171816,61375200
2025-08-28,28.401747,29.101545,27.951877,28.521713,74466400
2025-08-29,27.312065,27.342057,25.662545,26.032438,108411300
2025-09-02,24.073006,25.272658,23.793087,25.242666,101906700
2025-09-03,25.402620,25.402620,24.112996,24.902765,79482200
2025-09-04,24.402910,25.722526,23.973034,25.642550,81641200
2025-09-05,26.812209,26.962165,25.592564,26.442318,110749400
2025-09-08,26.952168,27.422033,26.672251,27.072134,72341700
2025-09-09,27.162108,27.362051,26.562282,27.172106,55882300
2025-09-10,28.471728,28.821627,28.061847,28.591694,86721600
2025-09-11,29.051559,29.601400,28.961585,29.161528,69919800
2025-09-12,29.361470,29.541416,28.781638,29.291489,52502600
2025-09-15,29.131536,30.021279,28.911601,29.991287,61268000
2025-09-16,30.321190,30.641096,29.781347,30.471146,54148200
2025-09-17,30.271206,31.240923,29.151530,30.461149,80483900
2025-09-18,32.750484,34.130085,32.420582,33.630230,104513300
2025-09-19,33.550254,33.590240,32.110670,33.010410,66106100
2025-09-22,33.190356,34.739905,33.180357,34.419998,62948200
2025-09-23,34.700001,35.299999,33.669998,34.299999,63661700
2025-09-24,33.959999,34.389999,32.810001,34.200001,58369900
2025-09-25,32.439999,34.060001,31.360001,33.849998,79969600
2025-09-26,33.930000,34.230000,32.830002,34.020000,60944500
2025-09-29,35.029999,35.490002,33.990002,34.020000,56593700
2025-09-30,34.070000,34.959999,33.570000,34.840000,60696800
2025-10-01,34.180000,36.980000,33.980000,36.860001,67094700
2025-10-02,38.959999,39.320000,38.139999,39.080002,68834400
2025-10-03,39.480000,40.060001,37.619999,38.230000,69252500
2025-10-06,42.830002,43.369999,41.660000,41.709999,99880300
2025-10-07,42.779999,43.020000,38.700001,38.830002,96375900
2025-10-08,38.869999,42.939999,38.680000,42.779999,77149800
2025-10-09,42.580002,42.840000,41.009998,42.240002,63095700
2025-10-10,42.520000,42.840000,34.169998,34.209999,204858900
2025-10-13,38.230000,39.470001,37.369999,39.139999,89274100
2025-10-14,36.619999,39.009998,35.950001,36.630001,100358200
2025-10-15,39.549999,40.169998,37.709999,39.980000,96059800
2025-10-16,41.450001,41.930000,39.279999,40.570000,89397000
2025-10-17,39.610001,40.799999,38.320000,40.290001,92083400
2025-10-20,41.160000,43.040001,41.130001,42.240002,62424500
2025-10-21,41.810001,42.029999,40.520000,41.509998,54386700
2025-10-22,40.080002,40.810001,35.970001,38.389999,110646700
2025-10-23,37.730000,41.470001,37.549999,41.169998,72467000
2025-10-24,43.430000,44.160000,42.959999,43.139999,69872500
2025-10-27,45.490002,47.160000,45.139999,46.840000,72684100
2025-10-28,46.439999,47.610001,45.939999,46.959999,53995000
2025-10-29,49.369999,50.759998,48.049999,49.380001,88268800
2025-10-30,48.500000,49.970001,47.270000,47.389999,76956300
2025-10-31,48.770000,49.990002,46.709999,47.779999,75650400
2025-11-03,49.500000,50.189999,48.029999,48.580002,52610600
2025-11-04,44.770000,46.880001,42.529999,42.799999,87734300
2025-11-05,43.220001,48.430000,43.209999,46.830002,76488900
2025-11-06,46.459999,46.990002,42.150002,43.009998,106419600
2025-11-07,41.099998,41.740002,37.040001,41.740002,143013500
2025-11-10,45.060001,45.520000,43.459999,44.959999,74223300
2025-11-11,43.720001,44.040001,41.650002,41.810001,80862700
2025-11-12,44.009998,44.630001,42.849998,43.709999,77730900
2025-11-13,42.169998,42.639999,38.000000,39.220001,126123700
2025-11-14,35.740002,40.599998,35.150002,38.860001,125398600
2025-11-17,37.900002,40.080002,35.529999,36.840000,101936600
2025-11-18,35.310001,36.009998,33.150002,34.349998,153515800
2025-11-19,34.720001,37.299999,34.200001,35.959999,120458900
2025-11-20,38.790001,39.189999,30.410000,30.809999,228883600
2025-11-21,30.850000,33.040001,28.120001,31.730000,205537900
2025-11-24,32.689999,36.310001,32.650002,35.860001,108832500
2025-11-25,34.340000,36.450001,32.049999,36.169998,108634700
2025-11-26,37.439999,40.150002,37.299999,39.189999,104203900
2025-11-28,39.650002,41.330002,39.250000,41.259998,57190400
2025-12-01,39.580002,42.360001,39.459999,41.310001,79426200
2025-12-02,42.790001,44.610001,42.029999,43.799999,111736200
2025-12-03,44.450001,46.680000,43.150002,46.580002,94299300
2025-12-04,45.889999,46.099998,44.439999,45.160000,77656900
2025-12-05,46.470001,48.049999,46.299999,46.500000,77049800
2025-12-08,47.560001,48.599998,46.700001,47.990002,69225000
2025-12-09,47.040001,48.049999,46.470001,47.790001,56373300
2025-12-10,47.650002,50.090000,47.009998,49.650002,91153100
2025-12-11,48.009998,48.900002,44.660000,48.790001,88063000
2025-12-12,46.919998,47.380001,41.060001,41.709999,138088200
2025-12-15,43.110001,43.419998,40.799999,41.180000,78218600
2025-12-16,40.750000,41.660000,39.240002,40.490002,94566700
2025-12-17,41.000000,41.320000,35.700001,36.009998,126113900
2025-12-18,39.970001,40.419998,38.110001,38.580002,97164000
2025-12-19,39.599998,42.360001,39.500000,41.720001,92529100
2025-12-22,44.450001,44.560001,42.730000,43.259998,62717400
2025-12-23,42.619999,43.799999,42.220001,43.700001,44455700
2025-12-24,43.720001,44.360001,43.590000,44.209999,30717800
2025-12-26,44.750000,44.790001,43.810001,44.209999,38006400
2025-12-29,42.980000,44.330002,42.349998,43.820000,54612100
2025-12-30,44.150002,44.750000,43.570000,43.669998,40697400
2025-12-31,43.889999,44.150002,42.009998,42.029999,44754800
2026-01-02,45.130001,48.090000,45.080002,47.240002,132719700
2026-01-05,50.349998,51.220001,48.630001,49.220001,94987500
2026-01-06,51.110001,54.299999,51.070000,54.009998,92678600
2026-01-07,52.200001,52.740002,50.840000,52.290001,65698500
2026-01-08,51.799999,51.810001,48.130001,49.650002,79844800
2026-01-09,51.090000,54.759998,50.310001,53.950001,87214400
2026-01-12,52.389999,55.150002,52.349998,54.650002,53193700
2026-01-13,55.689999,57.630001,55.430000,56.070000,61895400
2026-01-14,54.889999,55.439999,53.000000,55.380001,70434900
2026-01-15,60.959999,61.669998,58.009998,58.080002,89664300
2026-01-16,61.189999,62.189999,59.500000,60.750000,58559500
2026-01-20,57.340000,61.049999,57.220001,57.939999,71408300
2026-01-21,60.240002,65.110001,59.459999,63.480000,103027300
2026-01-22,66.900002,66.959999,63.040001,63.720001,62594200
2026-01-23,62.480000,63.360001,60.150002,61.599998,58613600
2026-01-26,60.750000,61.959999,59.599998,60.700001,42592400
2026-01-27,63.310001,65.989998,62.540001,64.959999,61155400
2026-01-28,69.000000,70.930000,67.980003,70.089996,74205500
2026-01-29,70.400002,71.980003,62.650002,70.470001,78058200
2026-01-30,67.120003,69.860001,60.290001,61.790001,83504200
2026-02-02,59.459999,66.940002,59.099998,65.199997,66961000
2026-02-03,66.809998,67.620003,57.020000,61.200001,101338500
2026-02-04,59.439999,61.029999,49.330002,53.189999,139149400
2026-02-05,51.310001,55.490002,50.009998,53.250000,109350300
2026-02-06,56.400002,62.250000,55.669998,61.750000,108594200
2026-02-09,59.990002,65.050003,59.290001,64.029999,66670500
2026-02-10,64.669998,65.209999,61.419998,63.340000,58273900
2026-02-11,67.209999,69.099998,63.230000,68.050003,89724200
2026-02-12,69.669998,70.860001,62.770000,63.099998,90896100
2026-02-13,63.930000,66.250000,61.430000,64.589996,79931300
2026-02-17,62.020000,65.959999,59.560001,64.349998,79420400
2026-02-18,65.260002,68.449997,64.070000,66.290001,69349000
2026-02-19,64.330002,65.510002,62.959999,65.230003,68827500
2026-02-20,63.759998,68.220001,63.580002,67.110001,81017900
2026-02-23,65.849998,67.650002,63.470001,65.860001,66926300
2026-02-24,68.110001,70.000000,66.349998,68.529999,66892100
2026-02-25,70.889999,72.360001,70.480003,71.860001,52929300
2026-02-26,71.029999,71.110001,61.630001,65.339996,97787900
2026-02-27,61.509998,63.759998,60.660000,62.770000,70112700
2026-03-02,58.110001,62.820000,58.049999,62.759998,81699800
2026-03-03,55.119999,55.860001,51.360001,53.419998,131198300
2026-03-04,55.959999,57.720001,54.380001,56.619999,78143300
2026-03-05,55.320000,57.689999,51.130001,54.799999,110055800
2026-03-06,50.090000,53.360001,46.799999,47.889999,125241500
2026-03-09,45.509998,53.779999,44.529999,53.320000,114897700
2026-03-10,53.360001,57.779999,53.360001,54.590000,104717600
2026-03-11,55.500000,57.740002,55.349998,56.090000,83007700
2026-03-12,53.529999,53.880001,49.529999,50.279999,105674400
2026-03-13,51.880001,53.959999,50.040001,50.720001,83244300
2026-03-16,54.060001,55.680000,53.009998,53.689999,79819200
2026-03-17,55.099998,55.400002,53.299999,54.950001,59567700
2026-03-18,55.029999,56.480000,54.000000,54.020000,75470000
2026-03-19,49.529999,56.110001,48.500000,54.849998,93732700
2026-03-20,54.689999,55.360001,49.000000,51.139999,101773000
2026-03-23,54.630001,56.810001,52.279999,53.029999,115257400
2026-03-24,51.540001,56.090000,51.540001,54.959999,92153500
2026-03-25,56.639999,58.250000,55.590000,57.040001,84440300
2026-03-26,54.189999,54.439999,48.869999,48.970001,116603800
2026-03-27,48.040001,49.380001,45.959999,46.610001,99401400
2026-03-30,47.860001,48.290001,39.520000,40.619999,139746200
2026-03-31,42.880001,48.180000,42.610001,47.910000,138002100
2026-04-01,50.040001,54.090000,49.619999,52.259998,121955600
2026-04-02,46.060001,53.070000,46.049999,52.750000,104471700
2026-04-06,53.750000,55.599998,52.880001,54.810001,68780400
2026-04-07,54.320000,56.599998,52.130001,56.549999,107326500
2026-04-08,66.330002,67.980003,63.560001,67.500000,111697300
2026-04-09,68.120003,72.279999,68.120003,71.980003,79331600
2026-04-10,74.300003,78.300003,74.300003,76.389999,78863600
2026-04-13,75.589996,80.739998,75.250000,80.559998,64504600
2026-04-14,83.269997,85.570000,80.709999,85.309998,61657000
2026-04-15,84.660004,85.980003,79.760002,85.959999,68425400
2026-04-16,85.010002,89.389999,83.309998,88.370003,63777500
2026-04-17,93.199997,94.750000,90.660004,94.680000,67081400
2026-04-20,95.970001,96.930000,92.029999,95.940002,49367800
2026-04-21,97.970001,99.949997,95.320000,98.089996,65206900
2026-04-22,102.940002,106.089996,99.599998,105.639999,58165200
2026-04-23,108.620003,116.769997,107.459999,112.769997,96510200
2026-04-24,125.209999,130.119995,120.239998,128.320007,83092400
2026-04-27,128.330002,129.589996,117.790001,123.389999,73334600
2026-04-28,108.750000,115.620003,103.989998,109.559998,94099700
2026-04-29,114.760002,118.320000,112.300003,117.970001,55503700
2026-04-30,122.809998,127.449997,117.500000,126.980003,58536700
2026-05-01,124.389999,131.380005,121.660004,130.399994,40940300
2026-05-04,132.199997,133.669998,123.800003,127.550003,46455700
2026-05-05,135.000000,147.259995,134.020004,144.160004,52130100
2026-05-06,157.839996,166.000000,149.059998,165.850006,65579200
2026-05-07,162.119995,162.899994,147.610001,152.100006,72375200
2026-05-08,163.000000,177.500000,161.509995,176.940002,47016500
2026-05-11,181.000000,191.289993,178.940002,190.419998,50496000
2026-05-12,177.619995,182.240005,150.580002,172.520004,91705600
2026-05-13,183.839996,188.490005,172.259995,184.240005,59522300
2026-05-14,182.669998,189.559998,178.279999,186.190002,43319000
2026-05-15,167.000000,174.399994,161.139999,164.179993,62126600
2026-05-18,172.949997,174.610001,142.690002,151.750000,75610500
2026-05-19,141.240005,160.600006,135.020004,151.889999,85384000
2026-05-20,161.000000,173.699997,161.000000,173.199997,58913200
2026-05-21,171.259995,179.970001,168.229996,178.389999,52278700
2026-05-22,184.800003,195.270004,183.339996,190.559998,45133000
2026-05-26,211.380005,228.500000,209.889999,225.789993,52533000
2026-05-27,242.660004,242.660004,204.000000,217.979996,74732700
2026-05-28,219.000000,231.889999,207.559998,224.630005,47153500
2026-05-29,231.820007,239.070007,218.559998,224.339996,37035700
2026-06-01,217.270004,234.059998,210.139999,227.029999,37499600
2026-06-02,243.179993,267.079987,238.820007,266.320007,42799700
2026-06-03,281.470001,284.579987,257.260010,280.540009,49817200
2026-06-04,242.039993,274.500000,228.550003,262.700012,59036000
2026-06-05,230.850006,233.690002,181.809998,182.539993,108280300
2026-06-08,210.619995,222.190002,201.690002,211.440002,68180500
2026-06-09,227.059998,231.020004,157.559998,201.679993,124754300
2026-06-10,191.539993,212.990005,177.300003,180.649994,94924200
2026-06-11,192.300003,225.630005,192.300003,223.990005,72493400
2026-06-12,222.220001,242.399994,214.740005,234.679993,50419100
2026-06-15,265.989990,274.880005,261.600006,272.500000,39914100
2026-06-16,267.130005,274.929993,226.000000,226.190002,54771900
2026-06-17,247.419998,259.790009,233.300003,233.860001,49127300
2026-06-18,266.040009,286.149994,265.000000,279.290009,49319800
2026-06-22,299.260010,302.000000,286.239990,300.769989,36399600
2026-06-23,236.000000,252.979996,223.000000,231.419998,70699700
2026-06-24,233.110001,237.000000,211.130005,229.570007,57018500
2026-06-25,268.049988,268.399994,225.740005,252.610001,57401800
2026-06-26,226.240005,231.250000,212.100006,215.600006,51987400
2026-06-29,216.360001,238.649994,192.300003,236.520004,48952600
2026-06-30,241.449997,272.000000,240.589996,266.709991,36721000
2026-07-01,237.789993,246.470001,215.380005,217.550003,60156300
2026-07-02,219.229996,226.130005,168.880005,181.470001,91060900
2026-07-06,197.210007,210.800003,194.220001,194.649994,42756600
2026-07-07,165.399994,171.880005,150.080002,165.279999,78957300
2026-07-08,159.210007,176.750000,158.869995,174.820007,63175900
2026-07-09,199.809998,204.550003,189.460007,192.449997,52530500
2026-07-10,182.399994,195.940002,176.800003,192.259995,37626300
2026-07-13,174.610001,177.669998,161.550003,165.369995,52686700
2026-07-14,187.690002,188.429993,170.259995,176.660004,49269200
2026-07-15,183.770004,184.000000,150.000000,165.550003,67008900
2026-07-16,150.440002,155.830002,138.000000,142.479996,76391300
2026-07-17,124.730003,144.399994,116.470001,135.470001,105762300
2026-07-20,143.520004,148.740005,135.669998,136.809998,52804300
2026-07-21,155.839996,160.639999,148.869995,158.539993,55698500
2026-07-22,147.100006,165.750000,147.000000,160.990005,46926500
2026-07-23,152.160004,162.919998,150.649994,157.500000,57831400
2026-07-24,151.449997,154.500000,132.550003,136.809998,71734900
2026-07-27,140.649994,148.020004,115.449997,128.149994,87176534
