Date,Open,High,Low,Close,Volume
2001-07-13,19.789304,20.142392,19.318521,19.885103,603300
2001-07-16,19.529267,19.584010,18.732769,18.732769,180000
2001-07-17,18.598659,19.501905,18.584974,19.501905,287100
2001-07-18,18.913425,19.053017,18.694456,18.694456,301800
2001-07-19,19.816671,19.898785,19.488218,19.488218,405000
2001-07-20,19.091341,19.406109,19.091341,19.392424,360000
2001-07-23,19.501901,19.501901,18.803938,18.803938,195300
2001-07-24,18.694458,18.694458,18.283892,18.297577,150300
2001-07-25,18.229158,18.571296,17.969131,17.969131,179100
2001-07-26,18.762877,19.830348,18.694448,19.638752,281700
2001-07-27,19.844051,20.309359,19.844051,20.093126,121500
2001-07-30,20.197131,20.402414,20.060276,20.227240,7800
2001-07-31,20.637806,20.637806,20.227240,20.227240,152100
2001-08-01,21.007312,21.541049,21.007312,21.281025,28500
2001-08-02,21.814765,21.883191,21.664223,21.691595,64800
2001-08-03,21.691594,21.691594,21.281028,21.417881,9600
2001-08-06,20.952579,21.116806,20.911523,21.034693,21900
2001-08-07,20.692544,20.708965,20.528317,20.708965,18600
2001-08-08,20.621385,20.952576,20.473581,20.473581,18900
2001-08-09,19.707183,19.912466,19.707183,19.912466,3000
2001-08-10,19.871412,19.980894,19.871412,19.953524,12600
2001-08-13,20.391462,20.473576,20.281980,20.432520,24300
2001-08-14,20.583061,20.583061,20.514633,20.514633,4200
2001-08-15,20.186187,20.186187,19.712667,19.712667,6300
2001-08-16,19.159757,19.460840,18.968160,19.460840,13500
2001-08-17,19.159764,19.159764,18.776569,18.776569,1500
2001-08-20,18.886049,19.009218,18.762879,18.981848,32700
2001-08-21,18.968172,18.968172,18.502863,18.502863,4200
2001-08-22,18.664348,19.077652,18.475488,19.077652,8400
2001-08-23,19.189872,19.430737,19.140603,19.173449,3000
2001-08-24,19.507379,20.104070,19.433479,20.000059,1200
2001-08-27,20.117745,20.635058,20.117745,20.446198,12300
2001-08-28,20.076687,20.158799,19.967203,19.967203,3000
2001-08-29,20.063019,20.063019,19.269258,19.269258,900
2001-08-30,18.516537,18.749191,18.475481,18.749191,3600
2001-08-31,18.612344,19.017435,18.612344,18.842260,6000
2001-09-04,18.776569,19.014699,18.338631,18.338631,3300
2001-09-05,18.267469,18.267469,17.681727,17.709099,22500
2001-09-06,17.517494,17.791207,16.805847,16.887960,792000
2001-09-07,16.737424,17.429913,16.737424,17.011135,9900
2001-09-10,16.926271,17.172612,16.926271,16.994699,3900
2001-09-17,15.601522,16.088727,15.437295,15.437295,24600
2001-09-18,15.396237,15.524882,15.193690,15.524882,1200
2001-09-19,14.060527,14.219280,13.056008,14.219280,40200
2001-09-20,13.589745,14.013998,13.302350,13.302350,51000
2001-09-21,12.426476,13.220239,12.426476,12.659131,11400
2001-09-24,13.411834,13.918200,13.411834,13.918200,28500
2001-09-25,14.150854,14.150854,13.548690,13.548690,12900
2001-09-26,13.877142,13.877142,13.138123,13.165494,9600
2001-09-27,12.590698,12.768611,12.286880,12.768611,3600
2001-09-28,13.069696,13.274980,12.837041,13.124437,14400
2001-10-01,12.919155,12.919155,12.686502,12.686502,5100
2001-10-02,12.932841,12.932841,12.453847,12.453847,12900
2001-10-03,12.316992,13.781345,12.289621,13.644490,12900
2001-10-04,13.959253,14.763962,13.658171,14.438246,22800
2001-10-05,14.232966,14.616161,13.658174,14.525838,23700
2001-10-08,14.232968,15.245700,14.205597,15.108844,49200
2001-10-09,14.753015,14.753015,14.383505,14.424562,22200
2001-10-10,14.397194,15.245699,14.301397,15.245699,28200
2001-10-11,15.817753,16.649835,15.817753,16.597830,62100
2001-10-12,16.203691,16.436345,15.820495,16.313175,26400
2001-10-15,16.190001,16.190001,15.864284,15.971032,7800
2001-10-16,16.231064,16.463718,16.012096,16.463718,6600
2001-10-17,16.874277,16.915334,15.793119,15.793119,15000
2001-10-18,15.396234,15.505718,15.026724,15.218322,13200
2001-10-19,14.903565,15.338766,14.903565,15.338766,6900
2001-10-22,15.204643,16.094204,15.204643,16.094204,23100
2001-10-23,16.258426,16.493817,15.987452,16.025772,4500
2001-10-24,16.477400,16.666260,16.400760,16.529404,16800
2001-10-25,16.176316,17.243788,15.971033,17.243788,10200
2001-10-26,17.353272,17.394328,17.079561,17.309479,22500
2001-10-29,16.764786,16.764786,16.354219,16.354219,7500
2001-10-30,15.752055,15.752055,15.336015,15.368861,16800
2001-10-31,15.960077,16.460968,15.935444,15.935444,8100
2001-11-01,16.244739,16.953651,16.244739,16.915331,3612900
2001-11-02,17.230111,17.241060,16.835966,17.079569,2115300
2001-11-05,17.695410,17.761101,17.599611,17.761101,2100
2001-11-06,17.408012,18.297572,17.408012,18.256516,13500
2001-11-07,18.114186,18.587707,18.081342,18.387897,144000
2001-11-08,18.612339,19.028378,17.873319,17.889742,627300
2001-11-09,18.070393,18.229147,17.862372,18.034811,207900
2001-11-12,17.681729,18.489177,17.654358,18.385166,76800
2001-11-13,19.077648,19.269245,18.864153,19.200817,18900
2001-11-14,19.707184,19.707184,18.858681,19.296618,60900
2001-11-15,19.200821,19.365047,18.927110,19.105022,200400
2001-11-16,19.228186,19.269242,18.886047,19.036587,24600
2001-11-19,19.233666,19.250089,18.680771,18.957218,24300
2001-11-20,18.708153,18.749209,17.881546,17.881546,29100
2001-11-21,17.804900,18.105982,17.665307,18.105982,42300
2001-11-23,18.105984,18.450860,18.105984,18.407068,13200
2001-11-26,18.667088,19.159767,18.667088,19.148819,9300
2001-11-27,18.721817,19.622326,18.604122,19.167965,43500
2001-11-28,18.899736,18.899736,18.313995,18.313995,18600
2001-11-29,18.420749,18.842264,18.242838,18.814894,19200
2001-11-30,18.584964,18.647916,18.344098,18.568541,50400
2001-12-03,18.366001,18.593181,18.242832,18.324945,10500
2001-12-04,18.626027,19.228193,18.626027,19.228193,14400
2001-12-05,19.775613,20.911515,19.775613,20.760973,33000
2001-12-06,20.624113,20.886875,20.407881,20.624113,28500
2001-12-07,20.473581,20.473581,19.707191,19.885103,19200
2001-12-10,19.816664,19.816664,19.425258,19.460840,132000
2001-12-11,19.816667,20.063007,19.655178,19.668863,30600
2001-12-12,19.885101,19.961739,19.501905,19.611389,4800
2001-12-13,19.365038,19.365038,18.683498,18.683498,36600
2001-12-14,18.817630,19.203562,18.680774,19.066706,75900
2001-12-17,19.332203,19.584017,19.293884,19.488218,31500
2001-12-18,19.677070,19.677070,19.474525,19.638752,45000
2001-12-19,18.886058,19.137873,18.626032,18.626032,519600
2001-12-20,18.338633,18.420747,17.676254,17.684465,62400
2001-12-21,18.064921,18.130611,17.955437,18.130611,24900
2001-12-24,18.092286,18.092286,17.996489,17.996489,4500
2001-12-26,18.363260,18.508328,18.097762,18.215456,34200
2001-12-27,18.341367,18.538441,18.341367,18.497383,103800
2001-12-28,18.721835,18.853216,18.530238,18.653408,132300
2001-12-31,18.667086,18.667086,18.147035,18.201778,23100
2002-01-02,18.584967,18.940792,18.448112,18.940792,207900
2002-01-03,19.296622,20.451683,19.296622,20.391464,251700
2002-01-04,20.774658,20.799292,19.953525,20.320299,111600
2002-01-07,20.528315,20.528315,19.816666,19.874146,24900
2002-01-08,19.833090,20.251868,19.693497,19.926151,79500
2002-01-09,20.254606,20.558424,19.816668,19.816668,19200
2002-01-10,19.737289,19.833088,19.562114,19.592222,32700
2002-01-11,19.926155,19.926155,19.433477,19.488218,43800
2002-01-14,19.433466,19.441676,19.094063,19.107750,52200
2002-01-15,19.337676,19.337676,18.888790,19.159763,765300
2002-01-16,18.598652,18.740982,18.349575,18.349575,1594800
2002-01-17,18.639718,18.817631,18.324951,18.790258,25200
2002-01-18,18.201778,18.524755,18.201778,18.311260,18000
2002-01-22,18.420743,18.420743,17.490126,17.490126,16500
2002-01-23,17.859635,18.108712,17.544868,18.010176,34500
2002-01-24,18.174398,18.535697,18.174398,18.289356,27900
2002-01-25,18.275668,18.612334,18.201768,18.467266,4500
2002-01-28,18.721826,18.858682,18.508333,18.792992,9300
2002-01-29,19.091341,19.091341,18.305790,18.360533,27300
2002-01-30,18.256520,18.831312,18.256520,18.831312,16800
2002-01-31,19.159752,19.159752,18.730026,18.979103,12600
2002-02-01,18.872372,18.872372,18.790258,18.790258,7200
2002-02-04,18.817637,18.817637,18.311270,18.439915,14400
2002-02-05,18.338632,18.541179,18.174406,18.174406,2700
2002-02-06,18.338626,18.338626,18.023861,18.119659,429900
2002-02-07,17.887011,18.147037,17.531187,17.531187,11400
2002-02-08,17.681727,17.925331,17.413491,17.914383,62100
2002-02-11,18.105966,18.606857,18.105966,18.606857,207000
2002-02-12,18.448122,18.823104,18.278421,18.502863,14700
2002-02-13,18.880577,18.927107,18.861416,18.913422,9900
2002-02-14,19.107759,19.170712,18.699929,18.812151,12900
2002-02-15,18.639718,18.639718,18.360533,18.360533,1800
2002-02-19,18.064910,18.070384,17.555807,17.555807,26400
2002-02-20,17.736470,17.914383,17.194523,17.914383,38700
2002-02-21,17.336845,17.454541,16.764791,16.805847,246300
2002-02-22,16.833224,16.931761,16.570462,16.877018,104400
2002-02-25,17.011130,17.845948,17.011130,17.763834,182100
2002-02-26,17.859646,17.900702,17.361492,17.503822,14700
2002-02-27,17.763839,18.007442,17.304005,17.424437,90300
2002-02-28,17.566763,17.566763,16.887960,16.887960,325500
2002-03-01,17.449064,18.502850,17.449064,18.453583,250200
2002-03-04,18.749200,19.748246,18.587713,19.666134,172800
2002-03-05,19.611390,20.145126,19.611390,20.000059,492600
2002-03-06,19.816679,20.035647,19.438957,19.959009,504600
2002-03-07,20.391461,20.443467,19.830354,20.128698,304200
2002-03-08,20.583062,20.944359,20.583062,20.856771,40500
2002-03-11,20.446211,20.687076,20.131443,20.440737,145800
2002-03-12,19.597701,19.794773,19.501902,19.715397,18900
2002-03-13,19.365051,19.428005,19.022914,19.178928,330000
2002-03-14,19.365043,19.365043,19.072174,19.126915,9600
2002-03-15,19.105019,19.460843,19.105019,19.408838,32400
2002-03-18,19.871406,20.063002,19.597694,19.638752,45300
2002-03-19,19.745500,19.964468,19.693495,19.761923,42900
2002-03-20,19.285676,19.365050,19.080393,19.080393,22500
2002-03-21,19.159773,19.570339,18.990073,19.570339,217500
2002-03-22,19.515582,19.611381,19.351357,19.351357,20100
2002-03-25,19.406106,19.542961,18.823101,18.823101,27000
2002-03-26,18.858685,19.348627,18.735515,19.118710,27900
2002-03-27,19.214510,19.280200,18.987329,19.148819,310200
2002-03-28,19.556656,19.707196,19.496439,19.496439,481500
2002-04-01,19.269245,20.115013,19.269245,19.980892,128100
2002-04-02,19.761933,19.761933,19.395161,19.395161,21300
2002-04-03,19.337674,19.351361,18.825835,18.984589,237000
2002-04-04,19.200822,19.200822,18.844998,19.050282,468000
2002-04-05,18.968165,18.981850,18.831309,18.891525,4500
2002-04-08,18.264732,18.913426,18.133349,18.831312,33600
2002-04-09,18.762892,18.762892,18.352325,18.407068,36900
2002-04-10,18.448112,18.530226,17.944483,18.475483,92700
2002-04-11,18.229153,18.470018,17.993761,18.105982,24000
2002-04-12,18.229149,18.256520,17.903432,18.201778,42300
2002-04-15,18.475488,18.612345,18.229149,18.598658,28500
2002-04-16,19.433489,19.696251,19.395169,19.614138,46500
2002-04-17,19.953518,20.273761,19.781081,20.041107,1386600
2002-04-18,19.638764,19.775617,19.159767,19.441690,34800
2002-04-19,19.570328,19.693499,19.132391,19.187134,37500
2002-04-22,18.913424,18.913424,18.694456,18.844997,471300
2002-04-23,18.927105,19.118703,18.404319,18.475483,67800
2002-04-24,18.639709,18.694450,17.845947,17.873318,41400
2002-04-25,17.845941,18.051224,17.613287,18.023853,251400
2002-04-26,18.201777,18.229148,17.224629,17.243788,239400
2002-04-29,17.366961,17.758368,17.128833,17.284847,209400
2002-04-30,17.339587,18.023864,17.339587,17.654354,93300
2002-05-01,17.599614,17.922594,17.126094,17.720047,27900
2002-05-02,17.709090,17.996487,16.961860,16.997442,89400
2002-05-03,16.764790,16.764790,16.135254,16.296743,99300
2002-05-06,16.491081,16.641623,15.935450,15.971032,21300
2002-05-07,16.025769,16.127041,15.560461,15.875227,542700
2002-05-08,17.024823,17.826795,16.929024,17.736471,215100
2002-05-09,17.681720,17.747411,17.161670,17.454540,46800
2002-05-10,17.284839,17.284839,16.346012,16.471918,72900
2002-05-13,16.737426,17.350538,16.696369,17.350538,37800
2002-05-14,18.352322,18.502863,18.067662,18.464544,107700
2002-05-15,18.064918,18.927107,17.917114,18.313995,87300
2002-05-16,18.338632,18.582235,18.092293,18.582235,42600
2002-05-17,18.831314,18.842264,18.338634,18.595924,40800
2002-05-20,18.420747,18.448119,18.201780,18.363268,17700
2002-05-21,18.420745,18.502858,17.706360,17.859638,45000
2002-05-22,17.654356,17.928066,17.366959,17.418964,147000
2002-05-23,17.791209,17.791209,17.243786,17.788471,41700
2002-05-24,17.161680,17.268428,17.065881,17.161680,49500
2002-05-28,17.243792,17.243792,16.887969,17.093252,16200
2002-05-29,16.696375,16.762067,16.532149,16.575943,38400
2002-05-30,16.203693,16.518461,15.971039,16.392553,57300
2002-05-31,16.600566,16.805849,16.354227,16.367910,375600
2002-06-03,16.176310,16.176310,15.533090,15.574146,80700
2002-06-04,15.519409,16.094202,15.437295,15.913552,65400
2002-06-05,16.066823,16.066823,15.601514,16.009344,40500
2002-06-06,15.549519,15.615209,15.300442,15.434561,91500
2002-06-07,14.451934,14.958299,14.232964,14.955562,100800
2002-06-10,14.917239,15.119784,14.772171,14.802279,359100
2002-06-11,14.851553,14.887135,14.164539,14.164539,324900
2002-06-12,14.328774,14.629856,13.978422,14.599748,94800
2002-06-13,14.482048,14.873454,14.326033,14.399935,1902600
2002-06-14,13.685544,14.506677,13.630802,14.369821,42600
2002-06-17,14.739330,15.232009,14.739330,15.095154,53700
2002-06-18,15.081465,15.519402,14.917239,14.917239,68400
2002-06-19,14.383508,14.575106,13.890830,13.918200,352500
2002-06-20,14.164539,14.164539,13.206550,13.302350,125700
2002-06-21,13.277718,13.447419,12.878100,12.941053,125700
2002-06-24,12.960213,13.589748,12.782301,13.521321,62100
2002-06-25,13.617116,13.617116,12.713871,12.782299,76800
2002-06-26,12.152764,12.782298,12.152764,12.730293,26700
2002-06-27,13.274981,13.450154,12.932841,13.329722,240300
2002-06-28,13.357096,13.715658,13.097071,13.113494,105000
2002-07-01,13.220239,13.316038,12.522276,12.522276,75600
2002-07-02,12.316991,12.412790,11.961167,12.067914,51000
2002-07-03,11.838001,12.494907,11.838001,12.481221,70200
2002-07-05,13.138128,13.507639,13.083386,13.507639,39000
2002-07-08,13.535003,13.535003,13.001266,13.001266,16800
2002-07-09,12.809671,12.823356,12.535960,12.535960,29400
2002-07-10,12.686500,12.689237,12.067914,12.150027,36900
2002-07-11,11.920109,12.760401,11.807887,12.760401,107400
2002-07-12,12.864414,13.124439,12.667342,13.009480,114000
2002-07-15,12.700188,13.138125,12.519538,13.042326,63600
2002-07-16,13.466578,13.904515,13.138125,13.310562,239700
2002-07-17,14.109796,14.109796,13.080644,13.370777,317100
2002-07-18,13.321512,13.493949,13.004008,13.069698,61200
2002-07-19,12.795987,13.181919,12.618075,12.700189,149400
2002-07-22,12.727558,12.913682,12.316991,12.412790,150300
2002-07-23,12.385420,12.538699,11.769570,11.769570,245100
2002-07-24,11.386375,12.264988,11.386375,12.264988,103800
2002-07-25,11.810627,11.810627,10.652830,11.107190,259500
2002-07-26,11.140032,11.164667,10.606296,10.852636,89400
2002-07-29,11.249518,11.640925,11.057921,11.605342,77100
2002-07-30,11.643667,12.024125,11.446594,11.920115,69000
2002-07-31,11.654615,11.673775,11.216678,11.331636,72600
2002-08-01,11.249521,11.413747,10.707573,10.707573,51600
2002-08-02,10.674726,10.674726,10.119092,10.266896,153900
2002-08-05,10.264156,10.266893,9.609987,9.686626,80100
2002-08-06,10.058875,10.526920,10.045189,10.264158,76800
2002-08-07,10.852640,10.852640,9.990450,10.480392,217800
2002-08-08,10.294270,10.948438,10.168362,10.869062,54300
2002-08-09,10.565238,10.885480,10.485862,10.811578,78000
2002-08-12,10.483126,10.592610,10.442069,10.551554,104400
2002-08-13,10.565238,10.896428,10.171095,10.171095,30600
2002-08-14,10.140994,10.825271,10.020561,10.792426,85200
2002-08-15,10.989497,11.156461,10.702100,11.016869,109200
2002-08-16,10.921066,11.865369,10.907380,11.701142,243600
2002-08-19,11.701143,12.385420,11.684720,12.251302,129300
2002-08-20,12.043279,12.043279,11.673770,11.728511,124200
2002-08-21,12.084336,12.314252,11.788727,12.221190,66300
2002-08-22,12.221192,12.541433,12.056966,12.289620,170100
2002-08-23,11.879053,12.007697,11.495858,11.561548,120000
2002-08-26,11.495861,11.665562,11.224887,11.575237,73800
2002-08-27,11.619026,11.619026,10.975806,11.057920,135900
2002-08-28,10.688413,10.912855,10.433861,10.485867,70200
2002-08-29,10.264159,10.677462,10.151937,10.521446,136800
2002-08-30,10.302481,10.633671,10.302481,10.401017,150000
2002-09-03,10.192992,10.192992,9.826220,9.880961,83400
2002-09-04,9.853593,10.031505,9.566196,9.935706,157200
2002-09-05,9.744110,9.744110,9.492296,9.514193,143400
2002-09-06,10.099935,10.140992,9.993188,10.075301,120000
2002-09-09,9.798852,10.069825,9.703053,10.045191,93000
2002-09-10,10.072561,10.453018,10.045189,10.275106,99900
2002-09-11,10.729467,10.729467,10.431122,10.442071,166200
2002-09-12,10.058879,10.110883,9.776957,9.776957,131400
2002-09-13,9.662001,9.859072,9.552515,9.634628,169200
2002-09-16,9.470399,9.470399,9.141947,9.210375,192300
2002-09-17,9.607253,9.607253,8.966769,9.016037,264900
2002-09-18,8.840865,9.032462,8.706746,8.854549,846300
2002-09-19,8.671158,8.862755,8.550724,8.638312,274800
2002-09-20,8.725904,8.777908,8.460404,8.509671,48900
2002-09-23,8.375554,8.375554,7.981411,8.126477,193800
2002-09-24,8.044361,8.416607,8.025200,8.153845,168600
2002-09-25,8.389238,8.849072,8.260594,8.717690,193500
2002-09-26,8.799811,8.903820,8.367346,8.539784,68400
2002-09-27,8.391977,8.717693,8.329024,8.337234,42300
2002-09-30,8.074467,8.126472,7.959508,8.082679,29100
2002-10-01,8.266074,8.539784,7.981414,8.539784,57300
2002-10-02,8.485043,8.840869,8.337239,8.378296,217800
2002-10-03,8.227753,8.266072,8.052578,8.129216,41400
2002-10-04,8.088157,8.088157,7.620111,7.704961,435600
2002-10-07,7.488731,7.631061,7.360087,7.360087,44400
2002-10-08,7.472307,7.472307,7.075426,7.280709,106500
2002-10-09,7.184912,7.431252,7.102798,7.102798,60000
2002-10-10,7.143857,7.819923,7.143857,7.672119,686700
2002-10-11,8.047100,8.547990,8.047100,8.361867,661500
2002-10-14,8.252385,8.443982,8.142900,8.389240,100200
2002-10-15,9.155633,9.221324,8.983195,9.221324,143400
2002-10-16,8.430295,8.485036,8.211326,8.211326,127200
2002-10-17,8.835388,8.955821,8.720429,8.832651,282600
2002-10-18,8.624634,9.048887,8.539784,8.985932,140400
2002-10-21,8.868234,9.538826,8.747801,9.538826,95100
2002-10-22,8.840862,9.199422,8.786119,8.895603,106200
2002-10-23,9.024249,9.593568,8.884656,9.579883,66900
2002-10-24,9.689370,9.935710,9.267855,9.306174,276300
2002-10-25,9.363649,9.771479,9.363649,9.755056,78900
2002-10-28,10.072563,10.140991,9.766006,9.823485,75900
2002-10-29,9.815275,9.908337,9.106364,9.495033,165000
2002-10-30,9.582622,10.138256,9.527880,10.023297,104700
2002-10-31,10.182044,10.258683,9.908333,9.990447,64500
2002-11-01,9.880960,10.578923,9.880960,10.477651,132000
2002-11-04,10.948437,11.438380,10.896433,11.044236,570300
2002-11-05,10.811580,11.071605,10.578926,10.838951,107400
2002-11-06,11.003180,11.249520,10.693886,11.142773,150600
2002-11-07,10.811581,10.836215,10.346272,10.359958,428700
2002-11-08,10.401012,10.463965,10.031503,10.182043,188100
2002-11-11,9.935711,9.935711,9.514196,9.634628,207000
2002-11-12,9.785164,10.275106,9.733159,9.990447,96600
2002-11-13,9.976763,10.220366,9.785166,9.941181,81000
2002-11-14,10.401018,10.778739,10.277849,10.756843,308700
2002-11-15,10.455760,10.822533,10.406492,10.756843,184200
2002-11-18,11.016864,11.145507,10.797894,10.797894,100200
2002-11-19,10.737683,10.822533,10.458497,10.524188,201900
2002-11-20,10.699361,11.287840,10.696624,11.202990,93000
2002-11-21,11.591655,12.180133,11.577970,12.180133,270300
2002-11-22,11.851682,12.232140,11.851682,12.067914,355800
2002-11-25,12.275936,12.527750,12.155503,12.470271,225300
2002-11-26,12.207506,12.316990,11.881790,11.950217,126900
2002-11-27,12.316991,12.724820,12.262249,12.683764,152700
2002-11-29,12.809672,12.809672,12.371734,12.371734,81000
2002-12-02,13.097067,13.138124,12.385418,12.535960,816600
2002-12-03,12.180136,12.215719,11.796942,11.868106,305100
2002-12-04,11.085292,11.405534,10.992231,11.172879,1289400
2002-12-05,11.290577,11.326159,10.948438,11.112664,562500
2002-12-06,10.743151,11.192037,10.743151,10.992229,412200
2002-12-09,10.743154,10.756840,10.239526,10.332587,367800
2002-12-10,10.455756,10.811581,10.291529,10.797894,252600
2002-12-11,10.537872,10.948439,10.496816,10.715785,146100
2002-12-12,10.743154,10.934752,10.532397,10.606299,706500
2002-12-13,10.346273,10.398277,10.236789,10.266896,273000
2002-12-16,10.318906,10.770529,10.225843,10.743157,102900
2002-12-17,10.606296,10.874532,10.455754,10.513234,1558200
2002-12-18,10.127306,10.127306,9.760534,9.845384,228300
2002-12-19,9.853593,10.012345,9.585356,9.768743,394200
2002-12-20,9.826225,9.963080,9.719477,9.790642,520200
2002-12-23,9.826222,10.078035,9.826222,9.976762,988200
2002-12-24,9.963078,9.990449,9.826223,9.839908,35700
2002-12-26,10.069826,10.171099,9.771481,9.798852,60000
2002-12-27,9.842641,9.867276,9.689363,9.730420,179700
2002-12-30,9.880964,9.880964,9.448502,9.525141,168600
2002-12-31,9.443026,9.585356,9.322593,9.492294,119400
2003-01-02,9.661996,10.138253,9.492295,10.121830,386100
2003-01-03,10.113617,10.329849,10.020555,10.275106,114600
2003-01-06,10.483128,10.904642,10.442071,10.797894,130800
2003-01-07,10.893699,11.096245,10.677467,10.743157,97200
2003-01-08,10.606297,10.619983,10.288792,10.340797,83700
2003-01-09,10.619980,10.890954,10.619980,10.658299,348600
2003-01-10,10.537872,10.975810,10.458496,10.896434,254700
2003-01-13,11.148244,11.148244,10.619982,10.726728,77400
2003-01-14,10.702100,10.967600,10.647358,10.756843,97200
2003-01-15,10.743153,10.743153,10.428385,10.537869,70800
2003-01-16,10.537873,10.537873,10.146467,10.168364,587700
2003-01-17,9.785166,9.864542,9.566197,9.579883,707700
2003-01-21,9.716739,9.741373,9.448503,9.516931,70800
2003-01-22,9.511449,9.686624,9.448496,9.451233,121800
2003-01-23,9.716737,9.842644,9.555248,9.793377,499200
2003-01-24,9.607253,9.607253,9.306171,9.388285,123600
2003-01-27,9.251432,9.369127,9.141947,9.210375,168000
2003-01-28,9.306172,9.388285,9.141945,9.308909,126600
2003-01-29,9.144683,9.645573,9.141945,9.552511,155100
2003-01-30,9.566196,9.566196,9.089939,9.092676,138600
2003-01-31,8.704009,9.125523,8.679375,9.032462,322500
2003-02-03,9.032462,9.235008,9.029725,9.032462,3028500
2003-02-04,8.868229,8.983187,8.868229,8.890126,49500
2003-02-05,9.032462,9.287014,8.922978,8.950349,52800
2003-02-06,8.922976,8.969506,8.772435,8.791595,71400
2003-02-07,8.881920,8.881920,8.701271,8.704008,32700
2003-02-10,8.704003,8.849070,8.599993,8.849070,50700
2003-02-11,8.909291,9.070781,8.829915,8.851811,33300
2003-02-12,8.903812,9.016033,8.813487,8.849070,40200
2003-02-13,8.758749,8.808018,8.624631,8.750538,285000
2003-02-14,8.895605,9.292486,8.895605,9.292486,75000
2003-02-18,9.421131,9.659260,9.421131,9.642837,279900
2003-02-19,9.661995,9.672943,9.388284,9.505980,149100
2003-02-20,9.648313,9.735901,9.555252,9.716741,549300
2003-02-21,9.689366,9.713999,9.448500,9.648309,374700
2003-02-24,9.579883,9.735898,9.530614,9.538826,170400
2003-02-25,9.319854,9.549771,9.196684,9.459447,340200
2003-02-26,9.393764,9.577150,9.215852,9.215852,104400
2003-02-27,9.355438,9.525139,9.281536,9.519665,925200
2003-02-28,9.579884,9.812538,9.577147,9.812538,2178600
2003-03-03,9.935707,9.946655,9.445764,9.448502,207900
2003-03-04,9.443029,9.497771,9.333545,9.333545,27600
2003-03-05,9.360912,9.519665,9.319856,9.445763,64500
2003-03-06,9.333543,9.492295,9.333543,9.415656,27600
2003-03-07,9.114572,9.355437,9.114572,9.265112,93300
2003-03-10,9.196687,9.245956,9.062569,9.087203,52800
2003-03-11,9.059828,9.166575,9.046144,9.046144,29400
2003-03-12,9.169311,9.306166,9.007821,9.303429,84000
2003-03-13,9.579882,9.990448,9.440289,9.976762,176700
2003-03-14,9.990444,10.127299,9.744104,9.801584,568800
2003-03-17,9.744108,10.477653,9.694840,10.387328,589800
2003-03-18,10.428384,10.573451,10.277844,10.548818,499800
2003-03-19,10.401017,10.518713,10.225841,10.455758,160200
2003-03-20,10.318901,10.661039,10.266896,10.496813,114600
2003-03-21,10.688412,10.795159,10.581665,10.770525,381900
2003-03-24,10.401016,10.420175,10.187521,10.187521,2379000
2003-03-25,10.209417,10.483128,10.168360,10.420174,312300
2003-03-26,10.401012,10.507760,10.291527,10.368167,132000
2003-03-27,10.140989,10.286055,10.078035,10.209416,1483800
2003-03-28,10.099931,10.234049,9.913807,9.963076,84900
2003-03-31,9.744107,9.755055,9.530612,9.563457,360900
2003-04-01,9.579881,9.766004,9.579881,9.623674,30300
2003-04-02,10.127303,10.329849,10.031504,10.264158,111300
2003-04-03,10.318900,10.450282,10.146463,10.277844,356700
2003-04-04,10.154673,10.190255,9.886437,10.004132,165900
2003-04-07,10.510500,10.510500,10.127304,10.154675,126300
2003-04-08,9.963070,9.963070,9.716730,9.733153,217500
2003-04-09,9.733165,9.861809,9.582624,9.634628,308100
2003-04-10,9.579881,9.741369,9.511452,9.623674,43800
2003-04-11,9.798852,9.798852,9.500506,9.514193,22500
2003-04-14,9.620940,9.820748,9.533352,9.820748,43200
2003-04-15,9.620937,9.976761,9.609988,9.809797,38100
2003-04-16,10.182045,10.384591,10.143725,10.244999,365700
2003-04-17,10.305219,10.726733,10.245003,10.674728,357300
2003-04-21,10.619988,10.754106,10.606302,10.723998,276600
2003-04-22,10.537866,11.071602,10.537866,11.066129,489600
2003-04-23,11.030551,11.186566,10.978546,11.142773,54000
2003-04-24,10.975809,11.079818,10.885484,10.997705,125700
2003-04-25,10.674727,10.696624,10.428387,10.485867,86100
2003-04-28,10.485867,10.806109,10.485867,10.778738,41700
2003-04-29,10.934749,11.085290,10.858110,11.003177,1008900
2003-04-30,10.871800,10.915593,10.737681,10.784212,574500
2003-05-01,10.784208,10.849898,10.606296,10.775996,116700
2003-05-02,10.915593,11.192041,10.915593,11.118139,84600
2003-05-05,11.304264,11.591660,11.197517,11.326160,186600
2003-05-06,11.304257,11.619024,11.304257,11.432900,53400
2003-05-07,11.304265,11.498599,11.170146,11.249522,535200
2003-05-08,11.030544,11.137291,10.978539,10.984014,84300
2003-05-09,11.244041,11.495855,11.222145,11.495855,83100
2003-05-12,11.468486,11.739460,11.402795,11.733985,260700
2003-05-13,11.564287,11.654611,11.495859,11.539653,804300
2003-05-14,11.673771,11.676507,11.309734,11.536915,769800
2003-05-15,11.742194,11.794198,11.577968,11.665555,90300
2003-05-16,11.605340,11.619025,11.430165,11.515015,79800
2003-05-19,11.304259,11.359000,10.989491,10.992229,129300
2003-05-20,11.098976,11.134559,10.874533,11.003177,154200
2003-05-21,10.948435,11.066131,10.852637,11.049708,72900
2003-05-22,11.003178,11.287838,10.978544,11.172879,65700
2003-05-23,11.153723,11.328899,11.153723,11.249522,30900
2003-05-27,11.194773,11.900946,11.194773,11.837994,137100
2003-05-28,11.906425,12.111708,11.843471,11.884528,85200
2003-05-29,12.029596,12.393631,12.029596,12.251302,69600
2003-05-30,12.399106,12.494905,12.385420,12.426476,545100
2003-06-02,12.645445,12.645445,12.144554,12.174663,854400
2003-06-03,12.070651,12.368995,12.070651,12.336150,381000
2003-06-04,12.399105,12.817882,12.399105,12.790511,75000
2003-06-05,12.453847,12.971160,12.434687,12.932840,285600
2003-06-06,13.480267,13.504899,12.648184,12.716612,269100
2003-06-09,12.453847,12.535961,12.232141,12.371734,341400
2003-06-10,12.371737,12.533226,12.180139,12.481221,51000
2003-06-11,12.098025,12.481221,12.004964,12.481221,104700
2003-06-12,12.508592,12.508592,12.182877,12.316995,164400
2003-06-13,12.180140,12.180140,11.810630,11.920115,202200
2003-06-16,11.933793,12.234875,11.840731,12.128128,132300
2003-06-17,12.218458,12.248566,12.002226,12.202035,244800
2003-06-18,12.152763,12.519535,12.040541,12.462056,67800
2003-06-19,12.645445,12.645445,12.292359,12.344363,96900
2003-06-20,12.344362,12.344362,12.130868,12.166451,47400
2003-06-23,12.103498,12.229405,11.799679,11.840735,145800
2003-06-24,11.701141,11.906424,11.577972,11.742198,585600
2003-06-25,11.906423,12.076124,11.717563,11.810624,199800
2003-06-26,11.851682,12.122656,11.843471,12.092548,59400
2003-06-27,12.193822,12.218455,11.911899,12.013172,213300
2003-06-30,12.139078,12.221192,11.933795,11.933795,355800
2003-07-01,11.892738,12.155501,11.701141,12.155501,552300
2003-07-02,12.275937,12.560596,12.270462,12.560596,222300
2003-07-03,12.371733,12.590702,12.371733,12.423738,31200
2003-07-07,12.754928,13.179180,12.700187,13.173706,198900
2003-07-08,13.165495,13.368042,12.995795,13.329722,252900
2003-07-09,13.316038,13.644491,13.187393,13.463842,245400
2003-07-10,13.220241,13.261297,12.943792,13.014957,198300
2003-07-11,13.028638,13.179179,13.028638,13.138123,102300
2003-07-14,13.521320,13.644489,13.411834,13.480264,404100
2003-07-15,13.630801,13.740285,13.420043,13.502156,267900
2003-07-16,13.685547,13.685547,13.247608,13.480264,396000
2003-07-17,13.077909,13.110754,12.760404,12.897260,273300
2003-07-18,12.924629,13.050536,12.604388,12.932840,177900
2003-07-21,12.878096,12.878096,12.568803,12.697447,411600
2003-07-22,12.919154,13.149071,12.897258,13.118964,163500
2003-07-23,13.110751,13.368039,13.009477,13.368039,147000
2003-07-24,13.398152,13.452893,13.004007,13.004007,327300
2003-07-25,13.028638,13.269504,12.754927,13.269504,170100
2003-07-28,13.206551,13.461103,13.195603,13.428257,101400
2003-07-29,13.370778,13.370778,13.034113,13.110753,282600
2003-07-30,13.151807,13.151807,12.998530,13.028638,141900
2003-07-31,13.343404,13.524053,13.220235,13.220235,447300
2003-08-01,13.274982,13.384464,13.140861,13.384464,327900
2003-08-04,13.357095,13.493950,13.151812,13.433735,56700
2003-08-05,13.425519,13.425519,13.001266,13.001266,194100
2003-08-06,12.960211,13.108015,12.795985,12.891784,162600
2003-08-07,12.864413,12.897258,12.702923,12.782299,231900
2003-08-08,12.795987,12.864415,12.278673,12.451111,467400
2003-08-11,12.505851,12.733031,12.505851,12.678288,245100
2003-08-12,12.672817,12.919156,12.672817,12.919156,45300
2003-08-13,12.979372,13.302351,12.921892,13.157283,153300
2003-08-14,13.192866,13.318772,13.108015,13.307824,42300
2003-08-15,13.269506,13.343408,13.269506,13.343408,4800
2003-08-18,13.351616,13.959254,13.351616,13.959254,331500
2003-08-19,14.000309,14.232963,13.956517,14.232963,1208700
2003-08-20,14.013998,14.336975,13.975678,14.096111,397500
2003-08-21,14.369820,14.654479,14.301393,14.561418,1836600
2003-08-22,15.273070,15.368869,14.783126,14.835133,3881700
2003-08-25,14.780393,14.805028,14.558687,14.654486,3254700
2003-08-26,14.479311,14.711967,14.304136,14.711967,129000
2003-08-27,14.753021,15.158113,14.750284,15.158113,157200
2003-08-28,15.245703,15.316867,14.950094,15.289496,1809300
2003-08-29,15.259384,15.434560,15.204642,15.382555,1696800
2003-09-02,15.437293,15.440031,15.122527,15.409923,278700
2003-09-03,15.409926,15.448246,14.999360,15.108844,695100
2003-09-04,15.081467,15.448239,15.032199,15.330544,276000
2003-09-05,15.355192,15.869769,15.300449,15.533105,480300
2003-09-08,15.793121,16.105150,15.768486,16.058620,801000
2003-09-09,16.025769,16.066826,15.798589,15.875227,522300
2003-09-10,15.382559,15.450987,14.930935,14.958307,3028500
2003-09-11,15.136213,15.360657,14.711963,15.169059,836400
2003-09-12,15.054100,15.445508,14.919983,15.248436,574200
2003-09-15,15.383656,15.391868,15.000433,15.008645,98100
2003-09-16,15.205735,15.594432,15.137301,15.588958,1340400
2003-09-17,15.575262,15.673804,15.419235,15.493142,156600
2003-09-18,15.293327,15.630016,15.192047,15.591695,205800
2003-09-19,15.547894,15.668336,15.386394,15.531471,62100
2003-09-22,15.301536,15.328910,15.101712,15.170145,217800
2003-09-23,15.233111,15.411036,15.123620,15.394613,107700
2003-09-24,15.460300,15.460300,14.710278,14.710278,202500
2003-09-25,14.849882,15.192046,14.671958,14.713018,94500
2003-09-26,14.535091,14.707540,14.357166,14.442021,888600
2003-09-29,14.644585,14.767765,14.384541,14.685645,917400
2003-09-30,14.630900,14.630900,14.250413,14.343483,423600
2003-10-01,14.452968,14.589833,14.343476,14.556986,337800
2003-10-02,14.589843,14.863574,14.589843,14.748606,345900
2003-10-03,15.246794,15.520523,15.164674,15.356286,613200
2003-10-06,15.411027,15.506832,15.331645,15.471248,214500
2003-10-07,15.419239,15.807936,15.301534,15.794250,157500
2003-10-08,15.848996,15.876369,15.602640,15.706657,344400
2003-10-09,15.944804,16.144626,15.714870,15.816150,2020500
2003-10-10,16.013243,16.067990,15.879114,16.013243,178500
2003-10-13,16.177473,16.319812,15.974912,16.122726,253200
2003-10-14,15.931116,16.259592,15.892793,16.259592,73500
2003-10-15,16.683880,16.694828,16.254122,16.292444,2100600
2003-10-16,16.286968,16.448471,16.193900,16.442995,101700
2003-10-17,16.464895,16.492267,15.944808,16.021452,196500
2003-10-20,16.021450,16.199375,15.903746,16.199375,187500
2003-10-21,16.423833,16.664716,16.396461,16.629131,241200
2003-10-22,16.382767,16.382767,16.136409,16.240427,112200
2003-10-23,15.630015,15.917432,15.602642,15.876371,941400
2003-10-24,15.807945,15.903751,15.536952,15.854480,1503000
2003-10-27,16.150100,16.150100,15.917428,16.005022,470100
2003-10-28,16.355405,16.919289,16.308871,16.919289,543000
2003-10-29,16.916542,17.195748,16.809787,17.108152,353100
2003-10-30,17.340833,17.403791,17.121849,17.245028,325800
2003-10-31,17.245029,17.245029,16.946663,17.053417,141900
2003-11-03,17.272398,17.682993,17.255973,17.628248,183300
2003-11-04,17.573497,17.830804,17.518750,17.704887,267900
2003-11-05,17.655622,17.822598,17.387365,17.817123,202200
2003-11-06,17.956732,18.082649,17.674789,18.003265,990600
2003-11-07,18.203084,18.257829,18.033369,18.038845,443700
2003-11-10,18.025153,18.044313,17.417470,17.513277,133200
2003-11-11,17.464008,17.529704,17.275135,17.458534,648900
2003-11-12,17.724044,18.099056,17.710359,18.099056,571800
2003-11-13,17.956732,18.118233,17.628255,17.860926,285600
2003-11-14,17.797955,17.915661,17.250494,17.362724,168900
2003-11-17,17.053420,17.203972,16.820749,17.105429,2065200
2003-11-18,17.368210,17.436643,16.834435,16.848122,324300
2003-11-19,16.902855,17.190272,16.793364,17.151951,663000
2003-11-20,16.971298,17.275138,16.809795,16.820745,116700
2003-11-21,16.998670,17.135535,16.834431,17.020569,269400
2003-11-24,17.245021,17.655617,17.245021,17.573498,304800
2003-11-25,17.682996,17.849973,17.628251,17.674784,198900
2003-11-26,17.915665,17.929350,17.518754,17.762375,137400
2003-11-28,17.778805,17.978629,17.770593,17.953993,66900
2003-12-01,18.203084,18.260568,17.904717,18.129177,353700
2003-12-02,18.066226,18.189404,17.984106,17.989582,557100
2003-12-03,18.162018,18.200341,17.655616,17.682989,240000
2003-12-04,17.724051,17.833545,17.138270,17.480433,378900
2003-12-05,17.053417,17.321672,16.880967,16.974035,1639800
2003-12-08,17.026042,17.091737,16.711252,16.932974,179100
2003-12-09,16.971297,17.132797,16.109045,16.232224,1197600
2003-12-10,16.259592,16.453941,16.081667,16.330763,1527900
2003-12-11,16.374565,16.941187,16.344455,16.889179,473400
2003-12-12,16.998669,17.047940,16.703040,16.900126,414600
2003-12-15,17.245023,17.245023,16.377296,16.377296,243000
2003-12-16,16.437514,16.437514,15.947537,16.317074,403800
2003-12-17,16.254130,16.366360,16.046096,16.155586,112500
2003-12-18,16.314351,16.779692,16.303401,16.697573,222600
2003-12-19,16.697562,16.804318,16.505952,16.593546,165900
2003-12-22,16.547010,16.735884,16.475841,16.579859,102600
2003-12-23,16.629138,16.941191,16.629138,16.867285,127500
2003-12-24,16.916556,17.012362,16.834436,16.867285,43200
2003-12-26,16.916541,17.004134,16.916541,16.957600,49800
2003-12-29,17.012353,17.272397,17.012353,17.223125,110700
2003-12-30,17.272393,17.395572,17.141003,17.253233,180900
2003-12-31,17.313453,17.395573,17.067096,17.176590,418800
2004-01-02,17.340833,17.447589,17.179332,17.245028,222000
2004-01-05,17.559805,17.871857,17.491372,17.806162,309900
2004-01-06,17.860919,18.066217,17.715842,17.997786,510300
2004-01-07,18.052528,18.175707,17.863653,18.159283,354900
2004-01-08,18.572618,18.756018,18.271515,18.701271,625800
2004-01-09,18.613682,18.966793,18.452179,18.709486,275700
2004-01-12,18.818984,19.174833,18.641059,19.174833,255900
2004-01-13,19.215880,19.218618,18.545239,18.731377,735000
2004-01-14,18.791603,18.805290,18.493237,18.646526,290100
2004-01-15,18.627363,19.005112,18.457651,18.860035,558900
2004-01-16,19.079024,19.229577,18.862776,19.204941,93900
2004-01-20,19.311692,19.344540,19.013326,19.207674,974400
2004-01-21,18.887417,18.887417,18.520618,18.720442,311700
2004-01-22,19.024277,19.024277,18.375534,18.438492,302400
2004-01-23,18.408383,18.487763,18.038846,18.148338,614700
2004-01-26,18.203082,18.589042,18.175708,18.580830,113100
2004-01-27,18.408388,18.485032,18.022427,18.022427,291900
2004-01-28,18.339947,18.394694,17.806173,17.877344,464400
2004-01-29,18.066216,18.066216,17.381891,17.672045,950400
2004-01-30,17.724057,17.874610,17.655626,17.792492,132300
2004-02-02,17.984094,17.995044,17.472218,17.518751,243900
2004-02-03,17.450321,17.691204,17.450321,17.589924,153000
2004-02-04,17.313458,17.357257,17.050677,17.058889,569400
2004-02-05,17.354513,17.370937,17.135528,17.286079,319500
2004-02-06,17.587200,18.000532,17.458546,17.929361,1054800
2004-02-09,18.120964,18.120964,17.852707,17.874605,387300
2004-02-10,17.888298,18.022427,17.814391,17.915672,161400
2004-02-11,18.052526,18.337205,18.036102,18.301620,254400
2004-02-12,18.175709,18.391957,17.997786,17.997786,142800
2004-02-13,18.203088,18.203088,17.595404,17.792492,257700
2004-02-17,18.011470,18.082641,17.852707,18.025158,97500
2004-02-18,18.230458,18.315314,18.066219,18.148338,140700
2004-02-19,18.613690,18.613690,17.923889,17.929361,551400
2004-02-20,17.915663,17.915663,17.537914,17.776060,270300
2004-02-23,17.792491,17.817126,17.072579,17.231342,486300
2004-02-24,17.108161,17.425689,17.039729,17.250502,312900
2004-02-25,17.409260,17.650142,17.409260,17.587185,92700
2004-02-26,17.587195,17.891035,17.450328,17.773331,112800
2004-02-27,17.833547,17.871868,17.464010,17.636461,70500
2004-03-01,17.532436,17.984090,17.518748,17.943031,165600
2004-03-02,18.120962,18.192132,17.819859,17.819859,285000
2004-03-03,17.765109,17.770583,17.494116,17.606346,127200
2004-03-04,17.655620,17.819859,17.611823,17.819859,840900
2004-03-05,17.491387,17.923883,17.491387,17.726795,542700
2004-03-08,17.737739,17.808908,17.026039,17.026039,243300
2004-03-09,17.026038,17.034250,16.722196,16.943918,1046700
2004-03-10,16.943917,17.069833,16.484050,16.604490,260100
2004-03-11,16.478577,16.875485,16.382771,16.396458,736200
2004-03-12,16.697564,16.856329,16.620921,16.850855,599100
2004-03-15,16.697569,16.697569,16.286973,16.322559,198900
2004-03-16,16.519635,16.601755,16.213057,16.505949,471000
2004-03-17,16.670186,16.883696,16.670186,16.872747,80400
2004-03-18,16.765998,16.826217,16.492265,16.623657,81000
2004-03-19,16.451205,16.563435,16.040609,16.089880,150000
2004-03-22,15.821624,15.988599,15.638224,15.851734,399300
2004-03-23,16.040610,16.095357,15.728558,15.876371,97800
2004-03-24,15.939327,16.314338,15.917429,16.150101,183300
2004-03-25,16.451210,16.812535,16.341718,16.757790,321900
2004-03-26,16.697557,16.834423,16.631862,16.640074,342900
2004-03-29,16.971288,17.069830,16.834421,16.957600,311400
2004-03-30,16.807059,16.938450,16.645558,16.916552,199500
2004-03-31,16.902870,17.047948,16.733158,16.878235,237600
2004-04-01,17.108160,17.338094,17.015092,17.217653,361800
2004-04-02,17.792492,17.817127,17.516023,17.792492,522000
2004-04-05,17.833557,17.929361,17.688480,17.929361,216600
2004-04-06,17.587180,17.628239,17.395567,17.546120,726900
2004-04-07,17.518757,17.628251,17.247764,17.524233,88200
2004-04-08,17.765110,17.767848,17.436634,17.603609,174000
2004-04-12,17.682991,17.693941,17.510542,17.633720,245400
2004-04-13,17.765106,17.765106,17.288815,17.390095,156900
2004-04-14,17.217653,17.461272,17.102687,17.217653,213300
2004-04-15,17.182064,17.190276,16.566171,16.763258,146400
2004-04-16,16.349918,16.530580,16.152832,16.388241,338100
2004-04-19,16.459418,16.629131,16.333501,16.588072,111900
2004-04-20,16.637348,16.686619,16.018717,16.073463,109200
2004-04-21,16.415617,16.615441,16.276015,16.505949,114600
2004-04-22,16.240429,16.779677,16.199370,16.719458,109800
2004-04-23,16.763264,16.976772,16.763264,16.924765,82200
2004-04-26,16.861804,16.927500,16.467633,16.547014,192900
2004-04-27,16.492261,16.645552,16.245905,16.289701,59100
2004-04-28,16.095358,16.311604,15.909221,15.947543,152100
2004-04-29,15.958496,15.958496,15.241322,15.397349,431400
2004-04-30,15.493152,15.602644,15.098980,15.137301,112800
2004-05-03,15.200255,15.531469,14.877253,15.096237,204600
2004-05-04,15.328918,15.657394,15.222162,15.397349,232200
2004-05-05,15.504096,15.728556,15.397342,15.643699,92100
2004-05-06,15.369973,15.594431,15.298802,15.561584,260400
2004-05-07,15.676549,15.947542,15.630014,15.692973,177600
2004-05-10,15.449351,15.810674,15.449351,15.643699,457500
2004-05-11,15.917427,16.073454,15.846258,15.903741,267000
2004-05-12,15.903745,15.903745,15.339860,15.848998,317700
2004-05-13,15.766884,15.911960,15.668340,15.777832,234900
2004-05-14,15.810684,15.810684,15.441148,15.476733,162900
2004-05-17,15.057920,15.400083,15.057920,15.194785,145500
2004-05-18,15.515052,15.649180,15.463043,15.534214,129300
2004-05-19,15.903742,16.128201,15.714869,15.739505,266100
2004-05-20,15.859952,15.859952,15.547898,15.649179,20100
2004-05-21,15.835308,15.835308,15.602638,15.712130,77400
2004-05-24,15.958487,15.972175,15.786038,15.881844,66600
2004-05-25,15.805209,16.328033,15.660130,16.265076,152400
2004-05-26,16.300652,16.423831,16.182948,16.325287,118200
2004-05-27,16.571648,16.667453,16.442993,16.588072,182100
2004-05-28,16.634604,16.746834,16.547010,16.703037,366900
2004-06-01,16.631867,16.741361,16.440257,16.560699,283800
2004-06-02,16.494995,16.494995,16.215792,16.333494,342000
2004-06-03,16.150104,16.150104,15.846262,15.876371,391800
2004-06-04,16.204852,16.341717,16.117259,16.158318,203400
2004-06-07,16.385507,16.760518,16.377295,16.724934,308700
2004-06-08,16.582593,16.724934,16.522374,16.724934,181800
2004-06-09,16.568910,16.599020,16.174738,16.174738,132300
2004-06-10,16.380029,16.393715,16.125460,16.215792,96000
2004-06-14,16.054292,16.062504,15.764139,15.810672,120300
2004-06-15,16.087141,16.109040,15.890055,15.944802,81600
2004-06-16,15.931105,15.936581,15.780554,15.884570,165900
2004-06-17,15.616329,15.632753,15.348074,15.378184,313500
2004-06-18,15.219419,15.534211,15.219419,15.312489,158100
2004-06-21,15.438406,15.531476,15.170151,15.178363,66600
2004-06-22,15.274164,15.673809,15.260476,15.640963,307500
2004-06-23,15.766879,16.037872,15.687496,15.999550,545100
2004-06-24,15.999554,16.122732,15.821628,15.873637,357300
2004-06-25,15.922910,16.040614,15.901011,15.969444,149700
2004-06-28,16.155574,16.155574,15.739505,15.783300,81000
2004-06-29,15.832576,16.087145,15.832576,16.087145,806700
2004-06-30,16.155577,16.314342,16.046087,16.218536,539100
2004-07-01,16.013240,16.013240,15.536949,15.619068,575400
2004-07-02,15.493155,15.493155,15.301543,15.326180,250800
2004-07-06,15.055180,15.068868,14.609001,14.685645,386400
2004-07-07,14.827980,14.994956,14.827980,14.890938,254100
2004-07-08,14.825252,14.984017,14.743133,14.743133,230400
2004-07-09,14.959374,15.096239,14.904627,14.962111,130500
2004-07-12,14.576150,14.685642,14.452971,14.606260,617400
2004-07-13,14.729443,14.781452,14.543306,14.630901,445500
2004-07-14,14.028687,14.283258,13.932883,14.028687,320700
2004-07-15,14.042385,14.209360,13.924681,14.034173,280500
2004-07-16,14.124496,14.124496,13.661891,13.708425,468000
2004-07-19,13.754964,13.869930,13.590725,13.798760,456300
2004-07-20,13.768650,14.138186,13.768650,14.138186,264000
2004-07-21,14.343481,14.359905,13.514077,13.514077,1143600
2004-07-22,13.629050,14.001323,13.494921,13.891832,726000
2004-07-23,13.727592,13.768651,13.440174,13.442912,390600
2004-07-26,13.494916,13.544189,13.204763,13.322467,573300
2004-07-27,13.401850,13.475757,13.084323,13.393638,336900
2004-07-28,13.273198,13.407326,13.007679,13.330681,388800
2004-07-29,13.522291,13.801496,13.464808,13.713902,390600
2004-07-30,13.713908,13.973951,13.645475,13.875409,750600
2004-08-02,13.694736,13.960254,13.694736,13.883611,258300
2004-08-03,13.842558,13.848033,13.399116,13.399116,266700
2004-08-04,13.330679,13.634520,13.251298,13.527765,348000
2004-08-05,13.593462,13.686531,13.330681,13.330681,280200
2004-08-06,13.347103,13.347103,12.747633,12.854388,868800
2004-08-09,12.879024,12.936507,12.766794,12.851650,311400
2004-08-10,12.988512,13.043258,12.879020,13.035046,138600
2004-08-11,12.320609,12.473898,12.208380,12.430102,650700
2004-08-12,12.293240,12.372621,12.044145,12.109840,719700
2004-08-13,12.164582,12.164582,11.962023,12.153634,365700
2004-08-16,12.295978,12.389047,12.252182,12.315140,261600
2004-08-17,12.586133,12.665514,12.514962,12.520437,240000
2004-08-18,12.413681,13.002201,12.413681,13.002201,402600
2004-08-19,12.947452,13.037783,12.769527,12.889968,115200
2004-08-20,12.824281,13.062426,12.783221,12.977570,118200
2004-08-23,13.045998,13.245820,13.040523,13.108955,418200
2004-08-24,13.111692,13.152751,12.736681,12.824275,401100
2004-08-25,12.728472,13.021364,12.643615,12.958405,289500
2004-08-26,12.955665,12.955665,12.783214,12.835223,322200
2004-08-27,12.903655,13.013148,12.859858,12.933765,115200
2004-08-30,12.837965,12.873551,12.613506,12.654566,305100
2004-08-31,12.591607,12.605294,12.290504,12.520437,275700
2004-09-01,12.556022,12.829752,12.556022,12.681937,93300
2004-09-02,12.613504,12.794166,12.561495,12.766793,43200
2004-09-03,12.405472,12.454743,12.153640,12.167326,430800
2004-09-07,12.304182,12.345242,12.008553,12.060563,171600
2004-09-08,12.044147,12.183749,11.970239,12.005824,146100
2004-09-09,12.315135,12.777740,12.208380,12.673722,407100
2004-09-10,12.695623,13.196550,12.681936,13.147279,949200
2004-09-13,13.385425,13.629045,13.223923,13.410061,3798000
2004-09-14,13.385423,13.467543,13.256771,13.445644,795300
2004-09-15,13.243081,13.243081,12.977563,13.048733,451500
2004-09-16,13.174653,13.221188,13.024101,13.062424,524700
2004-09-17,13.196550,13.300568,13.067896,13.284143,431400
2004-09-20,13.207495,13.806966,13.177386,13.670101,837600
2004-09-21,13.782328,13.894558,13.702947,13.826125,1195500
2004-09-22,13.681049,13.691997,13.412792,13.429216,482100
2004-09-23,13.467545,13.590723,13.322468,13.481233,168000
2004-09-24,13.549661,13.585246,13.078845,13.152752,448800
2004-09-27,12.909133,13.150014,12.865336,12.963879,1411800
2004-09-28,12.950192,12.977565,12.714783,12.818801,587100
2004-09-29,12.843440,13.114433,12.843440,13.007678,856500
2004-09-30,13.062421,13.273194,13.054209,13.144540,1130400
2004-10-01,13.399109,13.757694,13.366261,13.757694,610200
2004-10-04,13.960264,14.138189,13.878144,13.908255,673200
2004-10-05,13.891828,13.993108,13.702953,13.861716,389100
2004-10-06,13.850763,13.924670,13.675576,13.924670,255000
2004-10-07,13.932886,14.053326,13.806969,13.823392,365100
2004-10-08,13.659157,13.711166,13.281408,13.371739,404400
2004-10-11,13.325204,13.410060,13.166440,13.396374,211200
2004-10-12,13.133592,13.248560,13.015889,13.202026,617400
2004-10-13,13.533238,13.672840,13.344364,13.407323,423000
2004-10-14,13.303309,13.385426,12.988518,13.015891,281700
2004-10-15,13.125378,13.174650,12.958403,13.040523,207000
2004-10-18,13.002198,13.130852,12.843435,13.130852,326100
2004-10-19,13.456598,13.566090,13.275936,13.275936,453900
2004-10-20,13.171916,13.494917,13.081585,13.388163,273900
2004-10-21,13.451118,13.883614,13.451118,13.812443,258900
2004-10-22,13.864447,13.864447,13.330673,13.344359,345600
2004-10-25,13.399112,13.574300,13.314255,13.453857,401400
2004-10-26,13.503131,13.503131,13.267724,13.358054,183300
2004-10-27,13.481232,13.883615,13.401849,13.856241,416100
2004-10-28,13.878143,14.083441,13.837084,13.946576,994500
2004-10-29,13.952043,14.017738,13.796016,13.924670,186600
2004-11-01,13.889089,14.001317,13.850766,13.976683,465600
2004-11-02,13.919199,14.097124,13.801495,13.916461,1016400
2004-11-03,14.373590,14.373590,13.771384,13.812443,710700
2004-11-04,13.678315,13.957521,13.637255,13.900036,396300
2004-11-05,14.151869,14.283260,14.028689,14.121758,687900
2004-11-08,14.121761,14.242202,14.061540,14.127235,178500
2004-11-09,14.138184,14.146396,13.979419,14.023217,157500
2004-11-10,14.015004,14.015004,13.779595,13.815180,405900
2004-11-11,13.919203,14.124501,13.894566,14.097128,223200
2004-11-12,14.206616,14.379067,14.042378,14.351694,447300
2004-11-15,14.321592,14.652805,14.266845,14.576161,364500
2004-11-16,14.447499,14.622688,14.379068,14.483086,297300
2004-11-17,14.775975,15.074341,14.718491,14.869043,676200
2004-11-18,14.778717,15.079819,14.691121,15.063395,585000
2004-11-19,15.022330,15.022330,14.611734,14.614472,687300
2004-11-22,14.518665,14.669216,14.461182,14.666480,259200
2004-11-23,14.693854,14.770500,14.472132,14.562464,188700
2004-11-24,14.696595,14.732180,14.603526,14.682907,180900
2004-11-26,14.729433,14.729433,14.595305,14.598042,50100
2004-11-29,14.775980,14.841675,14.502249,14.565207,360600
2004-11-30,14.617207,14.617207,14.370851,14.370851,324900
2004-12-01,14.466662,14.973063,14.466662,14.973063,238500
2004-12-02,14.849886,15.148254,14.806091,14.847150,648900
2004-12-03,15.304278,15.397346,15.126353,15.137301,417000
2004-12-06,15.150993,15.309757,15.014127,15.233111,219000
2004-12-07,15.255007,15.416506,14.929267,14.932003,383100
2004-12-08,14.849880,14.849880,14.628159,14.677430,575400
2004-12-09,14.302425,14.606265,14.129974,14.496773,1047300
2004-12-10,14.614475,14.614475,14.338006,14.338006,206400
2004-12-13,14.540570,14.540570,14.403705,14.466662,138300
2004-12-14,14.598048,14.775973,14.598048,14.704803,711000
2004-12-15,14.732181,14.882732,14.696597,14.767766,341700
2004-12-16,14.767763,14.879993,14.483084,14.567940,849300
2004-12-17,14.573416,14.584364,14.392752,14.431075,747600
2004-12-20,14.452978,14.567945,14.255893,14.266841,572700
2004-12-21,14.329798,14.494036,14.283264,14.463925,1310100
2004-12-22,14.521400,14.589833,14.455704,14.535088,409200
2004-12-23,14.535093,14.606262,14.502244,14.567940,279300
2004-12-27,14.592572,14.671953,14.422859,14.485816,125100
2004-12-28,14.442027,14.562469,14.411916,14.510460,212700
2004-12-29,14.540567,14.718490,14.494032,14.647321,174900
2004-12-30,14.652796,14.751339,14.652796,14.707542,328500
2004-12-31,14.704809,14.792401,14.671960,14.726706,359400
2005-01-03,14.885467,14.890942,14.442023,14.480346,674700
2005-01-04,14.480347,14.521406,13.845293,14.042378,1019700
2005-01-05,13.913728,14.067017,13.757701,13.820660,1136100
2005-01-06,13.850767,13.962995,13.722113,13.754961,1602000
2005-01-07,13.842554,13.987631,13.681053,13.823392,585300
2005-01-10,13.842554,13.982157,13.790545,13.823392,247500
2005-01-11,13.596199,13.661894,13.434698,13.505867,678900
2005-01-12,13.675582,13.776862,13.481234,13.692004,341100
2005-01-13,13.639997,13.744015,13.535979,13.560614,2932500
2005-01-14,13.672842,13.820657,13.648207,13.713902,198300
2005-01-18,13.686524,13.839811,13.631777,13.826125,106200
2005-01-19,13.809707,13.809707,13.434696,13.456594,588900
2005-01-20,13.358053,13.535979,13.319731,13.330681,741000
2005-01-21,13.464807,13.464807,13.193814,13.193814,882600
2005-01-24,13.237613,13.237613,12.900924,12.900924,3387300
2005-01-25,13.084324,13.193817,13.084324,13.117171,463800
2005-01-26,13.333415,13.503127,13.056946,13.462068,871500
2005-01-27,13.473017,13.620830,13.410058,13.609881,296400
2005-01-28,13.659153,13.686527,13.396372,13.475754,193800
2005-01-31,13.686534,13.722117,13.593464,13.642735,404100
2005-02-01,13.653685,13.845296,13.653685,13.809711,306000
2005-02-02,13.864457,13.891831,13.757701,13.809711,80100
2005-02-03,13.689264,13.708424,13.527763,13.615356,155400
2005-02-04,13.801500,14.203884,13.771390,14.190198,223200
2005-02-07,14.162815,14.321578,14.124492,14.151865,166800
2005-02-08,14.129970,14.524142,14.129970,14.436548,735600
2005-02-09,14.439280,14.439280,14.075219,14.086169,266400
2005-02-10,14.343481,14.343481,14.067012,14.173768,163800
2005-02-11,14.179247,14.721233,14.124501,14.622691,981900
2005-02-14,14.652792,14.710277,14.576149,14.666480,195000
2005-02-15,14.734919,14.934743,14.622691,14.748606,686400
2005-02-16,14.636375,14.743129,14.535095,14.639112,499800
2005-02-17,14.609002,14.729443,14.398228,14.420127,264300
2005-02-18,14.376327,14.504981,14.370852,14.409175,325200
2005-02-22,14.277783,14.740388,14.277783,14.381800,468900
2005-02-23,14.507723,14.507723,14.171033,14.324322,381900
2005-02-24,14.428341,14.641851,14.272314,14.633639,674700
2005-02-25,14.685641,14.912837,14.611734,14.893677,622800
2005-02-28,14.959382,15.057924,14.625430,14.715761,423300
2005-03-01,14.904633,15.049711,14.847150,15.041499,420000
2005-03-02,15.041498,15.041498,14.737656,14.825250,365700
2005-03-03,14.822512,14.822512,14.491299,14.625426,614100
2005-03-04,14.721233,14.808827,14.562470,14.622691,199500
2005-03-07,14.713018,15.000434,14.710280,14.866305,371100
2005-03-08,14.808827,15.000438,14.617215,14.641851,469500
2005-03-09,14.707539,14.808819,14.551512,14.551512,357600
2005-03-10,14.576157,14.762295,14.474877,14.743133,584700
2005-03-11,14.800607,14.847142,14.346215,14.414648,385800
2005-03-14,14.425600,14.494031,14.373589,14.436548,241800
2005-03-15,14.507719,14.513192,14.181979,14.184715,320400
2005-03-16,14.146394,14.343480,14.006792,14.045113,721200
2005-03-17,14.072491,14.160085,14.028693,14.075228,519900
2005-03-18,14.050586,14.061534,13.864448,13.894559,430800
2005-03-21,13.982160,14.036905,13.804235,13.938363,1236900
2005-03-22,14.105334,14.110809,13.806969,13.806969,431400
2005-03-23,13.908249,14.058802,13.908249,13.965733,406500
2005-03-24,14.064279,14.105338,13.976686,13.984898,153300
2005-03-28,14.099862,14.179244,13.952047,13.952047,225900
2005-03-29,13.916464,14.006796,13.722115,13.722115,168300
2005-03-30,13.864460,14.069758,13.798765,14.069758,159000
2005-03-31,14.069752,14.069752,13.932887,13.952047,209700
2005-04-01,14.056063,14.105334,13.765908,13.771383,221700
2005-04-04,13.724846,13.771381,13.623566,13.719372,302100
2005-04-05,13.713900,13.858977,13.670104,13.708425,387300
2005-04-06,13.823388,13.897295,13.713898,13.719372,135600
2005-04-07,13.796020,13.962996,13.724851,13.952047,181800
2005-04-08,14.001316,14.036901,13.900036,13.910986,305700
2005-04-11,13.932886,13.968471,13.771385,13.796020,160200
2005-04-12,13.768650,13.790549,13.456598,13.763176,304200
2005-04-13,13.741271,13.741271,13.404583,13.440167,278700
2005-04-14,13.407321,13.459328,13.237608,13.240344,371700
2005-04-15,13.029573,13.045997,12.783215,12.824275,764100
2005-04-18,12.829753,13.010416,12.780482,12.887237,603600
2005-04-19,13.147282,13.226663,13.067899,13.171918,255900
2005-04-20,13.371739,13.399113,12.966618,12.985779,423300
2005-04-21,13.243084,13.467543,13.207498,13.456594,433500
2005-04-22,13.399111,13.410059,13.139066,13.248558,254400
2005-04-25,13.330677,13.371736,13.207497,13.297829,195600
2005-04-26,13.248558,13.503127,13.199287,13.254032,147000
2005-04-27,13.076108,13.254033,13.010413,13.160965,166200
2005-04-28,13.243085,13.243085,13.002201,13.002201,742500
2005-04-29,13.076109,13.182864,12.837963,13.147279,1150800
2005-05-02,13.147284,13.215715,13.070639,13.139071,124800
2005-05-03,13.180125,13.256770,13.081583,13.106218,367200
2005-05-04,13.166439,13.459331,13.163703,13.401848,462000
2005-05-05,13.440165,13.574293,13.382682,13.434690,183600
2005-05-06,13.503127,13.566086,13.429220,13.533237,123600
2005-05-09,13.544189,13.590722,13.423747,13.585248,118200
2005-05-10,13.535973,13.535973,13.401845,13.440167,81900
2005-05-11,13.527763,13.527763,13.270456,13.462068,257400
2005-05-12,13.546926,13.670104,13.470280,13.514077,180300
2005-05-13,13.582507,14.015002,13.582507,13.943830,830700
2005-05-16,13.960259,14.023218,13.856241,13.995844,178200
2005-05-17,13.982158,14.105336,13.930149,14.105336,333300
2005-05-18,14.192930,14.310634,14.023218,14.275049,1954500
2005-05-19,14.321584,14.439287,14.233989,14.302423,2020800
2005-05-20,14.296945,14.422861,14.212089,14.409175,204900
2005-05-23,14.425599,14.524141,14.340741,14.442021,168300
2005-05-24,14.406437,14.619947,14.370852,14.614472,364500
2005-05-25,14.589836,14.589836,14.384538,14.491294,292800
2005-05-26,14.603527,14.781452,14.603527,14.737656,255600
2005-05-27,14.737649,14.737649,14.551511,14.674691,873000
2005-05-31,14.734919,14.781454,14.611741,14.644588,846900
2005-06-01,14.641845,14.849879,14.587098,14.754075,683100
2005-06-02,14.754074,14.973059,14.754074,14.970321,461400
2005-06-03,15.000438,15.000438,14.819776,14.841675,948000
2005-06-06,14.795137,14.795137,14.639112,14.740392,820800
2005-06-07,14.797879,14.959380,14.595317,14.622691,1004700
2005-06-08,14.808825,14.855360,14.691121,14.734918,520500
2005-06-09,14.734925,15.019606,14.644593,15.014131,415500
2005-06-10,14.951163,14.962112,14.723967,14.786924,468900
2005-06-13,14.740390,14.901891,14.699329,14.762288,173400
2005-06-14,14.756816,14.822511,14.633637,14.663748,139500
2005-06-15,14.721228,14.770501,14.447497,14.696593,499800
2005-06-16,14.696593,14.871781,14.696593,14.808822,334800
2005-06-17,14.822508,14.901891,14.740390,14.808822,166200
2005-06-20,14.682907,14.789663,14.633636,14.740392,213600
2005-06-21,14.754076,14.863569,14.754076,14.836196,225000
2005-06-22,14.904630,14.959377,14.827987,14.951165,356700
2005-06-23,14.994958,15.317960,14.951161,14.956635,1476300
2005-06-24,14.967591,14.967591,14.663750,14.671962,185100
2005-06-27,14.617209,14.633633,14.387276,14.442021,1243200
2005-06-28,14.576152,14.622686,14.494032,14.611736,398400
2005-06-29,14.644585,14.644585,14.513194,14.548780,516000
2005-06-30,14.592576,14.644584,14.422863,14.431075,843300
2005-07-01,14.507718,14.537827,14.414649,14.469396,125700
2005-07-05,14.428333,14.702064,14.406434,14.674691,154500
2005-07-06,14.674698,14.918318,14.674698,14.803350,664800
2005-07-07,14.567942,14.863571,14.567942,14.863571,778200
2005-07-08,14.863564,15.200252,14.863564,15.181091,743700
2005-07-11,15.328914,15.531474,15.328914,15.526000,432000
2005-07-12,15.520515,15.712126,15.479456,15.657381,873300
2005-07-13,15.657388,15.736770,15.556107,15.701185,1061100
2005-07-14,16.013236,16.013236,15.736769,15.862685,5923800
2005-07-15,15.862684,15.865421,15.649174,15.816150,751500
2005-07-18,15.766882,15.794255,15.646440,15.734034,806400
2005-07-19,15.786041,16.057034,15.786041,16.054296,773700
2005-07-20,15.769619,16.273284,15.761407,16.210325,646800
2005-07-21,16.193900,16.371825,15.881848,15.947543,349500
2005-07-22,16.144633,16.191168,15.939335,16.051565,578100
2005-07-25,16.117249,16.213055,15.977646,16.018705,262500
2005-07-26,16.144621,16.259587,16.067977,16.245901,360600
2005-07-27,16.109040,16.177473,15.920166,16.122726,539700
2005-07-28,16.150100,16.204845,16.032394,16.204845,162300
2005-07-29,16.130948,16.177483,16.013244,16.106312,796200
2005-08-01,16.141891,16.191162,16.046085,16.133678,851100
2005-08-02,16.177479,16.492267,16.177479,16.478582,365400
2005-08-03,16.418361,16.462157,16.328029,16.399199,368100
2005-08-04,16.267808,16.267808,16.046087,16.046087,491100
2005-08-05,15.985871,16.084413,15.887327,15.963972,247800
2005-08-08,15.983128,16.054297,15.859949,15.859949,239100
2005-08-09,15.917437,16.125472,15.917437,16.073463,154800
2005-08-10,16.081669,16.210323,15.807939,15.848998,1062000
2005-08-11,15.821625,16.035135,15.796990,16.024185,211800
2005-08-12,15.865420,15.879106,15.682020,15.739505,1021200
2005-08-15,15.739504,15.988598,15.714868,15.944802,211800
2005-08-16,15.898272,15.898272,15.608117,15.624541,213600
2005-08-17,15.725813,15.890052,15.725813,15.843517,908100
2005-08-18,15.725815,16.035131,15.682018,15.698442,304800
2005-08-19,15.753193,15.838050,15.695709,15.701185,857400
2005-08-22,15.848998,15.939329,15.775090,15.931117,1209000
2005-08-23,15.903742,15.985861,15.816148,15.881844,209700
2005-08-24,15.818889,16.078934,15.755932,15.766882,776100
2005-08-25,15.821622,15.917427,15.766876,15.865418,7514700
2005-08-26,15.859948,15.859948,15.671073,15.723083,745200
2005-08-29,15.684762,15.944806,15.660125,15.906484,310800
2005-08-30,15.824367,15.969444,15.725824,15.969444,175200
2005-08-31,15.953022,16.150109,15.865428,16.136421,522600
2005-09-01,16.035129,16.117248,15.942061,15.980382,1964100
2005-09-02,16.005027,16.032400,15.881849,15.922908,218400
2005-09-06,16.029660,16.199373,16.024184,16.177475,212100
2005-09-07,16.152833,16.278749,16.043341,16.188417,282000
2005-09-08,16.177479,16.459421,16.177479,16.418362,526500
2005-09-09,16.451197,16.538791,16.341705,16.481308,2484000
2005-09-12,16.500483,16.522383,16.412891,16.451212,123900
2005-09-13,16.423829,16.675661,16.412880,16.599016,981000
2005-09-14,16.752306,16.752306,16.429304,16.505949,288600
2005-09-15,16.505952,16.522376,16.300654,16.341713,232500
2005-09-16,16.410144,16.412882,16.237693,16.396458,196800
2005-09-19,16.347184,16.396455,16.106300,16.161047,244500
2005-09-20,16.196637,16.358138,16.054296,16.054296,346800
2005-09-21,15.994076,15.994076,15.766880,15.832575,366300
2005-09-22,15.734038,15.859955,15.578011,15.758675,575400
2005-09-23,15.720345,15.966702,15.646438,15.887321,299400
2005-09-26,16.125315,16.158180,15.848709,15.930868,345000
2005-09-27,15.911696,15.963731,15.648783,15.752851,896100
2005-09-28,15.755594,15.919915,15.648786,15.741900,292200
2005-09-29,15.750112,16.040411,15.654258,15.988376,245100
2005-09-30,16.029452,16.314274,16.021236,16.229374,522900
2005-10-03,16.349887,16.538855,16.349887,16.382751,2934300
2005-10-04,16.382753,16.500515,16.163658,16.163658,262200
2005-10-05,16.166385,16.174601,15.895256,15.895256,225600
2005-10-06,15.906223,15.974689,15.503638,15.678911,2484000
2005-10-07,15.741898,15.829535,15.689863,15.766546,289500
2005-10-10,15.637825,15.637825,15.290014,15.290014,527700
2005-10-11,15.322877,15.363958,14.958634,15.018885,1189200
2005-10-12,14.953163,15.057233,14.818968,14.986027,989700
2005-10-13,15.018886,15.268104,14.909339,15.243457,281700
2005-10-14,15.281803,15.366701,15.079140,15.221552,220200
2005-10-17,15.237985,15.292757,15.120222,15.248939,230700
2005-10-18,15.240725,15.240725,15.073667,15.139395,202800
2005-10-19,14.909334,15.210587,14.775139,15.199633,568200
2005-10-20,15.240717,15.432425,15.161296,15.227024,473100
2005-10-21,15.377654,15.470769,15.331096,15.374915,417600
2005-10-24,15.424220,15.550200,15.287287,15.550200,302400
2005-10-25,15.459822,15.459822,15.265375,15.314671,320400
2005-10-26,15.358481,15.500892,15.268104,15.303708,407100
2005-10-27,15.259893,15.284540,14.942206,14.975071,817200
2005-10-28,14.775150,14.961379,14.588920,14.961379,1075800
2005-10-31,15.150348,15.358486,15.142132,15.281804,866700
2005-11-01,15.199638,15.210592,15.070919,15.117477,836100
2005-11-02,15.183206,15.670690,15.183206,15.648781,261900
2005-11-03,15.884308,16.056845,15.843228,15.939082,1457400
2005-11-04,15.769278,16.054101,15.769278,15.999327,1249500
2005-11-07,16.048634,16.111625,15.898008,16.021248,1322400
2005-11-08,16.021236,16.119829,15.884301,16.002066,138600
2005-11-09,16.262252,16.275945,15.944566,16.245819,303000
2005-11-10,16.295109,16.415612,16.106141,16.366316,301500
2005-11-11,16.511468,16.522424,16.306068,16.322500,911400
2005-11-14,16.360837,16.418349,16.306063,16.377268,1260600
2005-11-15,16.363582,16.464913,16.226647,16.256773,211200
2005-11-16,16.300582,16.306058,16.133523,16.248547,339600
2005-11-17,16.212947,16.453951,16.163650,16.432041,580200
2005-11-18,16.593626,16.812720,16.555285,16.722343,686400
2005-11-21,16.684002,16.755207,16.588148,16.645660,203400
2005-11-22,16.621014,16.971565,16.621014,16.875711,1948500
2005-11-23,16.903103,17.100287,16.897626,16.916796,436200
2005-11-25,16.971560,17.075629,16.952389,17.026333,338100
2005-11-28,17.122189,17.122189,16.818195,16.831890,470100
2005-11-29,16.900356,16.998949,16.746990,16.746990,348600
2005-11-30,16.809985,17.037297,16.807247,16.938704,271500
2005-12-01,17.144101,17.549425,17.144101,17.513823,1682700
2005-12-02,17.524771,17.702785,17.489168,17.500122,386400
2005-12-05,17.472737,17.472737,17.201608,17.264597,248100
2005-12-06,17.456310,17.634323,17.365933,17.431662,1305300
2005-12-07,17.423443,17.423443,17.157791,17.207087,391500
2005-12-08,17.261866,17.357720,16.842849,16.968828,567600
2005-12-09,16.988003,17.242701,16.892149,17.201620,255000
2005-12-12,17.349497,17.374146,17.220779,17.333065,309600
2005-12-13,17.330325,17.505602,17.226257,17.349497,343800
2005-12-14,17.352230,17.407003,17.209818,17.302933,169200
2005-12-15,17.360448,17.376881,17.196129,17.231731,154800
2005-12-16,17.234473,17.259120,17.138619,17.144096,210600
2005-12-19,17.144098,17.144098,16.779853,16.799025,243900
2005-12-20,16.788074,16.979783,16.678527,16.829155,451200
2005-12-21,16.842837,17.009896,16.801758,16.872963,372000
2005-12-22,16.955133,17.100282,16.925007,17.081112,261000
2005-12-23,17.149583,17.237220,17.100287,17.133150,144600
2005-12-27,17.259122,17.278294,16.927742,16.952391,1374600
2005-12-28,16.952395,17.009907,16.799029,16.963350,182100
2005-12-29,17.007170,17.037295,16.799030,16.812723,180600
2005-12-30,16.705923,16.752481,16.563513,16.697708,2471100
2006-01-03,16.886662,17.281030,16.631965,17.152313,469500
2006-01-04,17.322112,17.426182,17.281033,17.401535,299100
2006-01-05,17.653495,17.823291,17.571334,17.765779,1715700
2006-01-06,18.047863,18.209444,17.850678,18.171103,892200
2006-01-09,18.253257,18.423053,18.171096,18.368280,2550000
2006-01-10,18.127283,18.395673,18.127283,18.390196,1974900
2006-01-11,18.431279,18.658589,18.362813,18.609293,544800
2006-01-12,18.614766,18.721574,18.390194,18.412104,882600
2006-01-13,18.335428,18.384723,18.130027,18.266960,501000
2006-01-17,18.039648,18.058818,17.867112,17.982136,647100
2006-01-18,17.535724,17.858889,17.516554,17.815069,3969000
2006-01-19,18.239570,18.461402,18.231354,18.313515,768600
2006-01-20,18.130021,18.130021,17.593241,17.628843,2289300
2006-01-23,17.689100,17.801386,17.538472,17.702793,1102500
2006-01-24,17.938310,18.020470,17.771251,17.883537,245700
2006-01-25,17.952016,17.952016,17.711012,17.899981,239400
2006-01-26,18.042378,18.368281,17.949264,18.280643,492900
2006-01-27,18.321735,18.776355,18.321735,18.447714,541500
2006-01-30,18.527133,18.527133,18.357335,18.436758,280200
2006-01-31,18.349114,18.376501,18.146452,18.193010,212700
2006-02-01,18.149186,18.403882,18.050593,18.376495,381900
2006-02-02,18.390196,18.494265,18.061555,18.102634,295500
2006-02-03,18.034174,18.121812,17.886285,17.910933,304200
2006-02-06,17.979390,18.165621,17.883537,18.130018,121800
2006-02-07,18.143715,18.239570,18.012258,18.171103,253800
2006-02-08,18.351852,18.497001,18.239567,18.488785,333300
2006-02-09,18.540819,18.732525,18.373759,18.420317,395700
2006-02-10,18.351848,18.360064,17.987605,18.294336,201300
2006-02-13,18.157411,18.184797,17.968442,18.067034,305700
2006-02-14,18.094426,18.261486,17.938321,18.247791,312600
2006-02-15,18.195743,18.346369,18.119059,18.297073,221100
2006-02-16,18.483308,18.513432,18.327203,18.486046,254400
2006-02-17,18.362811,18.392936,18.176580,18.176580,197700
2006-02-21,18.108117,18.171105,17.779474,17.828772,663300
2006-02-22,17.768513,18.072507,17.620625,17.993084,2075100
2006-02-23,17.924617,18.001299,17.798637,17.798637,1335300
2006-02-24,17.787684,17.910924,17.724695,17.834242,1876800
2006-02-27,17.809602,17.979400,17.809602,17.910933,335700
2006-02-28,17.883548,18.017744,17.727445,17.790434,2030400
2006-03-01,17.984869,18.538082,17.984869,18.477831,735300
2006-03-02,18.409366,18.661323,18.349113,18.507957,541500
2006-03-03,18.450448,18.573688,18.283388,18.286127,387900
2006-03-06,18.351860,18.387462,18.045129,18.113596,200100
2006-03-07,17.850676,17.897233,17.571331,17.628843,546600
2006-03-08,17.568597,17.664451,17.322115,17.560381,1535100
2006-03-09,17.595986,17.779476,17.319379,17.322117,235200
2006-03-10,17.275552,17.502862,17.168745,17.264597,2356500
2006-03-13,17.330325,17.431657,17.193392,17.193392,230400
2006-03-14,17.193392,17.642535,17.193392,17.590500,1035300
2006-03-15,17.774001,17.826036,17.634329,17.793173,158700
2006-03-16,17.801381,17.809595,17.324850,17.324850,690000
2006-03-17,17.283777,17.431666,17.138628,17.330334,708600
2006-03-20,17.352244,17.470005,17.289253,17.360458,479700
2006-03-21,17.360456,17.787690,17.319377,17.363195,2416200
2006-03-22,17.311164,17.434404,17.237220,17.365938,640800
2006-03-23,17.409750,17.595980,17.409750,17.519297,402900
2006-03-24,17.552160,17.727437,17.494648,17.721958,331800
2006-03-27,17.738406,17.839737,17.675416,17.697327,2412300
2006-03-28,17.664445,17.746605,17.365930,17.382362,456300
2006-03-29,17.294723,17.927357,17.294723,17.864368,1086900
2006-03-30,18.102645,18.130032,17.869858,17.954756,413100
2006-03-31,18.028688,18.064292,17.771252,17.853413,279900
2006-04-03,17.834242,18.212179,17.834242,17.979391,858000
2006-04-04,18.039643,18.160143,17.962959,18.036903,305700
2006-04-05,18.099901,18.450451,18.075252,18.403893,267300
2006-04-06,18.398409,18.702401,18.398409,18.601070,734700
2006-04-07,18.669542,18.718838,18.231354,18.286127,426900
2006-04-10,18.228613,18.247783,17.979394,18.058815,414900
2006-04-11,18.127284,18.173842,17.754824,17.880802,802200
2006-04-12,17.902709,18.113587,17.902709,18.036903,239700
2006-04-13,18.047860,18.286123,18.047860,18.116325,219900
2006-04-17,18.184799,18.266959,17.773997,17.875328,566400
2006-04-18,17.943786,18.488781,17.943786,18.439486,478800
2006-04-19,18.469609,18.664055,18.371018,18.647623,772500
2006-04-20,18.603815,19.006400,18.590122,18.735271,502200
2006-04-21,18.696928,18.724316,18.209445,18.310776,454200
2006-04-24,18.138233,18.305291,18.061549,18.261473,445200
2006-04-25,18.305306,18.398421,18.206713,18.324476,720600
2006-04-26,18.376505,18.428540,18.143717,18.231356,383400
2006-04-27,17.973914,18.576422,17.973914,18.453180,424800
2006-04-28,18.401149,18.540821,18.255998,18.272430,333600
2006-05-01,18.288865,18.349114,18.097157,18.102634,210600
2006-05-02,18.206708,18.332688,18.171106,18.258743,320400
2006-05-03,18.239568,18.431274,18.182054,18.423058,233700
2006-05-04,18.494260,18.710615,18.494260,18.628454,322500
2006-05-05,18.790047,18.814694,18.647635,18.765398,167100
2006-05-08,18.806486,18.883170,18.724327,18.724327,302100
2006-05-09,18.655852,18.664068,18.505224,18.546305,1642800
2006-05-10,18.466880,18.538085,18.113591,18.157410,791700
2006-05-11,18.077985,18.102634,17.642537,17.683617,1251000
2006-05-12,17.527510,17.787684,17.475476,17.527510,2131200
2006-05-15,17.513827,17.637067,17.133150,17.365938,2332800
2006-05-16,17.368676,17.513827,17.149582,17.281038,1064400
2006-05-17,17.182437,17.286507,16.897615,16.993467,1345200
2006-05-18,17.119451,17.182442,16.722343,16.722343,412200
2006-05-19,16.979780,17.133144,16.774379,17.042768,698400
2006-05-22,16.809972,16.897611,16.401910,16.621004,791700
2006-05-23,16.837363,16.946910,16.393697,16.396437,315600
2006-05-24,16.393702,16.697695,16.177347,16.500509,897600
2006-05-25,16.593622,16.607315,16.432040,16.549803,621600
2006-05-26,16.568983,16.725087,16.536119,16.662098,514200
2006-05-30,16.599105,16.599105,16.281420,16.281420,374400
2006-05-31,16.380015,16.618281,16.341674,16.541597,323100
2006-06-01,16.574457,16.930486,16.574457,16.925009,278700
2006-06-02,17.103024,17.103024,16.749735,16.892145,154200
2006-06-05,16.837368,16.837368,16.390965,16.390965,331800
2006-06-06,16.412873,16.412873,16.207472,16.311541,194400
2006-06-07,16.275934,16.380004,15.952772,15.952772,265200
2006-06-08,15.821316,15.982898,15.468029,15.859658,553800
2006-06-09,16.073275,16.188299,15.700816,15.774760,407400
2006-06-12,15.810365,15.837752,15.322881,15.322881,333900
2006-06-13,15.500898,15.621399,15.237985,15.281804,378300
2006-06-14,15.492685,15.613186,15.328366,15.528288,733200
2006-06-15,15.761066,16.188299,15.761066,16.128048,555000
2006-06-16,16.045889,16.067798,15.829533,15.944558,177600
2006-06-19,16.013028,16.026721,15.747378,15.804890,296400
2006-06-20,15.796673,15.928130,15.635092,15.709036,325500
2006-06-21,15.777498,16.199254,15.777498,16.056843,380100
2006-06-22,16.004810,16.004810,15.728205,15.799410,290100
2006-06-23,15.617723,15.856139,15.617723,15.705415,167400
2006-06-26,15.757484,15.845177,15.719118,15.784888,371700
2006-06-27,15.771178,15.771178,15.362855,15.401221,311700
2006-06-28,15.179256,15.379308,15.132670,15.373828,486600
2006-06-29,15.442334,15.921910,15.373824,15.886285,636300
2006-06-30,15.954792,15.963014,15.743778,15.880800,153600
2006-07-03,15.957531,16.031523,15.921906,16.012341,94200
2006-07-05,15.836966,15.842448,15.568404,15.579367,231300
2006-07-06,15.678003,15.757477,15.510837,15.565645,125400
2006-07-07,15.414925,15.469734,15.209393,15.316269,372900
2006-07-10,15.343677,15.456033,14.847658,14.927132,450300
2006-07-11,14.825741,15.321760,14.825741,15.291615,376800
2006-07-12,15.225837,15.291607,14.877802,14.899725,682200
2006-07-13,14.675008,15.066890,14.647604,14.683229,719400
2006-07-14,14.611982,14.776409,14.494144,14.603761,776400
2006-07-17,14.680490,14.773664,14.524286,14.606498,333900
2006-07-18,14.675014,14.718861,14.209139,14.562655,538500
2006-07-19,14.631164,15.028527,14.595537,14.913427,405600
2006-07-20,15.069635,15.091559,14.548953,14.554434,579900
2006-07-21,14.170775,14.225583,13.918655,13.954280,703500
2006-07-24,14.154329,14.450296,14.154329,14.362600,952500
2006-07-25,14.502361,14.721597,14.420149,14.606498,542400
2006-07-26,14.387264,14.803809,14.387264,14.653086,465300
2006-07-27,14.842173,14.957271,14.688709,14.716113,1578900
2006-07-28,14.839439,15.190216,14.839439,15.154589,1031400
2006-07-31,15.094301,15.277908,15.072376,15.198438,551100
2006-08-01,15.017565,15.017565,14.751743,14.886024,560400
2006-08-02,14.921642,15.171021,14.921642,15.050443,241800
2006-08-03,15.009346,15.382045,14.976462,15.302572,1366800
2006-08-04,15.502612,15.584826,15.001115,15.168281,611400
2006-08-07,15.097041,15.184735,15.017569,15.086081,228000
2006-08-08,15.129918,15.245016,14.910684,15.001119,376200
2006-08-09,15.313531,15.453293,15.044968,15.066893,457200
2006-08-10,15.044974,15.316277,14.998388,15.261469,208800
2006-08-11,15.113481,15.113481,14.822996,14.864101,379200
2006-08-14,15.006601,15.297088,14.979197,15.066893,156900
2006-08-15,15.351901,15.639647,15.321758,15.625945,263700
2006-08-16,15.716375,16.215134,15.636903,16.138401,1693800
2006-08-17,16.130185,16.420670,16.127444,16.174030,1537200
2006-08-18,16.058922,16.204165,15.902717,16.182241,360900
2006-08-21,15.982197,15.982197,15.801328,15.913686,330600
2006-08-22,15.894505,16.080855,15.823256,15.886285,550500
2006-08-23,16.091815,16.094556,15.675270,15.779405,968100
2006-08-24,15.798591,15.886285,15.672531,15.886285,485700
2006-08-25,15.836953,16.053448,15.801327,15.894502,467700
2006-08-28,15.910947,16.124701,15.910947,16.121962,471600
2006-08-29,16.174027,16.415186,16.050707,16.415186,822900
2006-08-30,16.497387,16.735804,16.374068,16.735804,702000
2006-08-31,16.675526,16.675526,16.486436,16.565908,395700
2006-09-01,16.702932,16.702932,16.343934,16.415186,329400
2006-09-05,16.341195,16.623458,16.283646,16.612497,806700
2006-09-06,16.415190,16.415190,16.078117,16.080856,226200
2006-09-07,15.949310,16.242536,15.861616,16.026043,655800
2006-09-08,16.072624,16.220608,16.028779,16.182241,158100
2006-09-11,16.163060,16.590567,16.163060,16.469988,451800
2006-09-12,16.593312,17.064667,16.579612,17.026300,1234500
2006-09-13,16.998896,17.100291,16.837210,16.944088,211500
2006-09-14,16.875578,17.012600,16.834473,16.998898,414300
2006-09-15,17.097554,17.289384,16.908465,16.979715,1365900
2006-09-18,17.001643,17.338717,17.001643,17.190733,377100
2006-09-19,17.122214,17.122214,16.730332,16.908461,1032000
2006-09-20,17.059185,17.113994,16.974232,17.045483,497100
2006-09-21,17.072896,17.086598,16.708419,16.716639,279600
2006-09-22,16.645389,16.689234,16.494664,16.519327,252600
2006-09-25,16.565910,16.952311,16.431629,16.922165,773400
2006-09-26,16.839953,16.944089,16.708412,16.911203,241800
2006-09-27,16.968794,17.122382,16.796007,16.856346,597600
2006-09-28,16.886514,17.037361,16.826177,17.037361,348000
2006-09-29,17.023656,17.023656,16.861839,16.861839,120000
2006-10-02,16.798755,16.982512,16.702761,16.702761,286800
2006-10-03,16.543683,16.697271,16.447690,16.601278,349800
2006-10-04,16.595804,16.963320,16.573863,16.963320,304200
2006-10-05,16.911202,16.949600,16.815209,16.924915,1017900
2006-10-06,16.765846,16.878294,16.727448,16.793272,254700
2006-10-09,16.774073,17.092219,16.771329,16.957830,491100
2006-10-10,16.949601,16.977027,16.837152,16.908461,917100
2006-10-11,16.870057,17.267743,16.839889,17.078499,441000
2006-10-12,17.188206,17.333568,17.064787,17.289684,941400
2006-10-13,17.333575,17.596869,17.278721,17.522818,957300
2006-10-16,17.654464,17.736744,17.599610,17.640751,243600
2006-10-17,17.437796,17.437796,17.103193,17.193701,522600
2006-10-18,17.158043,17.158043,16.705506,16.763102,2041500
2006-10-19,16.787782,16.798754,16.538201,16.675333,681000
2006-10-20,16.661618,16.661618,16.420265,16.483345,2808600
2006-10-23,16.428493,16.686303,16.376383,16.499802,293100
2006-10-24,16.442214,16.601287,16.346221,16.351706,367800
2006-10-25,16.351702,16.697276,16.351702,16.667107,448800
2006-10-26,16.839900,16.883783,16.631458,16.842642,956100
2006-10-27,16.812463,16.812463,16.414779,16.466888,2468700
2006-10-30,16.453183,16.697278,16.453183,16.606770,420000
2006-10-31,16.675332,16.760355,16.604024,16.697273,1251900
2006-11-01,16.867313,16.867313,16.354437,16.403805,343500
2006-11-02,16.346210,16.409291,16.231020,16.318783,705900
2006-11-03,16.387357,16.431238,16.258451,16.390099,2835300
2006-11-06,16.442220,16.689058,16.387367,16.656147,204300
2006-11-07,16.483354,16.998973,16.483354,16.765848,802200
2006-11-08,16.645173,16.793277,16.554666,16.754879,915300
2006-11-09,16.823441,16.848125,16.442212,16.455925,336300
2006-11-10,16.401064,16.634191,16.401064,16.593052,222900
2006-11-13,16.612254,16.894746,16.612254,16.878290,1661700
2006-11-14,16.922174,17.363740,16.790527,17.325344,570000
2006-11-15,17.371973,17.605099,17.330833,17.470709,2043000
2006-11-16,17.470703,17.583152,17.319856,17.517328,1357500
2006-11-17,17.429564,17.446020,17.319858,17.418594,192900
2006-11-20,17.350023,17.659943,17.306141,17.648973,1461900
2006-11-21,17.679149,17.679149,17.333574,17.333574,3295500
2006-11-22,17.481679,17.602355,17.410369,17.583157,578400
2006-11-24,17.446019,17.605094,17.418593,17.528299,173700
2006-11-27,17.459738,17.583158,17.075766,17.075766,373200
2006-11-28,17.040113,17.105938,16.922180,17.097710,759900
2006-11-29,17.303400,17.306142,16.977023,17.083986,473700
2006-11-30,17.138843,17.317116,16.993483,17.245806,2117400
2006-12-01,17.245804,17.245804,16.790525,17.001709,723900
2006-12-04,17.037361,17.421332,17.029133,17.317112,917100
2006-12-05,17.306139,17.498125,17.306139,17.374706,138000
2006-12-06,17.347286,17.522818,17.265008,17.451508,816000
2006-12-07,17.558473,17.574930,17.196443,17.201929,265500
2006-12-08,17.174502,17.256782,16.974288,17.119650,791100
2006-12-11,17.122384,17.232090,17.059303,17.083986,292800
2006-12-12,17.073015,17.144323,16.850859,16.979765,403200
2006-12-13,17.201929,17.201929,16.839898,16.850868,381300
2006-12-14,16.872809,17.160788,16.872809,17.105936,4226400
2006-12-15,17.221122,17.226607,17.075760,17.103188,408000
2006-12-18,17.171764,17.306153,17.004462,17.059315,2740800
2006-12-19,16.752129,16.946857,16.746642,16.864578,331800
2006-12-20,17.059312,17.100451,16.900238,16.941378,449100
2006-12-21,16.946852,16.971540,16.639625,16.705460,351600
2006-12-22,16.732898,16.760330,16.603973,16.603973,555900
2006-12-26,16.568312,16.754843,16.568312,16.732897,414300
2006-12-27,16.760326,16.919425,16.760326,16.826160,565500
2006-12-28,16.837136,16.875539,16.801477,16.831650,123900
2006-12-29,16.801475,16.949601,16.735640,16.735640,77700
2007-01-03,16.922165,17.067549,16.527158,16.686258,509400
2007-01-04,16.686262,17.064810,16.658831,17.012690,462300
2007-01-05,16.721921,16.856333,16.557336,16.689005,241500
2007-01-08,16.697246,16.886519,16.631410,16.754850,269100
2007-01-09,16.823423,16.900230,16.669809,16.815193,429000
2007-01-10,16.732895,17.166306,16.732895,17.103214,473100
2007-01-11,17.166315,17.308956,17.119682,17.155342,708000
2007-01-12,17.089499,17.199223,17.007207,17.199223,179700
2007-01-16,17.130657,17.130657,16.993501,17.059336,184200
2007-01-17,16.957834,17.084017,16.897485,16.938631,554400
2007-01-18,16.793247,16.793247,16.302231,16.321432,803400
2007-01-19,16.315953,16.606720,16.296750,16.475052,542700
2007-01-22,16.411953,16.411953,16.211708,16.296743,564300
2007-01-23,16.346121,16.461331,16.280287,16.280287,466500
2007-01-24,16.395497,16.562827,16.343379,16.529909,195600
2007-01-25,16.710950,16.817930,16.425667,16.461327,382800
2007-01-26,16.529904,16.746610,16.439383,16.683517,225900
2007-01-29,16.650606,16.738385,16.540882,16.590258,143700
2007-01-30,16.683517,16.724665,16.620427,16.664316,130200
2007-01-31,16.488761,16.716439,16.447616,16.680779,320100
2007-02-01,16.732890,16.878276,16.686259,16.820671,635700
2007-02-02,16.886508,16.982517,16.815187,16.927654,743400
2007-02-05,16.985260,17.081269,16.913940,16.990747,318600
2007-02-06,16.971544,17.018177,16.752096,16.927654,531600
2007-02-07,17.114196,17.254094,17.007216,17.155342,997500
2007-02-08,17.086761,17.125164,16.985266,17.089504,246900
2007-02-09,17.270550,17.287007,16.795993,16.834396,588300
2007-02-12,16.787750,16.787750,16.617678,16.642366,71400
2007-02-13,16.727410,16.757583,16.631400,16.730152,226200
2007-02-14,16.859091,17.119684,16.848117,17.059336,475500
2007-02-15,17.034641,17.171796,17.034641,17.149851,1452600
2007-02-16,17.089503,17.166310,17.053843,17.138880,703200
2007-02-20,16.998982,17.158081,16.935890,17.138880,128700
2007-02-21,17.009947,17.125156,16.985258,17.125156,163200
2007-02-22,17.322665,17.509196,17.322665,17.487251,529200
2007-02-23,17.542108,17.638115,17.506446,17.583254,1146000
2007-02-26,17.640855,17.646340,17.473526,17.558561,231600
2007-02-27,17.144363,17.391243,16.889256,16.938631,459900
2007-02-28,16.977031,17.122416,16.845362,16.974289,717300
2007-03-01,16.568310,16.985260,16.568310,16.853592,1791300
2007-03-02,16.774037,16.831642,16.516186,16.516186,390900
2007-03-05,16.370812,16.650609,16.337894,16.337894,306600
2007-03-06,16.617684,16.763069,16.584768,16.727409,206400
2007-03-07,16.623171,16.746610,16.571052,16.658831,147300
2007-03-08,16.856335,16.930398,16.806958,16.826160,351600
2007-03-09,17.094984,17.094984,16.806958,16.930399,339600
2007-03-12,16.919428,17.136134,16.919428,17.064814,108900
2007-03-13,16.922171,17.015435,16.716438,16.716438,99900
2007-03-14,16.774052,16.817942,16.516201,16.817942,356700
2007-03-15,16.760325,16.834388,16.735636,16.809700,465900
2007-03-16,16.787755,16.828902,16.631398,16.699976,154500
2007-03-19,16.801477,16.815190,16.606716,16.612202,156900
2007-03-20,16.634146,16.839878,16.634146,16.779530,278700
2007-03-21,16.820680,17.149851,16.774046,17.084017,207600
2007-03-22,16.982530,16.982530,16.826173,16.848118,196800
2007-03-23,16.952346,17.040125,16.891997,16.949602,291900
2007-03-26,16.956462,16.986669,16.750513,16.937241,222300
2007-03-27,16.898799,16.967449,16.871340,16.871340,104700
2007-03-28,16.766990,16.777974,16.654405,16.662643,285600
2007-03-29,16.761503,16.761503,16.371573,16.506126,843900
2007-03-30,16.602230,16.637928,16.473169,16.558294,188400
2007-04-02,16.665388,16.665388,16.426488,16.536327,274500
2007-04-03,16.648922,16.712081,16.530846,16.648922,60900
2007-04-04,16.648914,16.832895,16.648914,16.788960,349200
2007-04-05,16.821916,16.939994,16.821916,16.923517,493500
2007-04-09,16.945476,16.964697,16.816415,16.885065,193200
2007-04-10,16.893305,17.030603,16.887813,17.030603,55200
2007-04-11,17.008650,17.008650,16.846637,16.857620,231300
2007-04-12,16.843877,17.052573,16.843877,17.030603,64800
2007-04-13,16.956463,17.000401,16.830149,16.997654,29100
2007-04-16,17.019634,17.137712,16.989428,17.118490,265200
2007-04-17,17.134960,17.148691,17.052581,17.102009,127500
2007-04-18,17.299714,17.579805,17.264016,17.458981,644100
2007-04-19,17.329923,17.692394,17.327177,17.563332,802200
2007-04-20,17.711618,17.741824,17.513907,17.629238,316800
2007-04-23,17.585306,17.596291,17.478214,17.494690,509700
2007-04-24,17.766535,18.032895,17.725344,17.928547,701700
2007-04-25,18.046621,18.109778,17.876370,18.096048,218400
2007-04-26,18.087816,18.096054,17.903835,18.090561,485100
2007-04-27,17.969733,17.988954,17.813211,17.821449,487500
2007-04-30,17.780264,17.791248,17.563332,17.566078,191400
2007-05-01,17.601782,17.659447,17.445260,17.610020,139500
2007-05-02,17.651204,17.851662,17.642968,17.755552,336300
2007-05-03,17.793990,17.950512,17.793990,17.859894,185400
2007-05-04,17.931299,18.074091,17.914824,18.027409,381600
2007-05-07,18.065854,18.065854,17.953268,17.953268,217800
2007-05-08,17.818710,17.931296,17.761045,17.912075,266700
2007-05-09,17.848916,18.236099,17.848916,18.236099,332400
2007-05-10,18.096060,18.258074,17.854412,17.901094,373800
2007-05-11,18.032893,18.175685,17.994449,18.150970,194700
2007-05-14,18.285527,18.288274,18.052119,18.126259,265500
2007-05-15,18.098802,18.134500,17.884615,17.884615,196200
2007-05-16,17.848906,17.906571,17.711605,17.887348,123900
2007-05-17,17.848915,17.925802,17.711614,17.804977,462300
2007-05-18,17.914819,17.914819,17.689647,17.832439,544200
2007-05-21,17.848913,18.068590,17.785755,17.848913,362400
2007-05-22,17.917562,18.038386,17.796738,17.931292,587400
2007-05-23,17.807720,17.884607,17.651198,17.673166,571800
2007-05-24,17.670433,17.684163,17.269518,17.362883,952200
2007-05-25,17.431523,17.516648,17.379349,17.453491,761400
2007-05-29,17.480952,17.590791,17.480952,17.563332,350100
2007-05-30,17.329919,17.450741,17.318934,17.445250,255600
2007-05-31,17.615501,17.725340,17.571565,17.714355,419700
2007-06-01,17.832436,17.958750,17.829689,17.873625,792000
2007-06-04,17.804990,17.972496,17.802245,17.829704,315600
2007-06-05,17.826942,17.829689,17.604519,17.744564,186300
2007-06-06,17.675923,17.741827,17.516655,17.516655,64200
2007-06-07,17.538623,17.568829,17.192629,17.192629,295200
2007-06-08,17.357378,17.684151,17.299713,17.673166,479700
2007-06-11,17.626491,17.744568,17.588046,17.604523,210900
2007-06-12,17.472708,17.637468,17.415043,17.464472,134700
2007-06-13,17.530382,17.747314,17.530382,17.747314,307200
2007-06-14,17.807723,18.043878,17.793993,17.977974,194700
2007-06-15,18.230604,18.304746,18.164701,18.280033,279300
2007-06-18,18.271799,18.315735,18.192164,18.274544,98700
2007-06-19,18.109790,18.137250,17.986219,18.123520,124500
2007-06-20,18.107037,18.230606,18.002689,18.002689,321900
2007-06-21,18.049368,18.562867,18.041130,18.535408,1065900
2007-06-22,18.499706,18.549134,18.269043,18.315725,354300
2007-06-25,18.332196,18.348673,18.043869,18.085058,257100
2007-06-26,18.150960,18.150960,17.903822,17.988947,264600
2007-06-27,18.041129,18.400853,18.024653,18.392616,134100
2007-06-28,18.365161,18.373399,18.219624,18.219624,377100
2007-06-29,18.291657,18.321905,18.027676,18.101921,135300
2007-07-02,18.266913,18.354907,18.206417,18.341158,333000
2007-07-03,18.401655,18.420903,18.335660,18.390656,336600
2007-07-05,18.382414,18.506155,18.332918,18.506155,79200
2007-07-06,18.536393,18.676633,18.503396,18.660135,184200
2007-07-09,18.698640,18.822381,18.698640,18.794882,354000
2007-07-10,18.643636,18.803124,18.643636,18.646385,270900
2007-07-11,18.627132,18.682129,18.497891,18.629881,143700
2007-07-12,18.715137,19.124857,18.679390,19.124857,258600
2007-07-13,19.171606,19.210103,19.045115,19.089111,326700
2007-07-16,19.111113,19.212855,19.069865,19.193605,264000
2007-07-17,19.303593,19.592322,19.284345,19.490580,496200
2007-07-18,19.141357,19.210103,18.968120,19.149607,413100
2007-07-19,19.289841,19.347587,19.155100,19.281591,184800
2007-07-20,19.331088,19.355836,19.006613,19.047859,544800
2007-07-23,19.105609,19.240349,19.025865,19.045113,431700
2007-07-24,18.803130,18.946120,18.602394,18.657391,562800
2007-07-25,18.860866,18.860866,18.577637,18.701378,666300
2007-07-26,18.508898,18.621640,18.049681,18.376907,575400
2007-07-27,18.313660,18.489647,18.077177,18.079927,605400
2007-07-30,18.275177,18.497910,18.162435,18.404417,478800
2007-07-31,18.602386,18.602386,18.110172,18.110172,1174500
2007-08-01,18.233917,18.264165,17.804948,18.209169,1347000
2007-08-02,18.308163,18.308163,18.011184,18.217419,553200
2007-08-03,18.148677,18.176174,17.675711,17.675711,1453500
2007-08-06,17.694956,17.917689,17.557465,17.909439,2033400
2007-08-07,17.796701,17.969938,17.606964,17.895693,1598400
2007-08-08,18.077179,18.544644,18.077179,18.297163,915600
2007-08-09,18.038682,18.492399,18.011182,18.165173,2946300
2007-08-10,17.843444,18.247665,17.763700,18.060678,961500
2007-08-13,18.244918,18.244918,17.997437,17.997437,336000
2007-08-14,18.066188,18.137684,17.758211,17.769211,1852500
2007-08-15,17.579465,17.755452,17.268737,17.279737,1248600
2007-08-16,17.172500,17.392483,16.751781,17.265993,1069200
2007-08-17,17.791202,18.145927,17.395230,17.565718,3301200
2007-08-20,17.683966,17.854454,17.595972,17.771959,368400
2007-08-21,17.774700,17.947937,17.774700,17.909439,165900
2007-08-22,18.079931,18.096429,17.936941,18.033184,251100
2007-08-23,18.088178,18.088178,17.821447,17.868195,338700
2007-08-24,17.956193,18.134930,17.881948,18.123930,142800
2007-08-27,18.060682,18.079932,17.945190,17.964439,64200
2007-08-28,17.862701,17.887448,17.458481,17.499727,462300
2007-08-29,17.664710,18.016684,17.664710,18.002935,112200
2007-08-30,17.873697,18.217419,17.873697,18.022184,287700
2007-08-31,18.217422,18.396160,18.181677,18.357662,678300
2007-09-04,18.396160,18.838878,18.396160,18.673891,144300
2007-09-05,18.616138,18.629885,18.387905,18.486897,390600
2007-09-06,18.632636,18.676633,18.429152,18.646385,615300
2007-09-07,18.346662,18.346662,18.022186,18.167925,1014900
2007-09-10,18.390654,18.440150,18.019430,18.203669,530100
2007-09-11,18.354912,18.541899,18.225671,18.431906,700500
2007-09-12,18.354911,18.489652,18.115678,18.145927,270000
2007-09-13,18.148671,18.236665,18.063428,18.079927,566100
2007-09-14,17.917694,18.057934,17.906696,17.967192,442800
2007-09-17,17.884690,17.991931,17.813194,17.912188,167700
2007-09-18,18.085433,18.544650,17.978191,18.442907,567000
2007-09-19,18.561155,18.745392,18.434664,18.525408,405900
2007-09-20,18.437404,18.599642,18.437404,18.539146,214200
2007-09-21,18.638135,18.737128,18.607889,18.621637,200400
2007-09-24,18.657390,18.748134,18.475904,18.566647,378900
2007-09-25,18.429159,18.695889,18.429159,18.673891,455100
2007-09-26,18.883392,18.888900,18.583307,18.605331,780600
2007-09-27,18.759513,18.820081,18.668660,18.674168,149700
2007-09-28,18.701695,18.773275,18.577806,18.577806,324600
2007-10-01,18.687935,19.062354,18.687935,18.965996,241800
2007-10-02,18.993524,19.040325,18.869634,19.001781,796200
2007-10-03,18.770523,19.045830,18.459424,18.591572,377100
2007-10-04,18.588819,18.588819,18.420881,18.558535,192600
2007-10-05,18.696189,18.974250,18.652138,18.869633,613500
2007-10-08,18.924695,18.960485,18.809065,18.897163,783600
2007-10-09,19.133927,19.133927,18.528247,18.759506,894600
2007-10-10,18.740236,18.754001,18.553026,18.715458,633300
2007-10-11,18.836592,18.836592,18.164840,18.313505,503400
2007-10-12,18.404355,18.577800,18.371319,18.536503,582900
2007-10-15,18.610836,18.665899,18.459417,18.536503,445200
2007-10-16,18.514479,18.693428,18.497960,18.506220,736500
2007-10-17,18.996280,18.996280,18.663156,18.850367,732300
2007-10-18,18.762263,18.894411,18.632867,18.858620,442800
2007-10-19,18.792542,18.792542,18.288729,18.305248,850800
2007-10-22,18.120800,18.528256,18.087763,18.464935,538800
2007-10-23,18.506220,18.506220,18.255688,18.506220,289500
2007-10-24,18.107032,18.107032,17.517873,17.939095,585300
2007-10-25,17.820712,17.823464,17.181995,17.347179,488100
2007-10-26,17.589450,17.605969,17.264586,17.404993,367800
2007-10-29,17.449050,17.669296,17.449050,17.567432,215100
2007-10-30,17.506855,17.749126,17.482078,17.633497,645300
2007-10-31,17.669289,17.859251,17.556412,17.798683,271200
2007-11-01,17.732601,17.732601,17.476565,17.504095,426600
2007-11-02,17.564670,17.639004,17.374708,17.625238,1254300
2007-11-05,17.418765,17.738124,17.418765,17.539902,1152000
2007-11-06,17.633506,17.809703,17.539902,17.793184,1840800
2007-11-07,17.630732,17.732595,17.311374,17.316881,384300
2007-11-08,17.402235,17.413246,16.788298,17.071865,1187400
2007-11-09,16.947985,17.170985,16.859886,16.923206,994200
2007-11-12,16.821335,16.972754,16.479953,16.485458,693300
2007-11-13,16.727725,16.906676,16.667159,16.859875,115200
2007-11-14,17.041592,17.069124,16.727740,16.730494,114000
2007-11-15,16.650647,16.843363,16.507488,16.631376,652500
2007-11-16,16.661657,16.719473,16.433153,16.518497,1236000
2007-11-19,16.457928,16.573558,16.199138,16.218410,1242900
2007-11-20,16.262458,16.350557,15.736619,16.020187,1628400
2007-11-21,15.799939,16.047717,15.532891,15.703581,1572900
2007-11-23,15.832976,16.011927,15.750383,15.932088,92700
2007-11-26,16.022951,16.061494,15.524643,15.524643,222600
2007-11-27,15.538396,15.855000,15.521877,15.855000,1816800
2007-11-28,16.163353,16.592834,16.078008,16.529512,443700
2007-11-29,16.427651,16.576317,16.389107,16.515751,720300
2007-11-30,16.747006,16.747006,16.243193,16.281734,90000
2007-12-03,16.317524,16.430401,16.245944,16.265215,72300
2007-12-04,16.160595,16.265211,16.108285,16.138571,2136600
2007-12-05,16.408380,16.727737,16.408380,16.598343,549300
2007-12-06,16.562557,16.917705,16.562557,16.879162,541500
2007-12-07,16.879154,16.914944,16.771785,16.854378,277200
2007-12-10,16.881907,17.049845,16.810326,17.000288,181200
2007-12-11,17.107658,17.190251,16.664412,16.664412,1647000
2007-12-12,17.168227,17.168227,16.650647,16.870893,911400
2007-12-13,16.780042,16.925955,16.524004,16.713968,1119300
2007-12-14,16.603839,16.713964,16.504729,16.537766,944100
2007-12-17,16.444157,16.488207,16.171602,16.171602,1101300
2007-12-18,16.245939,16.320273,16.072494,16.245939,791400
2007-12-19,16.166108,16.391860,16.166108,16.284491,252900
2007-12-20,16.452423,16.609350,16.350560,16.504732,304500
2007-12-21,16.793812,16.826850,16.647900,16.716726,360300
2007-12-24,16.791052,16.912188,16.791052,16.890163,121800
2007-12-26,16.903928,16.947977,16.835100,16.920446,548400
2007-12-27,16.828109,16.954905,16.566246,16.571760,163500
2007-12-28,16.648941,16.651698,16.439451,16.516632,191700
2007-12-31,16.483557,16.544200,16.354005,16.376057,270000
2008-01-02,16.356754,16.447715,15.819245,15.937773,536700
2008-01-03,15.995656,15.995656,15.692449,15.747577,600600
2008-01-04,15.507763,15.507763,14.851729,14.989552,649800
2008-01-07,15.061225,15.061225,14.496154,14.631219,346500
2008-01-08,14.691862,14.890325,14.242561,14.286664,415200
2008-01-09,14.231534,14.498909,13.986211,14.377626,599100
2008-01-10,14.187430,14.507177,14.143325,14.435510,1900800
2008-01-11,14.344553,14.344553,13.903522,13.986216,231300
2008-01-14,14.195697,14.435507,14.176401,14.410699,115500
2008-01-15,14.256340,14.256340,13.812552,13.870437,356700
2008-01-16,13.545180,14.005508,13.316395,13.694029,388200
2008-01-17,13.845632,13.986210,13.440433,13.440433,486300
2008-01-18,13.627873,13.895249,13.553449,13.793261,392100
2008-01-22,13.258507,13.729859,13.060043,13.534152,458100
2008-01-23,12.922221,13.884222,12.817476,13.853899,443400
2008-01-24,13.892491,14.248073,13.873196,14.248073,664800
2008-01-25,14.554041,14.691863,13.947623,13.961405,1206000
2008-01-28,13.898007,14.143330,13.727107,14.143330,386100
2008-01-29,14.104741,14.286666,13.964162,14.168139,224400
2008-01-30,14.184678,14.352821,14.063394,14.157114,269100
2008-01-31,13.975182,14.264609,13.898002,14.115761,318300
2008-02-01,14.223267,14.884814,14.223267,14.868275,604800
2008-02-04,14.882052,14.884808,14.578842,14.603650,373800
2008-02-05,14.305957,14.355574,13.950377,13.966914,361500
2008-02-06,14.011019,14.113009,13.600309,13.614091,379500
2008-02-07,13.495564,13.975186,13.313640,13.740889,473700
2008-02-08,13.760181,14.044096,13.740886,13.900760,233100
2008-02-11,13.961402,14.336279,13.961402,14.223266,164700
2008-02-12,14.330766,14.438266,14.124032,14.154353,197400
2008-02-13,14.325253,14.680833,14.325253,14.678078,74700
2008-02-14,14.691864,14.691864,14.181921,14.181921,992400
2008-02-15,14.113007,14.198456,13.856656,13.922811,103800
2008-02-19,14.113005,14.121275,13.765693,13.820821,166500
2008-02-20,13.663708,14.190190,13.663708,14.090959,165000
2008-02-21,14.305956,14.427241,14.008261,14.052364,825900
2008-02-22,14.088204,14.110255,13.818071,14.099229,728100
2008-02-25,14.046855,14.308716,13.953134,14.234292,1883700
2008-02-26,14.115768,14.600904,14.115768,14.463080,4507200
2008-02-27,14.347308,14.691863,14.347308,14.589875,1743300
2008-02-28,14.432755,14.487885,14.201213,14.245317,293700
2008-02-29,14.113006,14.137813,13.796014,13.834604,209400
2008-03-03,13.831853,13.864930,13.619606,13.751915,908700
2008-03-04,13.644409,13.840118,13.401842,13.826334,808200
2008-03-05,13.721588,14.082684,13.721588,13.964157,235500
2008-03-06,13.831854,13.895251,13.545182,13.561721,158400
2008-03-07,13.437674,13.886974,13.288826,13.578253,339900
2008-03-10,13.545180,13.677491,13.366013,13.366013,211800
2008-03-11,13.523126,13.834604,13.410112,13.834604,212700
2008-03-12,13.793261,13.975185,13.732618,13.732618,1378500
2008-03-13,13.481774,14.046846,13.481774,13.975178,387300
2008-03-14,14.002750,14.024801,13.462488,13.575502,956100
2008-03-17,12.971840,13.716079,12.971840,13.523128,1865100
2008-03-18,13.652677,14.063387,13.611329,14.063387,982500
2008-03-19,14.027560,14.038587,13.473514,13.487296,511800
2008-03-20,13.454220,13.751915,13.382551,13.751915,4154700
2008-03-24,13.754669,14.355575,13.754669,14.187432,727200
2008-03-25,14.195702,14.319742,14.099225,14.228779,162900
2008-03-26,14.168136,14.228778,13.909029,14.077172,2055000
2008-03-27,14.019290,14.019290,13.713324,13.713324,262500
2008-03-28,13.851142,13.878706,13.514854,13.514854,229500
2008-03-31,13.534157,13.787749,13.534157,13.660954,479700
2008-04-01,13.807045,14.261860,13.807045,14.231537,866400
2008-04-02,14.228779,14.537501,14.228779,14.333523,2016900
2008-04-03,14.220507,14.620192,14.126787,14.537498,922800
2008-04-04,14.474102,14.661541,14.352820,14.556796,297900
2008-04-07,14.625706,14.691860,14.377626,14.446536,3148800
2008-04-08,14.303205,14.303205,14.093714,14.140574,337500
2008-04-09,14.195701,14.429999,14.079930,14.283906,2472300
2008-04-10,14.319743,14.755260,14.314229,14.617438,1656900
2008-04-11,14.468594,14.468594,14.041344,14.082691,588900
2008-04-14,13.975188,14.038587,13.796019,13.829097,450600
2008-04-15,13.900757,13.900757,13.567228,13.864923,748800
2008-04-16,14.148844,14.457566,14.135061,14.427245,555600
2008-04-17,14.333521,14.350061,14.124033,14.328011,360900
2008-04-18,14.584363,14.760776,14.471348,14.636736,957600
2008-04-21,14.540261,14.810394,14.540261,14.796612,1871700
2008-04-22,14.664300,14.664300,14.256346,14.407949,1019400
2008-04-23,14.474098,14.975773,14.474098,14.826924,1615200
2008-04-24,14.818658,15.215586,14.650515,15.091546,1280400
2008-04-25,15.174243,15.174243,14.738725,15.036420,360300
2008-04-28,14.948214,15.017124,14.854494,14.928918,617100
2008-04-29,14.890321,15.075003,14.884809,15.000579,669900
2008-04-30,15.019878,15.019878,14.631218,14.716669,2556300
2008-05-01,14.705645,15.325846,14.705645,15.267961,2147100
2008-05-02,15.408535,15.458151,15.077762,15.276226,2086800
2008-05-05,15.212829,15.276227,15.066736,15.165969,1626600
2008-05-06,15.030898,15.441608,15.030898,15.422314,936600
2008-05-07,15.463666,15.618027,15.234879,15.234879,3071100
2008-05-08,15.287250,15.416802,15.119106,15.298275,3518700
2008-05-09,15.135643,15.400262,15.135643,15.295518,228600
2008-05-12,15.218342,15.502257,15.218342,15.482961,172800
2008-05-13,15.532576,15.579436,15.436102,15.549115,249600
2008-05-14,15.540843,16.014952,15.540843,15.747577,446400
2008-05-15,15.772387,16.119700,15.725527,16.114187,402000
2008-05-16,16.125215,16.205152,15.868866,16.202394,307200
2008-05-19,16.235469,16.522140,16.067327,16.125212,354300
2008-05-20,16.061814,16.061814,15.620783,15.728285,338400
2008-05-21,15.659365,15.791674,15.447119,15.477440,271200
2008-05-22,15.493979,15.714493,15.485710,15.565646,376500
2008-05-23,15.543598,15.543598,15.232120,15.447123,267000
2008-05-27,15.422319,15.744824,15.422319,15.728285,371700
2008-05-28,15.805466,15.846814,15.631811,15.788927,586500
2008-05-29,15.739311,15.841301,15.722772,15.733799,132600
2008-05-30,15.805468,16.045280,15.805468,15.965343,237600
2008-06-02,15.929506,15.959828,15.612515,15.805467,230100
2008-06-03,15.849576,15.849576,15.463673,15.582199,556800
2008-06-04,15.700724,15.926752,15.642839,15.827519,582900
2008-06-05,15.984632,16.103159,15.849567,16.031492,404100
2008-06-06,16.001175,16.042521,15.609760,15.810981,354900
2008-06-09,15.722771,15.722771,15.199046,15.482961,331800
2008-06-10,15.364430,15.364430,15.077760,15.171478,816300
2008-06-11,15.218346,15.218346,14.686352,14.686352,459000
2008-06-12,14.622951,15.041932,14.622951,14.746991,552600
2008-06-13,14.884814,15.204563,14.857250,15.127381,3403200
2008-06-16,15.058465,15.516035,15.058465,15.430586,1749600
2008-06-17,15.449879,15.568408,15.215582,15.221096,1440300
2008-06-18,15.077772,15.188029,14.821421,14.884820,187800
2008-06-19,14.950970,15.380976,14.796609,15.273474,430500
2008-06-20,15.083279,15.083279,14.868276,14.928918,324300
2008-06-23,15.116845,15.116845,14.713361,14.729941,496800
2008-06-24,14.608344,15.080917,14.608344,14.804558,2746500
2008-06-25,14.973131,15.257782,14.973131,15.064330,781800
2008-06-26,14.923392,14.948265,14.312638,14.387255,2019000
2008-06-27,14.329215,14.406596,14.086019,14.293288,715500
2008-06-30,14.196564,14.436997,14.149584,14.149584,238500
2008-07-01,14.011399,14.121942,13.723986,14.099833,341700
2008-07-02,14.133001,14.215909,13.723989,13.762680,697200
2008-07-03,13.873224,13.873224,13.179562,13.367486,1032900
2008-07-07,13.436574,13.735043,13.251413,13.447628,3449100
2008-07-08,13.375780,13.574758,13.254182,13.525014,901500
2008-07-09,13.541594,13.541594,12.977822,12.977822,4893900
2008-07-10,12.919787,13.218255,12.864516,13.168510,750900
2008-07-11,13.008222,13.317745,12.795426,13.121530,2791800
2008-07-14,13.201670,13.270760,12.825822,12.961238,1956900
2008-07-15,12.853460,13.337088,12.756735,13.088366,1030500
2008-07-16,13.248653,13.549884,13.035857,13.511195,3625800
2008-07-17,13.621736,13.878749,13.411702,13.801370,976500
2008-07-18,13.740569,13.787549,13.334320,13.735043,4616400
2008-07-21,13.817954,13.834534,13.549883,13.618974,501300
2008-07-22,13.356433,13.359196,13.005457,13.198908,735000
2008-07-23,13.240362,13.478030,13.118763,13.323269,692100
2008-07-24,13.265233,13.265233,12.660008,12.687643,863700
2008-07-25,12.718041,12.845165,12.588152,12.812002,4945500
2008-07-28,12.690409,12.834114,12.563282,12.604736,2046000
2008-07-29,12.712518,12.952951,12.624084,12.928079,1445400
2008-07-30,13.049675,13.168509,12.875568,13.033093,3765600
2008-07-31,12.919785,13.265234,12.919785,12.986111,911100
2008-08-01,12.969532,13.016513,12.693173,12.870042,1091400
2008-08-04,12.930838,13.030327,12.842402,12.894911,604200
2008-08-05,13.024803,13.221018,12.908732,13.212728,738600
2008-08-06,13.273523,13.442102,13.013746,13.378540,538200
2008-08-07,13.375775,13.776496,13.212724,13.508428,702000
2008-08-08,13.497379,13.831772,13.436579,13.790318,497700
2008-08-11,13.856641,14.257362,13.784788,14.080492,676800
2008-08-12,14.094315,14.166168,13.994825,14.052862,825000
2008-08-13,14.110893,14.271180,13.964421,14.121946,947100
2008-08-14,14.036279,14.331984,14.011406,14.265657,695100
2008-08-15,14.343034,14.453578,14.229728,14.331981,1181700
2008-08-18,14.434233,14.434233,13.989295,14.149584,1061100
2008-08-19,14.077730,14.108130,13.834534,13.884280,828300
2008-08-20,14.008639,14.058383,13.773732,13.845587,941400
2008-08-21,13.809662,13.831769,13.660428,13.768208,684600
2008-08-22,13.928498,13.992062,13.804137,13.939553,416700
2008-08-25,13.856644,13.947843,13.712938,13.721228,838200
2008-08-26,13.663194,13.679776,13.497379,13.602396,576900
2008-08-27,13.569235,13.834540,13.558180,13.737814,291300
2008-08-28,13.798607,13.889805,13.759917,13.867698,610500
2008-08-29,13.707408,13.729517,13.458686,13.558174,491400
2008-09-02,13.768210,13.840063,13.279055,13.345381,1169700
2008-09-03,13.265235,13.265235,12.704226,12.740153,1014900
2008-09-04,12.643426,12.668298,12.309032,12.347722,1060800
2008-09-05,12.179142,12.579863,12.179142,12.510774,939000
2008-09-08,12.839641,12.839641,12.215069,12.436157,993900
2008-09-09,12.297979,12.430631,11.888968,11.952531,2081400
2008-09-10,12.118346,12.170854,11.944239,12.027147,1312800
2008-09-11,11.891730,12.110054,11.712097,12.029910,1560000
2008-09-12,11.872383,12.074124,11.739730,12.046489,1162500
2008-09-15,11.596024,11.985690,11.565624,11.576678,1541100
2008-09-16,11.098577,11.830929,11.054359,11.698276,1938600
2008-09-17,11.355595,11.789479,11.305851,11.305851,961500
2008-09-18,11.513117,11.980164,11.098579,11.875147,2410200
2008-09-19,12.778843,12.947422,11.051599,12.162562,477300
2008-09-22,11.938711,12.087946,11.604317,11.609844,203100
2008-09-23,11.656825,11.781186,11.363884,11.432974,169800
2008-09-24,11.568390,11.709333,11.496537,11.549046,395700
2008-09-25,11.258866,11.855801,11.258866,11.714858,498000
2008-09-26,11.670642,11.778422,11.148324,11.778422,467100
2008-09-29,11.739735,11.739735,10.697861,10.778006,1169700
2008-09-30,10.612188,11.222941,10.612188,11.203596,1665900
2008-10-01,11.308612,11.308612,10.976980,11.142796,1028100
2008-10-02,10.949349,10.982512,10.446375,10.468484,941700
2008-10-03,10.697857,10.885782,10.338591,10.349645,824400
2008-10-06,10.070524,10.109214,9.459771,9.998672,857700
2008-10-07,10.026308,10.120270,9.321592,9.346464,628500
2008-10-08,8.962323,9.755474,8.962323,9.324353,2062500
2008-10-09,9.526095,9.727836,9.042467,9.164064,967800
2008-10-10,8.603060,9.421082,8.481461,9.047997,2379000
2008-10-13,9.230395,9.877075,9.230395,9.877075,617700
2008-10-14,10.200416,10.266742,9.346466,9.468064,1168800
2008-10-15,9.421081,9.429372,8.580950,8.592004,849000
2008-10-16,8.569896,9.034179,8.207865,9.009307,1512300
2008-10-17,8.824144,9.249737,8.796508,8.868361,928500
2008-10-20,9.070102,9.158537,8.951268,9.133665,562800
2008-10-21,8.744001,8.984433,8.699782,8.699782,618300
2008-10-22,8.688728,8.788217,8.194045,8.346043,415200
2008-10-23,8.373679,8.434478,7.859651,8.171937,543000
2008-10-24,7.483799,8.415128,7.483799,8.163642,669600
2008-10-27,7.945321,8.500802,7.945321,8.147063,532500
2008-10-28,8.398552,8.895998,8.124956,8.879416,981600
2008-10-29,8.777161,8.995484,8.616872,8.732943,593400
2008-10-30,8.981669,9.119849,8.724655,9.111558,429900
2008-10-31,8.909811,9.396203,8.909811,9.227624,541500
2008-11-03,9.329885,9.398975,9.164069,9.205523,217800
2008-11-04,9.385154,9.575842,9.302246,9.548206,261900
2008-11-05,9.407264,9.457008,9.050761,9.053524,231300
2008-11-06,8.893237,8.965089,8.351572,8.365391,225300
2008-11-07,8.448301,8.608589,8.395793,8.550553,139500
2008-11-10,8.619636,8.650036,8.213389,8.301824,163500
2008-11-11,8.122192,8.299061,8.003357,8.124955,403200
2008-11-12,7.964667,8.077974,7.704889,7.715944,185100
2008-11-13,7.776745,8.224446,7.329043,8.224446,571800
2008-11-14,8.000593,8.025466,7.610928,7.652381,335700
2008-11-17,7.536312,7.671728,7.445113,7.453404,337500
2008-11-18,7.403661,7.508678,7.074793,7.284826,359400
2008-11-19,7.190861,7.317986,6.740396,6.740396,254100
2008-11-20,6.654726,6.989121,6.461275,6.461275,422700
2008-11-21,6.712762,6.765269,6.328622,6.756979,336600
2008-11-24,6.745924,7.226788,6.745924,7.174279,196500
2008-11-25,7.218498,7.240606,6.925558,7.094137,523800
2008-11-26,6.908977,7.586057,6.908977,7.572239,348900
2008-11-28,7.605401,7.605401,7.395368,7.481039,183600
2008-12-01,7.210208,7.268244,6.914504,6.914504,478200
2008-12-02,7.069264,7.094137,6.781851,7.030574,414900
2008-12-03,6.815015,7.384314,6.815015,7.370496,553200
2008-12-04,7.237841,7.373258,6.886866,6.955956,436500
2008-12-05,6.815014,7.207443,6.668543,7.207443,710400
2008-12-08,7.389838,7.431292,7.190860,7.317985,250200
2008-12-09,7.284826,7.906634,7.149410,7.649621,854400
2008-12-10,7.649622,8.050342,7.610931,7.793327,874800
2008-12-11,7.738053,7.937031,7.583292,7.613692,374100
2008-12-12,7.425771,8.014416,7.425771,7.995071,683100
2008-12-15,8.036522,8.036522,7.704891,7.873471,297000
2008-12-16,7.989542,8.326699,7.948088,8.290772,363300
2008-12-17,8.174702,8.462116,8.089031,8.373681,362400
2008-12-18,8.354330,8.354330,7.751868,7.856884,343200
2008-12-19,7.950847,8.141535,7.934266,8.036518,234900
2008-12-22,7.983282,7.983282,7.573526,7.729623,233400
2008-12-23,7.777010,7.777010,7.464815,7.501051,260700
2008-12-24,7.523349,7.595823,7.514987,7.587460,142500
2008-12-26,7.595823,7.595823,7.481538,7.537287,134100
2008-12-29,7.531714,7.537288,7.383978,7.501051,379500
2008-12-30,7.551224,7.860631,7.551224,7.835545,342900
2008-12-31,7.827184,7.986070,7.821610,7.908021,192600
2009-01-02,7.921959,8.303842,7.855060,8.275967,169200
2009-01-05,8.203486,8.398608,8.147736,8.273172,367800
2009-01-06,8.323352,8.794434,8.323352,8.719172,424200
2009-01-07,8.501752,8.501752,8.214643,8.309418,351600
2009-01-08,8.220210,8.326133,8.075262,8.301046,242100
2009-01-09,8.278747,8.292684,7.991639,8.008364,256200
2009-01-12,7.991643,7.991643,7.690597,7.763071,199200
2009-01-13,7.852273,7.988858,7.634851,7.774224,449100
2009-01-14,7.648784,7.671084,7.417425,7.462024,220500
2009-01-15,7.473174,7.685020,7.286414,7.595821,440400
2009-01-16,7.765861,7.941470,7.573526,7.908021,653400
2009-01-20,7.894078,7.894078,7.361674,7.375611,366900
2009-01-21,7.487112,7.576312,7.213942,7.556799,277500
2009-01-22,7.370040,7.517776,7.183281,7.370040,456000
2009-01-23,7.383977,7.807671,7.280841,7.685022,543600
2009-01-26,7.698959,7.924744,7.645998,7.749134,519300
2009-01-27,7.768646,8.069691,7.768646,7.997217,635700
2009-01-28,8.186768,8.345653,8.119869,8.275967,635700
2009-01-29,8.139372,8.139372,7.807666,7.860627,367800
2009-01-30,7.905233,7.977707,7.634850,7.701749,788700
2009-02-02,7.556799,7.857844,7.531712,7.790946,566400
2009-02-03,7.818820,7.941468,7.662721,7.916381,1230600
2009-02-04,7.905232,8.295477,7.852271,8.016731,1090500
2009-02-05,7.877359,8.459938,7.877359,8.345652,950700
2009-02-06,8.393040,8.705236,8.393040,8.655062,552300
2009-02-09,8.627182,8.668994,8.501746,8.610457,1004700
2009-02-10,8.554710,8.708020,8.136591,8.214640,567900
2009-02-11,8.200700,8.200700,7.905229,8.064115,654900
2009-02-12,7.921955,8.206275,7.877355,8.167252,924900
2009-02-13,8.139373,8.398607,8.139373,8.301046,728400
2009-02-17,7.988856,7.991644,7.724047,7.735197,441300
2009-02-18,7.779797,7.941470,7.668299,7.746348,662100
2009-02-19,7.824395,7.835545,7.353315,7.381190,493200
2009-02-20,7.247395,7.517778,7.247395,7.425792,818100
2009-02-23,7.456452,7.456452,7.082933,7.113595,1062300
2009-02-24,7.174918,7.520562,7.174918,7.475963,215100
2009-02-25,7.448088,7.888507,7.378401,7.687809,990600
2009-02-26,7.757497,8.044605,7.587461,7.618124,578400
2009-02-27,7.520562,7.740772,7.506626,7.576312,756900
2009-03-02,7.425789,7.559587,7.144256,7.177705,394200
2009-03-03,7.303140,7.414639,7.155406,7.280841,818400
2009-03-04,7.423002,7.754709,7.383977,7.604187,669600
2009-03-05,7.526138,7.754709,7.489902,7.501051,1372200
2009-03-06,7.598610,7.693383,7.227878,7.406275,1364400
2009-03-09,7.336590,7.634849,7.236241,7.264117,439800
2009-03-10,7.464817,7.841124,7.420217,7.827186,787800
2009-03-11,7.863419,8.097567,7.863419,8.025093,838800
2009-03-12,8.080841,8.390249,7.955406,8.373525,840300
2009-03-13,8.398613,8.487812,8.275965,8.457150,783900
2009-03-16,8.719173,8.747047,8.164468,8.200706,915300
2009-03-17,8.234150,8.535195,8.147738,8.521257,537000
2009-03-18,8.510111,8.866905,8.468299,8.797219,1107300
2009-03-19,8.922654,8.922654,8.668995,8.777706,1969800
2009-03-20,8.733106,8.844605,8.298263,8.429274,492000
2009-03-23,8.705230,8.970039,8.590944,8.970039,545100
2009-03-24,8.972829,8.972829,8.680147,8.705234,663300
2009-03-25,8.813943,9.087114,8.504535,8.769343,1688400
2009-03-26,8.800002,9.198609,8.800002,9.195822,1132500
2009-03-27,9.181886,9.212549,8.983976,9.039726,337800
2009-03-30,9.025789,9.025789,8.540771,8.657845,423600
2009-03-31,8.847392,8.852967,8.641120,8.680144,856200
2009-04-01,8.501749,8.861332,8.479450,8.830669,429600
2009-04-02,9.023003,9.351923,8.995129,9.190250,715200
2009-04-03,9.298961,9.466208,9.089902,9.466208,663300
2009-04-06,9.349133,9.390944,9.098262,9.296171,416100
2009-04-07,9.170737,9.170737,8.894779,8.958890,593100
2009-04-08,8.989556,9.193040,8.919869,9.162378,1474800
2009-04-09,9.418821,9.636242,9.337985,9.549831,1699200
2009-04-13,9.552619,9.566556,9.220912,9.446696,1583700
2009-04-14,9.379797,9.655755,9.310110,9.477357,1028400
2009-04-15,9.307323,9.318472,9.128925,9.301747,1226400
2009-04-16,9.477359,9.697569,9.354712,9.683631,954600
2009-04-17,9.719865,9.756103,9.491294,9.694778,1158000
2009-04-20,9.488510,9.549833,9.176314,9.243213,880200
2009-04-21,9.123353,9.346350,8.983980,9.223701,1080000
2009-04-22,9.120560,9.764463,9.036937,9.502441,1218300
2009-04-23,9.622305,9.622305,9.120563,9.435545,1635300
2009-04-24,9.566555,9.650179,9.257148,9.569343,1604400
2009-04-27,9.388162,9.683632,9.388162,9.510809,1219200
2009-04-28,9.396524,9.494085,9.273876,9.354712,909300
2009-04-29,9.421610,9.691993,9.349136,9.519171,471300
2009-04-30,9.697572,10.006980,9.577711,9.758896,1069500
2009-05-01,9.795132,9.875969,9.586073,9.786770,2363400
2009-05-04,9.970740,10.260636,9.895479,10.246698,1411200
2009-05-05,10.229971,10.229971,9.959588,10.149136,653100
2009-05-06,10.285722,10.285722,9.967952,10.218823,1029000
2009-05-07,10.338683,10.338683,9.519171,9.669693,1157700
2009-05-08,9.753317,9.753317,9.229276,9.371436,2005200
2009-05-11,9.212551,9.560983,9.101052,9.410460,1275900
2009-05-12,9.357496,9.480145,9.003490,9.176311,3557400
2009-05-13,9.101049,9.173523,8.891989,8.925439,1503300
2009-05-14,8.939382,9.232065,8.939382,9.148441,1688400
2009-05-15,9.112200,9.237636,9.000701,9.039726,1228500
2009-05-18,9.120563,9.374222,9.120563,9.351922,783900
2009-05-19,9.324051,9.694783,9.268302,9.560986,1370700
2009-05-20,9.708714,10.012547,9.639028,9.661327,1757400
2009-05-21,9.555410,9.647396,9.324050,9.468998,1216500
2009-05-22,9.510809,9.572133,9.332411,9.471785,586200
2009-05-26,9.363073,9.828578,9.363073,9.792341,1453500
2009-05-27,9.781191,10.157497,9.781191,9.928926,1137900
2009-05-28,10.020911,10.121260,9.756103,10.110110,672600
2009-05-29,10.118472,10.221607,9.951224,10.151921,758400
2009-06-01,10.335892,10.756798,10.335892,10.689899,1056900
2009-06-02,10.673178,10.673178,10.338683,10.405581,944700
2009-06-03,10.277358,10.277358,10.107323,10.224397,652800
2009-06-04,10.285724,10.472483,10.271786,10.441821,779700
2009-06-05,10.531017,10.531017,10.188160,10.274571,941700
2009-06-08,10.229976,10.355412,10.076666,10.280150,689100
2009-06-09,10.444608,10.832065,10.444608,10.745654,1330500
2009-06-10,10.857146,10.868297,10.561676,10.784673,851700
2009-06-11,10.820914,10.910114,10.648092,10.720566,787500
2009-06-12,10.662029,10.687116,10.422307,10.572830,309900
2009-06-15,10.411154,10.508715,10.229968,10.458541,1163400
2009-06-16,10.525441,10.528228,10.196520,10.243907,942900
2009-06-17,10.288510,10.464120,10.068301,10.380496,1106100
2009-06-18,10.347046,10.416733,10.149138,10.185374,672600
2009-06-19,10.310808,10.400007,10.229971,10.299658,486000
2009-06-22,10.228893,10.326792,9.929606,9.929606,459300
2009-06-23,9.951980,9.965966,9.697447,9.845691,542700
2009-06-24,9.907230,10.175748,9.907230,10.063865,309300
2009-06-25,10.007925,10.276444,9.954780,10.268052,535200
2009-06-26,10.245673,10.393918,10.172949,10.251267,439500
2009-06-29,10.290428,10.354761,10.181343,10.248472,291900
2009-06-30,10.245671,10.419090,10.133789,10.254063,639900
2009-07-01,10.318394,10.572927,10.310003,10.419088,729600
2009-07-02,10.301618,10.377139,10.198126,10.321198,1057800
2009-07-06,10.254066,10.340775,10.024706,10.164559,465900
2009-07-07,10.206515,10.312804,9.882055,9.893243,564300
2009-07-08,9.929605,9.943591,9.655492,9.803737,580800
2009-07-09,9.862479,10.128201,9.854088,10.007928,627300
2009-07-10,9.957576,10.156169,9.904432,10.063865,700200
2009-07-13,10.072254,10.318397,9.901633,10.312802,571200
2009-07-14,10.321198,10.497413,10.318401,10.477834,1497300
2009-07-15,10.830263,10.967320,10.796699,10.950538,688800
2009-07-16,10.891799,11.207868,10.855438,11.168710,631500
2009-07-17,11.174301,11.316951,11.020462,11.302966,773400
2009-07-20,11.384083,11.445619,11.263809,11.423242,1261800
2009-07-21,11.445621,11.445621,11.154725,11.384085,1107600
2009-07-22,11.344926,11.691762,11.330940,11.658197,945300
2009-07-23,11.619037,11.909931,11.523935,11.893149,1533300
2009-07-24,11.649806,11.772877,11.451214,11.756095,893400
2009-07-27,11.772879,11.814836,11.577085,11.795257,650400
2009-07-28,11.747703,11.890354,11.633023,11.817630,432000
2009-07-29,11.786865,11.806444,11.655403,11.795257,393000
2009-07-30,11.946293,12.128103,11.756093,11.761687,526200
2009-07-31,11.775674,11.940701,11.733718,11.840007,480900
2009-08-03,11.971470,12.060975,11.831616,12.005034,1240200
2009-08-04,11.912732,12.060976,11.881964,11.988253,531000
2009-08-05,12.038598,12.066569,11.784064,11.879165,346500
2009-08-06,11.893151,12.007832,11.652604,11.686169,440700
2009-08-07,11.881963,11.895949,11.607850,11.708545,772800
2009-08-10,11.635819,11.739310,11.521139,11.613442,609000
2009-08-11,11.593862,11.683368,11.434429,11.484776,346200
2009-08-12,11.493171,11.795255,11.493171,11.711343,391800
2009-08-13,11.823223,11.982656,11.652602,11.960279,628200
2009-08-14,11.895946,11.895946,11.619036,11.719730,771000
2009-08-17,11.518345,11.518345,11.347722,11.384085,524400
2009-08-18,11.412051,11.652599,11.412051,11.627425,227400
2009-08-19,11.428837,11.711342,11.428837,11.683371,469200
2009-08-20,11.649804,11.803643,11.649804,11.775672,380400
2009-08-21,11.848397,12.007830,11.714138,11.996642,438600
2009-08-24,12.041393,12.142088,11.848395,11.881960,337500
2009-08-25,11.921124,12.016224,11.826024,11.937907,272400
2009-08-26,11.904344,12.074966,11.904344,12.049791,602100
2009-08-27,12.007831,12.074961,11.845601,12.074961,269400
2009-08-28,12.301520,12.511301,12.203623,12.329491,674100
2009-08-31,12.234395,12.239989,12.052585,12.150482,358200
2009-09-01,12.069367,12.407813,11.814833,11.840007,984000
2009-09-02,11.784064,11.957482,11.750499,11.812035,345900
2009-09-03,11.859582,12.007827,11.798047,11.993841,243300
2009-09-04,12.058176,12.304318,12.016220,12.304318,313500
2009-09-08,12.438576,12.564444,12.318302,12.553256,563700
2009-09-09,12.575641,12.715494,12.427396,12.693118,1254900
2009-09-10,12.715492,12.902896,12.665145,12.888910,1001400
2009-09-11,12.866531,12.877720,12.586824,12.651156,837300
2009-09-14,12.553259,12.679127,12.550462,12.653954,345600
2009-09-15,12.695909,12.818980,12.659548,12.757444,397200
2009-09-16,12.824574,12.824574,12.625983,12.709894,429600
2009-09-17,12.698706,12.743460,12.421796,12.460956,584100
2009-09-18,12.497319,12.631578,12.455362,12.556057,320400
2009-09-21,12.477740,12.606405,12.430190,12.542073,466800
2009-09-22,12.645562,12.746256,12.547664,12.651156,1304700
2009-09-23,12.774226,12.936456,12.687516,12.698705,737700
2009-09-24,12.771430,12.782618,12.298725,12.393826,707700
2009-09-25,12.351869,12.455361,12.242784,12.360260,406500
2009-09-28,12.455363,12.709896,12.435783,12.600811,349200
2009-09-29,12.653951,12.723878,12.410606,12.424592,573900
2009-09-30,12.486133,12.679131,12.284744,12.528090,765600
2009-10-01,12.508502,12.536472,11.926711,11.929508,2277600
2009-10-02,11.814832,12.013424,11.761688,11.786861,718200
2009-10-05,11.842802,12.052583,11.770079,12.016221,764700
2009-10-06,12.119715,12.335089,12.119715,12.251178,1648500
2009-10-07,12.248378,12.281943,12.144886,12.226001,800400
2009-10-08,12.284741,12.284741,11.999440,12.139294,1052700
2009-10-09,12.156076,12.570042,12.150481,12.556057,784800
2009-10-12,12.614795,12.883315,12.598013,12.743462,341700
2009-10-13,12.768634,12.821777,12.642765,12.695910,512400
2009-10-14,12.997995,13.009183,12.746258,12.894504,1026300
2009-10-15,12.782616,12.827370,12.609198,12.667937,1094400
2009-10-16,12.533680,12.542071,12.253973,12.396623,1300800
2009-10-19,12.427390,12.617591,12.349073,12.584026,564000
2009-10-20,12.648355,12.749050,12.502907,12.536472,880200
2009-10-21,12.550459,12.693110,12.293128,12.321099,825000
2009-10-22,12.312713,12.494523,12.125309,12.452567,1264200
2009-10-23,12.438580,12.460957,12.077758,12.125308,1089000
2009-10-26,12.111321,12.360260,11.977061,12.080553,1235100
2009-10-27,12.094537,12.200826,11.761686,11.800844,1217100
2009-10-28,11.775674,11.867978,11.440026,11.462402,1805700
2009-10-29,11.557501,11.767281,11.557501,11.744905,798900
2009-10-30,11.688962,11.702947,11.311357,11.356110,1259100
2009-11-02,11.364505,11.479186,11.191087,11.358912,1293900
2009-11-03,11.191082,11.263805,11.031649,11.247023,1286100
2009-11-04,11.358907,11.540717,11.328139,11.336531,884700
2009-11-05,11.512746,11.725323,11.473587,11.677773,458700
2009-11-06,11.616242,11.856790,11.607851,11.702951,339900
2009-11-09,11.853991,12.097337,11.834412,12.060974,468000
2009-11-10,12.066569,12.203625,11.965875,12.083351,862500
2009-11-11,12.223205,12.396623,12.192437,12.256770,1288200
2009-11-12,12.312712,12.455363,12.181250,12.198032,477000
2009-11-13,12.245581,12.346275,12.156075,12.293131,299100
2009-11-16,12.472143,12.620388,12.472143,12.584026,137700
2009-11-17,12.522489,12.620386,12.460953,12.611995,90900
2009-11-18,12.600813,12.625986,12.430190,12.511306,93300
2009-11-19,12.295927,12.295927,11.935106,12.100133,480600
2009-11-20,12.005034,12.027410,11.918324,12.005034,306900
2009-11-23,12.142092,12.267959,12.091744,12.130903,177300
2009-11-24,12.156075,12.245582,12.114120,12.228799,223200
2009-11-25,12.234394,12.307118,12.234394,12.276350,110700
2009-11-27,11.884761,12.184048,11.865182,12.105730,215700
2009-11-30,12.125307,12.133699,11.954686,12.128104,163800
2009-12-01,12.231596,12.553259,12.231596,12.519694,189000
2009-12-02,12.578433,12.793808,12.505709,12.707099,222900
2009-12-03,12.709894,13.009181,12.709894,12.863733,260700
2009-12-04,12.989600,13.179801,12.818979,13.067918,310800
2009-12-07,13.070716,13.297280,13.070716,13.174208,378900
2009-12-08,13.137848,13.196587,12.978415,13.101485,453000
2009-12-09,13.118268,13.179804,13.006385,13.163022,188700
2009-12-10,13.199381,13.308467,13.121063,13.123860,436800
2009-12-11,13.154632,13.179806,12.972822,13.025966,233700
2009-12-14,13.143441,13.232948,13.067920,13.221760,221100
2009-12-15,13.177009,13.311268,13.109879,13.157430,462600
2009-12-16,13.182600,13.490278,13.182600,13.350424,228000
2009-12-17,13.263716,13.344830,13.135050,13.151833,125400
2009-12-18,13.196590,13.330849,13.137851,13.308472,188700
2009-12-21,13.435491,13.623773,13.435491,13.623773,317700
2009-12-22,13.674352,13.755849,13.657492,13.699644,999600
2009-12-23,13.772711,13.789573,13.660304,13.719317,417900
2009-12-24,13.761474,13.885121,13.761474,13.882312,60600
2009-12-28,13.927268,13.944130,13.682781,13.747416,395100
2009-12-29,13.755854,13.758663,13.632205,13.727751,588300
2009-12-30,13.682782,13.924458,13.682782,13.921647,169800
2009-12-31,13.966610,13.997521,13.834531,13.834531,138000
2010-01-04,13.991905,14.126793,13.955372,14.003146,380400
2010-01-05,14.025626,14.104310,13.893546,13.980661,616800
2010-01-06,13.983475,14.053730,13.924461,13.938512,219300
2010-01-07,13.927272,13.927272,13.733370,13.828916,300600
2010-01-08,13.800810,14.042486,13.800810,14.036864,232800
2010-01-11,14.093068,14.135220,13.879494,13.994712,269100
2010-01-12,13.859830,13.859830,13.418631,13.505747,316800
2010-01-13,13.584427,13.705265,13.300599,13.663113,342600
2010-01-14,13.637824,13.654686,13.497315,13.637824,424200
2010-01-15,13.629395,13.629395,13.160093,13.193815,491400
2010-01-19,13.207863,13.376474,13.207863,13.345562,397800
2010-01-20,13.286548,13.353993,13.171330,13.345562,916200
2010-01-21,13.345562,13.559135,13.188192,13.261256,762900
2010-01-22,13.188190,13.188190,12.600862,12.637394,733200
2010-01-25,12.716080,12.901552,12.702029,12.811626,536400
2010-01-26,12.746997,12.881886,12.682362,12.696414,616200
2010-01-27,12.702030,12.904363,12.603673,12.873451,782700
2010-01-28,12.876263,12.876263,12.294556,12.494079,1183800
2010-01-29,12.561524,12.699223,11.996677,12.078173,899100
2010-02-01,12.134374,12.502508,12.134374,12.488457,1690500
2010-02-02,12.499702,12.679554,12.440688,12.617730,703200
2010-02-03,12.586812,12.687978,12.508127,12.614913,481200
2010-02-04,12.482836,12.482836,12.050067,12.069738,614700
2010-02-05,12.083789,12.359187,11.988243,12.345137,776100
2010-02-08,12.356380,12.508130,12.187769,12.294556,297600
2010-02-09,12.460352,12.589621,12.336704,12.440681,272700
2010-02-10,12.429445,12.550284,12.322658,12.516562,453600
2010-02-11,12.494075,12.803196,12.415391,12.775093,451500
2010-02-12,12.631776,13.008341,12.530609,12.890313,514500
2010-02-16,13.008336,13.190997,12.938081,13.171326,432000
2010-02-17,13.241588,13.264069,13.002722,13.160092,336300
2010-02-18,13.101077,13.210674,12.997100,13.205053,1072200
2010-02-19,13.140422,13.311843,13.078598,13.241589,1324200
2010-02-22,13.311840,13.331511,13.171331,13.216294,839700
2010-02-23,13.182573,13.182573,12.789147,12.876262,375000
2010-02-24,12.935277,13.188193,12.935277,13.117939,469500
2010-02-25,12.876260,13.092644,12.758232,13.064543,376200
2010-02-26,13.072975,13.072975,12.898743,13.042063,239700
2010-03-01,13.106698,13.379285,13.106698,13.351184,219900
2010-03-02,13.393337,13.516984,13.306220,13.351184,403800
2010-03-03,13.413008,13.500124,13.227536,13.286551,236700
2010-03-04,13.292174,13.325896,13.106702,13.275312,492600
2010-03-05,13.362425,13.494503,13.278119,13.424249,344700
2010-03-08,13.474833,13.491694,13.396149,13.418631,354300
2010-03-09,13.353995,13.491693,13.314652,13.382096,714300
2010-03-10,13.435493,13.688410,13.415820,13.643445,315300
2010-03-11,13.606907,13.606907,13.432676,13.556324,664200
2010-03-12,13.629395,13.629395,13.494504,13.531036,219000
2010-03-15,13.480449,13.480449,13.297786,13.384903,180900
2010-03-16,13.421436,13.781140,13.410196,13.755849,229500
2010-03-17,13.800816,14.042492,13.800816,13.977857,358500
2010-03-18,13.986282,13.989091,13.753037,13.848582,264000
2010-03-19,13.890741,13.890741,13.570379,13.657495,284100
2010-03-22,13.567567,13.960993,13.514175,13.927272,526500
2010-03-23,13.983476,14.225152,13.972236,14.208290,423900
2010-03-24,14.112744,14.121174,13.848586,13.873878,530100
2010-03-25,14.022820,14.109937,13.859830,13.865450,498000
2010-03-26,13.949755,14.014389,13.694028,13.812056,417900
2010-03-29,13.879497,13.972234,13.859826,13.901978,459300
2010-03-30,13.916035,14.031253,13.817678,13.986290,283500
2010-03-31,13.916031,14.050922,13.862638,13.887930,250200
2010-04-01,14.014390,14.183001,13.775525,13.882312,301800
2010-04-05,13.986284,14.298214,13.969423,14.281354,331800
2010-04-06,14.202669,14.244822,14.104312,14.191427,288300
2010-04-07,14.157710,14.348803,14.064973,14.244826,157200
2010-04-08,14.177376,14.177376,13.963801,14.050918,188100
2010-04-09,14.064971,14.205482,14.045301,14.205482,81600
2010-04-12,14.261680,14.427480,14.205476,14.326314,178200
2010-04-13,14.334746,14.475256,14.303835,14.461205,165600
2010-04-14,14.753466,15.071017,14.722554,15.048535,477600
2010-04-15,15.048535,15.174993,15.000761,15.113169,255900
2010-04-16,15.026053,15.026053,14.694451,14.893975,600000
2010-04-19,14.837776,14.899599,14.464022,14.761901,642000
2010-04-20,14.896785,14.997953,14.781567,14.955799,198300
2010-04-21,15.048540,15.082261,14.570808,14.761901,195900
2010-04-22,14.587662,14.978278,14.351606,14.967036,452700
2010-04-23,14.986716,14.986716,14.733800,14.975474,266700
2010-04-26,14.955798,15.138461,14.955798,15.042913,190800
2010-04-27,14.930512,15.014818,14.517415,14.556758,402900
2010-04-28,14.643866,14.778755,14.404999,14.627005,459300
2010-04-29,14.694450,14.812477,14.567992,14.812477,384600
2010-04-30,14.823720,14.823720,14.168949,14.168949,364200
2010-05-03,14.258875,14.537083,14.233583,14.464019,1291800
2010-05-04,14.242014,14.250444,13.741800,13.910412,671700
2010-05-05,13.764277,13.980659,13.533841,13.769896,1179600
2010-05-06,13.663113,13.871066,6.536487,13.269687,1384500
2010-05-07,13.151662,13.398958,12.645828,13.101078,3522600
2010-05-10,13.798002,13.803621,13.553516,13.783951,517800
2010-05-11,13.682785,13.932891,13.497313,13.705266,851400
2010-05-12,13.809247,14.112748,13.758665,14.081836,667800
2010-05-13,14.020003,14.146463,13.685592,13.747416,664800
2010-05-14,13.615340,13.615340,13.081406,13.331511,697800
2010-05-17,13.331512,13.522606,13.084217,13.502934,853200
2010-05-18,13.612529,13.663111,13.061731,13.131987,1389000
2010-05-19,13.089840,13.339946,12.909988,13.210678,1431900
2010-05-20,12.881880,13.103884,12.609293,12.817245,1052400
2010-05-21,12.558711,13.230344,12.522178,13.011150,910200
2010-05-24,12.997098,13.117936,12.814436,12.817245,765600
2010-05-25,12.477217,12.873453,12.308606,12.856591,1066200
2010-05-26,12.994288,13.235964,12.822868,12.879071,954300
2010-05-27,13.095457,13.457971,13.095457,13.457971,1031100
2010-05-28,13.404579,13.435492,13.081408,13.241589,560100
2010-06-01,13.168522,13.365235,12.960568,12.960568,988200
2010-06-02,13.022395,13.379289,12.966192,13.379289,120600
2010-06-03,13.418629,13.556327,13.306221,13.539466,465000
2010-06-04,13.258447,13.424247,12.884691,12.935275,268500
2010-06-07,12.974617,13.081404,12.449113,12.460353,518100
2010-06-08,12.480028,12.508130,12.134375,12.457546,300900
2010-06-09,12.589624,12.806008,12.283314,12.314226,321300
2010-06-10,12.508129,12.758235,12.508129,12.749804,252300
2010-06-11,12.555902,12.952137,12.555902,12.932467,471000
2010-06-14,13.134796,13.230342,12.954944,12.963375,485100
2010-06-15,13.042063,13.651872,13.042063,13.609720,401400
2010-06-16,13.486074,13.753042,13.404578,13.660305,348900
2010-06-17,13.713694,13.778328,13.457968,13.677162,140100
2010-06-18,13.713699,13.786763,13.595672,13.646255,159000
2010-06-21,13.825495,13.887593,13.455723,13.543225,422400
2010-06-22,13.562984,13.752104,13.269426,13.277894,324600
2010-06-23,13.325879,13.498062,13.108532,13.331524,353700
2010-06-24,13.272253,13.272253,12.939176,12.978694,404100
2010-06-25,13.046432,13.069014,12.786746,13.015383,241200
2010-06-28,13.001267,13.232727,12.930701,13.105707,887400
2010-06-29,12.834736,12.837558,12.476254,12.549644,576000
2010-06-30,12.577870,12.696423,12.301247,12.337942,321300
2010-07-01,12.312536,12.448024,11.996396,12.315358,753600
2010-07-02,12.321009,12.366172,12.098017,12.250443,434700
2010-07-06,12.416974,12.529882,12.117770,12.216564,223500
2010-07-07,12.239145,12.879894,12.239145,12.868604,165300
2010-07-08,13.015382,13.015382,12.645611,12.851667,405000
2010-07-09,12.806504,13.035142,12.803682,13.035142,293700
2010-07-12,12.964576,13.196035,12.964576,13.114178,762600
2010-07-13,13.266603,13.469836,13.204504,13.407737,301800
2010-07-14,13.582741,13.673066,13.323053,13.385153,656700
2010-07-15,13.402097,13.407742,13.122651,13.365401,255300
2010-07-16,13.241200,13.292008,12.970222,12.970222,166200
2010-07-19,13.015388,13.325883,13.015388,13.320237,237300
2010-07-20,12.927884,13.320236,12.826267,13.303300,501000
2010-07-21,13.323055,13.323055,13.001270,13.035142,417000
2010-07-22,13.133936,13.517820,13.133936,13.472657,169800
2010-07-23,13.413382,13.596857,13.292007,13.577097,292800
2010-07-26,13.554519,13.794448,13.435967,13.794448,221400
2010-07-27,13.839608,13.853723,13.650490,13.675893,316500
2010-07-28,13.642020,13.729522,13.379510,13.450077,336000
2010-07-29,13.520650,13.520650,12.984340,13.119828,351300
2010-07-30,12.905304,13.069020,12.775461,12.978694,263400
2010-08-02,13.136758,13.252487,13.018205,13.179097,1021800
2010-08-03,13.105713,13.114181,12.984337,13.060550,170400
2010-08-04,13.100064,13.193212,12.956107,13.181921,766800
2010-08-05,13.119823,13.244022,13.069015,13.148050,164100
2010-08-06,12.998446,13.229905,12.984332,13.150870,662400
2010-08-09,13.277894,13.289184,13.085951,13.235554,136200
2010-08-10,13.102887,13.102887,12.792392,12.916590,798300
2010-08-11,12.642790,12.642790,12.326650,12.408506,641700
2010-08-12,12.148820,12.292777,12.016153,12.216564,688500
2010-08-13,12.174221,12.349226,12.123412,12.134703,187800
2010-08-16,12.081078,12.270196,12.004865,12.168580,225300
2010-08-17,12.267375,12.456495,12.225036,12.337942,173700
2010-08-18,12.352056,12.549643,12.292780,12.484721,988800
2010-08-19,12.411326,12.510119,12.233497,12.304064,316800
2010-08-20,12.264550,12.405684,12.202452,12.306890,357300
2010-08-23,12.354876,12.428266,12.157288,12.174225,438000
2010-08-24,12.013334,12.106482,11.855263,11.987929,458700
2010-08-25,11.883489,12.112126,11.779050,12.086721,161700
2010-08-26,12.143175,12.154466,11.855262,11.903248,212100
2010-08-27,11.987929,12.196807,11.660498,12.165758,551100
2010-08-30,12.106485,12.112130,11.838330,11.841152,510300
2010-08-31,11.773405,11.903250,11.558882,11.620981,563700
2010-09-01,11.804454,12.072610,11.801632,11.954057,245100
2010-09-02,11.962530,12.208103,11.962530,12.196812,200700
2010-09-03,12.368989,12.479074,12.199628,12.431088,133500
2010-09-07,12.343586,12.388749,12.117772,12.140353,73200
2010-09-08,12.162934,12.162934,11.973815,12.086721,98700
2010-09-09,12.222212,12.250439,12.081078,12.109304,1473600
2010-09-10,12.098013,12.126240,11.787518,11.959702,294000
2010-09-13,12.072607,12.363343,12.061316,12.340761,401700
2010-09-14,12.326652,12.637146,12.208099,12.569402,945000
2010-09-15,12.498837,12.575049,12.371815,12.549644,255600
2010-09-16,12.527063,12.676666,12.459319,12.651261,1183800
2010-09-17,12.733117,12.738762,12.603274,12.659727,668700
2010-09-20,12.713360,12.792395,12.569403,12.766991,1079400
2010-09-21,12.766988,12.896831,12.713357,12.795215,801900
2010-09-22,12.702064,12.769808,12.512944,12.594802,261900
2010-09-23,12.484718,12.894007,12.419797,12.671015,550200
2010-09-24,12.848846,13.235554,12.848846,13.235554,770400
2010-09-27,13.204504,13.266603,13.097243,13.167809,1869900
2010-09-28,13.229909,13.433142,13.029500,13.399270,688200
2010-09-29,13.317408,13.546045,13.317408,13.433137,835500
2010-09-30,13.500887,13.594036,13.221442,13.354109,3003300
2010-10-01,13.441611,13.481129,13.210152,13.339994,338700
2010-10-04,13.263784,13.323060,13.006920,13.156523,577500
2010-10-05,13.289185,13.526290,13.263781,13.492418,2149800
2010-10-06,13.458547,13.467014,13.179100,13.286363,664500
2010-10-07,13.345635,13.376685,13.187564,13.337167,1087800
2010-10-08,13.337169,13.489594,13.150872,13.464190,1113600
2010-10-11,13.455720,13.670244,13.455720,13.568626,1359900
2010-10-12,13.520644,13.709763,13.427495,13.664600,937200
2010-10-13,13.706942,13.706942,13.517822,13.639197,944100
2010-10-14,13.605328,13.752106,13.543227,13.605328,708300
2010-10-15,12.730292,13.802911,12.719002,13.661777,822300
2010-10-18,13.591208,13.633549,13.464188,13.568626,1510800
2010-10-19,13.368220,13.619438,13.246845,13.379511,771000
2010-10-20,13.416210,13.520650,13.297657,13.469841,1115700
2010-10-21,13.469833,13.489592,13.277891,13.390798,1240500
2010-10-22,13.393622,13.687182,13.393622,13.650487,936000
2010-10-25,13.732341,13.893234,13.732341,13.808554,969000
2010-10-26,13.737990,13.811380,13.619437,13.749282,749400
2010-10-27,13.766217,14.189619,13.766217,14.183974,2363100
2010-10-28,14.203729,14.220666,14.014610,14.189616,3502500
2010-10-29,14.147279,14.313817,14.147279,14.277122,561600
2010-11-01,14.370269,14.370269,14.119050,14.231958,750600
2010-11-02,14.319461,14.392852,14.243249,14.327929,1857300
2010-11-03,14.356158,14.480357,14.263009,14.474710,413100
2010-11-04,14.655365,14.940455,14.655365,14.926342,447900
2010-11-05,14.915047,15.090054,14.906579,15.022309,446400
2010-11-08,14.991259,15.129571,14.957388,15.019487,847200
2010-11-09,15.039247,15.039247,14.793673,14.858596,225600
2010-11-10,14.841661,14.858598,14.655365,14.844484,1402800
2010-11-11,14.432371,14.711817,14.299706,14.680767,483600
2010-11-12,14.621487,14.895288,14.514225,14.675118,1605000
2010-11-15,14.759800,14.804963,14.556568,14.565036,172500
2010-11-16,14.463415,14.573499,14.279940,14.356153,916200
2010-11-17,14.291239,14.500117,14.291239,14.344871,175200
2010-11-18,14.488821,14.661004,14.488821,14.604551,305100
2010-11-19,14.576327,14.881177,14.576327,14.830368,194700
2010-11-22,14.830366,15.025132,14.804963,15.019487,343500
2010-11-23,14.861411,14.982786,14.836008,14.909397,689400
2010-11-24,15.008201,15.313050,15.008201,15.284823,524400
2010-11-26,15.205782,15.284816,15.154974,15.188846,165900
2010-11-29,15.109820,15.194500,14.982799,15.166274,420900
2010-11-30,15.013844,15.059007,14.934810,14.974326,1418400
2010-12-01,15.214259,15.476768,15.214259,15.425961,473700
2010-12-02,15.502169,15.750564,15.502169,15.730806,695100
2010-12-03,15.623538,15.852174,15.623538,15.809834,656400
2010-12-06,15.840891,15.840891,15.679998,15.801373,702900
2010-12-07,15.953790,16.027179,15.784429,15.784429,292200
2010-12-08,15.770325,15.942510,15.750567,15.919927,218700
2010-12-09,16.015897,16.018720,15.914280,15.967911,99900
2010-12-10,15.998963,16.027189,15.919927,15.970737,57300
2010-12-13,16.063878,16.075169,15.855000,15.863468,682200
2010-12-14,15.894521,15.905811,15.705401,15.759032,365100
2010-12-15,15.711049,15.795730,15.567093,15.589674,203400
2010-12-16,15.595317,15.730805,15.589670,15.674351,1235700
2010-12-17,15.696924,15.821121,15.696924,15.775958,485400
2010-12-20,15.747743,15.747743,15.584028,15.643304,177300
2010-12-21,15.708231,15.790090,15.705409,15.742104,117300
2010-12-22,15.674351,15.761854,15.592494,15.759032,1719000
2010-12-23,15.739271,15.750563,15.671527,15.713868,251700
2010-12-27,15.680000,15.750568,15.519108,15.733631,149700
2010-12-28,15.767494,15.767494,15.609422,15.668698,120900
2010-12-29,15.727982,15.727982,15.651770,15.671528,53100
2010-12-30,15.654593,15.753385,15.654593,15.719514,125400
2010-12-31,15.651767,15.722335,15.626363,15.722335,53700
2011-01-03,15.798553,15.996139,15.767503,15.807021,343500
2011-01-04,15.883225,15.956614,15.694105,15.846530,273900
2011-01-05,15.753387,15.914280,15.719515,15.897344,137700
2011-01-06,15.984850,16.210664,15.956622,16.182438,978300
2011-01-07,16.227608,16.298175,15.973565,16.227608,4041300
2011-01-10,16.179603,16.430822,16.154200,16.402596,768600
2011-01-11,16.495758,16.495758,16.360269,16.444950,132300
2011-01-12,16.555028,16.775198,16.459058,16.766729,459000
2011-01-13,16.780840,16.834470,16.682046,16.778017,687900
2011-01-14,16.823180,17.226823,16.823180,17.224001,1652100
2011-01-18,17.159079,17.224002,17.071577,17.176016,741600
2011-01-19,17.023594,17.040531,16.718746,16.761086,2770800
2011-01-20,16.625600,16.625600,16.348978,16.588905,1370700
2011-01-21,16.718744,16.741326,16.439299,16.470348,276000
2011-01-24,16.529623,16.859876,16.512687,16.851408,1881300
2011-01-25,16.809067,16.834470,16.625593,16.732855,381900
2011-01-26,16.800599,16.921974,16.698982,16.868343,422100
2011-01-27,16.989723,17.238119,16.989723,17.198601,294000
2011-01-28,17.243760,17.271988,16.639707,16.727209,464100
2011-01-31,16.732850,16.871160,16.422355,16.792126,179100
2011-02-01,16.944556,17.297391,16.944556,17.209888,1026000
2011-02-02,17.150613,17.376429,17.113919,17.300217,446100
2011-02-03,17.331258,17.353839,17.159073,17.314322,414300
2011-02-04,17.365135,17.678453,17.351022,17.678453,1151700
2011-02-07,17.729263,17.782894,17.548611,17.607887,508800
2011-02-08,17.605066,17.610711,17.458285,17.607887,297000
2011-02-09,17.537320,17.599419,17.421591,17.483690,135300
2011-02-10,17.280461,17.534501,17.226828,17.506273,1100700
2011-02-11,17.410294,17.709499,17.384891,17.647400,267000
2011-02-14,17.675630,17.929671,17.675630,17.791361,210300
2011-02-15,17.765959,17.765959,17.548613,17.610712,219600
2011-02-16,17.746192,17.847809,17.686916,17.794176,264600
2011-02-17,17.720799,18.101862,17.720799,18.062344,621600
2011-02-18,18.084918,18.118791,17.938138,18.019997,243000
2011-02-22,17.672803,17.717964,17.255045,17.314322,488400
2011-02-23,17.348198,17.348198,16.752611,16.981249,405300
2011-02-24,16.981248,17.288921,16.958667,17.246580,459600
2011-02-25,17.472395,17.712324,17.441345,17.692564,1692000
2011-02-28,17.760318,17.805481,17.342561,17.523212,253500
2011-03-01,17.551431,17.588125,17.161900,17.181660,844500
2011-03-02,17.167543,17.624818,17.167543,17.399004,3923100
2011-03-03,17.576833,17.811116,17.576833,17.734903,591900
2011-03-04,17.712322,17.717965,17.455456,17.588123,4838100
2011-03-07,17.650232,17.650232,16.910689,17.105455,867000
2011-03-08,17.085687,17.269161,16.930440,17.122381,1839300
2011-03-09,17.034883,17.034883,16.571962,16.591721,1835100
2011-03-10,16.348972,16.416717,16.157029,16.171143,1764900
2011-03-11,16.063877,16.374372,16.063877,16.354614,626400
2011-03-14,16.278408,16.521159,16.207841,16.317926,4028700
2011-03-15,15.801369,16.213481,15.615072,16.103395,1566900
2011-03-16,16.015898,16.286875,15.648948,15.764679,6734100
2011-03-17,16.061051,16.145732,15.897334,15.953789,4530600
2011-03-18,16.202199,16.213490,15.953803,16.021547,1270200
2011-03-21,16.250184,16.399785,16.207842,16.309460,754200
2011-03-22,16.300982,16.300982,16.128799,16.154203,689400
2011-03-23,16.094935,16.337686,15.993320,16.309460,1657800
2011-03-24,16.461875,16.744142,16.425180,16.707447,904800
2011-03-25,16.763706,16.842861,16.653457,16.673244,1090200
2011-03-28,16.777838,16.823069,16.667588,16.676069,1275600
2011-03-29,16.670419,16.842861,16.520590,16.842861,633600
2011-03-30,17.009651,17.009651,16.726957,16.862650,238200
2011-03-31,16.834381,16.882439,16.656283,16.704342,183300
2011-04-01,16.800458,16.800458,16.466881,16.520592,555000
2011-04-04,16.582791,16.582791,16.280309,16.373598,677400
2011-04-05,16.653457,16.876783,16.633667,16.741091,814200
2011-04-06,16.910705,17.023782,16.845684,16.998339,268800
2011-04-07,17.009659,17.009659,16.763715,16.941813,2364900
2011-04-08,17.023785,17.063363,16.712823,16.800457,289200
2011-04-11,16.800455,16.823071,16.599744,16.659109,371100
2011-04-12,16.543213,16.543213,16.218116,16.305752,692400
2011-04-13,16.404683,16.455569,16.249203,16.345318,1275000
2011-04-14,16.212452,16.373587,16.124816,16.370760,337200
2011-04-15,16.325533,16.509284,16.240725,16.455572,558300
2011-04-18,16.254857,16.257683,16.042837,16.161568,352500
2011-04-19,16.141778,16.246376,16.105028,16.229414,242100
2011-04-20,16.693032,16.933323,16.681726,16.916361,838500
2011-04-21,17.052057,17.052057,16.851346,16.933327,204600
2011-04-25,16.947457,17.009650,16.882438,16.944630,527100
2011-04-26,16.961594,17.249941,16.961594,17.221672,282300
2011-04-27,17.102939,17.238632,17.020957,17.210361,230700
2011-04-28,17.165134,17.218845,17.009653,17.122730,136200
2011-04-29,17.094458,17.204708,17.094458,17.182093,127800
2011-05-02,17.238633,17.238633,16.989862,17.026613,228600
2011-05-03,16.947460,16.987038,16.701516,16.817421,346800
2011-05-04,16.882441,16.953114,16.611055,16.811768,794400
2011-05-05,16.726957,17.020958,16.701514,16.856997,258000
2011-05-06,17.063364,17.167960,16.919190,16.989862,282600
2011-05-09,17.006818,17.006818,16.817413,16.919184,516900
2011-05-10,16.955936,17.054879,16.927666,17.001167,146700
2011-05-11,17.046404,17.083154,16.777844,16.876787,200100
2011-05-12,16.803286,17.165133,16.786324,17.097286,341400
2011-05-13,17.074665,17.125549,16.876780,16.888088,130500
2011-05-16,16.823075,16.995520,16.619536,16.650633,735900
2011-05-17,16.560166,16.574301,16.283128,16.444262,1129200
2011-05-18,16.452750,16.780675,16.452750,16.743925,150900
2011-05-19,16.707172,16.707172,16.458402,16.602575,602700
2011-05-20,16.605403,16.653461,16.475364,16.568653,322500
2011-05-23,16.367932,16.367932,16.218105,16.229414,274200
2011-05-24,16.311402,16.314230,16.085248,16.088074,1470900
2011-05-25,16.028702,16.294434,16.020221,16.232241,872100
2011-05-26,16.212462,16.410348,16.164404,16.384905,372600
2011-05-27,16.506458,16.650632,16.506458,16.579958,1218000
2011-05-31,16.758053,16.848514,16.681725,16.831553,696300
2011-06-01,16.814593,16.814593,16.322707,16.342495,756600
2011-06-02,16.382072,16.495149,16.257686,16.322706,489600
2011-06-03,16.133305,16.271825,16.017402,16.037189,531600
2011-06-06,16.003257,16.076756,15.904312,15.921274,1011600
2011-06-07,16.014567,16.158741,15.986299,15.986299,891600
2011-06-08,15.909979,15.909979,15.621632,15.675344,778500
2011-06-09,15.680993,15.779936,15.601840,15.686648,1505700
2011-06-10,15.624453,15.632934,15.330454,15.435050,408000
2011-06-13,15.460482,15.519847,15.237155,15.299348,450000
2011-06-14,15.539644,15.661202,15.519855,15.567913,871500
2011-06-15,15.426567,15.519855,15.254125,15.282393,468300
2011-06-16,15.265430,15.299354,14.974257,15.107122,580200
2011-06-17,15.254124,15.254124,14.832910,14.883795,938700
2011-06-20,14.835742,14.957300,14.827261,14.903588,1503300
2011-06-21,15.002529,15.299357,14.903586,15.254127,1037100
2011-06-22,15.223034,15.350246,15.155188,15.194765,590100
2011-06-23,15.052282,15.431846,14.938979,15.414850,533100
2011-06-24,15.383697,15.383697,15.018295,15.060784,346800
2011-06-27,15.094770,15.199576,14.919152,15.137259,253500
2011-06-28,15.176916,15.346869,15.168418,15.341205,272400
2011-06-29,15.386520,15.440339,15.244892,15.361028,470400
2011-06-30,15.389353,15.774582,15.389353,15.720763,378600
2011-07-01,15.732108,16.097510,15.700951,16.057856,305400
2011-07-05,16.060681,16.097504,15.856736,15.930384,503100
2011-07-06,15.836908,15.848238,15.666953,15.802917,870600
2011-07-07,15.938873,16.196636,15.910547,16.103163,512700
2011-07-08,15.933210,15.933210,15.717936,15.882224,508200
2011-07-11,15.700943,15.893557,15.550815,15.607468,352800
2011-07-12,15.463009,15.463009,15.074946,15.159924,861600
2011-07-13,15.239228,15.338368,15.043781,15.111763,1169100
2011-07-14,15.125922,15.298708,14.851164,14.887987,502800
2011-07-15,14.978637,14.978637,14.769025,14.947478,603000
2011-07-18,14.870998,14.941811,14.627397,14.766193,967200
2011-07-19,14.902159,15.264728,14.902159,15.227904,1461600
2011-07-20,15.281723,15.318546,15.080611,15.168420,1185000
2011-07-21,15.140097,15.335544,14.933319,15.281725,890100
2011-07-22,15.346871,15.703775,15.346871,15.652789,541800
2011-07-25,15.491335,15.550819,15.397861,15.468675,522900
2011-07-26,15.539479,15.763252,15.539479,15.573471,767400
2011-07-27,15.431847,15.431847,14.978636,15.018291,1825200
2011-07-28,15.009792,15.219401,14.831339,14.987131,579300
2011-07-29,14.757691,14.989961,14.650053,14.862495,453600
2011-08-01,15.069282,15.123101,14.641563,14.845508,960300
2011-08-02,14.737870,14.811518,14.389464,14.414958,1719300
2011-08-03,14.400795,14.593409,14.109039,14.584912,977700
2011-08-04,14.358304,14.386629,13.726640,13.743634,2032200
2011-08-05,13.851269,14.046718,13.058150,13.466041,4278000
2011-08-08,13.077980,13.259264,12.672922,12.746569,3100500
2011-08-09,12.930689,13.341411,12.559621,13.315918,1929000
2011-08-10,13.012832,13.471710,12.871204,13.060987,2515800
2011-08-11,13.250769,13.879598,13.205447,13.706812,1651500
2011-08-12,13.916420,13.944745,13.568014,13.650158,1017600
2011-08-15,13.715306,13.922084,13.686980,13.913586,726600
2011-08-16,13.811615,13.896592,13.488702,13.664322,840900
2011-08-17,13.610504,13.871101,13.443382,13.573681,627300
2011-08-18,13.196949,13.196949,12.687086,12.789059,2017200
2011-08-19,12.650264,13.049656,12.511467,12.553955,1557600
2011-08-22,12.794723,12.902360,12.562451,12.630433,982500
2011-08-23,12.695583,13.298920,12.681420,13.279093,1768200
2011-08-24,13.287592,13.406559,13.026995,13.290424,1244400
2011-08-25,13.196945,13.366899,12.905191,12.942014,768000
2011-08-26,12.944847,13.349905,12.752233,13.301751,600000
2011-08-29,13.491535,13.783289,13.474539,13.766294,412200
2011-08-30,13.678486,13.856938,13.607671,13.763463,287700
2011-08-31,13.851270,13.984402,13.585009,13.692646,510000
2011-09-01,13.686982,13.871100,13.443381,13.468875,735000
2011-09-02,13.242270,13.270596,13.072316,13.148795,600000
2011-09-06,12.706915,13.072317,12.701250,13.060987,948000
2011-09-07,13.284761,13.633167,13.284761,13.616171,2767500
2011-09-08,13.531194,13.873937,13.483041,13.556687,474300
2011-09-09,13.483040,13.760631,13.321583,13.412225,1072200
2011-09-12,13.253600,13.817281,13.253600,13.800285,4078500
2011-09-13,13.905090,14.126031,13.788956,14.072212,1588200
2011-09-14,14.202512,14.601904,14.106205,14.434784,2478000
2011-09-15,14.647226,14.692547,14.474438,14.667053,1665000
2011-09-16,14.400788,14.839836,14.400788,14.686877,2793000
2011-09-19,14.417788,14.607570,14.284656,14.531091,1192200
2011-09-20,14.587740,14.635893,14.324310,14.344137,1483500
2011-09-21,14.397957,14.505595,14.052385,14.055218,1728600
2011-09-22,13.655828,13.698318,13.344245,13.582181,3060300
2011-09-23,13.483038,13.902259,13.406559,13.828611,2553000
2011-09-26,13.949587,13.949587,13.506563,13.818952,1644900
2011-09-27,14.083067,14.355697,14.000709,14.071707,1397700
2011-09-28,14.088748,14.139866,13.662763,13.679803,1131900
2011-09-29,13.875757,13.895635,13.233938,13.503730,1040400
2011-09-30,13.287894,13.404329,13.032303,13.040823,1597200
2011-10-03,12.944269,13.086264,12.549523,12.558043,1117200
2011-10-04,12.370603,13.086257,12.364923,13.057858,3465000
2011-10-05,13.057864,13.523607,12.901669,13.472488,1379100
2011-10-06,13.472487,13.659920,13.316293,13.637201,575400
2011-10-07,13.682640,13.881433,13.577564,13.699679,871200
2011-10-10,13.912672,14.168262,13.912672,14.085905,897000
2011-10-11,14.060346,14.122826,13.975151,14.071707,543600
2011-10-12,14.222220,14.332977,14.171102,14.176782,562800
2011-10-13,14.108630,14.517577,14.108630,14.463618,729300
2011-10-14,14.625487,14.651045,14.389773,14.628325,1625700
2011-10-17,14.571529,14.571529,14.190984,14.247781,1389900
2011-10-18,14.264820,14.582889,14.085906,14.534610,507000
2011-10-19,14.457933,14.509052,14.210863,14.242102,1254900
2011-10-20,14.165422,14.165422,13.728077,13.995028,598500
2011-10-21,14.193824,14.489173,14.193824,14.293221,1670700
2011-10-24,14.327299,14.795882,14.327299,14.770322,631200
2011-10-25,14.633999,14.781675,14.492005,14.526083,618000
2011-10-26,14.622649,14.739084,14.287541,14.574370,610200
2011-10-27,15.025911,15.304220,14.906635,15.190624,916800
2011-10-28,15.201985,15.253105,15.099750,15.250264,359400
2011-10-31,15.048633,15.094071,14.858360,14.881079,457800
2011-11-01,14.438058,14.548815,14.298903,14.406819,987900
2011-11-02,14.520409,14.591407,14.347176,14.460772,591000
2011-11-03,14.599930,14.915158,14.318780,14.892439,573900
2011-11-04,14.807237,15.119628,14.778838,15.062829,432000
2011-11-07,15.025916,15.082713,14.804404,15.054315,435000
2011-11-08,15.167910,15.196309,14.892439,15.122472,302400
2011-11-09,14.801559,14.801559,14.418171,14.455091,586500
2011-11-10,14.619800,14.665238,14.347170,14.551642,482400
2011-11-11,14.756119,15.133825,14.747599,15.062829,389100
2011-11-14,15.045787,15.139504,14.804396,14.898113,661800
2011-11-15,14.815759,15.176427,14.815759,15.085550,674100
2011-11-16,14.969112,15.255943,14.969112,15.034431,912600
2011-11-17,14.980480,14.980480,14.267667,14.452259,721200
2011-11-18,14.489175,14.509056,14.236424,14.315942,333000
2011-11-21,14.085908,14.119987,13.835997,14.048989,538500
2011-11-22,13.989350,14.094426,13.782036,13.870074,1081500
2011-11-23,13.711038,13.722398,13.421368,13.432729,580500
2011-11-25,13.361730,13.540644,13.268013,13.268013,117900
2011-11-28,13.705359,13.784877,13.560525,13.671281,726900
2011-11-29,13.733760,13.799077,13.554845,13.586084,495300
2011-11-30,13.983671,14.392616,13.983671,14.350017,696300
2011-12-01,14.344334,14.500530,14.276177,14.446571,436500
2011-12-02,14.653889,14.690807,14.429536,14.449414,601800
2011-12-05,14.602767,14.733403,14.506211,14.568689,240600
2011-12-06,14.591406,14.614126,14.449410,14.531769,277500
2011-12-07,14.469290,14.758960,14.381252,14.724880,396000
2011-12-08,14.614133,14.739088,14.276184,14.290383,162600
2011-12-09,14.145545,14.543131,14.066028,14.480655,426600
2011-12-12,14.256302,14.256302,13.915513,14.094427,653400
2011-12-13,14.208022,14.239261,13.696841,13.759317,1083900
2011-12-14,13.762156,13.790555,13.500886,13.543484,1385400
2011-12-15,13.747956,13.810433,13.458286,13.509404,438300
2011-12-16,13.623001,13.810433,13.571883,13.640040,907500
2011-12-19,13.645721,13.676960,13.236776,13.245296,1338300
2011-12-20,13.608803,13.881433,13.608803,13.833156,1983600
2011-12-21,13.864395,13.864395,13.503729,13.694002,295800
2011-12-22,13.734975,14.195936,13.734975,14.150411,1195500
2011-12-23,14.176017,14.227237,14.090654,14.213008,133800
2011-12-27,14.176024,14.312606,14.147570,14.195942,983400
2011-12-28,14.213008,14.213008,13.971146,13.985373,214800
2011-12-29,14.050815,14.130489,13.973990,14.107725,275400
2011-12-30,14.079273,14.167481,14.056509,14.056509,440100
2012-01-03,14.372354,14.457718,14.210164,14.232926,371100
2012-01-04,14.170328,14.264226,14.056510,14.232926,1187100
2012-01-05,14.190244,14.449180,14.176017,14.426416,1147800
2012-01-06,14.420726,14.497553,14.329671,14.463407,304800
2012-01-09,14.548774,14.782101,14.531700,14.756492,1069800
2012-01-10,14.949979,14.981280,14.844698,14.904452,700200
2012-01-11,14.847539,14.998348,14.804857,14.955667,1195800
2012-01-12,15.004041,15.143467,14.912986,15.115013,361200
2012-01-13,14.969899,14.984126,14.767871,14.807708,1169100
2012-01-17,14.947131,15.018266,14.841850,14.850387,202800
2012-01-18,15.018270,15.635734,15.018270,15.604434,1420200
2012-01-19,15.749549,15.928811,15.712558,15.914584,1746000
2012-01-20,15.843452,16.008487,15.826381,15.991416,4804200
2012-01-23,15.977184,16.048320,15.823530,15.940192,4483200
2012-01-24,15.883283,16.048318,15.829219,15.997101,1460400
2012-01-25,16.039791,16.099545,15.820690,16.065399,1189800
2012-01-26,16.125150,16.201977,15.812151,15.897514,777300
2012-01-27,15.849137,16.002791,15.803608,15.948726,414000
2012-01-30,15.843454,15.843454,15.607282,15.783700,944400
2012-01-31,15.891821,15.934503,15.684103,15.795074,326100
2012-02-01,16.005641,16.264577,15.943041,16.147915,1958700
2012-02-02,16.199135,16.344253,16.147918,16.236126,1212300
2012-02-03,16.438149,16.557659,16.369859,16.489368,831900
2012-02-06,16.438146,16.438146,16.213357,16.301565,448200
2012-02-07,16.244658,16.355630,16.127994,16.310102,1608900
2012-02-08,16.335719,16.625955,16.335719,16.506445,696900
2012-02-09,16.577570,16.600334,16.435297,16.560497,411900
2012-02-10,16.369861,16.435305,16.164989,16.238970,460500
2012-02-13,16.344250,16.409694,16.076776,16.287340,157800
2012-02-14,16.241818,16.349945,16.199137,16.347099,1032600
2012-02-15,16.475138,16.623102,16.415384,16.432457,786600
2012-02-16,16.472295,16.867812,16.409695,16.845049,773700
2012-02-17,16.936102,16.970246,16.677166,16.688547,474900
2012-02-21,16.748300,16.748300,16.409691,16.460909,462000
2012-02-22,16.446690,16.549127,16.344255,16.401163,358200
2012-02-23,16.389775,16.455219,16.190593,16.429611,352800
2012-02-24,16.455224,16.537742,16.361326,16.378397,834900
2012-02-27,16.290183,16.517820,16.182057,16.395466,619500
2012-02-28,16.421075,16.748301,16.421075,16.660091,797100
2012-02-29,16.694244,16.694244,16.381244,16.412544,626700
2012-03-01,16.463756,16.580419,16.355629,16.423920,486000
2012-03-02,16.401161,16.500752,16.236125,16.238970,474600
2012-03-05,16.190599,16.204826,15.792236,15.851990,1145100
2012-03-06,15.612975,15.732483,15.516228,15.704029,771000
2012-03-07,15.732477,15.999949,15.732477,15.934505,1201500
2012-03-08,16.082463,16.210508,16.005636,16.170671,1534200
2012-03-09,16.159300,16.358482,16.159300,16.347099,701700
2012-03-12,16.338550,16.338550,16.136524,16.190588,518700
2012-03-13,16.321491,16.543434,16.307262,16.543434,1193700
2012-03-14,16.583267,16.765376,16.469449,16.489368,670800
2012-03-15,16.571888,16.830824,16.566198,16.816597,2073300
2012-03-16,16.873503,16.873503,16.751149,16.845049,733200
2012-03-19,16.853584,17.027156,16.776757,16.964556,535200
2012-03-20,16.853587,16.893424,16.699933,16.830824,716400
2012-03-21,16.876345,16.978781,16.796672,16.899109,365700
2012-03-22,16.759683,16.847893,16.674319,16.808056,619200
2012-03-23,16.790995,16.847905,16.645877,16.842213,806700
2012-03-26,16.974754,17.080223,16.883538,17.074522,799800
2012-03-27,17.083069,17.197089,17.068815,17.068815,635100
2012-03-28,17.091631,17.108733,16.755270,16.872141,1057800
2012-03-29,16.721055,16.909188,16.661195,16.874983,1300800
2012-03-30,16.994712,17.046021,16.817982,16.946255,585600
2012-04-02,16.869288,17.000410,16.703958,16.960503,378900
2012-04-03,16.872124,16.897779,16.621280,16.689692,1296600
2012-04-04,16.458817,16.481619,16.162363,16.321991,1061700
2012-04-05,16.239316,16.404644,16.239316,16.347635,1389300
2012-04-09,16.102500,16.170912,16.022686,16.131004,745200
2012-04-10,16.091092,16.222213,15.797489,15.825994,849000
2012-04-11,16.034082,16.207963,16.008427,16.091093,650400
2012-04-12,16.150955,16.453108,16.131001,16.396097,436200
2012-04-13,16.344792,16.384699,16.096799,16.105349,665400
2012-04-16,16.245025,16.264978,15.959974,16.099649,726000
2012-04-17,16.219373,16.430310,16.219373,16.350496,1012500
2012-04-18,16.182307,16.287777,16.059737,16.230766,517800
2012-04-19,16.159513,16.416058,15.945725,16.031240,767100
2012-04-20,16.048335,16.048335,15.652115,15.660666,1368000
2012-04-23,15.466833,15.486788,15.321459,15.469685,960300
2012-04-24,15.503887,15.543794,15.304353,15.355661,527700
2012-04-25,15.615060,15.734781,15.523844,15.697724,660300
2012-04-26,15.754736,16.088247,15.754736,16.059742,1090800
2012-04-27,16.096806,16.111058,15.902971,16.062599,682200
2012-04-30,16.073991,16.079691,15.977072,15.994176,1093500
2012-05-01,15.951415,16.162352,15.934312,16.042631,456900
2012-05-02,15.914359,16.142399,15.900105,16.119595,405600
2012-05-03,16.102501,16.199417,15.703430,15.717682,618000
2012-05-04,15.652117,15.723380,15.367066,15.401273,1106100
2012-05-07,15.341409,15.463979,15.335707,15.355661,504300
2012-05-08,15.235945,15.292954,14.945193,15.267299,887100
2012-05-09,15.047818,15.284410,14.893892,15.213148,711000
2012-05-10,15.324312,15.330012,15.039261,15.156132,567900
2012-05-11,15.116226,15.441184,15.110525,15.261601,452400
2012-05-14,15.107675,15.215993,15.044962,15.113374,447600
2012-05-15,15.076315,15.227393,14.922389,14.953745,515400
2012-05-16,14.993653,15.044961,14.702901,14.722856,473700
2012-05-17,14.731403,14.779860,14.395042,14.397893,578100
2012-05-18,14.483409,14.483409,14.087189,14.121394,879600
2012-05-21,14.155600,14.489109,14.121393,14.474856,739500
2012-05-22,14.472010,14.474861,14.275325,14.369392,569100
2012-05-23,14.172703,14.443500,14.087188,14.426398,1327800
2012-05-24,14.469163,14.472013,14.141355,14.221169,593700
2012-05-25,14.246818,14.472007,14.246818,14.363689,606300
2012-05-29,14.557524,14.759911,14.546123,14.671546,394800
2012-05-30,14.517617,14.557523,14.380793,14.466309,477600
2012-05-31,14.432101,14.432101,14.121395,14.315229,1117200
2012-06-01,14.041586,14.041586,13.682423,13.702375,1232100
2012-06-04,13.725175,13.870550,13.525640,13.679567,1013100
2012-06-05,13.685267,14.001674,13.679567,13.941813,713100
2012-06-06,14.072939,14.452055,14.072939,14.380794,821700
2012-06-07,14.605979,14.651587,14.221160,14.252518,850800
2012-06-08,14.201210,14.469157,14.144201,14.400745,565500
2012-06-11,14.634488,14.662994,14.155604,14.198360,1065300
2012-06-12,14.238268,14.491963,14.201212,14.452056,573300
2012-06-13,14.463460,14.543274,14.283878,14.338037,805800
2012-06-14,14.340890,14.366544,14.147055,14.306684,386400
2012-06-15,14.306680,14.546123,14.306680,14.531871,427200
2012-06-18,14.440655,14.819771,14.440655,14.734256,635400
2012-06-19,14.876539,14.982249,14.787971,14.927967,478800
2012-06-20,14.939391,15.122240,14.902250,15.059385,628500
2012-06-21,15.013670,15.013670,14.433694,14.445122,855600
2012-06-22,14.553693,14.699402,14.513695,14.653689,617700
2012-06-25,14.530834,14.530834,14.147992,14.179420,649800
2012-06-26,14.202276,14.299415,14.073710,14.233704,316500
2012-06-27,14.253701,14.453693,14.242273,14.416552,492900
2012-06-28,14.333695,14.376550,14.130847,14.325124,584700
2012-06-29,14.667968,14.947957,14.647969,14.947957,1009800
2012-07-02,15.022236,15.036521,14.813673,14.925097,484800
2012-07-03,14.950819,15.122241,14.905106,15.107956,586800
2012-07-05,14.996526,15.059379,14.853674,14.993669,228900
2012-07-06,14.842248,14.847961,14.487976,14.616542,707100
2012-07-09,14.587975,14.630830,14.376554,14.422268,2310000
2012-07-10,14.325130,14.505122,14.025142,14.125138,1207500
2012-07-11,14.139419,14.187987,13.899428,13.967997,594900
2012-07-12,13.853720,13.853720,13.622301,13.748011,803400
2012-07-13,13.790865,13.905146,13.759438,13.845149,632700
2012-07-16,13.810867,13.810867,13.619447,13.716584,567900
2012-07-17,13.785149,13.785149,13.433736,13.659442,979500
2012-07-18,13.622302,14.210849,13.585161,14.125138,1985400
2012-07-19,14.322269,14.530832,14.319413,14.407980,1440900
2012-07-20,14.393702,14.442272,14.167997,14.167997,1425300
2012-07-23,13.899429,14.110848,13.713722,14.050851,1775100
2012-07-24,14.122283,14.122283,13.848008,13.985146,712200
2012-07-25,14.096569,14.436554,14.096569,14.265134,1102500
2012-07-26,14.542263,14.687971,14.436551,14.579404,1387800
2012-07-27,14.619401,14.970815,14.587974,14.936530,1870200
2012-07-30,14.905102,15.027954,14.710825,14.802250,679800
2012-07-31,14.856533,15.079381,14.853677,14.910818,1239000
2012-08-01,14.987963,15.045103,14.807970,14.907966,1046700
2012-08-02,14.747969,15.059384,14.696543,14.819395,656700
2012-08-03,15.045096,15.239374,14.970814,15.150805,811800
2012-08-06,15.185090,15.322227,15.185090,15.202232,288300
2012-08-07,15.325091,15.670792,15.322235,15.553655,1024500
2012-08-08,15.493654,15.630791,15.465083,15.590793,1240800
2012-08-09,15.602221,15.736502,15.573651,15.713644,899400
2012-08-10,15.653647,15.793642,15.653647,15.793642,636900
2012-08-13,15.756497,15.756497,15.496508,15.656501,383400
2012-08-14,15.776500,15.779356,15.470797,15.536510,1321500
2012-08-15,15.482226,15.696503,15.439370,15.625077,418800
2012-08-16,15.613646,15.902206,15.613646,15.870778,758700
2012-08-17,15.859348,15.859348,15.707928,15.756496,238200
2012-08-20,15.713643,15.713643,15.545080,15.650789,1309200
2012-08-21,15.699355,15.865062,15.605072,15.659356,556200
2012-08-22,15.642218,15.642218,15.450797,15.545079,1071600
2012-08-23,15.485081,15.516507,15.362227,15.456510,320100
2012-08-24,15.470798,15.579366,15.353661,15.533653,307500
2012-08-27,15.579362,15.605076,15.416513,15.473653,390300
2012-08-28,15.453655,15.536508,15.402227,15.450797,381000
2012-08-29,15.456508,15.533647,15.356513,15.467937,483300
2012-08-30,15.367946,15.393659,15.205095,15.230809,670200
2012-08-31,15.356518,15.490798,15.216522,15.413658,691500
2012-09-04,15.439366,15.439366,15.133666,15.293657,320400
2012-09-05,15.287948,15.379373,15.159382,15.210810,226500
2012-09-06,15.327940,15.750780,15.319369,15.673640,1041300
2012-09-07,15.645073,15.656502,15.536507,15.630790,1990500
2012-09-10,15.530796,15.579365,15.342231,15.359374,711000
2012-09-11,15.390798,15.519364,15.347944,15.459367,377700
2012-09-12,15.519364,15.596503,15.419368,15.493651,381300
2012-09-13,15.467939,15.690787,15.350800,15.630790,1678500
2012-09-14,15.736504,15.999351,15.713646,15.836500,512100
2012-09-17,15.776494,15.805064,15.613643,15.673640,323700
2012-09-18,15.619360,15.659359,15.570792,15.607931,513000
2012-09-19,15.539365,15.613649,15.499366,15.513653,589500
2012-09-20,15.430801,15.459372,15.285092,15.362232,1042800
2012-09-21,15.479367,15.542222,15.379371,15.379371,210300
2012-09-24,15.256517,15.270804,15.093668,15.159379,675600
2012-09-25,15.246901,15.249771,14.767656,14.782004,732300
2012-09-26,14.655741,14.704527,14.480687,14.675830,1372800
2012-09-27,14.796358,15.040285,14.693048,15.008718,854100
2012-09-28,14.925497,14.988631,14.859493,14.888190,350700
2012-10-01,14.971413,15.037418,14.793489,14.830797,254400
2012-10-02,14.908276,14.925493,14.810704,14.902535,429000
2012-10-03,14.934106,14.942715,14.799229,14.856623,568500
2012-10-04,14.893929,14.951325,14.779142,14.934106,440100
2012-10-05,14.988632,15.166556,14.891062,14.916890,750900
2012-10-08,14.813578,14.853753,14.718876,14.753314,803400
2012-10-09,14.747571,14.750441,14.483556,14.526602,819300
2012-10-10,14.523733,14.523733,14.311371,14.325720,781800
2012-10-11,14.495036,14.495036,14.354419,14.368769,514500
2012-10-12,14.357285,14.406072,14.268324,14.285542,758100
2012-10-15,14.340073,14.512256,14.340073,14.477820,577500
2012-10-16,14.517991,14.819314,14.517991,14.807836,622500
2012-10-17,14.672957,14.859490,14.647129,14.779139,432300
2012-10-18,14.693050,14.761924,14.569650,14.635654,648600
2012-10-19,14.632787,14.632787,14.196586,14.196586,918000
2012-10-22,14.285548,14.340075,14.142062,14.233893,455400
2012-10-23,14.076057,14.291287,14.018662,14.268330,508800
2012-10-24,14.423288,14.423288,14.027265,14.038745,663300
2012-10-25,14.199454,14.253979,14.081794,14.245370,387300
2012-10-26,14.242498,14.377376,14.202323,14.291284,399300
2012-10-31,14.291289,14.417558,14.242503,14.317116,785400
2012-11-01,14.328587,14.796353,14.317107,14.767656,949200
2012-11-02,14.767659,14.813574,14.492163,14.492163,707700
2012-11-05,14.495035,14.793487,14.460599,14.744702,278700
2012-11-06,14.779139,14.994369,14.753311,14.965671,663300
2012-11-07,14.764790,14.804967,14.492165,14.561040,1223100
2012-11-08,14.638521,14.644262,14.394594,14.394594,653100
2012-11-09,14.365897,14.595476,14.357288,14.411813,426900
2012-11-12,14.483555,14.515122,14.334328,14.420421,517800
2012-11-13,14.331463,14.437643,14.294155,14.311374,417000
2012-11-14,14.406072,14.451988,14.053095,14.078921,809400
2012-11-15,14.121974,14.144932,13.863697,13.903873,899100
2012-11-16,13.946917,13.984223,13.654203,13.906740,760500
2012-11-19,14.104750,14.187972,14.021528,14.187972,401700
2012-11-20,14.121971,14.156407,13.992832,14.124842,966900
2012-11-21,14.144929,14.187975,14.101882,14.176497,398400
2012-11-23,14.276934,14.492164,14.225280,14.411813,301800
2012-11-26,14.397464,14.509383,14.365897,14.472076,231900
2012-11-27,14.492170,14.578263,14.423297,14.440516,381000
2012-11-28,14.368768,14.615565,14.231021,14.592607,463800
2012-11-29,14.652873,14.707397,14.549562,14.635654,584400
2012-11-30,14.655746,14.698793,14.578263,14.615571,308400
2012-12-03,14.718879,14.744707,14.538086,14.546696,425400
2012-12-04,14.540953,14.687309,14.495037,14.635654,679800
2012-12-05,14.687303,14.690174,14.523730,14.638517,235500
2012-12-06,14.612690,14.799223,14.612690,14.782004,677400
2012-12-07,14.842271,14.853749,14.718872,14.813574,321300
2012-12-10,14.810709,14.948456,14.810709,14.911150,436200
2012-12-11,14.994377,15.238304,14.968549,15.195257,791400
2012-12-12,15.232557,15.269865,15.114899,15.137856,1001100
2012-12-13,15.106293,15.258389,14.948457,14.994374,304200
2012-12-14,14.977152,15.011588,14.827925,14.879580,441600
2012-12-17,14.908278,15.020197,14.830795,14.942714,705000
2012-12-18,15.005856,15.232565,14.954201,15.223955,992400
2012-12-19,15.208970,15.364487,15.208970,15.243530,1379400
2012-12-20,15.249294,15.252175,15.099538,15.214736,543600
2012-12-21,14.903698,15.082254,14.768339,15.073614,459000
2012-12-24,15.050577,15.073616,14.955538,15.004498,238500
2012-12-26,15.056343,15.145623,14.886427,14.906586,250200
2012-12-27,14.892186,14.897945,14.661789,14.828827,485700
2012-12-28,14.736660,14.883537,14.722260,14.733779,395700
2012-12-31,14.733782,15.024656,14.702103,14.987217,470100
2013-01-02,15.361616,15.640969,15.355855,15.640969,2020500
2013-01-03,15.626568,15.658247,15.482571,15.534410,502800
2013-01-04,15.568964,15.571843,15.439367,15.525764,403800
2013-01-07,15.482568,15.534407,15.373130,15.471049,642300
2013-01-08,15.450887,15.485445,15.278090,15.292491,913800
2013-01-09,15.373123,15.450881,15.344324,15.439363,256500
2013-01-10,15.615048,15.684167,15.540170,15.664006,572100
2013-01-11,15.638089,15.759046,15.638089,15.738887,577800
2013-01-14,15.666882,15.750400,15.586245,15.712961,838800
2013-01-15,15.663997,15.663997,15.554559,15.626558,436800
2013-01-16,15.603522,15.842557,15.603522,15.813758,797400
2013-01-17,15.917437,16.144953,15.871360,16.113274,1734900
2013-01-18,16.026879,16.098878,15.972161,16.044159,974100
2013-01-22,16.052802,16.052802,15.908805,15.989443,456000
2013-01-23,16.070080,16.185277,16.021120,16.167997,853500
2013-01-24,15.951997,16.165112,15.908799,16.015356,597300
2013-01-25,16.127667,16.300463,16.113266,16.219824,835500
2013-01-28,16.231354,16.317752,16.211193,16.260153,534000
2013-01-29,16.234226,16.234226,16.104627,16.156467,616800
2013-01-30,16.136320,16.271677,16.124802,16.173759,469800
2013-01-31,16.205435,16.271673,16.104637,16.133436,565800
2013-02-01,16.214076,16.455991,16.208316,16.447351,762000
2013-02-04,16.323511,16.479029,16.191034,16.193914,1051800
2013-02-05,16.283194,16.487669,16.271674,16.447351,485400
2013-02-06,16.346553,16.504949,16.346553,16.487669,402600
2013-02-07,16.470389,16.499188,16.260153,16.398390,558300
2013-02-08,16.435836,16.631672,16.435836,16.599993,744900
2013-02-11,16.628786,16.680624,16.551027,16.640305,437700
2013-02-12,16.617265,16.697904,16.594226,16.669104,989400
2013-02-13,16.703667,16.787186,16.628790,16.703667,368700
2013-02-14,16.648948,16.885103,16.631668,16.876463,556200
2013-02-15,16.882217,16.922535,16.712299,16.784298,232500
2013-02-19,16.801583,16.988779,16.795823,16.977259,530400
2013-02-20,16.991660,16.997417,16.602867,16.614386,914700
2013-02-21,16.565427,16.565427,16.188157,16.303354,527700
2013-02-22,16.455985,16.654701,16.409906,16.646061,624000
2013-02-25,16.735344,16.792942,16.326392,16.329271,836100
2013-02-26,16.430069,16.479029,16.306232,16.438709,403500
2013-02-27,16.536630,16.790064,16.447352,16.709427,688500
2013-02-28,16.720949,16.841908,16.683510,16.720949,536100
2013-03-01,16.605742,16.709421,16.432947,16.651821,521400
2013-03-04,16.602857,16.637415,16.487658,16.605736,468000
2013-03-05,16.741107,16.971502,16.741107,16.931183,457800
2013-03-06,16.985902,17.049261,16.911024,16.951344,528000
2013-03-07,16.991669,17.109745,16.977268,17.029106,411300
2013-03-08,17.092459,17.129900,16.905264,17.052141,555000
2013-03-11,17.037737,17.092456,16.908139,17.069416,528900
2013-03-12,17.049260,17.158699,17.006060,17.141418,1022700
2013-03-13,17.144299,17.245097,17.049262,17.193258,722400
2013-03-14,17.299812,17.366051,17.259494,17.282532,601200
2013-03-15,17.296932,17.296932,16.957099,17.000298,742800
2013-03-18,16.824617,16.931175,16.700780,16.784298,379200
2013-03-19,16.853422,16.885102,16.568308,16.715185,1109400
2013-03-20,16.810221,16.945577,16.790060,16.936937,973500
2013-03-21,16.836144,16.839023,16.643187,16.663347,1679100
2013-03-22,16.798695,16.919652,16.743976,16.847654,282300
2013-03-25,16.905166,16.965851,16.720221,16.830032,426900
2013-03-26,16.916732,16.974528,16.841598,16.960079,154800
2013-03-27,16.873379,17.017867,16.769347,16.994749,264300
2013-03-28,16.971635,17.124791,16.925397,17.110344,405000
2013-04-01,17.150799,17.150799,16.717333,16.760679,281700
2013-04-02,16.856044,16.856044,16.549729,16.613304,392100
2013-04-03,16.616196,16.659542,16.223186,16.278091,1171200
2013-04-04,16.289647,16.497711,16.202954,16.491930,350400
2013-04-05,16.197170,16.428353,16.107588,16.405233,570600
2013-04-08,16.431244,16.607522,16.275196,16.604631,303000
2013-04-09,16.552619,16.882054,16.523722,16.763573,197700
2013-04-10,16.806913,17.145016,16.806913,17.139236,531300
2013-04-11,17.026537,17.168136,16.960073,17.058325,382200
2013-04-12,16.942737,17.014982,16.795359,16.988974,226500
2013-04-15,16.832925,16.919617,16.552615,16.575735,498600
2013-04-16,16.708662,16.928285,16.653756,16.916725,211500
2013-04-17,16.711555,16.711555,16.286759,16.350334,599400
2013-04-18,16.532378,16.627741,16.162488,16.211615,1368300
2013-04-19,16.217396,16.379223,16.081576,16.332987,564900
2013-04-22,16.439913,16.564174,16.174055,16.509268,298500
2013-04-23,16.650870,16.884942,16.621971,16.850264,365100
2013-04-24,16.838703,17.116122,16.804026,17.066996,685800
2013-04-25,17.165246,17.335744,17.119011,17.234600,503100
2013-04-26,17.139240,17.139240,17.009201,17.066996,1923300
2013-04-29,17.101671,17.318404,17.075662,17.277946,397500
2013-04-30,17.303960,17.419551,17.185480,17.410881,1945800
2013-05-01,17.407987,17.433995,17.254829,17.275057,608700
2013-05-02,17.413765,17.538026,17.289505,17.503349,827700
2013-05-03,17.679623,17.792323,17.639166,17.639166,1022400
2013-05-06,17.763423,17.870345,17.705627,17.777872,738000
2013-05-07,17.870348,17.870348,17.699853,17.792324,638700
2013-05-08,17.809670,18.035072,17.809670,17.983057,747300
2013-05-09,18.006170,18.196895,17.954153,18.115982,957000
2013-05-10,18.136205,18.286472,18.133316,18.274914,349200
2013-05-13,18.191115,18.251800,18.075524,18.098642,507000
2013-05-14,18.153548,18.214233,18.072634,18.182446,153600
2013-05-15,18.173772,18.422292,18.173772,18.358717,151800
2013-05-16,18.387618,18.451194,18.214233,18.228682,318000
2013-05-17,18.321156,18.477204,18.286478,18.462755,195000
2013-05-20,18.468529,18.529214,18.393396,18.428072,962400
2013-05-21,18.442523,18.482980,18.393398,18.425184,886200
2013-05-22,18.491650,18.610132,18.049515,18.133320,1495500
2013-05-23,17.873242,18.159330,17.821227,18.136211,1573500
2013-05-24,18.087086,18.130434,17.951268,18.130434,746700
2013-05-28,18.326929,18.436740,18.251795,18.295141,457200
2013-05-29,18.199782,18.422294,18.179553,18.364498,215400
2013-05-30,18.451204,18.717063,18.425195,18.647709,1004700
2013-05-31,18.561002,18.685262,18.402065,18.402065,1761300
2013-06-03,18.488760,18.630358,18.263358,18.468531,531300
2013-06-04,18.546557,18.745950,18.491651,18.552336,562500
2013-06-05,18.500322,18.523440,18.257580,18.269140,349800
2013-06-06,18.286483,18.399185,18.084201,18.243137,230400
2013-06-07,18.347166,18.537891,18.234464,18.514772,298800
2013-06-10,18.552333,18.653475,18.477199,18.627468,129300
2013-06-11,18.471421,18.482979,18.196892,18.208450,1291500
2013-06-12,18.376052,18.413618,17.980153,17.997492,351300
2013-06-13,17.991717,18.390507,17.951262,18.364498,386400
2013-06-14,18.407851,18.456977,18.260472,18.289370,168000
2013-06-17,18.511882,18.673710,18.468536,18.555229,243900
2013-06-18,18.639026,18.875987,18.639026,18.861538,670500
2013-06-19,18.878885,18.942461,18.633255,18.639034,2561700
2013-06-20,18.404960,18.413630,18.017731,18.049519,386400
2013-06-21,18.240245,18.240245,17.899251,18.127542,307500
2013-06-24,17.997503,17.997503,17.607383,17.740313,693300
2013-06-25,17.962821,18.214232,17.896357,18.173775,312900
2013-06-26,18.414415,18.440478,18.159585,18.266729,250500
2013-06-27,18.402829,18.483912,18.330435,18.330435,1718700
2013-06-28,18.353602,18.512871,18.191437,18.394142,600600
2013-07-01,18.481020,18.576582,18.362294,18.370981,331800
2013-07-02,18.353605,18.579478,18.278315,18.397041,1409100
2013-07-03,18.336228,18.562101,18.336228,18.481018,212700
2013-07-05,18.643191,18.741650,18.521568,18.721378,358800
2013-07-08,18.793768,18.802455,18.295689,18.347815,1793100
2013-07-09,18.527356,18.588167,18.472334,18.544729,232500
2013-07-10,18.533147,18.773500,18.530252,18.735855,324900
2013-07-11,19.039909,19.158636,18.947242,19.144157,431400
2013-07-12,19.204969,19.286053,19.164428,19.248407,310500
2013-07-15,19.294739,19.294739,19.216553,19.248407,977400
2013-07-16,19.277367,19.393199,19.236826,19.323700,156900
2013-07-17,19.323698,19.404779,19.277365,19.329489,314700
2013-07-18,19.257093,19.332382,19.106511,19.167322,385500
2013-07-19,19.083350,19.126787,18.970413,19.118099,226500
2013-07-22,19.149949,19.149949,19.013847,19.080450,273600
2013-07-23,19.155742,19.277366,18.987785,19.025431,1033500
2013-07-24,19.080455,19.103621,18.648980,18.669250,880500
2013-07-25,18.663457,18.782186,18.553416,18.764811,1026000
2013-07-26,18.625803,18.625803,18.518658,18.617115,281100
2013-07-29,18.553416,18.646082,18.460751,18.498396,198600
2013-07-30,18.556319,18.761920,18.556319,18.721378,138600
2013-07-31,18.730061,18.915393,18.730061,18.814041,538800
2013-08-01,18.993576,19.152846,18.958827,19.141262,181500
2013-08-02,19.094931,19.094931,18.912496,19.037016,89700
2013-08-05,18.970420,19.022546,18.944359,18.996483,94200
2013-08-06,18.941455,18.941455,18.793769,18.880644,783600
2013-08-07,18.822729,18.822729,18.599751,18.675043,372000
2013-08-08,18.759016,18.782184,18.582372,18.683725,171900
2013-08-09,18.648981,18.683730,18.562106,18.588169,103200
2013-08-12,18.524458,18.715580,18.481020,18.657665,137400
2013-08-13,18.779284,18.903804,18.599744,18.877741,231600
2013-08-14,18.718479,18.756124,18.567896,18.591063,245700
2013-08-15,18.350706,18.397039,18.159583,18.171167,300000
2013-08-16,18.203025,18.391252,18.127734,18.234879,135000
2013-08-19,18.194343,18.284114,18.095887,18.104574,607800
2013-08-20,18.113260,18.281217,18.113260,18.231989,125100
2013-08-21,18.153793,18.240667,18.084294,18.092981,218100
2013-08-22,18.150906,18.330446,18.150906,18.292801,276300
2013-08-23,18.321759,18.382570,18.208821,18.292801,170700
2013-08-26,18.287005,18.373879,18.252256,18.258047,111900
2013-08-27,18.084293,18.084293,17.771546,17.809191,624000
2013-08-28,17.858426,18.098776,17.858426,18.040861,132900
2013-08-29,18.058233,18.263835,18.032171,18.229086,319500
2013-08-30,18.237775,18.237775,18.011902,18.072714,256800
2013-09-03,18.289898,18.454959,18.142212,18.223295,878100
2013-09-04,18.336229,18.724267,18.304375,18.683725,1049700
2013-09-05,18.741637,18.863260,18.741637,18.825615,165300
2013-09-06,18.880643,18.892227,18.605543,18.738749,282000
2013-09-09,18.787979,19.042810,18.787979,18.987789,277500
2013-09-10,19.092039,19.364245,19.092039,19.358452,156900
2013-09-11,19.265784,19.352659,19.135473,19.306326,844200
2013-09-12,19.300531,19.332383,19.167323,19.178907,121200
2013-09-13,19.170231,19.271583,19.094939,19.268688,102300
2013-09-16,19.416373,19.511934,19.323708,19.332394,238500
2013-09-17,19.451115,19.509032,19.398991,19.465595,231300
2013-09-18,19.491663,19.668307,19.393206,19.639349,323700
2013-09-19,19.685678,19.700157,19.517722,19.581430,108900
2013-09-20,19.627757,19.688570,19.454010,19.474281,93000
2013-09-23,19.610385,19.610385,19.315013,19.393200,673500
2013-09-24,19.460391,19.600016,19.381851,19.515659,173100
2013-09-25,19.530203,19.640741,19.413850,19.536022,100500
2013-09-26,19.579654,19.646558,19.457482,19.524385,91200
2013-09-27,19.428396,19.445849,19.326587,19.367310,170100
2013-09-30,19.204412,19.445849,19.128782,19.387672,408600
2013-10-01,19.419669,19.608747,19.384764,19.573841,156000
2013-10-02,19.437126,19.541846,19.410947,19.538937,97500
2013-10-03,19.553476,19.643651,19.300403,19.489479,164400
2013-10-04,19.536025,19.687286,19.509845,19.637835,180000
2013-10-07,19.463306,19.664018,19.419672,19.538937,273300
2013-10-08,19.565111,19.600016,19.154959,19.227680,934800
2013-10-09,19.256780,19.256780,18.960074,19.157877,974100
2013-10-10,19.344041,19.617474,19.344041,19.585476,1054500
2013-10-11,19.501115,19.684375,19.445846,19.623289,198600
2013-10-14,19.506933,19.803639,19.489480,19.777460,279000
2013-10-15,19.751284,19.815279,19.582569,19.600021,278400
2013-10-16,19.629112,19.806553,19.623295,19.786190,349500
2013-10-17,19.661104,19.931629,19.594199,19.931629,116100
2013-10-18,19.951995,19.998539,19.821096,19.986902,198900
2013-10-21,20.010166,20.059617,19.969441,20.036345,189300
2013-10-22,20.071261,20.074168,19.896727,19.989813,215700
2013-10-23,19.681467,19.687284,19.242226,19.329493,336900
2013-10-24,19.501110,19.582559,19.454568,19.501110,252600
2013-10-25,19.570931,19.600020,19.506936,19.562206,1077000
2013-10-28,19.608746,19.722193,19.559296,19.696012,116100
2013-10-29,19.757101,20.013083,19.757101,20.013083,831000
2013-10-30,20.021811,20.047991,19.841462,19.902548,108300
2013-10-31,19.937454,20.135258,19.934544,20.033447,416700
2013-11-01,20.088720,20.109081,19.876371,19.946184,209700
2013-11-04,19.998534,19.998534,19.899631,19.931629,232500
2013-11-05,19.803639,19.949084,19.713464,19.885088,441600
2013-11-06,19.969448,20.013080,19.841458,19.925814,156300
2013-11-07,19.940360,19.940360,19.544753,19.573841,244800
2013-11-08,19.597114,19.792009,19.568024,19.786190,181500
2013-11-11,19.844368,19.844368,19.696016,19.786190,42000
2013-11-12,19.701832,19.908361,19.701832,19.908361,362100
2013-11-13,19.794915,20.085804,19.792008,20.068352,174900
2013-11-14,20.024718,20.050899,19.946178,19.983994,110400
2013-11-15,20.027625,20.143979,19.919997,20.111982,105900
2013-11-18,20.143976,20.143976,19.896722,19.931629,201000
2013-11-19,19.960725,19.975269,19.687290,19.701836,162300
2013-11-20,19.710560,19.754194,19.573844,19.597115,178500
2013-11-21,19.664024,19.966548,19.664024,19.952003,124500
2013-11-22,19.922903,19.992716,19.867635,19.978172,81900
2013-11-25,19.984001,19.989820,19.809470,19.952003,74700
2013-11-26,19.966540,20.155618,19.966540,20.120712,166200
2013-11-27,20.056715,20.199251,19.998538,20.175980,1223400
2013-11-29,20.181801,20.274885,20.178891,20.207981,117600
2013-12-02,20.205066,20.263242,20.135253,20.158524,175200
2013-12-03,20.109076,20.295244,20.109076,20.228340,682500
2013-12-04,20.187611,20.274878,20.004351,20.135252,844500
2013-12-05,20.155616,20.269064,20.143980,20.175980,149700
2013-12-06,20.388329,20.458142,20.376694,20.411600,279000
2013-12-09,20.501777,20.542502,20.434874,20.458143,190800
2013-12-10,20.443591,20.495952,20.370869,20.402866,130800
2013-12-11,20.420326,20.452324,20.187616,20.225431,322800
2013-12-12,20.216707,20.237069,20.018903,20.059628,168600
2013-12-13,20.123615,20.126524,19.978171,20.018896,137700
2013-12-16,20.260334,20.391233,20.152704,20.266151,281700
2013-12-17,20.283607,20.527952,20.283607,20.478502,166500
2013-12-18,20.490127,20.641389,20.181787,20.586121,381000
2013-12-19,20.594858,20.594858,20.420324,20.501774,192000
2013-12-20,20.516318,20.728664,20.516318,20.685032,908400
2013-12-23,20.766450,20.862753,20.746022,20.839407,435300
2013-12-24,20.868593,20.959060,20.865674,20.886103,77100
2013-12-26,20.973652,21.011589,20.929878,20.967815,252600
2013-12-27,20.985321,21.040768,20.976566,20.985321,1479600
2013-12-30,20.994081,21.078712,20.976571,21.020346,270900
2013-12-31,21.102048,21.224617,21.102048,21.218781,887100
2014-01-02,21.090383,21.090383,20.839411,20.926960,865800
2014-01-03,20.924037,20.924037,20.783960,20.865671,427800
2014-01-06,20.871503,20.871503,20.725588,20.763527,737400
2014-01-07,20.804383,20.938626,20.778120,20.906523,394800
2014-01-08,21.069948,21.239208,21.011582,21.218781,342600
2014-01-09,21.265481,21.265481,20.982408,21.061201,213300
2014-01-10,21.075781,21.189593,21.055352,21.157494,156000
2014-01-13,21.122485,21.189604,20.851086,20.918205,543000
2014-01-14,20.970724,21.408465,20.970724,21.367611,383100
2014-01-15,21.484345,21.630258,21.452242,21.557301,759000
2014-01-16,21.493100,21.560221,21.405553,21.446409,601800
2014-01-17,21.338431,21.466836,21.280066,21.329676,545400
2014-01-21,21.411389,21.458081,21.282984,21.446409,510900
2014-01-22,21.443491,21.709054,21.402634,21.676952,448200
2014-01-23,21.560225,21.571897,21.347190,21.461002,285600
2014-01-24,21.332597,21.367617,20.947384,20.961975,1125900
2014-01-27,21.005757,21.046613,20.690583,20.816069,824700
2014-01-28,20.816062,20.944465,20.708086,20.900692,497400
2014-01-29,20.766450,21.005750,20.766450,20.821898,921600
2014-01-30,21.005753,21.145830,20.938634,21.084545,1313700
2014-01-31,20.818984,21.067037,20.804391,20.988243,524700
2014-02-03,20.970729,20.970729,20.474623,20.518396,1737900
2014-02-04,20.579679,20.588434,20.433765,20.553415,949500
2014-02-05,20.465871,20.664313,20.343304,20.579683,606300
2014-02-06,20.614696,20.938626,20.614696,20.906523,455700
2014-02-07,20.988233,21.256715,20.918195,21.236286,399300
2014-02-10,21.265477,21.370534,21.250884,21.344269,346800
2014-02-11,21.379281,21.676945,21.379281,21.624416,823800
2014-02-12,21.682790,21.837458,21.682790,21.814114,408000
2014-02-13,21.714893,22.070921,21.674036,22.062168,347400
2014-02-14,22.035903,22.231427,21.983374,22.205162,1166700
2014-02-18,22.234348,22.281041,22.097189,22.263531,169500
2014-02-19,22.205154,22.342314,22.181808,22.243093,139800
2014-02-20,22.251852,22.418192,22.210995,22.394846,285000
2014-02-21,22.438627,22.479483,22.240185,22.298550,390300
2014-02-24,22.409445,22.523259,22.383182,22.386099,167100
2014-02-25,22.333566,22.403605,22.161388,22.266445,243300
2014-02-26,22.342321,22.575783,22.321894,22.418196,164400
2014-02-27,22.412364,22.453220,22.263532,22.415281,196800
2014-02-28,22.418191,22.482394,22.243096,22.397762,163800
2014-03-03,22.219755,22.301467,22.065087,22.257692,269400
2014-03-04,22.546604,22.689602,22.546604,22.651663,889800
2014-03-05,22.686679,22.756718,22.613722,22.695433,289200
2014-03-06,22.762542,22.873437,22.680832,22.853008,427800
2014-03-07,23.001853,23.001853,22.756719,22.826757,672000
2014-03-10,22.835501,22.879277,22.683752,22.788811,150300
2014-03-11,22.835509,22.896794,22.599130,22.663332,178500
2014-03-12,22.561195,22.853022,22.517420,22.844267,145800
2014-03-13,22.911388,22.946406,22.356915,22.473646,778200
2014-03-14,22.447381,22.537849,22.342324,22.345242,178500
2014-03-17,22.491156,22.701272,22.491156,22.622478,150300
2014-03-18,22.710018,22.958071,22.625387,22.949316,538200
2014-03-19,22.955163,23.083568,22.794659,22.928900,785100
2014-03-20,22.873455,23.363725,22.832598,23.352051,533700
2014-03-21,23.425000,23.451265,23.095234,23.147764,396000
2014-03-24,23.261583,23.279093,22.867616,23.054384,727800
2014-03-25,23.162354,23.355470,23.106759,23.226725,309300
2014-03-26,23.475434,23.495916,22.963381,22.963381,384300
2014-03-27,22.969228,23.042378,22.732221,22.793667,543600
2014-03-28,22.863893,23.124307,22.849263,22.942896,214200
2014-03-31,23.136019,23.390583,23.095054,23.317432,696300
2014-04-01,23.425693,23.689035,23.419841,23.689035,621000
2014-04-02,23.732924,23.735850,23.531029,23.653921,542700
2014-04-03,23.691960,23.905560,23.592476,23.689035,354600
2014-04-04,23.876308,23.876308,22.986797,23.018984,977700
2014-04-07,22.960455,23.150645,22.682482,22.811228,797100
2014-04-08,22.846341,23.124312,22.843415,23.109684,181200
2014-04-09,23.215009,23.364236,23.100896,23.352531,174000
2014-04-10,23.387658,23.387658,22.606410,22.629820,1304400
2014-04-11,22.375250,22.688334,22.217245,22.275766,1170000
2014-04-14,22.457177,22.574219,22.243579,22.454252,1281000
2014-04-15,22.495220,22.667855,22.208469,22.600557,477900
2014-04-16,22.662001,22.676629,22.237727,22.562515,590700
2014-04-17,22.702964,23.080420,22.676629,22.986788,354600
2014-04-21,23.144797,23.200391,22.904862,23.194538,447300
2014-04-22,23.247206,23.463731,23.197463,23.402285,621000
2014-04-23,23.428614,23.484207,23.323277,23.381798,602100
2014-04-24,23.563220,23.577852,23.215025,23.513479,247800
2014-04-25,23.276472,23.276472,22.700047,22.743937,261900
2014-04-28,22.872674,22.922415,22.290396,22.615183,882900
2014-04-29,22.723447,22.822932,22.618110,22.770264,215100
2014-04-30,22.705890,22.890230,22.676628,22.884377,155700
2014-05-01,22.858044,23.100903,22.764410,22.811228,85500
2014-05-02,22.814149,22.986784,22.776111,22.890226,66300
2014-05-05,22.752710,22.972161,22.688337,22.910715,258900
2014-05-06,22.913639,23.027755,22.799525,22.822933,222600
2014-05-07,22.925341,22.925341,22.647369,22.831709,105600
2014-05-08,22.831714,23.305728,22.749787,22.989719,139200
2014-05-09,23.004355,23.004355,22.761496,22.916574,199800
2014-05-12,23.045303,23.361313,23.039453,23.334978,169500
2014-05-13,23.425694,23.425694,23.147723,23.150648,322200
2014-05-14,23.153572,23.156497,22.948751,22.957529,103200
2014-05-15,22.931195,22.966308,22.524479,22.688335,708900
2014-05-16,22.781967,22.954602,22.726372,22.939972,204300
2014-05-19,22.922418,23.226724,22.922418,23.171131,384600
2014-05-20,23.162351,23.247205,22.937046,23.059940,238200
2014-05-21,23.147723,23.232577,23.062867,23.171131,137100
2014-05-22,23.223797,23.370097,23.212092,23.276464,264300
2014-05-23,23.299874,23.510547,23.247206,23.498844,233700
2014-05-27,23.656845,23.788515,23.598324,23.788515,579900
2014-05-28,23.826562,23.879230,23.700743,23.823635,255000
2014-05-29,23.896781,23.946524,23.823630,23.867521,150900
2014-05-30,23.908483,23.931889,23.806072,23.896778,219600
2014-06-02,24.051862,24.095753,23.847042,24.028454,379500
2014-06-03,24.040158,24.271312,23.975785,24.253756,336900
2014-06-04,24.218645,24.397132,24.177680,24.362019,636600
2014-06-05,24.400056,24.537578,24.283015,24.481983,260700
2014-06-06,24.572691,24.648767,24.543429,24.625359,332700
2014-06-09,24.704362,24.792143,24.619508,24.648767,235200
2014-06-10,24.669252,24.736552,24.563917,24.721922,199200
2014-06-11,24.713150,24.944306,24.707298,24.850672,344100
2014-06-12,24.833098,24.935509,24.678018,24.765799,867300
2014-06-13,24.991114,25.078895,24.877000,25.008671,391500
2014-06-16,24.982334,25.204712,24.976483,25.157896,761100
2014-06-17,25.113998,25.377339,25.113998,25.342228,330600
2014-06-18,25.377343,25.377343,25.052556,25.236895,698100
2014-06-19,25.301271,25.301271,25.111079,25.272011,905100
2014-06-20,25.327600,25.348083,25.231043,25.348083,685800
2014-06-23,25.380276,25.380276,25.225198,25.254457,1428600
2014-06-24,25.319594,25.425227,24.999762,25.049644,1128000
2014-06-25,25.002707,25.181696,24.897074,25.155289,435300
2014-06-26,25.172878,25.172878,24.858914,25.043772,247800
2014-06-27,24.985087,25.090719,24.952810,25.076050,476700
2014-06-30,25.137667,25.372407,25.099521,25.351866,297000
2014-07-01,25.448706,25.797882,25.431100,25.698116,306900
2014-07-02,25.780275,25.803749,25.686379,25.765604,445800
2014-07-03,25.850693,25.970996,25.850693,25.926983,316800
2014-07-07,25.944589,25.944589,25.715717,25.753862,468000
2014-07-08,25.721583,25.750925,25.372409,25.615952,525900
2014-07-09,25.598349,25.786140,25.495650,25.771469,382800
2014-07-10,25.398813,25.747988,25.313720,25.654093,471000
2014-07-11,25.657031,25.706912,25.548463,25.651161,347700
2014-07-14,25.794942,25.868299,25.701046,25.777336,937500
2014-07-15,25.789066,25.865356,25.463364,25.701038,434700
2014-07-16,25.900580,26.015016,25.850699,26.000345,308100
2014-07-17,25.730388,25.739190,25.290251,25.328396,1110900
2014-07-18,25.428161,25.683439,25.395884,25.659966,605400
2014-07-21,25.604215,25.789073,25.566070,25.736258,355500
2014-07-22,25.838955,25.947524,25.786139,25.903509,342300
2014-07-23,25.777335,25.777335,25.296120,25.310789,797400
2014-07-24,25.299051,25.301986,25.064312,25.076050,921600
2014-07-25,24.891195,24.923472,24.524415,24.580164,2210100
2014-07-28,24.588967,24.600705,24.260332,24.556692,1801800
2014-07-29,24.635919,24.750354,24.509745,24.512680,577800
2014-07-30,24.723944,24.826643,24.603641,24.750353,1718400
2014-07-31,24.471594,24.547885,24.142959,24.248592,2455800
2014-08-01,24.210452,24.459864,24.119491,24.327824,587400
2014-08-04,24.392373,24.503874,24.198713,24.433453,720600
2014-08-05,24.354230,24.445191,24.090147,24.175240,1244100
2014-08-06,24.084274,24.427580,24.046129,24.254459,859800
2014-08-07,24.404111,24.418782,23.873013,23.928762,879000
2014-08-08,24.019727,24.236860,23.984517,24.225124,652500
2014-08-11,24.336626,24.580166,24.327823,24.445192,1435200
2014-08-12,24.427586,24.477468,24.219253,24.427586,196800
2014-08-13,24.465730,24.659389,24.465730,24.659389,407400
2014-08-14,24.659386,24.744480,24.615373,24.706335,469200
2014-08-15,24.900002,25.052582,24.679934,24.967489,622500
2014-08-18,25.055507,25.070178,24.882387,25.064310,488400
2014-08-19,25.128872,25.281452,25.102464,25.243307,712200
2014-08-20,25.208094,25.483913,25.208094,25.454571,262800
2014-08-21,25.442831,25.566068,25.395883,25.551397,409500
2014-08-22,25.536727,25.674638,25.463371,25.569004,467400
2014-08-25,25.727458,25.727458,25.431099,25.478046,247800
2014-08-26,25.504450,25.574872,25.454569,25.480976,153000
2014-08-27,25.492710,25.548461,25.375342,25.527922,356700
2014-08-28,25.395882,25.624753,25.360670,25.610081,207600
2014-08-29,25.753863,25.880035,25.701047,25.803745,240900
2014-09-02,25.841889,25.894707,25.571938,25.686375,214200
2014-09-03,25.786140,25.862430,25.701047,25.756798,238200
2014-09-04,25.824279,26.015005,25.762660,25.830147,270600
2014-09-05,25.847757,26.047286,25.803744,26.044352,445200
2014-09-08,26.015010,26.252684,26.009142,26.108906,474300
2014-09-09,26.114775,26.135314,25.833086,25.868298,190500
2014-09-10,25.841889,25.903508,25.701046,25.859495,162300
2014-09-11,25.777336,25.926983,25.671704,25.926983,250800
2014-09-12,25.894705,25.894705,25.551398,25.604214,624600
2014-09-15,25.657032,25.665835,25.278515,25.290251,652500
2014-09-16,25.249168,25.765597,25.237432,25.730385,1664400
2014-09-17,25.777335,26.059022,25.753861,25.915245,444000
2014-09-18,26.023806,26.311361,26.000332,26.311361,355500
2014-09-19,26.434613,26.440481,25.935791,25.982738,339000
2014-09-22,25.888840,25.950459,25.618889,25.668772,315600
2014-09-23,25.548464,25.783205,25.486845,25.586611,632700
2014-09-24,25.633688,25.916153,25.633688,25.907326,329100
2014-09-25,25.854363,25.872015,25.354164,25.433607,507900
2014-09-26,25.630744,25.795515,25.545417,25.733727,828300
2014-09-29,25.474804,25.848481,25.424784,25.766096,325800
2014-09-30,25.804349,25.804349,25.460094,25.554251,370800
2014-10-01,25.504222,25.504222,24.865734,24.930466,1676700
2014-10-02,24.924576,24.924576,24.333166,24.777458,584400
2014-10-03,24.986372,25.101123,24.801004,24.933411,489600
2014-10-06,24.977544,25.021679,24.553847,24.715675,429900
2014-10-07,24.633295,24.686257,24.244905,24.244905,1260600
2014-10-08,24.297864,24.845141,24.044823,24.792177,439200
2014-10-09,24.742164,24.745106,24.106617,24.121330,1307100
2014-10-10,23.450467,23.456352,22.255875,22.458897,3951300
2014-10-13,22.470673,22.750195,21.967533,21.982244,4425000
2014-10-14,22.376510,22.803149,22.194085,22.379452,3031200
2014-10-15,21.949870,22.656033,21.820406,22.485376,1984800
2014-10-16,22.176434,22.988521,22.170550,22.832577,990300
2014-10-17,23.241561,23.391621,22.964981,23.000290,1563000
2014-10-20,23.009121,23.388683,22.847291,23.365143,591900
2014-10-21,23.641721,24.239016,23.624066,24.227247,1086600
2014-10-22,24.412612,24.444976,23.868278,23.880047,2008500
2014-10-23,24.194887,24.353774,24.121329,24.224310,709500
2014-10-24,24.230193,24.527369,24.212538,24.465580,624900
2014-10-27,24.447931,24.618586,24.262564,24.580336,1352400
2014-10-28,24.709790,24.939291,24.627404,24.930466,1290900
2014-10-29,24.889276,25.045220,24.695082,24.980488,1864200
2014-10-30,24.862790,24.889270,24.368475,24.677422,1145100
2014-10-31,25.362995,25.766097,25.362995,25.642517,2241300
2014-11-03,25.680763,25.957345,25.642512,25.819054,1669500
2014-11-04,25.721954,25.877900,25.533645,25.724897,539700
2014-11-05,25.919090,26.016188,25.695473,25.983822,762900
2014-11-06,25.830820,25.922034,25.598376,25.760204,978000
2014-11-07,25.730781,25.813167,25.321795,25.527760,445200
2014-11-10,25.598379,25.757265,25.489512,25.716072,326100
2014-11-11,25.757266,25.757266,25.557186,25.666054,533700
2014-11-12,25.566013,25.648399,25.489513,25.627802,254700
2014-11-13,25.710188,25.886730,25.539531,25.630745,186600
2014-11-14,25.586613,25.872019,25.448322,25.854366,277500
2014-11-17,25.733728,25.810229,25.527764,25.736671,864900
2014-11-18,25.780807,26.310429,25.780807,26.239813,456900
2014-11-19,26.283944,26.283944,25.939691,26.060326,725700
2014-11-20,25.942629,26.328077,25.830820,26.298653,651300
2014-11-21,26.578182,26.666451,26.378102,26.587009,1091700
2014-11-24,26.639960,26.857693,26.598767,26.842981,533100
2014-11-25,26.922431,26.931258,26.790026,26.848873,610500
2014-11-26,26.860640,27.422628,26.860640,27.416742,552300
2014-11-28,27.472647,27.569745,27.325530,27.493244,333900
2014-12-01,27.372621,27.516794,27.046020,27.146059,930300
2014-12-02,27.084262,27.325535,26.972454,27.316708,538800
2014-12-03,27.449115,27.916948,27.437345,27.890467,1059600
2014-12-04,27.972849,28.093486,27.758058,27.914001,741000
2014-12-05,28.002275,28.199411,27.949313,28.193527,362100
2014-12-08,28.143501,28.255309,27.625649,27.796305,1208400
2014-12-09,27.402033,27.852211,27.325532,27.793365,645900
2014-12-10,27.649193,27.796310,27.213726,27.263746,667500
2014-12-11,27.384375,27.722745,27.331413,27.393202,1842900
2014-12-12,27.151944,27.331427,26.913614,26.940096,1188600
2014-12-15,27.069552,27.337303,26.601718,26.689989,1096800
2014-12-16,26.575236,27.072492,26.469312,26.507563,855900
2014-12-17,26.554637,27.146048,26.372213,27.078375,812100
2014-12-18,27.525608,27.593283,27.337298,27.593283,627600
2014-12-19,27.746285,27.746285,27.396148,27.596226,577500
2014-12-22,27.660958,27.966961,27.625651,27.934597,377700
2014-12-23,28.055238,28.164106,27.863987,27.872814,982500
2014-12-24,27.970985,28.033274,27.905730,27.914629,203400
2014-12-26,27.985828,28.068880,27.917605,27.950233,201000
2014-12-29,27.935398,27.941330,27.775225,27.870142,204600
2014-12-30,27.680310,27.825653,27.680310,27.695141,362700
2014-12-31,27.736666,27.935399,27.534966,27.552763,290100
2015-01-02,27.674367,27.831574,27.270968,27.529024,663000
2015-01-05,27.413343,27.463767,27.001044,27.009943,619500
2015-01-06,27.027748,27.054444,26.330698,26.407818,1123800
2015-01-07,26.559094,26.787489,26.401888,26.668842,721200
2015-01-08,26.938761,27.505300,26.938761,27.460808,633000
2015-01-09,27.570564,27.585395,27.146401,27.475647,420900
2015-01-12,27.357003,27.357003,26.817159,26.947670,572400
2015-01-13,27.143432,27.475645,26.547232,26.683678,520800
2015-01-14,26.425613,26.796384,26.259508,26.532396,1241700
2015-01-15,26.740030,26.885373,26.301038,26.321800,663000
2015-01-16,26.229850,26.645113,26.117136,26.609520,876900
2015-01-20,26.745965,26.983258,26.541299,26.885374,395400
2015-01-21,26.834942,27.309528,26.719260,27.190882,433500
2015-01-22,27.167159,27.377756,26.662909,27.354027,1371300
2015-01-23,27.232417,27.407421,27.149365,27.282843,564600
2015-01-26,27.223518,27.395557,27.021819,27.333267,353700
2015-01-27,26.983255,27.098935,26.680706,26.846811,1060800
2015-01-28,27.217583,27.434114,26.701469,26.719267,945900
2015-01-29,26.630285,26.820120,26.238752,26.737068,658200
2015-01-30,26.434514,26.787488,26.173491,26.212051,1456200
2015-02-02,26.259513,26.363329,25.731535,26.280275,927300
2015-02-03,26.392987,26.757826,26.354427,26.745962,631200
2015-02-04,26.674774,27.036646,26.665875,26.846811,1008000
2015-02-05,26.956563,27.119703,26.811220,27.107838,699000
2015-02-06,27.146398,27.371827,26.891307,26.959530,1006200
2015-02-09,26.920968,26.920968,26.606555,26.674778,1523400
2015-02-10,27.004017,27.585387,26.929863,27.576488,1259100
2015-02-11,27.579459,27.763362,27.487507,27.665478,965700
2015-02-12,27.748523,28.116328,27.748523,28.107430,935400
2015-02-13,28.234980,28.389221,28.062942,28.306168,737100
2015-02-17,28.294309,28.427787,28.208291,28.395159,2393400
2015-02-18,28.362520,28.404047,28.208281,28.320995,458700
2015-02-19,28.279476,28.481176,28.237949,28.398123,651600
2015-02-20,28.321002,28.587956,28.252779,28.567192,1902900
2015-02-23,28.534560,28.534560,28.288370,28.389219,673200
2015-02-24,28.389227,28.780762,28.196425,28.768898,842400
2015-02-25,28.706607,28.774830,28.534570,28.620590,387900
2015-02-26,28.757025,28.878640,28.665074,28.816347,295500
2015-02-27,28.810418,28.872707,28.641348,28.730331,350100
2015-03-02,28.973563,29.534167,28.970597,29.519337,865800
2015-03-03,29.415511,29.415511,28.934991,28.973553,1192200
2015-03-04,28.893474,28.943900,28.608722,28.934999,569700
2015-03-05,29.035850,29.118901,28.831185,28.952797,733500
2015-03-06,28.857877,28.905336,28.573125,28.653212,642600
2015-03-09,28.629488,28.810426,28.599827,28.742203,519900
2015-03-10,28.555323,28.623546,28.205315,28.211246,1150500
2015-03-11,28.353631,28.564228,28.264646,28.273544,356100
2015-03-12,27.976924,28.273540,27.956161,28.264641,1173300
2015-03-13,28.332866,28.504903,28.148963,28.454479,539100
2015-03-16,28.608720,28.893473,28.570159,28.887539,657600
2015-03-17,28.676939,28.727365,28.516766,28.676939,439800
2015-03-18,28.668038,29.029910,28.303199,28.890501,466500
2015-03-19,28.860855,29.026959,28.819326,28.955772,283200
2015-03-20,29.166352,29.457034,29.127790,29.365084,462300
2015-03-23,29.373988,29.406616,29.110000,29.121864,401100
2015-03-24,29.142633,29.142633,28.854914,28.872711,580200
2015-03-25,28.851590,28.884305,27.498382,27.531097,1159200
2015-03-26,26.891666,27.328856,26.552621,27.153385,1420500
2015-03-27,27.165287,28.027772,27.102832,27.923679,1165500
2015-03-30,28.105102,28.354926,27.941528,28.280573,1275300
2015-03-31,28.158628,28.215136,27.917729,27.962339,408900
2015-04-01,27.885009,27.902854,27.563810,27.780918,625500
2015-04-02,27.893939,27.971266,27.694677,27.718470,643800
2015-04-06,27.456744,27.902856,27.308040,27.840401,1060800
2015-04-07,27.846355,28.090231,27.798771,27.852304,1043700
2015-04-08,27.795788,28.108065,27.780917,28.015869,876300
2015-04-09,27.879063,28.417371,27.879063,28.381681,597600
2015-04-10,28.402505,28.497677,28.360869,28.497677,264900
2015-04-13,28.536338,28.640429,28.289489,28.328152,436500
2015-04-14,28.331121,28.331121,27.953413,28.039661,664200
2015-04-15,28.253801,28.589869,28.218111,28.506598,444300
2015-04-16,28.232979,28.426294,28.232979,28.384657,523200
2015-04-17,28.155657,28.155657,27.846351,27.980186,497700
2015-04-20,28.122942,28.331127,28.116993,28.218113,398100
2015-04-21,28.533361,28.610686,28.313279,28.411423,454500
2015-04-22,28.586894,28.818871,28.363838,28.812922,450900
2015-04-23,28.301383,28.464959,28.146732,28.366814,588900
2015-04-24,28.313281,28.331124,27.724412,27.899883,630600
2015-04-27,27.938543,28.262718,27.902853,27.971258,595200
2015-04-28,27.986134,28.057512,27.608425,27.998030,1202700
2015-04-29,27.786868,27.926650,27.554890,27.843376,784500
2015-04-30,27.792810,27.896903,27.429972,27.602468,2324100
2015-05-01,27.858248,28.435221,27.849326,28.369791,1523700
2015-05-04,28.435222,28.494703,28.238931,28.313284,662400
2015-05-05,28.111043,28.182421,27.670878,27.697645,748200
2015-05-06,27.801737,27.929622,27.462692,27.664928,1397400
2015-05-07,27.771998,28.009924,27.771998,27.968287,928500
2015-05-08,28.197292,28.366816,28.170527,28.247852,657000
2015-05-11,28.247853,28.369791,28.149707,28.265697,495000
2015-05-12,28.143759,28.179447,27.882040,28.009926,996000
2015-05-13,28.158628,28.384659,28.105095,28.182421,393900
2015-05-14,28.378720,28.622596,28.274627,28.518501,876300
2015-05-15,28.572033,28.673150,28.444146,28.566084,379200
2015-05-18,28.604748,28.860520,28.524446,28.845650,625500
2015-05-19,28.917018,29.056799,28.640427,28.741547,457200
2015-05-20,28.777239,29.009216,28.676119,28.804005,858600
2015-05-21,28.780210,28.994342,28.655299,28.949732,460200
2015-05-22,28.914042,29.110333,28.914042,29.009212,411000
2015-05-26,28.964605,28.991371,28.655302,28.786160,785400
2015-05-27,28.875391,30.014464,28.860521,29.916319,1316100
2015-05-28,29.946060,30.088816,29.746798,29.946060,1225800
2015-05-29,30.041216,30.181001,29.919280,30.059061,1813800
2015-06-01,30.160177,30.276168,29.916302,30.076902,1315800
2015-06-02,29.984721,29.984721,29.696234,29.740845,938700
2015-06-03,29.889545,29.916311,29.517783,29.538603,3604800
2015-06-04,29.413701,29.514821,29.181723,29.270945,1787400
2015-06-05,29.235248,29.360159,29.009217,29.273912,1308000
2015-06-08,29.300678,29.300678,28.646380,28.723705,1367700
2015-06-09,28.741550,28.780215,28.414401,28.705860,1645500
2015-06-10,28.839694,29.163870,28.824823,29.062750,1308900
2015-06-11,29.184676,29.199546,29.027050,29.053816,1614300
2015-06-12,28.931897,28.931897,28.753452,28.792116,657000
2015-06-15,28.494702,28.756421,28.357893,28.732630,828300
2015-06-16,28.679090,28.884301,28.610685,28.812922,679200
2015-06-17,28.845644,28.949735,28.729653,28.836720,727200
2015-06-18,28.914047,29.380980,28.914047,29.244173,796800
2015-06-19,29.315549,29.398824,29.003271,29.098442,1072500
2015-06-22,29.339340,29.419640,29.199559,29.345289,899700
2015-06-23,29.401800,29.443436,29.101418,29.199560,976500
2015-06-24,29.156327,29.227889,28.884980,28.890942,742200
2015-06-25,28.968469,29.063891,28.798506,28.870071,973200
2015-06-26,28.610648,28.610648,28.038136,28.151445,1826700
2015-06-29,27.781704,27.978504,27.340393,27.361265,1572300
2015-06-30,27.611735,27.671370,27.337406,27.459661,4370400
2015-07-01,27.850282,27.892028,27.468608,27.525263,1442400
2015-07-02,27.578930,27.739949,27.537184,27.653477,1002300
2015-07-06,27.403002,27.653476,27.131656,27.250929,3059400
2015-07-07,27.262862,27.265843,26.341476,27.164461,2893200
2015-07-08,26.800671,26.875217,26.365325,26.430925,1993500
2015-07-09,26.911003,26.973622,26.085037,26.093983,3779700
2015-07-10,26.404096,26.669479,26.377261,26.577042,1492200
2015-07-13,26.809618,26.854347,26.609837,26.800673,1103700
2015-07-14,26.931876,27.146568,26.899076,27.080967,1011300
2015-07-15,27.140609,27.140609,26.797699,26.919952,1074900
2015-07-16,27.119739,27.119739,26.723154,26.970646,1657500
2015-07-17,26.955734,26.955734,26.702279,26.913988,1542000
2015-07-20,27.012383,27.057112,26.714200,26.729109,1096800
2015-07-21,26.741032,26.970633,26.696304,26.735069,678600
2015-07-22,26.034345,26.141691,25.780890,26.070127,3495300
2015-07-23,26.216245,26.770864,26.216245,26.457773,1139700
2015-07-24,26.535289,26.588962,25.900159,25.926996,2122800
2015-07-27,25.768962,25.915071,25.464816,25.736162,1569000
2015-07-28,25.867366,26.430930,25.664601,26.272894,2151900
2015-07-29,26.252019,26.356383,26.019436,26.305693,1403400
2015-07-30,26.168532,26.496535,26.096968,26.410061,3404700
2015-07-31,26.448821,26.448821,26.055219,26.102928,1690800
2015-08-03,26.076091,26.126782,25.876308,26.019436,1101900
2015-08-04,25.935949,25.986639,25.566202,25.730202,2780100
2015-08-05,25.879294,26.237113,25.867367,26.055222,1431300
2015-08-06,26.102940,26.102940,25.393265,25.590065,2950500
2015-08-07,25.485688,25.762998,25.461833,25.736162,946800
2015-08-10,25.962778,26.418998,25.929980,26.374271,1439100
2015-08-11,26.111871,26.114852,25.676523,25.780888,2166000
2015-08-12,25.467806,26.055227,25.265042,25.929991,2565600
2015-08-13,25.927002,26.031366,25.664601,25.721254,903300
2015-08-14,25.625839,25.625839,25.354490,25.509546,1231500
2015-08-17,25.402200,25.774928,25.273979,25.727219,794400
2015-08-18,25.688449,25.691430,25.202409,25.241175,1221600
2015-08-19,25.294857,25.300820,24.850565,25.014565,1461000
2015-08-20,24.743216,24.755142,24.066341,24.075287,2677500
2015-08-21,23.765173,24.131938,23.416298,23.416298,4139700
2015-08-24,22.059564,23.908299,21.725600,22.891495,5372700
2015-08-25,23.792010,23.842702,22.664879,22.664879,2749500
2015-08-26,23.371569,23.824806,22.924295,23.794989,3394800
2015-08-27,24.209467,24.713396,24.182629,24.680595,3912300
2015-08-28,24.591138,24.874413,24.591138,24.823721,2056200
2015-08-31,24.632896,25.005624,24.510640,24.755150,1644000
2015-09-01,24.012658,24.498697,23.765168,23.881458,2040000
2015-09-02,24.284016,24.450996,24.018633,24.450996,1447200
2015-09-03,24.635877,24.966859,24.561330,24.641840,952500
2015-09-04,24.301909,24.510636,24.120017,24.215435,998100
2015-09-08,24.749175,25.297831,24.746192,25.288885,2252400
2015-09-09,25.512524,25.688452,24.773029,24.823721,2599800
2015-09-10,24.811796,25.160669,24.579213,24.934050,1707600
2015-09-11,24.716377,24.963870,24.606049,24.948959,1901100
2015-09-14,25.071208,25.136809,24.934044,25.005608,1593000
2015-09-15,25.121910,25.393258,25.109983,25.324675,1239600
2015-09-16,25.265036,25.408163,25.115945,25.378345,1427100
2015-09-17,25.333619,25.584094,25.121909,25.175583,1956300
2015-09-18,24.799873,25.056311,24.641837,24.737255,1840500
2015-09-21,24.895287,24.975797,24.543431,24.662704,2055600
2015-09-22,24.242262,24.310843,24.021606,24.120007,2840700
2015-09-23,24.137905,24.257178,23.911285,23.941103,1437900
2015-09-24,23.714480,24.042481,23.261241,23.893389,4153500
2015-09-25,24.219642,24.378569,23.793843,24.024734,1764900
2015-09-28,23.871810,24.003747,23.356052,23.359051,5704500
2015-09-29,23.422013,23.736866,23.263088,23.514969,1279800
2015-09-30,23.928780,24.450535,23.892796,24.426546,1386600
2015-10-01,24.414550,24.414550,23.715878,24.135681,2105100
2015-10-02,23.814828,24.654435,23.802833,24.639441,2045700
2015-10-05,24.879335,25.239166,24.801371,25.119221,2508300
2015-10-06,25.065244,25.266149,24.750391,25.200180,3105900
2015-10-07,25.413082,25.691951,25.107225,25.533026,1994100
2015-10-08,25.518031,25.745925,25.296136,25.700945,1840500
2015-10-09,25.748923,25.781908,25.389092,25.542021,1390800
2015-10-12,25.518032,25.595995,25.407084,25.542021,1982400
2015-10-13,25.362100,25.503034,25.203175,25.227163,1438200
2015-10-14,25.353108,26.372631,25.284141,26.144737,3415800
2015-10-15,26.336656,26.591537,26.165736,26.390631,2243400
2015-10-16,26.405618,26.483582,26.234699,26.450598,1426500
2015-10-19,26.366630,26.621510,26.243687,26.441595,1389000
2015-10-20,26.432607,26.504573,26.267685,26.417614,996900
2015-10-21,26.678484,26.957352,26.447591,26.456587,1579800
2015-10-22,26.888386,27.419137,26.837409,27.374159,2399100
2015-10-23,27.617054,27.781976,27.338183,27.707010,3199500
2015-10-26,27.581064,27.581064,27.074302,27.209240,3103200
2015-10-27,26.966356,27.161264,26.897388,26.972353,3168900
2015-10-28,27.164258,27.443127,27.050311,27.371161,3307800
2015-10-29,26.846409,26.918375,26.558544,26.636509,1950600
2015-10-30,26.738461,26.945364,26.690484,26.849409,1505400
2015-11-02,26.921373,27.122278,26.894386,27.086296,1122300
2015-11-03,26.999333,27.338174,26.999333,27.227226,1026300
2015-11-04,27.251215,27.368159,27.113279,27.305189,1472100
2015-11-05,27.182261,27.221242,26.693488,26.732471,2101800
2015-11-06,26.954357,27.452124,26.912378,27.440128,1913700
2015-11-09,27.371162,27.371162,27.032321,27.173256,1821900
2015-11-10,26.882395,26.882395,26.597529,26.678492,2517900
2015-11-11,26.741457,26.981344,26.675488,26.699476,1607400
2015-11-12,26.558539,26.720463,26.354635,26.354635,2419200
2015-11-13,26.345654,26.444608,26.015808,26.117760,1488300
2015-11-16,26.102758,26.456593,26.096762,26.438601,1824000
2015-11-17,26.474585,26.822423,26.438601,26.615519,2051700
2015-11-18,26.654494,26.906377,26.471581,26.879389,2264700
2015-11-19,26.942360,27.188244,26.798428,26.942360,1168200
2015-11-20,27.056313,27.176255,26.960357,27.029325,598200
2015-11-23,26.981348,26.987345,26.669495,26.705477,1169400
2015-11-24,26.648504,27.074305,26.534559,27.020330,1676700
2015-11-25,27.041325,27.173264,26.939373,27.059317,462300
2015-11-27,27.074305,27.278210,27.074305,27.176256,588600
2015-11-30,27.215226,27.548071,27.206232,27.470108,1134900
2015-12-01,27.647038,27.898919,27.584068,27.895922,1731600
2015-12-02,27.997871,28.069838,27.710007,27.763981,996900
2015-12-03,28.132810,28.162797,27.455129,27.596062,1847700
2015-12-04,27.566072,28.147799,27.521092,28.072834,1254900
2015-12-07,28.048851,28.048851,27.784975,27.844946,1502100
2015-12-08,27.473115,27.692011,27.347173,27.608051,1609200
2015-12-09,27.608053,27.638039,27.116283,27.248222,1364700
2015-12-10,27.224230,27.605052,27.206240,27.380157,1127400
2015-12-11,27.101290,27.197245,26.825419,26.867399,2222100
2015-12-14,26.855404,26.957357,26.423607,26.693480,2588100
2015-12-15,26.900386,27.200246,26.810428,27.095295,1524000
2015-12-16,27.260215,27.353172,26.870398,27.299196,1255200
2015-12-17,27.458120,27.527089,26.900383,26.924372,1064700
2015-12-18,26.759450,26.843409,26.552545,26.612516,1937700
2015-12-21,26.774441,27.092293,26.756451,27.068304,953100
2015-12-22,27.155265,27.200245,26.897386,27.110287,796500
2015-12-23,27.143269,27.323185,27.101290,27.299196,1291200
2015-12-24,27.273053,27.510446,27.255024,27.408278,506700
2015-12-28,27.279061,27.300095,27.029649,27.300095,342900
2015-12-29,27.468372,27.744830,27.387238,27.618622,596400
2015-12-30,27.609614,27.666708,27.348181,27.369217,1165800
2015-12-31,27.261036,27.273055,26.981575,26.996599,776700
2016-01-04,26.452699,26.684082,26.293437,26.684082,1023000
2016-01-05,26.735164,26.789253,26.374567,26.431662,1329000
2016-01-06,25.863727,25.977916,25.458056,25.518156,1541100
2016-01-07,25.025349,25.385944,24.748892,24.802980,2026800
2016-01-08,24.974250,25.067405,24.382273,24.445377,1465200
2016-01-11,24.601643,24.751890,24.198976,24.529522,1000800
2016-01-12,24.799968,24.968246,24.391293,24.733858,1073700
2016-01-13,24.739876,24.929189,23.940556,23.946566,1756200
2016-01-14,24.066757,24.568585,23.739215,24.439373,1294200
2016-01-15,23.474784,23.646066,23.024039,23.336555,1663800
2016-01-19,23.685128,23.883457,23.171280,23.375618,986100
2016-01-20,23.081125,23.763253,22.879793,23.528866,1718700
2016-01-21,23.763252,24.168922,23.549899,23.877441,1162200
2016-01-22,24.331198,24.484451,24.165926,24.313168,1642800
2016-01-25,24.259079,24.310164,23.931538,23.976612,1261500
2016-01-26,24.042717,24.388288,23.967593,24.198975,1683300
2016-01-27,24.120847,24.379274,23.826361,23.922520,1650000
2016-01-28,24.021684,24.153902,23.673108,23.868431,525000
2016-01-29,24.066757,24.953222,24.066757,24.950216,1774500
2016-02-01,24.754891,25.190611,24.691787,25.061398,1923600
2016-02-02,24.790955,24.790955,24.165923,24.235037,1210200
2016-02-03,24.553562,24.553562,23.802321,24.292130,1507800
2016-02-04,24.292132,24.866079,24.271096,24.712828,1115400
2016-02-05,24.604644,24.604644,23.766259,23.865423,2381400
2016-02-08,23.462756,23.471771,22.894819,23.264429,3249300
2016-02-09,22.981964,23.540886,22.930879,23.132212,859200
2016-02-10,23.318522,23.522859,22.927876,22.951916,2616000
2016-02-11,22.588314,22.903835,22.477129,22.774620,1256100
2016-02-12,23.027041,23.300493,22.708515,23.273449,1213500
2016-02-16,23.582958,24.214001,23.507835,24.090797,1281300
2016-02-17,24.250059,24.712825,24.214001,24.664745,1126200
2016-02-18,24.851055,24.872089,24.523512,24.547552,1015200
2016-02-19,24.589622,24.799969,24.484448,24.655731,545400
2016-02-22,24.902141,25.172587,24.902141,25.043375,1787400
2016-02-23,24.920165,24.965239,24.601640,24.649717,764100
2016-02-24,24.355229,25.031346,24.204981,24.977257,1031700
2016-02-25,25.058391,25.304798,24.781934,25.280758,1239000
2016-02-26,25.503131,25.536186,25.334852,25.443031,921300
2016-02-29,25.491118,25.827674,25.382940,25.382940,1171200
2016-03-01,25.569244,26.101123,25.557225,26.068069,1164900
2016-03-02,26.028995,26.245352,26.022986,26.230328,1033200
2016-03-03,26.239350,26.326493,26.068068,26.260384,869400
2016-03-04,26.440677,26.750188,26.245354,26.530827,1378500
2016-03-07,26.368559,26.747185,26.275406,26.651026,1113600
2016-03-08,26.440684,26.458714,26.010973,26.047033,1032900
2016-03-09,26.119144,26.296437,26.035005,26.230328,578700
2016-03-10,26.395607,26.617974,26.007967,26.362553,2480700
2016-03-11,26.648021,26.891423,26.593932,26.864378,656100
2016-03-14,26.762207,26.888417,26.681073,26.801271,752400
2016-03-15,26.711127,26.735168,26.515805,26.732162,2064300
2016-03-16,26.563882,27.005612,26.563882,26.972557,1463400
2016-03-17,26.891427,27.227982,26.849357,27.158869,940200
2016-03-18,27.194922,27.549506,27.128810,27.516451,1722300
2016-03-21,27.426309,27.585574,27.318131,27.552519,672000
2016-03-22,27.417291,27.651677,27.351182,27.546505,653100
2016-03-23,27.506118,27.530230,27.180601,27.186630,735600
2016-03-24,27.017845,27.183619,26.873172,27.168549,602400
2016-03-28,27.225808,27.258962,27.038937,27.153471,476100
2016-03-29,27.035932,27.548319,26.909343,27.527220,1197600
2016-03-30,27.671890,27.940140,27.656820,27.768339,688800
2016-03-31,27.729156,27.753266,27.605580,27.614622,536700
2016-04-01,27.376518,27.816567,27.346378,27.804512,453000
2016-04-04,27.786426,27.807523,27.503107,27.557360,653700
2016-04-05,27.391586,27.590512,27.283079,27.403643,541500
2016-04-06,27.373505,27.689979,27.147452,27.665867,5235600
2016-04-07,27.560371,27.560371,27.141420,27.243896,1107300
2016-04-08,27.551330,27.623667,27.274040,27.370489,1175400
2016-04-11,27.500091,27.768339,27.355416,27.364458,789300
2016-04-12,27.400621,27.430761,26.975641,27.325270,1233000
2016-04-13,27.512149,27.961241,27.497079,27.937130,1008600
2016-04-14,27.692991,27.765328,27.445839,27.723131,725700
2016-04-15,27.662842,27.702026,27.454874,27.485016,1100100
2016-04-18,27.385558,27.554344,27.334319,27.488035,980100
2016-04-19,27.548310,27.575437,27.038937,27.153471,1293000
2016-04-20,27.084150,27.536256,27.081137,27.412682,1105500
2016-04-21,27.403642,27.403642,27.120322,27.249926,825300
2016-04-22,27.271022,27.539272,27.078124,27.298149,731400
2016-04-25,27.213758,27.370488,27.054014,27.135393,1796100
2016-04-26,27.340343,27.747237,27.337329,27.497072,1356300
2016-04-27,27.225818,27.822597,27.198691,27.777386,1516800
2016-04-28,27.629690,27.780391,26.978656,27.050995,1489500
2016-04-29,26.945511,26.945511,26.134735,26.336676,2604000
2016-05-02,26.405997,26.571770,26.201043,26.535601,1144200
2016-05-03,26.270369,26.393945,26.113638,26.234200,3286800
2016-05-04,26.044314,26.228170,25.845387,25.935808,2537100
2016-05-05,26.086512,26.249271,25.905669,25.999104,1178100
2016-05-06,25.887575,26.053348,25.676593,26.035263,1242000
2016-05-09,26.083493,26.222139,25.926762,26.002113,975000
2016-05-10,26.074450,26.321603,25.917721,26.309546,830100
2016-05-11,26.210090,26.481353,26.210090,26.246258,2676300
2016-05-12,26.306528,26.354755,25.568090,25.776058,1212000
2016-05-13,25.848400,26.083495,25.794148,25.869499,1603500
2016-05-16,25.884568,26.463263,25.794147,26.285435,712800
2016-05-17,26.246251,26.390924,26.035268,26.113632,624000
2016-05-18,26.005121,26.749587,26.005121,26.520521,2003400
2016-05-19,26.348729,26.571769,26.143775,26.372843,1394700
2016-05-20,26.692322,27.198680,26.689307,27.171553,1679400
2016-05-23,27.352391,27.605570,27.352391,27.361433,735900
2016-05-24,27.587498,28.054673,27.554343,28.021519,1587600
2016-05-25,28.193318,28.262640,27.970278,28.187288,1248600
2016-05-26,28.229486,28.347035,28.160164,28.280725,912300
2016-05-27,28.256613,28.506778,28.256613,28.458553,861600
2016-05-31,28.512804,28.651450,28.434439,28.624325,2144400
2016-06-01,28.600213,28.811196,28.488694,28.775028,1314300
2016-06-02,28.723790,28.781057,28.597201,28.781057,740700
2016-06-03,29.031219,29.046289,28.696662,28.865446,1316100
2016-06-06,28.883535,29.037253,28.750918,28.799143,1886100
2016-06-07,28.922709,29.130677,28.919694,29.073408,1399200
2016-06-08,29.073415,29.136709,28.970940,29.061359,418800
2016-06-09,28.874491,29.109587,28.775029,29.094517,1087200
2016-06-10,28.799135,28.799135,28.515815,28.618292,1038900
2016-06-13,28.434446,28.787088,28.410334,28.470615,1664400
2016-06-14,28.377179,28.536922,28.190308,28.461573,1265700
2016-06-15,28.606242,28.654466,28.410329,28.458553,706500
2016-06-16,28.178259,28.473634,27.967276,28.455549,4066500
2016-06-17,28.410326,28.410326,28.009459,28.214413,1817700
2016-06-20,28.624327,28.868463,28.512806,28.527876,1106100
2016-06-21,28.648512,28.702938,28.515475,28.618277,966600
2016-06-22,28.660616,28.893432,28.557814,28.591074,918900
2016-06-23,28.965989,29.337892,28.878305,29.304632,1099200
2016-06-24,28.064969,28.515483,27.608406,27.714231,2657100
2016-06-27,27.336286,27.339308,26.408042,26.589458,5307000
2016-06-28,27.003690,27.339308,26.931124,27.284883,2741700
2016-06-29,27.605383,27.916814,27.505606,27.835176,2353800
2016-06-30,27.871463,28.343143,27.817039,28.312906,1577400
2016-07-01,28.098222,28.176835,28.022632,28.080080,1338000
2016-07-05,27.859363,27.859363,27.399778,27.566074,2583300
2016-07-06,27.366518,27.647711,27.100442,27.602358,1725300
2016-07-07,27.644688,28.143580,27.644688,27.937975,1184100
2016-07-08,28.225216,28.739225,28.210098,28.715038,1075200
2016-07-11,28.932741,29.162534,28.911574,29.038565,960900
2016-07-12,29.304633,29.516285,29.250207,29.416506,3075300
2016-07-13,29.522343,29.631195,29.407446,29.452803,1431000
2016-07-14,29.718871,29.749106,29.480008,29.667473,1401300
2016-07-15,29.673513,29.709797,29.540475,29.658396,1151100
2016-07-18,30.033319,30.148216,29.948658,30.093790,1426200
2016-07-19,30.045416,30.072627,29.897259,29.990990,845400
2016-07-20,30.160312,30.541283,30.063558,30.465694,1967100
2016-07-21,30.495939,30.514081,30.127062,30.251028,1458000
2016-07-22,30.148228,30.420350,29.963787,30.402208,1398900
2016-07-25,30.396152,30.635018,30.396152,30.577568,710100
2016-07-26,30.870867,31.904935,30.870867,31.762827,4409700
2016-07-27,32.047040,32.059133,31.575359,31.759796,3430500
2016-07-28,31.617685,31.796077,31.445341,31.584425,2495700
2016-07-29,31.578382,31.681185,31.303235,31.445347,1017000
2016-08-01,31.514881,31.584425,31.360680,31.469528,1479300
2016-08-02,31.412083,31.412083,30.798295,30.985756,4523400
2016-08-03,30.819464,31.031115,30.813419,31.025070,1248900
2016-08-04,31.103685,31.327430,31.046234,31.315336,1218600
2016-08-05,31.499767,31.747703,31.454414,31.714443,1239000
2016-08-08,31.823298,31.898890,31.620719,31.678165,695700
2016-08-09,31.853528,32.037965,31.799102,31.935165,1128000
2016-08-10,31.962374,31.998658,31.584424,31.717463,2446800
2016-08-11,31.853519,31.880730,31.672103,31.838398,1129500
2016-08-12,31.898871,32.056097,31.865611,31.986553,575100
2016-08-15,32.053070,32.500564,32.053070,32.421947,683100
2016-08-16,32.370558,32.370558,32.158906,32.195187,1883100
2016-08-17,32.207298,32.213343,32.016809,32.189156,1782300
2016-08-18,32.198203,32.424972,32.170991,32.421947,693000
2016-08-19,32.452202,32.778747,32.452202,32.700134,1472400
2016-08-22,32.648733,32.793865,32.576168,32.715252,770700
2016-08-23,32.860382,33.020632,32.860382,32.875500,825600
2016-08-24,32.920850,32.948065,32.518713,32.603374,917700
2016-08-25,32.503602,32.887600,32.503602,32.736420,940200
2016-08-26,32.790847,33.129489,32.660833,32.881554,932100
2016-08-29,33.020635,33.138556,32.972258,33.011566,810900
2016-08-30,33.017606,33.199019,32.830142,32.948063,3181200
2016-08-31,32.938996,32.975280,32.742466,32.926903,1447200
2016-09-01,33.020629,33.211118,32.760604,33.186928,1393800
2016-09-02,33.335087,33.359278,33.002491,33.153671,1664400
2016-09-06,33.211114,33.256467,32.908753,33.078075,1085400
2016-09-07,33.126463,33.132511,32.766655,32.827126,3814200
2016-09-08,32.721310,32.857370,32.576178,32.769688,1353300
2016-09-09,32.512668,32.512668,31.508836,31.605591,2546400
2016-09-12,31.348584,32.231471,31.242756,32.195187,2162700
2016-09-13,32.034937,32.307063,31.750721,31.910971,1202100
2016-09-14,31.829333,32.270778,31.787001,32.192165,1094100
2016-09-15,32.177050,32.996445,32.134721,32.935974,1795500
2016-09-16,33.177859,33.280659,32.694082,32.945042,1916100
2016-09-19,33.150647,33.468126,32.875500,32.984352,1180500
2016-09-20,33.174839,33.196005,32.754560,32.836197,1076100
2016-09-21,32.999458,33.341124,32.857347,33.289722,1295700
2016-09-22,33.507446,33.607225,33.301843,33.398598,1056600
2016-09-23,33.350208,33.365326,33.014590,33.056919,818100
2016-09-26,32.822200,32.931506,32.594479,32.731113,1149300
2016-09-27,32.655222,33.301953,32.637008,33.295879,1034700
2016-09-28,33.417321,33.532697,33.159234,33.362667,840600
2016-09-29,33.377850,33.982071,33.013495,33.772568,2580900
2016-09-30,33.972953,34.528593,33.972953,34.306946,1372500
2016-10-03,34.388929,34.537707,34.009392,34.076191,3632100
2016-10-04,34.218898,34.325170,33.857580,33.988140,1019400
2016-10-05,34.097450,34.476983,34.015470,34.237118,3852600
2016-10-06,34.212823,34.464833,34.000283,34.437508,2603700
2016-10-07,34.492155,34.492155,34.076183,34.385883,1383900
2016-10-10,34.546815,34.677375,34.200678,34.212826,1210500
2016-10-11,34.170318,34.170318,33.201746,33.496265,1871400
2016-10-12,33.475013,33.484121,33.086370,33.383926,1567500
2016-10-13,33.086373,33.086373,32.457860,32.989212,2082000
2016-10-14,33.289792,33.626822,33.207816,33.238178,1365000
2016-10-17,33.204788,33.383929,33.046899,33.065117,701100
2016-10-18,33.471978,33.584320,33.383927,33.447689,891600
2016-10-19,33.156195,33.350516,32.992235,33.308006,1192200
2016-10-20,33.247293,33.663266,33.043864,33.541813,2059800
2016-10-21,33.274613,33.490190,33.141016,33.456791,1095900
2016-10-24,33.632894,34.091373,33.632894,34.070118,711000
2016-10-25,34.088333,34.191568,33.975991,34.039753,823500
2016-10-26,33.778644,34.191580,33.751319,33.991184,1119900
2016-10-27,34.322139,34.401082,33.787754,33.833298,1385700
2016-10-28,33.969919,34.173352,33.593423,33.629856,1798500
2016-10-31,33.748284,33.972969,33.748284,33.812046,913200
2016-11-01,33.818120,34.085311,33.144063,33.511456,1674000
2016-11-02,33.532697,33.717912,33.180490,33.289795,2461200
2016-11-03,33.304990,33.523603,33.110668,33.232121,1512600
2016-11-04,33.037795,33.314096,32.791855,33.022614,1259100
2016-11-07,33.635935,33.972961,33.502338,33.951710,4797900
2016-11-08,33.942599,34.240155,33.751314,34.021542,1226100
2016-11-09,33.259431,33.969920,33.095472,33.860615,3111000
2016-11-10,34.057979,34.279626,32.822212,33.128876,6669000
2016-11-11,33.505378,34.452699,33.505378,34.398045,2595300
2016-11-14,34.568084,34.571121,34.127823,34.218910,1340100
2016-11-15,34.358572,34.950645,34.276592,34.859558,1415100
2016-11-16,34.798829,35.290704,34.789718,35.260342,1212300
2016-11-17,35.393927,35.815970,35.181387,35.639866,1084500
2016-11-18,35.533602,35.943500,35.533602,35.897957,1064400
2016-11-21,36.007276,36.192491,35.882790,36.137836,1140300
2016-11-22,36.329112,36.556833,36.295716,36.523438,1418700
2016-11-23,36.538619,36.644887,36.344297,36.568981,1044000
2016-11-25,36.635777,36.650958,36.474851,36.632740,411900
2016-11-28,36.544689,36.690430,36.462709,36.523438,661500
2016-11-29,36.496100,36.672204,36.283560,36.456631,1172700
2016-11-30,36.438420,36.532544,36.231954,36.247131,591900
2016-12-01,36.219809,36.219809,34.270516,34.476982,3488400
2016-12-02,34.428397,34.962782,34.309985,34.902058,2997000
2016-12-05,35.205684,35.439475,34.974926,35.327133,1120500
2016-12-06,35.427335,35.855452,35.427335,35.815979,1454700
2016-12-07,35.794722,36.641845,35.676310,36.553795,1300500
2016-12-08,36.650961,37.088185,36.605417,36.872608,1262700
2016-12-09,37.170162,37.246068,36.490036,36.748119,1004400
2016-12-12,36.602383,36.666145,36.168196,36.459679,2093700
2016-12-13,36.587201,37.124623,36.538621,36.884754,1004100
2016-12-14,36.899937,37.088189,36.723834,36.851360,1989300
2016-12-15,37.003180,37.640800,36.939418,37.479877,2221200
2016-12-16,37.701510,37.777416,36.933330,37.100327,1474200
2016-12-19,37.197488,37.610424,37.151945,37.467716,1245600
2016-12-20,37.844211,37.898865,37.662037,37.825996,2156700
2016-12-21,37.905127,37.996430,37.765134,37.826000,787200
2016-12-22,38.242943,38.252075,37.865565,38.008606,869400
2016-12-23,37.972084,38.224685,37.908174,38.203381,480000
2016-12-27,38.279456,38.732917,38.261195,38.675095,1408500
2016-12-28,38.897282,38.927715,37.920361,37.941666,1738500
2016-12-29,37.768168,37.935551,37.536872,37.935551,1046700
2016-12-30,38.072517,38.242943,37.226461,37.348194,3403800
2017-01-03,37.476015,37.883826,37.028642,37.348194,2654100
2017-01-04,37.533846,37.634278,37.278205,37.451675,1354200
2017-01-05,37.472971,37.670790,37.062119,37.132114,942000
2017-01-06,37.223415,37.533838,36.989074,37.427319,875100
2017-01-09,37.558179,37.975122,37.533833,37.822952,883800
2017-01-10,37.850363,38.093829,37.798625,38.005573,690900
2017-01-11,38.045126,38.142517,37.859483,38.136429,1630200
2017-01-12,37.929476,38.026867,37.244718,37.816872,1354500
2017-01-13,37.871665,38.154700,37.826015,38.063396,849600
2017-01-17,37.923397,37.947742,37.326895,37.451675,1092600
2017-01-18,37.497315,37.990341,37.460793,37.962952,1156500
2017-01-19,37.905119,38.218586,37.768170,37.792515,2727600
2017-01-20,38.175989,38.513805,38.130339,38.279465,1929900
2017-01-23,38.136423,38.218594,37.749917,38.045120,1053900
2017-01-24,38.206434,38.854670,38.154696,38.781628,3734100
2017-01-25,39.305078,39.448118,38.994654,39.356815,2025600
2017-01-26,39.432906,39.432906,38.964229,39.134659,1262400
2017-01-27,39.335511,39.633762,39.335511,39.621590,977400
2017-01-30,39.442043,39.442043,38.930756,39.423782,1517400
2017-01-31,39.198562,39.222907,38.672058,38.912483,1455000
2017-02-01,39.332473,39.548549,39.134654,39.530289,1792200
2017-02-02,39.259423,39.633757,39.070732,39.512024,1416000
2017-02-03,39.734203,39.788985,39.582033,39.715942,869400
2017-02-06,39.795060,39.886363,39.545503,39.855927,923100
2017-02-07,40.087210,40.151121,39.795047,40.001995,594900
2017-02-08,40.120693,40.233297,39.868095,40.078087,771600
2017-02-09,40.056795,40.187660,39.679417,39.728111,1358100
2017-02-10,39.995921,39.998965,39.317248,39.703758,1551600
2017-02-13,39.813324,40.050708,39.725065,39.785934,929400
2017-02-14,39.801142,39.801142,39.429852,39.676365,608400
2017-02-15,39.788974,40.023311,39.585066,39.983746,703800
2017-02-16,40.026360,40.114619,39.792019,40.047665,930600
2017-02-17,39.843757,40.260700,39.709848,40.254612,996300
2017-02-21,40.391563,40.838936,40.391563,40.823719,2010900
2017-02-22,40.744588,40.884582,40.668502,40.832844,674700
2017-02-23,40.784147,40.787191,39.904618,40.169388,1778100
2017-02-24,39.527236,40.148083,39.381154,40.141998,1569600
2017-02-27,40.163309,40.540684,40.075050,40.525467,3659400
2017-02-28,40.598505,40.598505,39.925920,40.008091,1295400
2017-03-01,40.488955,40.686771,40.099401,40.631992,1316700
2017-03-02,40.726341,40.826772,40.172448,40.215054,1290300
2017-03-03,40.260688,40.291121,39.959393,40.193733,1290000
2017-03-06,40.081148,40.285052,39.749420,40.215054,1598400
2017-03-07,40.145041,40.568069,40.023305,40.303295,1624500
2017-03-08,40.467654,40.732428,40.315484,40.397655,1757100
2017-03-09,40.373304,40.543731,40.154180,40.476776,1020600
2017-03-10,40.717205,41.024584,40.717205,40.939369,2136300
2017-03-13,41.064136,41.261955,40.985009,41.246738,1147500
2017-03-14,41.137176,41.167609,40.787187,41.125000,1066800
2017-03-15,41.176744,41.526732,40.978924,41.450649,1108200
2017-03-16,41.584569,41.593701,41.328927,41.408054,932700
2017-03-17,41.551082,41.551082,41.362395,41.493259,1832100
2017-03-20,41.599781,41.943681,41.456743,41.800644,1138200
2017-03-21,41.907147,41.986274,40.741536,40.820663,1962600
2017-03-22,40.860232,41.298476,40.717195,41.252827,1676400
2017-03-23,41.246741,41.341084,41.042837,41.161526,1530900
2017-03-24,41.684225,41.977152,41.302807,41.461475,1596000
2017-03-27,41.064784,41.620126,40.893908,41.522484,1449900
2017-03-28,41.604884,41.815426,41.403495,41.653706,851400
2017-03-29,41.672020,41.672020,41.427913,41.553017,1064400
2017-03-30,41.574361,41.858132,41.510283,41.766594,831000
2017-03-31,41.809315,41.977139,41.635390,41.769650,616500
2017-04-03,41.787975,41.888666,41.235681,41.504200,2164800
2017-04-04,41.244830,41.565218,41.177700,41.296703,1366800
2017-04-05,41.415706,41.696429,40.982419,41.009880,1259400
2017-04-06,40.982417,41.165498,40.655925,41.073956,1165500
2017-04-07,41.089207,41.376034,40.973256,41.250927,757200
2017-04-10,41.253982,41.293651,40.835951,40.933594,810300
2017-04-11,40.732213,40.744417,39.999894,40.604057,1602000
2017-04-12,40.491155,40.546077,39.810710,39.905300,1704600
2017-04-13,39.667292,40.240943,39.624575,39.639832,1309200
2017-04-17,39.795455,40.155516,39.795455,40.134155,1329900
2017-04-18,39.911400,40.344691,39.883939,40.320278,1325700
2017-04-19,40.649826,40.900036,40.469797,40.530827,1701600
2017-04-20,40.829867,41.244849,40.628478,41.171616,1669800
2017-04-21,41.037349,41.080067,40.652880,40.997681,1922400
2017-04-24,41.598787,41.720841,41.437066,41.586582,1482300
2017-04-25,41.787970,42.074793,41.687275,42.010715,1269900
2017-04-26,41.952732,42.032066,41.510289,41.665905,3504000
2017-04-27,41.964958,42.309759,41.882572,42.251781,1099200
2017-04-28,42.151086,42.151086,41.421819,41.531666,3133800
2017-05-01,41.632360,41.955800,41.424871,41.943596,2065500
2017-05-02,41.833756,41.833756,41.287566,41.501160,3398700
2017-05-03,41.281445,41.705579,41.269237,41.644550,1144800
2017-05-04,41.787984,41.787984,41.437079,41.614056,1219500
2017-05-05,41.723891,41.778812,41.388243,41.778812,902100
2017-05-08,41.757471,41.833753,41.534722,41.614056,801900
2017-05-09,41.672021,42.148026,41.614044,42.025974,1281000
2017-05-10,42.544700,42.996299,42.532496,42.916962,2503500
2017-05-11,42.883401,43.270919,42.535549,43.072582,2091000
2017-05-12,43.130552,43.246499,42.947472,43.194630,573300
2017-05-15,43.377713,43.890338,43.252610,43.862877,1123200
2017-05-16,44.067316,44.509760,43.862879,44.491451,1067400
2017-05-17,43.969674,44.058164,42.535550,42.572166,3091200
2017-05-18,42.590469,43.487560,42.462311,43.365505,2103600
2017-05-19,43.771333,43.997131,43.731667,43.844566,2681100
2017-05-22,44.128342,44.341932,44.027648,44.323624,2000100
2017-05-23,44.363305,44.366357,43.807963,44.146660,760200
2017-05-24,44.442636,44.515869,44.229042,44.433483,1018800
2017-05-25,44.567737,44.817943,44.372448,44.659275,1013400
2017-05-26,44.622654,44.885069,44.366344,44.863708,789600
2017-05-30,44.860655,45.272585,44.808782,45.162735,1176900
2017-05-31,45.486180,45.577722,44.939994,45.156639,1605300
2017-06-01,45.330567,45.330567,44.946098,45.202412,1063200
2017-06-02,45.489238,45.718087,45.147489,45.663162,1297500
2017-06-05,45.647895,46.017105,45.629587,45.772999,986700
2017-06-06,45.602128,46.236804,45.534998,45.922520,1240800
2017-06-07,46.151368,46.447347,46.029313,46.264267,1262700
2017-06-08,46.639585,47.127798,46.236808,47.109489,1617600
2017-06-09,47.454292,47.585499,44.216830,45.129177,5103600
2017-06-12,44.564680,45.034584,43.576047,44.869812,5277300
2017-06-13,45.553311,45.617389,44.622656,45.174946,3216600
2017-06-14,45.361069,45.361069,44.204616,44.701981,2112300
2017-06-15,43.954423,44.485357,43.896450,44.348045,3531900
2017-06-16,44.463975,44.680620,44.033736,44.171047,1588800
2017-06-19,44.659273,45.083407,44.622656,45.010174,1455600
2017-06-20,45.248170,45.303095,44.494491,44.503647,1193100
2017-06-21,44.711141,45.031530,44.531113,45.019325,1386900
2017-06-22,45.007123,45.116970,44.701987,44.915581,1299900
2017-06-23,44.991869,45.303105,44.781324,45.049843,973200
2017-06-26,45.306152,45.550258,44.424317,44.662323,1882800
2017-06-27,44.503261,44.503261,43.451014,43.469368,1921500
2017-06-28,43.720201,44.270793,43.301139,44.221851,2285400
2017-06-29,44.044427,44.044427,42.530296,43.120655,2949300
2017-06-30,43.255244,43.481599,42.698533,42.885124,1492800
2017-07-03,43.230771,43.288888,42.282527,42.297821,1771800
2017-07-05,42.435478,43.230782,42.435478,43.163486,1918200
2017-07-06,42.762760,43.343943,42.560878,42.973824,2063100
2017-07-07,43.181835,43.873137,43.181835,43.698780,3374400
2017-07-10,43.867019,44.316668,43.591723,44.203491,978300
2017-07-11,44.087260,44.588914,44.059731,44.570560,965400
2017-07-12,45.017147,45.381151,44.858084,45.283268,1678200
2017-07-13,45.332210,45.625860,45.007969,45.142559,1532700
2017-07-14,45.390329,45.772687,45.283271,45.748215,1234500
2017-07-17,45.904225,45.919519,45.408690,45.561634,693300
2017-07-18,45.289393,45.711514,45.121155,45.702339,1017000
2017-07-19,45.965403,46.136700,45.809399,46.124462,1410600
2017-07-20,46.142800,46.320213,45.760446,46.259037,1527000
2017-07-21,45.956224,45.956224,45.638102,45.864456,984000
2017-07-24,45.931748,45.931748,45.635039,45.726807,1212600
2017-07-25,45.631985,45.797164,45.215983,45.687046,1203600
2017-07-26,46.093863,46.387512,45.928684,46.188686,2004600
2017-07-27,46.326327,46.387504,44.943725,45.485142,2827800
2017-07-28,45.277140,45.497379,45.087489,45.310787,1205700
2017-07-31,45.316915,45.552449,44.833618,44.959030,1517400
2017-08-01,45.093619,45.240444,44.873384,45.237385,1002000
2017-08-02,45.497390,45.595274,44.598084,44.910088,1741200
2017-08-03,44.882565,45.026331,44.521620,44.741859,1347300
2017-08-04,44.772439,45.121146,44.628670,44.760204,1283700
2017-08-07,44.876442,45.552450,44.876442,45.531040,949200
2017-08-08,45.570795,45.931740,45.252673,45.399498,818700
2017-08-09,45.041614,45.289382,44.839732,45.246559,706500
2017-08-10,44.959026,44.974320,43.946546,43.983253,1627500
2017-08-11,43.778305,44.307484,43.674303,44.231014,1044300
2017-08-14,44.766315,45.408675,44.760200,45.356674,1610100
2017-08-15,45.555501,45.561620,45.148674,45.469852,531300
2017-08-16,45.564680,45.735977,45.326091,45.543270,777900
2017-08-17,45.326093,45.445389,44.368670,44.393143,1209000
2017-08-18,44.656216,44.790806,44.240210,44.460449,1026900
2017-08-21,44.524685,44.598096,43.854796,44.130093,945900
2017-08-22,44.518558,44.946798,44.460441,44.858089,1046700
2017-08-23,44.435965,45.176208,44.390083,45.047737,1983900
2017-08-24,45.234329,45.298568,44.803033,45.053860,1294200
2017-08-25,45.222095,45.301628,44.766327,44.836681,684900
2017-08-28,44.900921,44.983510,44.726567,44.971275,552600
2017-08-29,44.405385,45.157863,44.390091,45.041626,1068900
2017-08-30,45.283275,45.882809,45.124212,45.812454,1998900
2017-08-31,45.968466,46.326351,45.898111,46.265175,1072200
2017-09-01,46.347748,46.708693,46.347748,46.467041,1591200
2017-09-05,46.301861,46.359978,45.439262,45.830795,2806500
2017-09-06,46.087757,46.115289,45.687049,45.904228,1044000
2017-09-07,45.992921,46.164218,45.784920,45.983746,873300
2017-09-08,45.953166,45.986814,45.274099,45.442337,1454100
2017-09-11,45.794099,46.415049,45.794099,46.307987,1305300
2017-09-12,46.366095,46.650566,46.259033,46.515976,742200
2017-09-13,46.494603,46.714839,46.262129,46.607780,772800
2017-09-14,46.411988,47.066583,46.405869,46.791286,1656900
2017-09-15,47.011516,47.659995,46.916693,47.607994,1424100
2017-09-18,47.886355,48.525656,47.886355,48.232006,1476900
2017-09-19,48.345186,48.571540,48.085184,48.384949,1382700
2017-09-20,48.440003,48.440003,47.072694,47.718113,2274900
2017-09-21,47.629417,47.684478,47.100238,47.513184,864300
2017-09-22,47.387766,47.816006,47.378591,47.754829,742200
2017-09-25,47.583529,47.583529,46.613871,46.834110,1795500
2017-09-26,47.318679,47.318679,46.625117,46.760147,1474200
2017-09-27,47.324819,48.085896,47.263443,47.892559,1166400
2017-09-28,47.843461,48.273102,47.720706,48.245480,819900
2017-09-29,48.438813,48.727284,48.193305,48.662838,918600
2017-10-02,48.880728,49.181473,48.619876,48.988136,1240500
2017-10-03,49.046445,49.239782,48.883796,49.123165,536100
2017-10-04,49.061794,49.236717,48.776389,49.236717,873900
2017-10-05,49.445404,49.451540,48.994281,49.279686,538200
2017-10-06,49.101689,49.488367,49.098623,49.473022,742800
2017-10-09,49.666359,49.893453,49.611118,49.850491,835200
2017-10-10,50.298545,50.298545,49.629536,50.129761,756300
2017-10-11,50.099065,50.485739,50.031550,50.473465,859200
2017-10-12,50.455043,50.645310,50.273980,50.313877,584400
2017-10-13,50.550191,50.814113,50.418230,50.636120,531900
2017-10-16,50.789555,50.884689,50.534839,50.875481,543300
2017-10-17,50.900031,50.900031,50.587008,50.832516,558900
2017-10-18,51.019716,51.096436,50.335359,51.004372,712200
2017-10-19,50.611559,50.881620,50.092924,50.875481,1063800
2017-10-20,51.274430,51.387977,51.059609,51.136330,1083600
2017-10-23,51.384923,51.661123,51.142485,51.387993,898500
2017-10-24,51.532220,51.796142,51.338883,51.747044,643500
2017-10-25,51.461634,51.599730,50.547113,51.068821,1568100
2017-10-26,51.157829,51.476991,51.090313,51.369579,1145100
2017-10-27,51.713279,52.514253,51.489254,52.443668,1058400
2017-10-30,52.277959,52.805802,52.277959,52.584846,1579200
2017-10-31,52.716801,53.158720,52.572566,53.005276,1031400
2017-11-01,53.434905,53.471732,52.348530,52.811928,1516500
2017-11-02,52.913194,53.210873,52.505037,53.072777,4100100
2017-11-03,53.330569,54.014922,52.891723,54.011856,2683800
2017-11-06,54.536639,54.800561,54.146892,54.776009,3057600
2017-11-07,54.714624,54.855790,54.352499,54.726898,1299300
2017-11-08,54.674719,54.947849,54.459899,54.901814,1204500
2017-11-09,54.426154,54.426154,53.143369,53.803173,3302400
2017-11-10,53.990376,54.192922,53.836932,54.159164,1166400
2017-11-13,53.950475,54.377046,53.873755,54.315670,1308900
2017-11-14,54.214411,54.420026,53.867630,54.266582,801900
2017-11-15,53.882956,54.005709,53.342835,53.778614,1175700
2017-11-16,54.002649,54.803622,54.002649,54.579594,1093500
2017-11-17,54.901819,54.907958,54.248154,54.340221,1887300
2017-11-20,54.647109,55.076749,54.505943,54.987751,1792800
2017-11-21,55.349872,55.687448,55.242464,55.616863,3603000
2017-11-22,55.813268,55.816337,55.196430,55.279285,1203900
2017-11-24,55.515587,55.813267,55.438867,55.776440,556800
2017-11-27,55.438873,55.438873,54.984680,55.076748,1692900
2017-11-28,55.294640,55.294640,54.763727,55.101299,1971300
2017-11-29,55.039927,55.055271,52.139857,52.673840,5576700
2017-11-30,53.253833,53.505480,52.627787,52.956154,4293300
2017-12-01,52.455941,52.695313,51.099508,52.382290,4877700
2017-12-04,53.005260,53.069705,50.804891,51.124050,4886400
2017-12-05,50.866276,52.096887,50.494946,51.163956,5340300
2017-12-06,50.660668,51.421742,50.445845,51.329678,2170500
2017-12-07,51.707146,51.989482,51.495396,51.829899,2917500
2017-12-08,52.422177,52.446730,51.516868,51.562901,1965900
2017-12-11,51.645758,52.007883,51.501519,51.872852,5248200
2017-12-12,51.762387,51.762387,51.295923,51.366505,1307700
2017-12-13,51.544505,51.811496,51.326616,51.357304,980100
2017-12-14,51.391040,51.645756,51.179289,51.305111,889200
2017-12-15,51.572117,52.244196,51.289781,52.109165,3382500
2017-12-18,52.747477,53.253841,52.477420,53.226219,3488700
2017-12-19,53.219152,53.366726,52.896330,53.169960,2278500
2017-12-20,53.729530,53.794094,53.099262,53.557358,1342200
2017-12-21,53.732583,53.732583,52.914770,52.991634,1750500
2017-12-22,52.807182,52.988576,52.604265,52.960903,877800
2017-12-26,52.293734,52.481278,51.992435,52.432087,680100
2017-12-27,52.435163,52.868665,52.367528,52.601185,794100
2017-12-28,52.767219,52.880974,52.656539,52.748772,789000
2017-12-29,52.834850,52.834850,52.204582,52.207657,760200
2018-01-02,52.490508,53.646511,52.425944,53.624989,2860200
2018-01-03,53.917058,54.578067,53.794077,54.562695,1326900
2018-01-04,54.965448,55.054606,54.430488,54.870140,1335000
2018-01-05,55.116104,55.411253,54.796357,55.183743,1170600
2018-01-08,55.220630,55.789409,55.048461,55.617237,1622700
2018-01-09,55.764817,55.764817,55.008496,55.069988,1464600
2018-01-10,54.445861,54.670300,53.972393,54.408970,2030400
2018-01-11,54.584214,54.762532,54.359778,54.734863,1047300
2018-01-12,54.793290,55.146856,54.590377,55.030025,1101900
2018-01-16,55.497338,55.860126,54.888592,55.211414,1462500
2018-01-17,55.727921,56.890074,55.669507,56.813213,1136700
2018-01-18,56.794767,57.348171,56.727128,57.068394,3163800
2018-01-19,57.326657,57.415819,56.788625,57.126820,1188600
2018-01-22,57.234426,57.566470,56.960799,57.551098,1247700
2018-01-23,57.824720,58.018411,57.612582,58.012264,1467000
2018-01-24,57.412737,57.609504,56.281332,56.684090,3006000
2018-01-25,57.302066,57.446566,55.700264,55.700264,2254800
2018-01-26,56.453497,57.489595,56.425825,57.480370,1667700
2018-01-29,57.271310,57.800119,56.717902,57.397362,1626000
2018-01-30,56.570341,56.899310,56.182959,56.256744,1948500
2018-01-31,56.917749,57.120666,56.401240,56.714836,1163700
2018-02-01,56.262886,57.268240,56.176800,56.435059,1255500
2018-02-02,55.970816,56.013857,54.888599,54.916271,3241800
2018-02-05,54.101539,55.315955,52.176918,52.330643,3915600
2018-02-06,51.528193,54.289070,51.408288,54.224506,4045500
2018-02-07,53.870942,54.353636,53.053133,53.062355,3262200
2018-02-08,53.311383,53.458958,50.790314,50.833359,4162200
2018-02-09,51.989364,52.665745,50.169273,52.296810,5947800
2018-02-12,52.991637,53.649574,52.499718,53.302158,2956200
2018-02-13,52.967039,53.351349,52.791795,53.240665,1481700
2018-02-14,52.825631,54.571933,52.721098,54.488922,1199100
2018-02-15,55.002353,55.146856,53.858650,55.137630,1732500
2018-02-16,54.863992,55.629535,54.863992,54.940853,929700
2018-02-20,54.768700,56.416619,54.713359,55.912403,2507400
2018-02-21,56.219840,56.262881,55.232930,55.269825,1435500
2018-02-22,55.589571,55.721773,54.965453,55.146847,1460700
2018-02-23,55.734076,56.327450,55.555757,56.327450,1424700
2018-02-26,56.662572,57.554171,56.656422,57.541870,1090500
2018-02-27,57.566463,58.328934,57.351250,57.351250,1369200
2018-02-28,57.754010,57.867765,56.785547,56.840889,1266600
2018-03-01,57.040728,57.077619,55.291351,55.943138,2850300
2018-03-02,55.309788,56.997673,55.180661,56.893143,1392600
2018-03-05,56.588774,57.680213,56.333594,57.403511,1251000
2018-03-06,57.950761,58.427304,57.646387,58.267429,1779000
2018-03-07,57.661772,58.528776,57.661772,58.454987,1167300
2018-03-08,58.799326,58.833145,58.184430,58.507252,1147200
2018-03-09,58.977652,59.746270,58.839300,59.721676,1586400
2018-03-12,60.161316,60.662450,59.970693,60.355007,1860300
2018-03-13,60.161316,60.662449,59.165184,59.423439,4230000
2018-03-14,59.752420,59.752420,58.873122,59.417301,1641000
2018-03-15,59.574087,59.758560,59.063728,59.371178,1073100
2018-03-16,59.454185,59.700146,59.282013,59.346577,1035000
2018-03-19,58.811625,59.088327,57.391217,58.215179,2781600
2018-03-20,58.338142,58.833133,58.261282,58.642517,760800
2018-03-21,58.574885,59.509521,58.501096,58.753204,1380300
2018-03-22,57.845982,58.446681,57.155946,57.205235,1752000
2018-03-23,57.103599,57.205257,55.279930,55.301495,3847500
2018-03-26,56.598388,57.624201,55.877547,57.608799,2399700
2018-03-27,58.052380,58.215648,55.018070,55.489388,3221700
2018-03-28,55.107407,55.612611,54.047708,54.287987,2980200
2018-03-29,54.654575,55.991521,54.257188,55.464752,2504100
2018-04-02,54.981104,55.387735,52.818580,53.345348,2379600
2018-04-03,54.010748,54.503631,53.425452,54.355766,1673400
2018-04-04,52.790867,55.199834,52.775465,55.055050,2024700
2018-04-05,55.400064,55.470917,54.137052,54.491310,1725000
2018-04-06,53.745826,54.334204,52.606034,52.843235,1179900
2018-04-09,53.465493,54.713106,53.145121,53.175926,1113000
2018-04-10,54.395816,55.196749,54.050798,54.876377,1904100
2018-04-11,54.571396,55.381573,54.472819,54.897930,1226400
2018-04-12,55.335370,56.083937,55.286081,55.932991,1911300
2018-04-13,56.586065,56.684641,55.319972,55.520206,1289400
2018-04-16,55.849817,55.917589,55.156700,55.618778,849300
2018-04-17,56.059294,56.804780,55.945315,56.672318,1097700
2018-04-18,56.308814,56.435114,55.615697,56.114742,1453500
2018-04-19,55.036565,55.098174,53.499385,53.687298,5532900
2018-04-20,53.674971,53.949136,52.818584,53.052704,3552000
2018-04-23,53.252939,53.373081,52.214805,52.347267,2047200
2018-04-24,52.803189,53.286831,51.466243,51.925243,3480900
2018-04-25,52.156272,52.233284,51.041122,51.860542,4432800
2018-04-26,52.679967,52.972616,52.347270,52.920246,4609200
2018-04-27,53.591799,53.647246,52.288739,52.550583,3309000
2018-04-30,52.461250,52.858637,51.749649,51.974529,1802100
2018-05-01,51.845151,52.886367,51.783542,52.827839,3127800
2018-05-02,52.880194,53.046542,52.371905,52.593704,1543200
2018-05-03,52.180918,53.138960,51.783531,52.907921,2396700
2018-05-04,52.621436,54.244871,52.381157,54.149376,1977900
2018-05-07,54.592961,54.928739,54.395808,54.673054,1185000
2018-05-08,54.639182,55.073536,54.426626,54.996521,1206300
2018-05-09,55.199819,55.874453,55.076600,55.834408,1043700
2018-05-10,56.148633,56.875633,56.114747,56.850990,1242900
2018-05-11,56.527526,56.961877,56.333454,56.435108,1857900
2018-05-14,57.140562,57.812115,57.023502,57.125156,1653900
2018-05-15,56.749326,56.909516,56.099339,56.505966,1263900
2018-05-16,56.952644,57.356190,56.472083,57.232971,1221300
2018-05-17,57.100513,57.531787,56.638435,57.066628,1301400
2018-05-18,56.558345,56.638438,56.050059,56.250294,2072700
2018-05-21,57.078943,57.374673,56.314977,56.814018,1473300
2018-05-22,57.297673,57.565679,56.937253,57.131325,1496400
2018-05-23,56.687716,57.457845,56.450515,57.439362,1039200
2018-05-24,57.479408,57.793621,56.955721,57.670399,1136100
2018-05-25,57.667326,58.218737,57.574908,58.135563,1400700
2018-05-29,57.889125,58.271110,57.383921,57.784389,1538400
2018-05-30,58.098593,58.594553,57.873712,58.160202,2143500
2018-05-31,58.064720,58.329645,57.645768,57.738182,1606500
2018-06-01,58.255718,59.053574,58.049321,59.053574,1060500
2018-06-04,59.210666,59.589573,58.985789,59.521801,1170900
2018-06-05,59.678918,59.965404,59.454041,59.805218,641400
2018-06-06,59.876051,60.184105,59.555679,60.184105,1268100
2018-06-07,60.242646,60.310418,59.219914,59.648106,2082900
2018-06-08,58.967301,59.229141,58.640767,59.115166,2429700
2018-06-11,59.025825,59.299990,58.807107,59.001183,1277700
2018-06-12,59.152117,59.346189,58.776291,59.306141,932400
2018-06-13,59.343127,59.845254,59.152137,59.216827,9156900
2018-06-14,59.558769,59.857573,59.213748,59.571087,1635600
2018-06-15,59.186030,59.589579,58.976552,59.518726,1122600
2018-06-18,59.139812,59.139812,58.400488,58.945740,1675800
2018-06-19,58.064715,58.341961,57.411643,58.298832,2631000
2018-06-20,58.631524,58.877966,58.311152,58.579155,2007300
2018-06-21,58.973463,58.998109,57.765902,57.852154,1245900
2018-06-22,58.132470,58.169437,57.282249,57.393147,1116300
2018-06-25,56.777049,56.777049,54.990347,55.705029,5441100
2018-06-26,55.887403,56.181059,55.624659,55.902859,11004000
2018-06-27,56.199610,56.329436,54.539679,54.567501,2364000
2018-06-28,54.403674,55.105355,54.332577,54.981712,4067700
2018-06-29,55.485568,55.766859,55.096088,55.096088,1278000
2018-07-02,54.620055,55.454655,54.199662,55.442291,2097300
2018-07-03,55.677221,55.757589,54.378950,54.431499,1141500
2018-07-05,54.916796,55.896681,54.916796,55.887405,1341000
2018-07-06,55.884302,56.666356,55.584464,56.573624,2263200
2018-07-09,57.142391,57.157846,56.270697,56.935287,1360200
2018-07-10,57.040393,57.658618,56.953844,57.538063,1403400
2018-07-11,56.610733,56.947666,56.014147,56.060516,1998600
2018-07-12,55.915233,56.514910,55.565936,56.437634,2267400
2018-07-13,56.598364,56.598364,56.150152,56.233612,802200
2018-07-16,56.313987,56.533457,56.109975,56.156342,612600
2018-07-17,55.779219,56.981663,55.689576,56.963116,4140600
2018-07-18,57.219678,57.500969,57.031118,57.402054,923400
2018-07-19,57.290781,57.507160,56.901302,57.275326,871500
2018-07-20,57.216592,57.324779,56.715830,57.006393,871800
2018-07-23,56.712732,57.179492,55.977048,57.083668,1001100
2018-07-24,57.439154,57.717357,56.381992,56.462360,1884000
2018-07-25,56.437627,56.725098,55.714306,56.675644,10230000
2018-07-26,57.052772,57.819367,57.052772,57.782276,7296300
2018-07-27,57.822450,58.341760,57.102222,57.525703,5193300
2018-07-30,57.500972,57.658617,56.681824,56.963116,2500200
2018-07-31,57.343328,58.140837,57.238229,57.340237,2271000
2018-08-01,57.395877,57.856453,57.009486,57.256775,3727800
2018-08-02,56.740562,57.893547,56.536547,57.819359,2253300
2018-08-03,57.856454,57.992464,57.584438,57.939915,1344300
2018-08-06,57.828624,58.298475,57.516422,58.289200,777900
2018-08-07,58.570500,58.789971,58.344850,58.752876,9879900
2018-08-08,58.762139,59.009425,58.530306,58.888874,1116600
2018-08-09,58.626137,58.709597,58.295387,58.307751,2218800
2018-08-10,57.099132,57.349513,56.592190,56.861115,3248100
2018-08-13,56.963120,57.439151,56.876567,56.944572,1687500
2018-08-14,57.278409,57.368053,56.783830,56.830196,1609500
2018-08-15,56.341812,56.576734,55.463934,56.041973,3067800
2018-08-16,56.412892,56.490172,55.819398,55.970863,1419900
2018-08-17,55.473197,55.701939,54.725146,55.553566,2195400
2018-08-20,55.630850,55.831774,54.879707,55.504112,957300
2018-08-21,55.680295,56.734368,55.667931,56.585995,2549100
2018-08-22,56.468538,56.926022,56.122333,56.851837,1440300
2018-08-23,56.824024,57.337149,56.824024,56.916756,1847700
2018-08-24,57.170229,57.772995,57.160954,57.742085,1685100
2018-08-27,58.211925,59.095982,58.085187,58.660137,17873700
2018-08-28,58.972344,59.139265,58.317025,58.885792,1616100
2018-08-29,58.885791,59.222724,58.678688,59.040348,4280400
2018-08-30,58.904335,59.126894,58.431392,58.511765,1811400
2018-08-31,58.428304,58.919791,58.428304,58.830147,1099800
2018-09-04,58.616867,59.327824,58.490132,59.303097,1289700
2018-09-05,59.247459,59.408196,58.517955,59.015625,1579500
2018-09-06,58.793064,58.842522,57.389694,57.451519,1494000
2018-09-07,57.343324,58.045009,57.077487,57.213497,8400900
2018-09-10,57.621527,57.834818,57.284598,57.819359,951000
2018-09-11,57.587519,57.664799,56.953842,57.259861,1734900
2018-09-12,56.521089,56.623096,55.361920,56.598366,2111400
2018-09-13,57.222776,57.961552,57.037308,57.244411,2159700
2018-09-14,57.575165,58.116109,57.408244,57.887367,1979100
2018-09-17,57.674080,57.825545,57.009489,57.080585,1527600
2018-09-18,57.312407,57.921356,57.312407,57.572060,1312800
2018-09-19,57.593711,57.936825,57.420607,57.661716,1104900
2018-09-20,58.116097,58.582857,58.032640,58.360298,1450200
2018-09-21,58.415942,58.632321,58.051191,58.202656,1707600
2018-09-24,57.732805,58.431395,57.612251,58.403576,833400
2018-09-25,58.261382,58.261382,57.318591,57.473145,1470300
2018-09-26,57.205221,57.549849,56.817125,56.879219,1049700
2018-09-27,57.062394,57.320091,56.894737,57.093441,1055700
2018-09-28,57.028248,57.655412,56.857485,57.453602,2376600
2018-10-01,57.748556,58.124231,57.515699,57.652309,1025100
2018-10-02,57.500176,58.447127,57.500176,57.652309,2016900
2018-10-03,57.903783,58.108694,57.189688,57.705078,1986300
2018-10-04,57.307672,57.403918,56.193062,56.683613,1919100
2018-10-05,56.699133,56.755020,54.826964,55.342354,2436900
2018-10-08,54.892175,55.388936,54.252593,54.724518,2152200
2018-10-09,54.423343,54.938733,54.323991,54.662411,1609800
2018-10-10,53.951418,53.985570,52.206543,52.250011,6056400
2018-10-11,52.153759,53.290103,51.324789,51.728409,4370400
2018-10-12,53.125549,53.423605,51.902271,52.669147,4856100
2018-10-15,52.442502,52.821282,52.048199,52.237587,3884100
2018-10-16,52.818198,54.013530,52.759205,53.939014,1955100
2018-10-17,54.333309,54.438872,53.352205,53.724777,2425500
2018-10-18,53.504327,53.507432,52.184806,52.380405,4058700
2018-10-19,52.703300,53.004462,51.374463,51.594902,3382800
2018-10-22,51.865024,52.215862,51.430357,51.911594,3923700
2018-10-23,50.554808,51.927110,49.992844,51.641472,4304700
2018-10-24,50.778354,50.778354,48.167251,48.254185,9218700
2018-10-25,48.530503,49.707210,48.455990,49.331532,9226500
2018-10-26,48.257291,49.328431,47.686014,48.474621,3910200
2018-10-29,49.455737,49.682384,47.061967,47.968555,4422600
2018-10-30,47.828821,50.011468,47.828821,49.961792,2495700
2018-10-31,50.737983,50.986367,50.148080,50.595165,3495900
2018-11-01,50.958444,53.091416,50.921186,52.970329,3511500
2018-11-02,52.737464,53.019997,51.526608,52.172398,3240000
2018-11-05,52.091676,52.097887,50.828038,51.697372,2405100
2018-11-06,51.585596,52.501504,51.585596,52.299694,1184400
2018-11-07,52.988943,53.066561,52.315212,52.892696,1827900
2018-11-08,52.476657,53.094505,52.237589,52.749874,1706100
2018-11-09,52.150656,52.200329,51.293740,51.743931,1690200
2018-11-12,50.862191,50.964649,49.275657,49.434002,2249100
2018-11-13,49.843815,51.110557,49.843815,50.113930,2411100
2018-11-14,50.582773,51.060906,49.853155,50.334393,3722100
2018-11-15,50.070475,52.218967,50.058054,52.035789,4985100
2018-11-16,50.148087,51.641476,50.141876,51.408619,4494300
2018-11-19,51.154028,51.303060,49.393630,49.443306,2579100
2018-11-20,48.030646,50.144988,47.974762,49.505409,3124200
2018-11-21,50.058052,50.443043,49.691691,49.710320,2259900
2018-11-23,49.331537,50.126355,49.300490,49.738262,1488000
2018-11-26,50.402683,50.641747,49.912129,50.638645,1907400
2018-11-27,50.365432,51.141621,50.113946,50.713165,2013000
2018-11-28,51.290646,51.920912,50.278495,51.899181,1681200
2018-11-29,51.771883,52.017162,51.389998,51.520397,2874300
2018-11-30,51.486238,52.243798,51.001895,52.237587,1842600
2018-12-03,53.811715,54.007314,53.085199,53.609905,2338500
2018-12-04,53.184547,53.308739,50.977063,51.045368,2076900
2018-12-06,49.617171,50.784561,49.362579,50.784561,5354400
2018-12-07,50.706953,50.784574,48.614345,48.890671,1956000
2018-12-10,48.719899,49.744468,48.595707,49.517822,1613100
2018-12-11,50.402671,51.001890,49.551966,49.834499,2491500
2018-12-12,50.647952,51.318581,50.238125,50.542389,1403700
2018-12-13,50.924277,51.169556,50.219499,50.436832,1341000
2018-12-14,49.853135,50.703840,49.679267,49.722733,1363500
2018-12-17,49.650870,50.378924,48.767247,49.078384,1176300
2018-12-18,49.492178,50.497140,49.482842,49.725529,2520300
2018-12-19,49.448636,50.011793,47.404483,47.609833,3022800
2018-12-20,47.588043,48.359658,46.648415,47.280018,3256500
2018-12-21,47.581820,48.123196,46.349727,46.477291,2780100
2018-12-24,46.072814,46.589297,45.114517,45.114517,2641800
2018-12-26,45.861256,47.821407,45.049196,47.821407,4233900
2018-12-27,47.087108,48.141856,46.520843,48.135632,2700600
2018-12-28,48.375212,49.358397,48.095191,48.480995,1011000
2018-12-31,48.985030,49.199713,48.312978,48.820129,2207700
2019-01-02,47.821389,49.573077,47.771608,49.134377,2292000
2019-01-03,48.014298,48.316099,46.247053,46.268833,3070200
2019-01-04,47.133784,48.524557,46.965771,48.356544,2537400
2019-01-07,48.499670,49.722430,48.297432,49.249504,1679700
2019-01-08,49.781543,49.781543,48.406330,49.034821,1529700
2019-01-09,49.479749,50.506496,49.479749,50.294922,2304600
2019-01-10,49.797098,50.823844,49.762873,50.739838,1256700
2019-01-11,50.518926,51.704349,50.354025,51.284317,1290300
2019-01-14,50.705613,50.792731,50.192241,50.450481,853500
2019-01-15,50.584266,51.141198,50.388252,50.596714,882000
2019-01-16,50.686938,50.988739,50.133118,50.133118,856800
2019-01-17,49.784650,50.988742,49.507742,50.596714,3133500
2019-01-18,51.128763,52.223956,50.970083,51.912823,1574400
2019-01-22,51.411890,51.411890,50.046009,50.419369,2130600
2019-01-23,50.699385,50.904735,49.622861,50.064671,2110500
2019-01-24,51.203421,53.157347,51.184753,52.973778,5947200
2019-01-25,53.185359,54.296109,52.812000,54.072094,3126600
2019-01-28,52.105712,53.431143,51.937699,53.004890,2450400
2019-01-29,53.008005,53.179126,52.149271,52.239502,4396500
2019-01-30,53.172909,53.944520,52.569307,53.754730,3142800
2019-01-31,53.645829,54.212097,53.235133,53.729836,1481700
2019-02-01,53.792057,54.635230,53.767165,54.373878,1515000
2019-02-04,54.342777,54.653910,53.950745,54.647686,627600
2019-02-05,54.601010,55.161055,54.504559,54.896587,1295400
2019-02-06,55.574865,56.822515,55.574865,56.374481,2575800
2019-02-07,55.683766,55.938897,54.666355,55.151726,3459900
2019-02-08,54.392555,55.170391,54.093866,55.055271,1882800
2019-02-11,55.182838,55.469083,54.887261,55.325962,741600
2019-02-12,56.007348,56.635839,55.926454,56.495831,2019900
2019-02-13,56.775848,57.114982,56.508272,56.676285,906600
2019-02-14,56.483377,57.248768,56.421151,56.828735,1004700
2019-02-15,57.279889,57.435454,56.813187,57.121208,742500
2019-02-19,56.859861,57.410569,56.791411,57.043430,1182900
2019-02-20,57.180315,57.889704,57.180315,57.528786,1036800
2019-02-21,57.535024,57.662591,56.937646,57.102547,1152900
2019-02-22,57.550576,57.799483,57.326561,57.715477,880800
2019-02-25,58.583541,58.876010,58.151064,58.191513,2355600
2019-02-26,58.032831,58.263070,57.647023,57.827484,865200
2019-02-27,57.594145,57.594145,56.511393,57.133663,2977800
2019-02-28,56.890969,57.332778,56.704287,57.167877,1236000
2019-03-01,57.712359,57.955043,57.077644,57.675022,1433400
2019-03-04,58.073272,58.275509,56.965631,57.681240,1755600
2019-03-05,57.525684,57.787036,57.195882,57.460346,1330500
2019-03-06,57.301678,57.438578,56.470949,56.511395,1412400
2019-03-07,56.287362,56.287362,55.521971,55.901554,2994000
2019-03-08,54.933932,55.898449,54.731694,55.851780,1491000
2019-03-11,56.131802,57.426125,56.066464,57.152325,1993800
2019-03-12,57.360792,57.703038,56.869197,57.367012,1968300
2019-03-13,57.762149,58.085731,57.550579,57.597252,1230000
2019-03-14,57.628359,57.899044,57.279889,57.282997,1775700
2019-03-15,57.973702,59.404921,57.958146,58.944443,3952800
2019-03-18,59.078248,59.376940,58.474649,58.854233,2697000
2019-03-19,59.255594,59.796966,59.249370,59.616508,1991400
2019-03-20,59.650826,59.959685,58.696163,59.058060,2508600
2019-03-21,59.114223,61.504000,59.114223,61.098423,2802300
2019-03-22,60.842597,60.929949,59.326365,59.376282,4417200
2019-03-25,58.955104,59.504190,58.143951,58.633762,2944800
2019-03-26,59.457402,59.725703,58.752324,59.195335,3840900
2019-03-27,59.263972,59.460520,57.916214,58.365467,3970800
2019-03-28,58.462172,58.986302,57.856928,58.268745,1386600
2019-03-29,58.961352,59.273335,58.796002,59.132942,1725900
2019-04-01,60.003371,60.680373,59.791222,60.608616,1964400
2019-04-02,60.639807,60.842595,60.337184,60.699081,1459500
2019-04-03,61.432246,62.599056,61.416651,62.040611,3218100
2019-04-04,61.962602,62.561605,61.837811,62.174751,1617300
2019-04-05,62.546010,62.652085,62.174752,62.624008,1223700
2019-04-08,62.352597,62.839285,62.218445,62.770649,1380300
2019-04-09,62.411844,62.411844,61.794118,62.118584,1483500
2019-04-10,62.046845,62.798716,61.993804,62.599049,1267500
2019-04-11,62.761284,63.001511,62.386912,62.546021,935400
2019-04-12,63.126310,63.457010,62.932876,63.413330,1030500
2019-04-15,63.516273,63.516273,62.608407,62.942226,1770000
2019-04-16,63.341561,65.013781,63.341561,64.957626,3216900
2019-04-17,66.289795,66.832645,65.516081,66.033966,3275700
2019-04-18,66.140041,66.230520,65.728230,66.043327,1083900
2019-04-22,65.837413,66.183715,65.438077,65.993408,912300
2019-04-23,66.361562,66.920006,66.205566,66.673538,2014800
2019-04-24,66.717198,68.011918,66.689121,67.291245,2025900
2019-04-25,67.066636,67.163349,65.556645,66.108849,2073300
2019-04-26,64.851570,65.594087,64.212007,65.562889,3381000
2019-04-29,65.594089,65.728241,65.172910,65.484894,2680200
2019-04-30,65.335122,66.115078,65.335122,66.002762,3088800
2019-05-01,66.548749,66.944965,65.403776,65.475533,4019100
2019-05-02,65.438081,66.832642,65.285213,66.105721,3420000
2019-05-03,66.505055,66.639207,65.824940,66.623611,2269800
2019-05-06,64.302465,65.559754,64.162072,65.537910,2262900
2019-05-07,64.670626,64.820381,63.198073,63.924995,3237000
2019-05-08,63.397721,64.374224,63.257335,63.379005,3103200
2019-05-09,62.396273,62.960959,61.257541,62.680180,2978700
2019-05-10,62.106130,63.113830,61.257537,62.770649,3901200
2019-05-13,60.680371,61.051630,59.554117,59.834900,4856400
2019-05-14,60.583647,61.535186,60.293500,61.213848,2954100
2019-05-15,60.580526,62.106112,60.521244,61.684940,5173800
2019-05-16,60.823879,61.363608,60.327830,60.711571,6997800
2019-05-17,59.738193,60.942441,59.270221,59.529163,5014200
2019-05-20,57.591754,58.062847,56.749403,57.154980,4640700
2019-05-21,58.303062,58.633765,57.841331,58.324902,5167500
2019-05-22,57.208015,57.682228,56.917872,57.092583,3254100
2019-05-23,56.091114,56.234624,55.283081,56.203426,3725400
2019-05-24,56.477980,56.899152,55.663706,55.713627,2273100
2019-05-28,56.031852,56.225279,55.111503,55.236298,2389200
2019-05-29,54.777684,55.701146,54.618572,55.435963,4244400
2019-05-30,55.576340,56.353172,55.451546,55.903919,2000100
2019-05-31,55.205102,55.975696,55.033511,55.070950,3330600
2019-06-03,55.694905,56.287668,54.918070,55.201973,2988000
2019-06-04,56.250234,57.616714,55.769783,57.616714,3156600
2019-06-05,58.103397,58.250027,56.456133,57.201771,3273600
2019-06-06,57.286010,58.193873,57.080101,57.994205,957000
2019-06-07,58.243784,58.771031,58.047237,58.649361,1468500
2019-06-10,59.373161,60.811395,59.373161,60.078239,3907800
2019-06-11,61.192011,61.313689,59.859856,60.318470,3400500
2019-06-12,59.675787,59.753785,58.836560,58.917675,1450500
2019-06-13,59.341962,59.463636,58.799116,59.201572,1143000
2019-06-14,57.470077,57.963010,57.317210,57.710304,2081700
2019-06-17,57.699961,57.909846,57.264525,57.283321,1074600
2019-06-18,57.894181,60.177870,57.894181,59.761230,2850000
2019-06-19,60.171616,60.265594,59.532562,59.880283,1431300
2019-06-20,61.026834,61.305634,60.105841,60.384644,3371400
2019-06-21,60.174750,60.632119,59.927273,60.040047,1333200
2019-06-24,60.115225,60.387765,59.955459,60.102695,2115900
2019-06-25,60.246782,60.466063,59.213015,59.272533,1416600
2019-06-26,60.597664,61.512388,60.491153,61.186596,1755300
2019-06-27,61.493579,62.386377,61.493579,62.076244,1559700
2019-06-28,62.577474,62.699644,62.016727,62.154564,2529900
2019-07-01,64.861168,65.399974,63.291713,63.720882,4752000
2019-07-02,63.532941,63.595592,62.637010,62.925209,1378800
2019-07-03,62.922067,62.962793,62.163973,62.637001,738000
2019-07-05,61.819389,62.326877,61.571916,62.279884,934200
2019-07-08,61.712859,61.976006,61.408993,61.797443,581400
2019-07-09,61.443449,62.282995,61.286820,62.182751,1347300
2019-07-10,62.865679,63.561121,62.583739,62.683983,1424100
2019-07-11,62.965912,63.094349,62.483484,62.859402,2578800
2019-07-12,63.019181,64.068616,63.019181,64.002831,1315500
2019-07-15,64.297295,64.804782,64.193917,64.563568,684300
2019-07-16,64.265969,64.394406,63.536067,63.877525,1124400
2019-07-17,64.247166,64.356810,63.839923,64.068604,786900
2019-07-18,64.046675,65.146228,64.046675,64.995865,1041600
2019-07-19,65.240210,65.519016,64.854900,64.920685,1311900
2019-07-22,65.205753,66.255187,65.205753,66.161209,2729700
2019-07-23,66.543385,67.010147,66.255186,67.010147,1297500
2019-07-24,67.473780,69.174798,67.473780,69.052628,2436300
2019-07-25,68.560805,68.592131,67.693066,67.893555,1846500
2019-07-26,68.382236,68.382236,67.821489,67.874748,626400
2019-07-29,67.758845,68.125363,67.185573,68.059578,2041800
2019-07-30,67.389195,68.047052,67.132321,67.906082,789600
2019-07-31,67.392327,67.495704,64.998993,65.653717,1374600
2019-08-01,65.374912,67.251359,63.802332,64.356812,2578800
2019-08-02,63.705222,64.259695,62.843751,63.407623,2328900
2019-08-05,61.549968,61.603227,60.118358,60.669697,2511300
2019-08-06,61.678402,62.226615,60.760546,61.443455,1479000
2019-08-07,60.466073,62.026127,60.466073,61.831905,2180400
2019-08-08,62.408315,63.567386,61.997938,63.545460,2165400
2019-08-09,62.871952,63.131958,62.007347,62.436516,1893600
2019-08-12,61.788036,62.336249,61.346334,61.618874,1178100
2019-08-13,61.618888,63.980896,61.208512,63.438950,2205000
2019-08-14,61.972885,62.455306,61.170925,61.487324,2766300
2019-08-15,61.825652,61.994815,60.842003,61.374550,965700
2019-08-16,62.019865,63.185203,62.019865,63.009781,1509900
2019-08-19,64.519720,64.751534,63.883795,64.168861,4550400
2019-08-20,64.146910,64.322339,63.589297,63.930756,732600
2019-08-21,64.457067,64.779725,64.181394,64.453934,700200
2019-08-22,64.591770,64.817318,63.783550,64.453934,5985600
2019-08-23,63.664497,64.109332,61.477918,61.653347,1682700
2019-08-26,62.586879,62.687123,61.935296,62.176510,997800
2019-08-27,62.627580,62.937713,61.647065,61.944664,1290600
2019-08-28,61.715997,62.477232,61.277428,62.336262,726000
2019-08-29,63.438954,64.212715,63.297984,63.833664,3748500
2019-08-30,64.453932,64.717072,63.852467,64.134399,1014600
2019-09-03,63.426426,63.686440,62.715317,63.078709,2833500
2019-09-04,64.043551,64.820445,64.043551,64.773453,1387800
2019-09-05,66.167461,67.548946,65.985766,66.765793,2037600
2019-09-06,66.944382,67.132344,66.499553,66.944382,1273500
2019-09-09,67.216898,67.749445,66.934965,67.188705,962400
2019-09-10,66.981954,67.489441,66.452540,67.489441,1291800
2019-09-11,67.877883,68.538867,67.448707,68.501274,1415400
2019-09-12,69.187308,69.328271,68.260045,68.654755,1719900
2019-09-13,68.742500,68.852144,68.200554,68.516953,1309500
2019-09-16,68.000079,68.357197,67.433073,68.075264,840900
2019-09-17,67.953061,68.313319,67.530159,68.225601,667800
2019-09-18,68.303929,68.350922,67.345347,68.350922,654900
2019-09-19,68.438634,68.651656,67.887288,67.902954,1057500
2019-09-20,68.090923,68.090923,66.411832,66.653046,1944900
2019-09-23,66.643615,67.761967,66.593496,67.439308,2110800
2019-09-24,67.709942,67.939647,65.969832,66.325409,1169400
2019-09-25,65.982420,67.653296,65.409727,67.436180,1033500
2019-09-26,67.433022,67.719365,66.850887,67.521126,1050600
2019-09-27,67.162397,67.300851,65.412853,65.941490,2070000
2019-09-30,66.234146,66.643213,65.941509,66.523643,1079700
2019-10-01,66.983042,67.838938,65.724381,65.900589,1820400
2019-10-02,65.538733,65.563904,64.509777,64.937721,1328700
2019-10-03,65.003790,66.095685,64.169926,66.079948,1603500
2019-10-04,66.416656,67.278840,66.275055,67.178146,1213200
2019-10-07,67.134103,67.442477,66.750207,66.784821,1224600
2019-10-08,65.925771,66.105126,64.641931,64.717445,2052000
2019-10-09,65.548154,66.221540,65.419142,65.774712,1358400
2019-10-10,65.843971,67.137253,65.843971,66.416664,1116300
2019-10-11,67.653290,68.767210,67.631266,67.983696,1947300
2019-10-14,67.936505,68.084401,67.596665,67.974266,1111200
2019-10-15,68.395899,69.607364,68.279476,69.468910,1204800
2019-10-16,69.075609,69.396573,68.285800,68.484039,1761600
2019-10-17,69.267517,69.446879,68.219684,68.600426,1289700
2019-10-18,68.477725,68.694841,67.269407,67.873566,807600
2019-10-21,68.534358,69.217186,68.364438,69.210892,1299900
2019-10-22,69.415436,69.453197,68.606743,68.606743,1130400
2019-10-23,67.344934,67.933363,66.872934,67.285149,1599300
2019-10-24,68.191365,69.015794,68.109556,68.949715,1912200
2019-10-25,69.179449,70.460142,69.141688,70.390915,1859700
2019-10-28,70.916397,71.728230,70.812557,71.671593,1158600
2019-10-29,71.734508,72.219097,70.928963,70.928963,1158300
2019-10-30,71.470203,71.485939,70.485295,70.954147,1061400
2019-10-31,70.834576,70.834576,69.676600,70.595428,862800
2019-11-01,71.262524,72.215965,70.932125,72.215965,1989600
2019-11-04,73.131658,73.899443,73.112774,73.823921,1991100
2019-11-05,74.047324,74.462679,73.653986,73.864815,1091700
2019-11-06,73.723219,73.745250,72.625036,73.370796,1633800
2019-11-07,74.465815,74.623153,73.509234,73.814461,1491600
2019-11-08,73.531259,74.232964,73.097020,74.185768,1048500
2019-11-11,73.559560,73.993799,73.279505,73.880524,836400
2019-11-12,74.066192,74.604271,73.742088,74.031578,1444200
2019-11-13,73.625663,74.289615,73.266946,74.110252,929700
2019-11-14,73.716919,73.930894,73.301564,73.864815,973800
2019-11-15,74.843431,75.170682,74.195216,74.541351,977400
2019-11-18,74.535047,74.827692,74.006410,74.371422,777000
2019-11-19,74.717548,74.827683,73.591039,74.000107,731700
2019-11-20,73.653984,74.022144,72.568391,73.128494,1412700
2019-11-21,72.618735,72.990042,72.030305,72.348122,2084400
2019-11-22,72.555793,72.955419,72.102670,72.272591,1028400
2019-11-25,72.961724,74.078791,72.961724,74.006416,1229100
2019-11-26,73.883691,73.996966,73.392807,73.729500,2139600
2019-11-27,74.028447,74.270741,73.930901,74.261299,775200
2019-11-29,74.012709,74.012709,73.370789,73.465187,615000
2019-12-02,73.540672,73.616187,72.181312,72.335495,1428900
2019-12-03,70.781093,71.287706,70.438105,71.215332,1932300
2019-12-04,72.197078,72.656489,72.130999,72.341820,1081500
2019-12-05,72.842144,73.002629,72.385881,72.703697,1404600
2019-12-06,73.603648,73.968660,73.471489,73.754684,1002300
2019-12-09,73.927745,73.993824,73.408549,73.417984,492900
2019-12-10,73.805021,74.210942,73.452592,73.729500,522600
2019-12-11,73.921468,75.353204,73.871125,75.239922,1458900
2019-12-12,75.126628,77.411105,75.126628,77.278946,2190300
2019-12-13,77.319858,78.115962,76.589827,76.939110,1735800
2019-12-16,77.786031,78.348117,77.615510,77.675507,2099100
2019-12-17,78.101813,78.177594,77.618668,78.026024,974100
2019-12-18,78.180729,78.180729,77.700743,77.984947,963900
2019-12-19,78.297590,78.613365,77.921812,78.613365,1063500
2019-12-20,79.159672,79.548084,78.790210,79.361771,1035600
2019-12-23,79.983872,80.024925,79.513361,79.614410,1356300
2019-12-24,79.791213,79.810157,79.339645,79.743843,504300
2019-12-26,80.081759,80.081759,79.538618,79.835449,654000
2019-12-27,80.163847,80.163847,79.409131,79.677544,1104000
2019-12-30,79.658604,79.658604,78.534426,79.077568,1118700
2019-12-31,78.667042,79.333335,78.629148,79.292282,604500
2020-01-02,80.290143,80.931175,79.892262,80.931175,1275300
2020-01-03,79.683856,80.116473,79.248081,79.421761,1235100
2020-01-06,78.423885,78.847033,78.079684,78.594406,1615200
2020-01-07,79.573327,80.356462,79.102816,80.040680,1146600
2020-01-08,80.198581,80.508039,79.627013,79.968056,1297800
2020-01-09,81.079624,81.079624,79.715453,80.473328,639600
2020-01-10,80.984883,80.984883,79.772290,80.005966,1952100
2020-01-13,80.564888,81.054342,80.318577,80.940666,950100
2020-01-14,81.155410,81.799601,80.694374,81.117516,896400
2020-01-15,81.231183,81.269077,79.927016,80.258583,1516500
2020-01-16,80.877507,81.559585,80.820662,81.528008,1708500
2020-01-17,82.023783,82.140617,81.496426,82.140617,1016700
2020-01-21,81.818532,82.377459,81.749061,82.093262,1653300
2020-01-22,82.696402,83.564794,82.456409,82.645874,1251300
2020-01-23,82.961661,83.346915,82.206945,83.271126,1077300
2020-01-24,84.486852,84.606845,81.812198,82.386917,1626300
2020-01-27,80.050163,80.211209,79.080722,79.241768,3212100
2020-01-28,80.138576,81.363803,79.693332,81.079605,2410500
2020-01-29,80.792236,80.994335,79.541749,79.589119,1242300
2020-01-30,79.150178,79.825946,78.029159,79.592270,1741800
2020-01-31,78.862829,78.925984,76.387115,76.753418,2155500
2020-02-03,76.987125,77.801831,76.936597,77.612366,1719300
2020-02-04,79.680694,80.157522,79.282813,80.037521,2465100
2020-02-05,81.562735,82.020620,80.672241,81.881676,2009100
2020-02-06,81.853265,81.970100,80.940662,81.929047,1068600
2020-02-07,80.965916,81.108019,79.898577,79.996475,1550700
2020-02-10,79.251263,81.161727,79.251263,81.117516,1212900
2020-02-11,81.903787,83.236380,81.903787,82.756393,1132500
2020-02-12,83.681639,84.155309,83.605850,84.032150,1554900
2020-02-13,83.337425,84.666860,83.236376,84.120560,1681800
2020-02-14,84.780553,85.058441,83.419541,83.839531,1366800
2020-02-18,82.566959,82.895368,82.131184,82.762741,2409900
2020-02-19,83.814244,85.007886,83.814244,84.849998,1575300
2020-02-20,84.584783,84.808984,82.386956,83.618500,2301300
2020-02-21,83.037431,83.110062,80.811179,81.133278,2479200
2020-02-24,77.325003,78.427071,76.734491,77.246056,3786600
2020-02-25,78.281781,78.398623,74.495584,74.943993,5127600
2020-02-26,75.559805,76.693451,74.587197,75.045082,4525200
2020-02-27,72.812515,74.306155,71.451502,71.580971,4172100
2020-02-28,69.086290,73.674567,68.877874,73.194588,4788900
2020-03-02,74.492448,75.787148,72.095681,75.787148,4137600
2020-03-03,76.125019,77.116570,72.629335,73.118797,2729700
2020-03-04,74.732417,76.854454,73.636666,76.854454,3355800
2020-03-05,74.950309,76.469209,73.917706,74.539795,3548700
2020-03-06,72.275647,73.598764,71.154628,72.910362,4851600
2020-03-09,67.093735,70.349426,66.313758,66.683220,6082500
2020-03-10,69.471542,71.123069,66.976877,71.059914,3859500
2020-03-11,68.811551,69.812577,66.342154,67.077919,2262900
2020-03-12,62.394927,64.949582,59.622381,59.723427,5859900
2020-03-13,63.285423,66.370593,59.732904,66.130600,4420200
2020-03-16,59.366595,62.167563,55.466713,56.060379,4817100
2020-03-17,57.554013,61.577046,55.046721,60.992851,4079100
2020-03-18,56.938241,58.984493,52.984680,55.981430,4131600
2020-03-19,54.955144,59.205540,53.802548,57.421387,2945100
2020-03-20,59.508692,60.557080,55.501447,55.785648,2942700
2020-03-23,56.401409,58.706602,55.043555,57.778210,2787600
2020-03-24,61.403356,64.213795,61.217049,64.027489,5754600
2020-03-25,64.596597,66.703766,62.280301,63.192879,2496000
2020-03-26,64.850077,67.717723,64.263871,67.442055,3301800
2020-03-27,65.312694,66.269634,63.877290,64.095924,2500800
2020-03-30,64.767689,66.523139,64.292387,66.326675,3341400
2020-03-31,66.336189,67.454731,64.457163,65.024361,4342200
2020-04-01,62.885515,64.390630,60.813198,61.465950,2938800
2020-04-02,60.936777,63.446367,60.806863,63.297443,3537900
2020-04-03,63.199196,64.000875,61.282152,62.099670,3110400
2020-04-06,64.796221,68.744392,64.796221,68.433861,5011800
2020-04-07,70.826223,71.098729,68.110668,68.189880,6696300
2020-04-08,69.336947,70.731165,68.367329,70.471329,3915900
2020-04-09,71.475803,72.027147,68.272270,68.947197,6792300
2020-04-13,68.684178,69.935803,68.129657,69.726669,3968100
2020-04-14,71.415578,72.942879,71.244476,72.942879,5871300
2020-04-15,71.412417,71.412417,70.106920,70.772339,3620400
2020-04-16,72.055651,72.914356,71.098710,72.759094,3338100
2020-04-17,74.039249,74.188179,72.420058,73.323128,2772600
2020-04-20,72.220442,73.294620,71.634235,71.729294,2713200
2020-04-21,70.610716,70.975112,67.993391,68.215202,3653100
2020-04-22,70.439635,72.686227,70.081578,72.344009,3341100
2020-04-23,72.347165,73.091803,71.368046,71.621536,2933100
2020-04-24,71.574001,73.272410,70.975117,73.110809,2887200
2020-04-27,74.055068,74.825053,73.744537,74.086754,3212400
2020-04-28,75.468313,75.845386,73.620980,73.703362,4094100
2020-04-29,75.012026,77.515277,74.872604,77.201576,3975900
2020-04-30,76.875200,76.970259,74.349764,74.476509,5172300
2020-05-01,72.518261,72.914343,70.502982,70.845200,6033600
2020-05-04,70.170305,71.523329,69.891460,71.434608,3381300
2020-05-05,72.765412,73.988520,72.201384,72.635498,4506300
2020-05-06,73.427697,74.657144,73.313629,73.525925,4407900
2020-05-07,74.825065,75.107080,73.817429,74.188164,2825700
2020-05-08,74.964498,76.456943,74.752195,76.377724,3885600
2020-05-11,75.661584,76.989259,75.522169,76.304825,3498300
2020-05-12,76.821335,77.078002,74.216687,74.280060,3764100
2020-05-13,74.641308,74.983526,71.745144,72.847839,6889500
2020-05-14,72.226762,74.869435,71.013154,74.796555,6521700
2020-05-15,72.290149,73.500580,71.846534,73.250252,5657100
2020-05-18,74.989843,77.024131,74.989843,76.615372,4940700
2020-05-19,76.631226,78.133180,76.336535,76.365059,4308000
2020-05-20,77.936716,79.695336,77.936716,79.178841,3791100
2020-05-21,79.204179,79.264382,77.058985,77.185738,3809700
2020-05-22,77.261779,77.657868,76.304838,77.527946,2462400
2020-05-26,79.603434,79.986846,78.237734,78.342300,4310400
2020-05-27,78.583127,79.549576,76.358721,79.549576,5297400
2020-05-28,78.966523,80.028030,77.385358,77.813126,4460100
2020-05-29,78.069794,80.018532,77.828981,79.806229,6282000
2020-06-01,79.394314,79.749209,78.668692,79.375305,2780100
2020-06-02,79.603425,81.149741,79.232690,81.089531,3159900
2020-06-03,82.293648,83.811441,82.271470,83.431206,1781700
2020-06-04,83.114326,84.815905,82.851328,84.191673,1948500
2020-06-05,86.203776,87.506096,85.798186,86.254471,2878200
2020-06-08,86.767831,86.904084,85.227859,86.077065,2531400
2020-06-09,85.208815,86.450939,84.831742,86.143578,1958400
2020-06-10,86.717098,87.268442,86.092867,86.447762,2579400
2020-06-11,84.255050,84.530726,80.867739,80.956459,3992100
2020-06-12,83.028777,83.706873,80.227672,82.059166,4613400
2020-06-15,80.253213,83.295420,79.973767,83.165222,2132400
2020-06-16,85.610394,86.153417,83.276340,84.787918,3384300
2020-06-17,85.594550,86.216966,84.937210,85.448479,1371300
2020-06-18,85.334110,85.746936,84.911756,85.289650,1340400
2020-06-19,86.359853,86.629777,84.645038,84.876854,2271300
2020-06-22,84.787951,85.702517,83.968652,85.502457,1286100
2020-06-23,86.334439,86.699628,85.654865,85.807289,1177800
2020-06-24,85.340499,85.791426,83.276368,83.924187,1974000
2020-06-25,83.822546,84.689482,82.542791,84.524353,1376400
2020-06-26,84.629163,84.711724,82.733338,82.939751,1637700
2020-06-29,82.961977,83.876543,81.917207,83.844788,2664900
2020-06-30,84.225860,86.337613,84.155997,86.016884,4086000
2020-07-01,86.096283,86.128038,84.835578,84.914963,1909200
2020-07-02,86.226477,86.753619,85.692975,85.953377,1787400
2020-07-06,87.642776,88.560518,87.369676,88.223907,2312700
2020-07-07,88.039712,88.579567,87.042586,87.182312,1893000
2020-07-08,87.846004,88.439840,87.156902,88.363625,1610700
2020-07-09,88.789148,90.078432,87.433177,89.535408,2007900
2020-07-10,89.773597,89.881568,88.369997,89.233749,966000
2020-07-13,90.497608,91.472515,87.598304,87.766609,2951700
2020-07-14,87.147389,89.440152,86.010529,89.217865,3124200
2020-07-15,89.932399,89.935575,87.696786,89.062286,2247000
2020-07-16,88.027028,89.014633,87.639605,88.728828,1344600
2020-07-17,89.020997,89.538611,88.741545,89.176598,1340400
2020-07-20,89.325829,91.193068,88.738345,90.939018,1783200
2020-07-21,91.612248,91.732924,90.103853,90.475395,1593900
2020-07-22,90.723082,91.462990,90.037156,90.773888,1240500
2020-07-23,90.821540,91.529692,88.598633,89.386177,2006100
2020-07-24,87.804725,89.236911,86.620236,87.982559,2717400
2020-07-27,89.093998,90.761176,89.030488,90.723076,2324400
2020-07-28,90.059392,90.176892,88.792335,88.970169,1822500
2020-07-29,89.760903,91.174032,89.665637,90.802490,1452000
2020-07-30,90.538906,92.676069,90.516680,92.590332,2717400
2020-07-31,92.822164,92.866624,90.808846,92.215630,1928400
2020-08-03,92.777710,94.114631,92.765012,93.889160,1654200
2020-08-04,93.889160,95.349933,93.841530,95.267365,1452900
2020-08-05,95.118102,95.591262,94.505215,95.168915,1741500
2020-08-06,95.095869,95.273703,94.152724,95.118095,1096200
2020-08-07,95.010120,95.362604,92.917410,94.060616,1364700
2020-08-10,94.343262,94.457586,92.695141,94.057465,1326900
2020-08-11,93.949476,94.921200,92.790389,93.076187,2116500
2020-08-12,93.866918,96.337523,93.565239,96.083473,1945800
2020-08-13,96.083482,96.181924,94.654472,95.127632,1522200
2020-08-14,95.432463,96.181900,94.733839,95.070450,1088700
2020-08-17,95.854843,96.594751,95.635724,96.140640,928500
2020-08-18,96.686814,96.756677,95.359423,95.632523,1020300
2020-08-19,95.750031,95.924689,94.800534,95.089508,1197600
2020-08-20,93.997100,94.679849,93.542997,94.244797,1899300
2020-08-21,94.060619,94.956134,93.701782,94.883095,1239300
2020-08-24,95.981852,96.213668,95.121268,95.870705,1043700
2020-08-25,96.061240,96.877363,95.867524,96.801147,1089900
2020-08-26,97.020261,97.458497,96.616964,97.112358,1019700
2020-08-27,97.537876,97.537876,95.397538,96.007248,1660200
2020-08-28,96.124740,97.817321,95.956434,97.779213,1711200
2020-08-31,97.712544,98.379419,96.934528,97.560120,1013400
2020-09-01,98.341305,99.563902,97.830037,99.497215,1414200
2020-09-02,101.065921,102.971268,100.100543,102.380608,2971800
2020-09-03,100.735664,100.961135,95.997708,96.670929,3921000
2020-09-04,96.026317,97.315601,92.256900,95.667473,3466800
2020-09-08,92.231493,93.924074,91.062885,91.196259,3036000
2020-09-09,93.508069,94.460742,92.279119,93.679550,1914600
2020-09-10,94.946601,95.226053,91.866293,92.409317,1914000
2020-09-11,93.053979,94.016181,91.377271,92.383934,1524300
2020-09-14,94.235270,94.822754,93.508067,94.232094,1155600
2020-09-15,95.521406,96.518533,95.356270,95.858017,1259700
2020-09-16,96.547091,96.661415,94.813226,94.959305,1217400
2020-09-17,92.539527,95.064113,92.215622,94.911682,1714800
2020-09-18,95.346743,95.588087,92.209270,93.425514,1210800
2020-09-21,91.666239,93.257202,90.878695,93.257202,2331600
2020-09-22,93.854224,94.349611,92.218801,94.219414,1096200
2020-09-23,94.244577,94.751318,91.704486,92.045502,1896000
2020-09-24,91.283807,94.113917,91.216879,92.823158,2350500
2020-09-25,92.985695,94.394378,91.592951,94.097977,1614300
2020-09-28,95.433341,96.784659,94.815050,96.689041,1836000
2020-09-29,96.771925,97.823654,96.625318,96.915344,1915500
2020-09-30,96.851604,98.037188,96.513776,97.081070,1947600
2020-10-01,98.400513,99.347075,97.947955,99.159035,2045400
2020-10-02,96.596640,98.190175,96.051653,96.185509,2008500
2020-10-05,97.061928,99.280122,96.931253,99.190880,1540200
2020-10-06,99.270563,101.096745,98.314445,98.719200,1888800
2020-10-07,100.124719,100.918299,100.108780,100.609154,1249200
2020-10-08,101.530201,102.062437,101.211493,101.855278,979800
2020-10-09,103.327707,103.936435,102.935702,103.646416,1967400
2020-10-12,105.016854,105.724380,104.494174,105.185768,1591500
2020-10-13,105.364244,105.893300,104.522863,104.997734,2298900
2020-10-14,105.434361,105.756257,103.977876,104.573860,1562400
2020-10-15,102.623377,104.497368,102.409842,104.293396,1207200
2020-10-16,105.013658,105.204879,103.713337,103.796196,865800
2020-10-19,104.647162,105.265453,102.878345,103.273544,1208700
2020-10-20,103.738836,104.019299,102.862397,103.104614,1048800
2020-10-21,103.350017,103.557176,102.330158,102.413025,1074300
2020-10-22,102.540507,102.986696,101.211503,102.454460,905100
2020-10-23,102.062452,102.094322,101.128641,102.094322,786000
2020-10-26,101.221051,101.584374,98.578975,99.882484,1671300
2020-10-27,100.574092,100.819497,99.146290,99.490486,890100
2020-10-28,97.922453,97.922453,96.073957,96.233315,1481100
2020-10-29,96.249260,99.704036,96.115404,98.674614,1504500
2020-10-30,97.632417,98.269827,96.070759,97.358330,1337100
2020-11-02,98.269856,98.719233,96.867548,97.705750,1456200
2020-11-03,98.566239,100.392428,98.547120,99.547859,1385100
2020-11-04,101.670436,103.563546,100.456161,103.028122,3026700
2020-11-05,106.004846,107.923451,105.909228,107.655739,2808600
2020-11-06,107.400777,109.810192,107.053386,109.411812,2016000
2020-11-09,112.350276,112.748656,108.130603,108.136978,1920900
2020-11-10,107.168129,107.627062,104.621663,104.892563,1862100
2020-11-11,106.511587,108.863637,106.502024,108.672417,1670400
2020-11-12,108.844523,109.102679,106.760191,107.330673,1203600
2020-11-13,108.608666,109.552041,107.869270,108.646912,1070700
2020-11-16,109.536087,111.349525,109.236505,111.349525,1456200
2020-11-17,110.954344,110.986214,109.612589,110.431664,1371600
2020-11-18,110.626076,111.387786,109.539290,109.609406,1361100
2020-11-19,109.217404,111.333613,108.717031,111.228439,1056300
2020-11-20,111.266669,112.206849,110.578263,110.708931,1369500
2020-11-23,111.202924,112.678534,110.845977,112.286530,1374900
2020-11-24,113.092869,113.099244,111.158325,112.898460,1824600
2020-11-25,113.064191,113.516755,112.184564,112.649872,974100
2020-11-27,113.363761,114.657707,113.363761,113.991615,1713300
2020-11-30,114.182823,115.444899,112.739082,115.311043,1874100
2020-12-01,116.327727,117.956321,115.948466,117.213730,2005200
2020-12-02,116.885462,118.137975,116.767538,117.557930,2141400
2020-12-03,118.239978,118.931573,117.551579,117.710930,1096800
2020-12-04,118.239966,120.993592,118.051933,120.920288,1624500
2020-12-07,121.605500,121.618243,120.375294,121.532196,1657800
2020-12-08,121.446166,122.399096,120.850189,121.924225,1203000
2020-12-09,121.462092,122.271604,117.768287,118.488564,1949400
2020-12-10,117.475081,119.339509,117.079881,118.322838,1967400
2020-12-11,117.484620,117.994557,115.884717,117.172295,1605900
2020-12-14,118.263526,119.196037,118.001650,118.480682,1313400
2020-12-15,120.077480,120.530959,119.288673,120.131767,1102500
2020-12-16,120.697030,120.697030,119.250350,120.202026,1342500
2020-12-17,120.990835,120.990835,119.895447,120.422386,1240200
2020-12-18,120.582061,120.805606,119.084288,119.707031,1160100
2020-12-21,118.193266,119.275877,117.193683,119.173683,1799700
2020-12-22,119.202434,119.279081,118.004853,118.998047,668700
2020-12-23,119.196052,119.390864,118.001665,118.103859,1257000
2020-12-24,118.732977,119.212010,118.375297,119.157722,574200
2020-12-28,120.556510,120.620380,118.851148,119.026794,1108500
2020-12-29,119.639933,119.639933,117.404454,118.720192,1334700
2020-12-30,119.378061,120.910963,119.266285,120.709770,1159800
2020-12-31,120.834320,121.281410,119.956090,121.092995,1193100
2021-01-04,121.878637,124.478186,119.713408,120.585251,2487600
2021-01-05,120.489433,123.050652,120.396815,123.050652,1670700
2021-01-06,121.706179,125.062600,121.536921,122.651474,3215100
2021-01-07,124.446224,127.591877,124.446224,127.278915,1809000
2021-01-08,129.102448,129.693257,125.851422,127.346001,2119800
2021-01-11,126.241007,129.654917,126.145210,128.636169,1627500
2021-01-12,129.463327,130.667296,128.288098,129.415421,4503900
2021-01-13,130.613011,130.897232,129.118432,129.626205,1200000
2021-01-14,131.235737,133.892768,131.235737,132.372650,1748400
2021-01-15,132.225751,132.372657,128.936394,129.680496,2403900
2021-01-19,131.813776,134.218529,131.504001,134.129105,2517000
2021-01-20,135.585366,136.042046,133.337109,133.650070,1851000
2021-01-21,134.917899,136.125056,133.528708,135.582153,2540400
2021-01-22,134.480372,135.061591,133.212533,133.282791,1668300
2021-01-25,134.397362,134.742266,130.903617,133.474426,1683300
2021-01-26,133.547853,133.547853,131.293208,131.305984,1224900
2021-01-27,129.019415,129.035379,123.983186,124.490959,5391300
2021-01-28,126.997860,129.048117,125.998277,127.221397,3369900
2021-01-29,127.649363,128.106043,124.586745,125.001907,2761800
2021-02-01,127.132025,130.335145,126.710474,129.939148,1923300
2021-02-02,132.107543,132.212931,130.264859,132.046860,2429400
2021-02-03,132.551460,132.931493,129.019400,129.364304,2767800
2021-02-04,128.955536,130.526761,128.048564,130.424561,1832400
2021-02-05,131.398560,131.398560,129.338727,129.533539,1462800
2021-02-08,130.405408,133.519120,130.399035,133.420120,1947300
2021-02-09,133.033717,133.966228,132.286413,133.027328,1383300
2021-02-10,134.129069,134.828453,131.577427,133.289169,2220300
2021-02-11,134.390960,138.002869,134.390960,137.903870,2112600
2021-02-12,137.498296,139.880682,136.795726,139.609238,1925100
2021-02-16,141.273081,141.784055,139.711430,140.311829,3152400
2021-02-17,139.107841,139.622003,136.016483,137.907059,2785200
2021-02-18,136.195340,137.121477,134.780595,136.489151,2247600
2021-02-19,138.558570,140.608828,138.274334,139.778503,2254500
2021-02-22,137.961325,138.932166,134.240842,134.713486,2652000
2021-02-23,132.238505,134.710314,128.406245,133.701141,4029300
2021-02-24,132.867607,138.184869,131.670026,138.037964,3144900
2021-02-25,136.428453,137.332238,129.635776,130.175491,5339700
2021-02-26,132.308761,134.371782,129.674083,133.142273,4558800
2021-03-01,135.160601,137.530224,134.135479,137.386505,2316600
2021-03-02,137.942209,137.942209,133.116754,133.266861,3177600
2021-03-03,133.407356,133.694764,127.978317,129.188675,4425900
2021-03-04,128.770308,129.377080,121.147306,122.970825,7243500
2021-03-05,125.800328,127.087318,119.933773,126.659393,6307800
2021-03-08,126.496513,127.010674,119.777274,119.825180,7349100
2021-03-09,124.165212,128.125212,123.797941,127.269333,4132800
2021-03-10,129.463326,129.504843,124.867798,124.867798,4082400
2021-03-11,128.581920,130.865306,127.904874,130.124405,3689400
2021-03-12,127.741987,128.987474,126.822253,128.751160,3153600
2021-03-15,129.440993,131.644531,128.502079,131.465698,3894900
2021-03-16,133.020908,135.278740,132.388582,133.164612,6785100
2021-03-17,131.325151,135.898312,130.328770,134.841248,5773800
2021-03-18,132.966666,133.228535,129.112054,129.262146,6042900
2021-03-19,129.520789,132.014950,127.869714,130.858887,6614100
2021-03-22,132.465264,135.192554,131.963879,133.627716,3130200
2021-03-23,134.145019,134.381348,129.514377,130.114761,5638800
2021-03-24,132.280061,132.816575,128.268953,128.329636,6608100
2021-03-25,126.347784,129.089807,125.045552,128.465897,5580000
2021-03-26,128.565082,135.053802,128.478697,134.807434,6493800
2021-03-29,133.546827,134.058750,131.150343,132.740524,6540600
2021-03-30,131.694271,132.702138,130.859188,132.423782,4263600
2021-03-31,133.674822,136.685608,133.412460,135.658554,5968200
2021-04-01,138.019809,140.726652,137.968620,140.646667,7380000
2021-04-05,142.959926,143.903803,141.248165,143.484665,6504000
2021-04-06,142.639959,143.519846,140.470657,141.881668,5913000
2021-04-07,142.028878,142.515214,140.713859,141.788910,3296400
2021-04-08,143.311939,143.567915,142.092913,143.404724,4276500
2021-04-09,142.243269,143.097554,141.644946,142.956772,2466000
2021-04-12,142.208015,142.208015,140.205082,141.420914,2607900
2021-04-13,142.499239,142.700818,139.789203,141.197021,3328500
2021-04-14,140.928248,141.996899,138.880511,139.645218,4996200
2021-04-15,141.078626,142.278465,139.993968,141.984100,5672400
2021-04-16,141.984064,142.275221,141.008199,141.318558,2712600
2021-04-19,140.278738,140.749080,136.340069,137.603912,8922300
2021-04-20,137.152745,137.722258,134.842646,135.642548,5374500
2021-04-21,135.748137,139.251659,135.188202,139.200470,4321800
2021-04-22,138.912525,139.098096,135.341804,136.170486,5433000
2021-04-23,136.727208,139.226072,136.560839,138.653351,3996300
2021-04-26,138.832528,141.369779,138.582952,141.193802,3577800
2021-04-27,141.747310,141.849689,139.709181,140.134720,4878300
2021-04-28,139.357264,139.424447,137.847066,138.007050,2356200
2021-04-29,139.968396,140.051574,136.887204,138.902939,3237000
2021-04-30,136.864775,137.671062,134.705065,135.031418,3900000
2021-05-03,135.991282,136.132064,132.881295,133.626801,3222900
2021-05-04,131.886283,131.937487,128.945886,131.374359,6061800
2021-05-05,133.022068,133.831564,131.204720,132.196579,4808700
2021-05-06,131.950223,133.313253,130.449634,133.281250,3656400
2021-05-07,134.637870,136.032887,134.001158,135.111404,2871600
2021-05-10,133.930764,133.930764,128.875449,129.102615,6354600
2021-05-11,125.163967,129.633761,124.716019,129.275406,6719400
2021-05-12,126.571757,127.320455,123.509781,124.008904,7754100
2021-05-13,126.159028,127.534844,124.332072,125.589500,4862400
2021-05-14,127.419659,130.648018,126.181417,129.476974,4663500
2021-05-17,128.277143,128.456313,126.203819,128.347534,3365100
2021-05-18,129.553742,129.800110,127.240450,127.314049,2354700
2021-05-19,124.847162,129.931272,124.319231,129.796890,4127400
2021-05-20,130.766365,133.761157,130.670373,133.210831,5020800
2021-05-21,134.151542,134.202746,132.254209,132.474976,5250000
2021-05-24,133.860394,136.554436,133.742006,135.821732,3373800
2021-05-25,136.819969,137.255115,135.456954,136.224854,4363500
2021-05-26,136.324060,137.181552,135.348196,136.589630,2492400
2021-05-27,136.336799,137.853397,135.981652,137.165482,3302700
2021-05-28,137.683836,139.104440,137.440661,138.438934,2179500
2021-06-01,139.485209,140.585862,137.338301,138.051804,3373500
2021-06-02,137.946256,139.456453,137.507916,138.893326,2140500
2021-06-03,137.335076,137.933398,135.866475,136.506393,3247500
2021-06-04,137.677467,140.099538,137.677467,139.821182,2821500
2021-06-07,139.158845,139.414807,137.927004,138.733307,2376300
2021-06-08,139.814803,140.057963,136.899995,137.939850,2534400
2021-06-09,138.397368,138.797319,137.261520,137.261520,2607000
2021-06-10,137.480006,139.379621,137.191698,138.838242,2165100
2021-06-11,139.254683,139.539780,138.469853,139.539780,1765200
2021-06-14,139.892159,141.522690,139.072091,141.522690,3673800
2021-06-15,141.144671,142.006384,139.901753,140.363052,2388300
2021-06-16,140.798712,141.205549,137.938094,139.043259,3614700
2021-06-17,138.662015,141.570700,138.556302,140.542404,3873000
2021-06-18,139.578226,139.680728,136.422878,137.178879,2889900
2021-06-21,137.335850,137.925283,136.169815,137.685028,2233200
2021-06-22,137.890056,138.732545,137.118027,138.335327,1737900
2021-06-23,138.681276,139.693544,138.636419,138.911911,1889400
2021-06-24,140.263725,141.647578,140.116366,141.272781,1428300
2021-06-25,141.871851,142.099290,140.491195,140.888412,1343100
2021-06-28,141.759710,144.850991,141.759710,144.251953,2651100
2021-06-29,144.082205,145.594207,143.608104,145.382782,1748100
2021-06-30,145.248158,145.783128,144.533803,145.504425,1317300
2021-07-01,145.357116,145.357116,142.932150,143.419067,2264100
2021-07-02,144.309623,144.642773,143.166009,144.293610,1827000
2021-07-06,144.684439,145.152131,142.211419,144.046967,2001900
2021-07-07,144.953472,144.966288,141.266379,141.865402,1888200
2021-07-08,138.876690,140.712237,137.813171,140.042725,2000100
2021-07-09,140.504005,142.592609,139.491722,142.326736,1833000
2021-07-12,142.935394,144.152679,142.390818,144.152679,3949800
2021-07-13,143.550478,144.197555,142.813701,143.576096,2122200
2021-07-14,144.556265,145.783170,142.502900,142.912933,2256600
2021-07-15,142.224186,142.531718,138.681240,139.741562,2657100
2021-07-16,140.177213,140.885175,136.378000,136.704742,2571600
2021-07-19,134.837212,136.791274,134.065183,136.567047,4068000
2021-07-20,137.223709,139.478909,135.503493,138.428192,3201000
2021-07-21,138.956791,142.746401,138.956791,142.679123,2039400
2021-07-22,141.964743,142.615031,140.785906,141.836609,1185000
2021-07-23,142.499723,142.701543,140.801928,142.560593,1312500
2021-07-26,142.012793,142.922561,141.660418,142.605423,1123200
2021-07-27,142.198595,142.198595,137.031526,139.988266,2508000
2021-07-28,140.497593,142.874505,139.821672,142.275467,2289600
2021-07-29,142.816851,145.623021,142.762389,145.177750,2303700
2021-07-30,143.864332,146.664094,143.864332,146.366180,2320200
2021-08-02,147.769304,149.117935,146.930012,147.291992,2864100
2021-08-03,147.618758,148.413193,145.892119,148.413193,1769100
2021-08-04,148.701493,150.645950,148.480448,149.925186,1626000
2021-08-05,150.645936,151.001508,149.098697,149.950806,1420200
2021-08-06,149.069895,149.954030,148.813628,149.204437,1233000
2021-08-09,149.806633,149.893121,148.070390,148.698257,1065900
2021-08-10,148.919271,149.175538,145.898465,146.971603,2695500
2021-08-11,147.372079,147.577095,144.748489,146.468719,1296900
2021-08-12,145.988206,145.988206,143.694571,144.895844,1531500
2021-08-13,144.562685,145.828024,144.437748,145.805603,1060200
2021-08-16,145.254647,145.639048,144.046966,145.264252,1143900
2021-08-17,144.056574,144.056574,141.119073,142.451675,1850700
2021-08-18,142.253094,143.124412,140.382308,140.568115,1879200
2021-08-19,139.687097,142.496478,138.604354,141.721252,2175600
2021-08-20,142.099264,143.037861,141.083799,142.784790,1798200
2021-08-23,144.268013,147.000512,144.268013,146.805099,2181000
2021-08-24,147.227950,147.676433,146.552043,146.805099,1662900
2021-08-25,147.384868,149.015398,147.301591,147.923050,2274300
2021-08-26,147.746880,148.637423,146.849929,148.060806,2284500
2021-08-27,148.144127,151.065615,147.935898,150.886230,2404500
2021-08-30,151.501274,152.651296,150.645968,151.187347,2519400
2021-08-31,151.350681,151.552487,148.810384,149.979630,2107800
2021-09-01,150.732410,150.882965,149.162750,149.162750,1632600
2021-09-02,149.870709,150.181438,149.140341,149.720154,1501500
2021-09-03,149.745780,151.427560,149.412614,150.841339,1356000
2021-09-07,150.918188,150.924596,149.396582,150.287125,1640700
2021-09-08,149.598402,149.752154,147.067725,148.361893,3087900
2021-09-09,148.262666,149.765048,148.172966,148.884125,3921000
2021-09-10,150.107793,152.346966,150.053331,150.066147,2959200
2021-09-13,151.578157,151.818412,149.454301,151.504471,2835900
2021-09-14,151.892084,152.660901,150.818945,151.510880,2581500
2021-09-15,151.629352,152.385353,150.344789,152.382156,3770400
2021-09-16,151.280218,153.183029,150.652351,152.673691,1655100
2021-09-17,152.270049,152.270049,149.559972,150.239090,2426700
2021-09-20,147.035690,147.605898,144.360850,146.519943,3124800
2021-09-21,147.615528,148.054391,145.616609,146.952423,2214000
2021-09-22,148.108854,150.348027,147.567475,150.002060,1309200
2021-09-23,150.713202,152.481485,150.171837,152.000977,2407200
2021-09-24,150.847211,152.150967,150.606369,151.826645,1191900
2021-09-27,150.201722,152.051384,149.312221,151.457306,1339800
2021-09-28,148.596153,149.459958,145.532639,145.532639,5448000
2021-09-29,145.856931,146.284019,142.957188,143.236572,6776400
2021-09-30,144.594907,145.539002,143.140214,143.178757,4524900
2021-10-01,143.747156,144.016897,140.918075,143.271896,3114900
2021-10-04,142.530068,142.616767,139.155080,139.582169,4161900
2021-10-05,140.250125,142.677813,140.015707,141.695175,3156000
2021-10-06,140.118481,142.356703,139.633578,142.247513,3410700
2021-10-07,144.084379,145.818427,143.727923,143.910965,1913400
2021-10-08,144.427923,144.614169,142.321367,142.436966,1672200
2021-10-11,141.871806,143.882034,141.431870,141.483246,1532100
2021-10-12,142.375974,142.584711,139.129432,139.717087,3201900
2021-10-13,140.728620,141.396550,140.063894,140.523102,1756500
2021-10-14,143.114569,144.896789,142.716366,144.883942,2486100
2021-10-15,145.946883,146.287272,145.111963,145.850540,1639500
2021-10-18,144.983515,147.074020,144.151800,147.025848,1352700
2021-10-19,147.363025,148.827347,146.691890,148.827347,1394100
2021-10-20,148.291065,149.100304,147.876824,148.519073,1261500
2021-10-21,147.565278,150.208112,147.497850,150.015442,1303200
2021-10-22,149.225514,150.766906,148.075900,148.332794,3284400
2021-10-25,149.090625,150.208134,148.551142,149.350739,1684800
2021-10-26,150.519656,151.055934,148.936530,149.463165,1879200
2021-10-27,148.554396,150.131098,147.863975,148.390625,3226200
2021-10-28,150.371935,151.858733,150.102193,151.736710,3278100
2021-10-29,150.455393,152.433502,150.285199,152.414246,2135700
2021-11-01,152.597319,154.935089,152.211978,154.899765,2547300
2021-11-02,154.816233,156.832870,154.816233,156.826447,2225400
2021-11-03,157.028783,158.827070,156.421857,158.634399,2175000
2021-11-04,160.426283,164.706839,159.552820,163.971466,4080900
2021-11-05,164.992579,167.063826,164.148031,165.792175,4534800
2021-11-08,166.819809,169.128679,166.216103,168.033661,2921400
2021-11-09,169.709910,169.902580,166.222527,168.033661,2722800
2021-11-10,164.880165,167.134454,162.368997,163.078674,3934200
2021-11-11,165.776178,166.925792,164.494898,166.527603,2283000
2021-11-12,167.105589,168.952032,166.183955,168.155655,1970400
2021-11-15,169.414441,169.414441,166.302757,168.030396,2318100
2021-11-16,167.272579,170.856304,167.070280,170.548035,2023200
2021-11-17,170.634750,170.634750,168.531398,169.359894,1575600
2021-11-18,172.439419,173.055973,170.548010,172.192154,1997100
2021-11-19,172.217810,173.839478,171.360414,172.670593,3405900
2021-11-22,173.662889,176.013506,169.937869,170.169083,4422600
2021-11-23,169.986047,171.129251,166.636740,169.485092,2422800
2021-11-24,168.155709,171.434370,166.473022,171.347656,2117100
2021-11-26,168.113902,169.636023,165.352249,166.578934,2448000
2021-11-29,169.048434,173.367533,168.412608,172.982178,2412300
2021-11-30,172.301331,173.916575,168.499240,169.950714,3264300
2021-12-01,172.442639,175.486881,168.582748,168.592377,3112500
2021-12-02,166.855128,170.011765,165.580272,168.836456,3124500
2021-12-03,171.225612,172.921147,166.517968,168.409378,2490900
2021-12-06,168.081819,168.708016,162.931020,168.194214,2091600
2021-12-07,171.954542,177.028270,171.954542,176.681458,2692200
2021-12-08,175.743818,175.897960,173.720741,175.531876,1666500
2021-12-09,174.494606,176.235078,171.344393,171.495316,1674000
2021-12-10,174.693736,175.525437,170.971920,173.113815,2020500
2021-12-13,173.796654,173.873851,168.206510,168.502411,2286600
2021-12-14,166.434243,168.576388,165.507904,167.691864,2888100
2021-12-15,168.032801,174.005716,165.774870,173.848114,2344200
2021-12-16,174.555729,175.047852,165.266678,166.263779,2797800
2021-12-17,164.626586,168.515249,164.076569,165.871338,2702100
2021-12-20,163.459027,165.855272,162.777145,164.571915,2145900
2021-12-21,168.280446,170.589836,165.980700,170.509430,1624200
2021-12-22,169.631362,172.281708,168.750063,172.281708,2134800
2021-12-23,172.625867,175.073571,172.622657,173.947830,2100300
2021-12-27,174.584688,178.753190,174.542887,178.714600,2503500
2021-12-28,179.541194,179.566931,175.925933,176.742905,1974900
2021-12-29,176.675361,178.119545,175.929151,177.013092,1254900
2021-12-30,176.635011,177.368573,174.466534,175.010269,1361700
2021-12-31,175.190484,176.355159,174.463358,174.482666,1217400
2022-01-03,175.656955,178.124642,174.965219,177.950912,1699800
2022-01-04,178.742349,179.855550,173.131323,177.403946,3504600
2022-01-05,176.046259,177.558422,171.223479,171.377914,3751800
2022-01-06,171.352173,173.517439,169.495778,172.709885,2934300
2022-01-07,172.542589,173.173190,167.176073,167.700500,2284500
2022-01-10,165.625300,168.125168,162.153796,167.761612,5377500
2022-01-11,167.198590,171.117305,165.963134,170.917831,3157200
2022-01-12,172.568329,173.758748,170.457761,172.172607,3571500
2022-01-13,174.804395,176.261844,167.726243,168.154144,3268800
2022-01-14,166.822177,172.339904,166.799658,172.179047,3401700
2022-01-18,169.428205,169.450724,164.122809,164.483154,7686000
2022-01-19,165.818343,166.838243,159.531678,159.644272,9931800
2022-01-20,160.876524,162.153808,154.432198,154.638107,8349900
2022-01-21,153.557078,157.923003,151.726413,152.064224,13946100
2022-01-24,148.885509,154.087943,143.792473,153.801605,15465300
2022-01-25,149.847441,151.690978,147.209221,148.061813,10710300
2022-01-26,152.218641,156.610309,148.061838,150.336502,8508000
2022-01-27,151.822905,152.006295,143.161839,143.644440,8400900
2022-01-28,143.528624,146.398483,139.400775,146.398483,7173000
2022-01-31,147.132047,154.496537,146.321282,154.261673,7846800
2022-02-01,155.770612,156.021559,151.662071,155.545395,4068900
2022-02-02,158.688749,159.875942,156.446264,159.473770,5229000
2022-02-03,155.461720,158.032369,151.948388,152.533951,6506400
2022-02-04,151.822918,154.721747,149.767050,153.409073,5061300
2022-02-07,153.788692,155.883177,152.743063,153.322189,3501900
2022-02-08,152.672331,157.517645,152.418158,157.199127,2941200
2022-02-09,159.271076,162.375800,157.276328,162.356506,5061000
2022-02-10,158.395998,163.402171,156.401235,157.295654,4614000
2022-02-11,157.559450,158.704816,148.219520,149.290894,7881900
2022-02-14,149.799246,152.450339,147.482769,149.432480,5697300
2022-02-15,152.665904,158.087121,152.260521,157.678513,4881000
2022-02-16,155.741668,158.315528,154.364633,157.729980,2713200
2022-02-17,155.635478,155.851034,151.571975,151.806839,6003000
2022-02-18,151.877633,152.437451,148.023264,150.111313,5866200
2022-02-22,148.489767,152.778474,146.829620,149.197571,8370000
2022-02-23,150.928514,152.501796,145.172697,145.642426,6525600
2022-02-24,139.979921,151.211637,139.642095,150.970337,8669100
2022-02-25,150.963912,153.486313,148.824389,153.486313,7065000
2022-02-28,151.488331,153.907770,149.480710,152.553268,4359300
2022-03-01,151.935545,152.820318,145.410790,147.022675,4265700
2022-03-02,148.245238,152.755950,147.900990,151.697449,2850600
2022-03-03,152.624028,152.669081,147.611422,148.515488,4177800
2022-03-04,147.067711,148.364303,142.946313,144.574280,4443300
2022-03-07,145.005396,146.038153,137.293433,137.322388,5869200
2022-03-08,138.258655,145.066538,135.951824,139.954193,7909500
2022-03-09,144.664369,146.919711,143.017093,145.819382,4699800
2022-03-10,143.239074,143.380638,140.018516,142.827255,4805700
2022-03-11,144.899259,145.166289,139.478042,139.761169,6524400
2022-03-14,139.342911,140.066812,134.600558,135.237579,5683800
2022-03-15,136.592063,141.788062,135.736260,141.453461,3980400
2022-03-16,143.853588,148.760037,142.293192,148.737518,4868700
2022-03-17,147.051605,149.654434,145.915885,149.654434,4133100
2022-03-18,148.612053,153.193534,147.691889,152.575806,5004600
2022-03-21,151.987009,153.521690,149.551487,152.273361,4801500
2022-03-22,151.996681,154.927675,151.845470,153.116318,2886600
2022-03-23,151.716738,153.573148,149.216871,149.258698,3530400
2022-03-24,150.797919,156.915959,150.179023,156.793472,5002500
2022-03-25,156.619394,157.044872,153.844022,156.438873,3103200
2022-03-28,155.500853,157.654099,153.260580,157.654099,2735700
2022-03-29,160.168386,161.522216,158.011909,161.267563,3093600
2022-03-30,160.020099,160.587423,155.281667,156.110092,3269100
2022-03-31,155.994035,156.687062,152.148496,152.557861,3369300
2022-04-01,153.202572,153.560366,147.368180,149.602020,5391900
2022-04-04,149.992032,152.245187,149.427924,152.032440,2705100
2022-04-05,150.788236,150.917186,144.647635,145.034439,4054800
2022-04-06,141.830377,143.996504,140.218663,141.427444,4836900
2022-04-07,141.234035,143.006910,138.771335,141.736893,3511800
2022-04-08,140.560338,140.611909,137.997727,138.220139,4500300
2022-04-11,136.176495,137.317577,135.067638,135.380310,4291800
2022-04-12,138.242696,139.264523,134.261773,134.967712,5894700
2022-04-13,135.841265,138.826153,135.003190,137.872025,3309000
2022-04-14,138.771341,138.803582,133.884644,134.058716,5903400
2022-04-18,133.388242,137.585143,133.223849,136.379578,3630300
2022-04-19,135.834808,139.661018,135.144997,139.367676,3036600
2022-04-20,141.572469,142.800595,138.568252,139.058212,3826200
2022-04-21,140.769832,142.336407,134.648562,135.348038,3600300
2022-04-22,135.135306,135.886367,132.114961,132.337387,4569000
2022-04-25,131.257543,134.609890,130.864276,134.574432,6353700
2022-04-26,132.756441,132.988518,128.456399,128.607895,5844000
2022-04-27,127.189600,131.102824,126.902707,127.905190,4350300
2022-04-28,130.474241,136.395646,128.830287,134.954788,4923300
2022-04-29,133.062675,135.644630,128.814203,129.188126,4188300
2022-05-02,129.307369,133.649317,128.295221,133.501038,4635300
2022-05-03,133.146502,135.663991,132.221383,134.606720,2300100
2022-05-04,135.605935,140.060705,131.418714,139.828613,4259400
2022-05-05,137.320783,137.527081,131.073809,133.056213,4597200
2022-05-06,131.837754,134.806528,129.381517,131.869995,3950400
2022-05-09,129.020486,130.593510,124.420668,125.155617,5058600
2022-05-10,128.933459,130.367884,125.207190,128.001892,4476600
2022-05-11,126.909162,129.897266,123.859807,124.220833,5066100
2022-05-12,122.686492,126.016285,121.629207,124.975113,5345100
2022-05-13,127.166983,132.272888,126.493300,131.354202,4724400
2022-05-16,130.019730,131.392904,128.865737,129.355698,2372400
2022-05-17,132.730645,135.986298,132.231019,135.638168,3193200
2022-05-18,133.397885,135.251340,128.253305,128.801285,3581100
2022-05-19,128.172721,131.309104,126.905921,128.021225,3303300
2022-05-20,130.541948,130.551613,122.222309,127.953545,4083900
2022-05-23,126.960701,128.846412,125.980794,128.504730,3639300
2022-05-24,126.441744,126.864021,123.946833,125.374794,2865600
2022-05-25,124.527053,128.830312,124.411015,127.631210,2512500
2022-05-26,126.435322,133.210931,126.232240,132.617828,2966700
2022-05-27,134.709827,138.300714,134.709827,138.071854,3165600
2022-05-31,137.833348,138.581178,135.254609,137.362717,2807100
2022-06-01,138.062200,138.758459,133.314102,135.183685,2466000
2022-06-02,134.713043,140.031681,134.451942,139.893066,2005800
2022-06-03,136.863055,137.636678,135.080501,135.709076,2065500
2022-06-06,138.561826,139.019545,135.041854,135.944412,2241900
2022-06-07,134.329445,137.417474,133.294722,137.030670,1866600
2022-06-08,136.279637,136.834065,133.101347,134.113495,3396000
2022-06-09,132.957124,135.275029,130.303465,130.306686,2517000
2022-06-10,128.163112,129.270423,125.415849,125.677330,3599100
2022-06-13,121.060876,122.652423,117.971400,118.426590,4042800
2022-06-14,119.727593,120.260257,117.687314,119.085159,2831100
2022-06-15,120.489455,123.262550,118.416887,121.131882,3811200
2022-06-16,117.593689,117.713139,112.399369,113.832733,3921300
2022-06-17,114.087770,115.120822,111.673003,114.294380,3400200
2022-06-21,116.705912,119.049649,116.621973,117.287003,2830200
2022-06-22,115.266096,117.722817,115.094990,116.063477,4106700
2022-06-23,116.751105,116.851182,113.461477,115.275772,2178900
2022-06-24,117.080383,120.382927,116.825345,120.382927,3783600
2022-06-27,121.470846,121.771074,119.130338,120.053627,2497500
2022-06-28,120.763864,122.171396,116.941565,117.125580,3039900
2022-06-29,115.521127,115.656715,112.941727,114.362175,3393600
2022-06-30,112.757701,115.114353,111.085444,112.864235,3285600
2022-07-01,110.985357,111.585822,107.463295,108.870827,3875100
2022-07-05,106.113880,109.729568,105.468225,109.729568,3391200
2022-07-06,109.836084,111.556760,108.635155,110.265442,2672100
2022-07-07,112.854550,115.779384,112.854550,115.201515,2866200
2022-07-08,113.532492,116.541258,113.190294,115.750328,2334000
2022-07-11,113.997372,114.565555,112.347719,113.083771,2490000
2022-07-12,113.819802,114.655930,112.573682,113.400124,4494300
2022-07-13,111.085449,114.949717,110.859472,114.039337,3564600
2022-07-14,113.735883,116.954488,112.076542,116.457329,3186900
2022-07-15,118.236116,119.427351,116.383073,119.236885,2984100
2022-07-18,121.212602,122.142349,118.100531,118.855949,2959200
2022-07-19,120.731587,124.766939,120.386152,124.095459,3116700
2022-07-20,123.908192,127.862841,123.143087,127.259148,4845300
2022-07-21,127.920962,129.422119,126.093759,129.338181,2753400
2022-07-22,128.921752,128.976637,125.009056,126.151878,4548000
2022-07-25,125.183393,125.451347,123.259328,125.354492,2862900
2022-07-26,124.521600,125.151111,122.807374,123.265793,2510400
2022-07-27,125.477157,129.945119,125.099448,128.905609,3214200
2022-07-28,129.189670,130.774766,126.374607,130.493912,3532200
2022-07-29,128.605380,131.865955,128.163106,131.497940,3840900
2022-08-01,130.564961,133.144362,129.706230,132.004776,3812100
2022-08-02,130.513298,133.754514,129.961268,131.752960,2124900
2022-08-03,131.733596,135.678566,131.649657,135.413849,2860800
2022-08-04,135.100703,136.801998,134.706841,136.392014,1919100
2022-08-05,133.999867,136.495329,133.386494,135.329926,3279900
2022-08-08,133.463935,134.945719,131.233176,133.283142,3061200
2022-08-09,130.203380,130.338967,125.425510,127.175247,4368900
2022-08-10,130.564960,132.698850,128.824902,132.453506,3456000
2022-08-11,133.576957,136.188633,131.991861,132.282410,2403900
2022-08-12,133.163767,136.521182,132.679523,136.153152,2049600
2022-08-15,135.546219,137.040919,134.619702,136.659988,1325100
2022-08-16,135.959412,136.556647,133.751263,135.262100,1566900
2022-08-17,133.189573,133.254138,130.148524,131.995102,2640000
2022-08-18,132.353422,135.904531,131.875637,135.003845,1698900
2022-08-19,133.144364,133.819081,130.684399,131.359116,2323500
2022-08-22,128.695767,128.937889,125.803222,126.416595,2903400
2022-08-23,126.507006,128.983094,126.361724,127.046120,2430600
2022-08-24,126.900845,127.804768,125.893625,127.365715,1251900
2022-08-25,127.488401,132.188790,127.417378,132.033829,2679300
2022-08-26,131.736819,132.043505,124.347259,124.544189,2838000
2022-08-29,123.220592,124.647498,121.829198,122.029350,2575200
2022-08-30,123.343264,123.391691,119.127118,120.608902,3212700
2022-08-31,121.141593,121.144822,118.303926,119.346664,2974800
2022-09-01,116.302379,117.148187,113.503452,117.132050,4537800
2022-09-02,118.936659,119.766330,115.340344,115.847191,3841200
2022-09-06,115.827809,116.463785,113.632576,114.510666,2692500
2022-09-07,114.972314,117.432271,114.103903,116.447639,1699500
2022-09-08,115.317741,118.852720,114.604292,118.410446,2823300
2022-09-09,119.969719,121.877632,119.969719,121.251350,2066400
2022-09-12,121.774331,122.445819,120.379715,121.842125,2610900
2022-09-13,117.209500,118.216727,113.929559,114.274986,4065000
2022-09-14,115.133732,116.373401,113.848871,115.572784,2722800
2022-09-15,114.794745,116.140941,112.883596,113.655159,2432700
2022-09-16,112.405818,114.459013,111.550324,114.336334,3392100
2022-09-19,112.877168,115.543729,112.825511,114.936813,2146200
2022-09-20,113.826270,114.378308,112.509127,113.409821,2630700
2022-09-21,113.619670,117.299923,112.263786,112.263786,3535200
2022-09-22,111.621354,112.092682,108.564161,109.209824,2936100
2022-09-23,107.918497,108.209046,105.794280,107.747398,3881700
2022-09-26,107.371544,109.023659,105.940138,106.131638,2881500
2022-09-27,108.059657,108.851634,105.579852,107.118370,2977200
2022-09-28,106.232263,109.062616,105.790835,108.637413,4045200
2022-09-29,106.650969,106.852208,103.577187,105.258514,3009000
2022-09-30,103.898517,106.579561,103.294800,103.453842,2722800
2022-10-03,104.632074,108.228440,103.882295,107.030731,3747300
2022-10-04,110.477780,112.185079,110.195393,112.052002,3182400
2022-10-05,110.195385,114.109841,109.215155,112.967316,2505600
2022-10-06,112.850490,114.927810,112.097464,112.516174,2850000
2022-10-07,109.163228,109.471579,105.131927,105.764862,3969000
2022-10-10,105.352651,105.479235,100.704640,102.168503,4665000
2022-10-11,100.347590,101.279145,97.900251,99.295952,4818600
2022-10-12,99.166114,99.691937,98.017103,98.331940,3107400
2022-10-13,94.485653,103.025387,93.421028,101.162292,4911600
2022-10-14,102.577471,102.577471,96.631139,96.945984,3887100
2022-10-17,99.526403,100.363823,98.218342,99.000580,3760500
2022-10-18,102.097083,102.765722,97.588650,99.341385,3558900
2022-10-19,98.633820,100.925365,98.328715,99.977585,3043500
2022-10-20,100.529357,103.668061,100.026260,100.597519,3567300
2022-10-21,100.334611,104.596362,99.896421,104.336700,3703200
2022-10-24,104.687245,105.242279,102.340518,104.787865,3784200
2022-10-25,105.229296,107.900599,105.060515,107.180031,2770800
2022-10-26,104.966387,108.643892,104.450303,106.125137,4811700
2022-10-27,106.819739,107.822701,104.106238,104.242561,3589500
2022-10-28,104.434064,108.488082,104.164663,108.329041,4192500
2022-10-31,107.352076,107.650688,105.427305,105.969360,2394900
2022-11-01,108.098608,108.452396,106.183577,106.822998,2810400
2022-11-02,107.498125,109.377452,103.314268,103.450592,3193800
2022-11-03,101.516103,103.648606,100.451478,102.064644,3752100
2022-11-04,105.745379,107.059939,104.278269,106.787285,4601700
2022-11-07,107.777255,109.513765,106.368568,109.095055,3548700
2022-11-08,111.136668,112.811509,109.237870,111.496956,3901200
2022-11-09,109.607909,110.042852,107.767533,107.933067,3578700
2022-11-10,114.106600,119.397279,113.155574,119.101906,5347500
2022-11-11,119.682921,123.467540,118.313185,122.746964,6114000
2022-11-14,122.081562,123.788853,121.360986,121.403183,3683100
2022-11-15,126.434214,126.778270,123.227348,124.921654,4897800
2022-11-16,122.075076,122.318513,119.007781,119.764053,4775700
2022-11-17,117.277772,121.240912,117.066794,120.702103,3961500
2022-11-18,122.720985,122.746950,119.663429,120.971489,3105300
2022-11-21,119.653695,120.082145,118.589071,118.965584,1815000
2022-11-22,119.984777,122.604151,118.978575,122.510017,3290700
2022-11-23,122.380179,125.184559,122.363946,123.990105,3905400
2022-11-25,123.233825,123.665521,122.337982,122.337982,1164000
2022-11-28,120.818959,122.097808,118.456007,119.280441,3197700
2022-11-29,119.637468,120.309347,118.092457,118.819519,1828200
2022-11-30,119.264201,126.034968,118.154126,125.947334,4166100
2022-12-01,126.693879,126.823710,123.298760,125.041756,4130700
2022-12-02,121.906305,123.824575,121.283102,123.629829,3110400
2022-12-05,122.789153,123.973876,120.961763,122.065338,2709300
2022-12-06,122.052346,122.178937,118.290454,119.497894,2182200
2022-12-07,118.222313,120.078914,117.998348,119.241493,2111400
2022-12-08,119.968536,122.776171,119.170066,122.688530,2694300
2022-12-09,122.146490,123.701233,121.117563,121.552505,1749000
2022-12-12,120.955278,123.837560,120.335328,123.704483,2178900
2022-12-13,129.287254,129.850343,124.255201,125.830559,4521000
2022-12-14,125.524610,127.028360,122.494314,123.942734,3972000
2022-12-15,121.338836,121.866121,118.536378,118.699120,3881100
2022-12-16,118.067664,119.092955,116.638770,117.800766,2465700
2022-12-19,117.677080,117.947233,115.141520,116.342575,2231700
2022-12-20,114.890903,116.694106,114.630508,115.633011,2275500
2022-12-21,116.440231,118.627511,116.215648,118.236931,2291700
2022-12-22,115.938971,116.124501,111.069667,113.458755,5403300
2022-12-23,112.475783,113.559660,111.330064,113.556404,2571900
2022-12-27,112.654810,112.758967,110.991559,111.505836,3494400
2022-12-28,110.786490,112.143776,109.412933,109.862106,2682000
2022-12-29,111.652289,113.894907,111.238920,113.367615,3263100
2022-12-30,111.746694,113.452252,110.939481,113.263466,2010000
2023-01-03,115.180579,115.385636,111.479775,112.160049,2844600
2023-01-04,114.295267,115.685102,112.977033,115.047142,3257100
2023-01-05,113.911173,114.721633,112.921685,113.107216,2671800
2023-01-06,114.637009,118.992043,113.087681,118.370361,4898400
2023-01-09,120.541381,123.291757,119.773228,120.551140,4581300
2023-01-10,120.137758,122.276219,119.512821,122.110214,2825400
2023-01-11,122.185098,123.737682,121.156559,123.685600,2682000
2023-01-12,124.352841,125.944477,121.784740,125.189346,3324000
2023-01-13,123.565162,125.719893,123.412179,125.706871,2079000
2023-01-17,125.277235,127.122754,124.688109,125.850098,3017400
2023-01-18,127.259448,128.154546,125.143783,125.189346,3512700
2023-01-19,124.076170,124.141267,121.283479,121.677322,3775200
2023-01-20,122.985794,125.563661,121.735919,125.485542,3352500
2023-01-23,126.657312,132.226409,126.455496,131.787003,5726700
2023-01-24,130.179086,132.018093,130.000066,130.791000,2370300
2023-01-25,128.489826,131.380155,127.503586,131.145813,3301200
2023-01-26,132.649546,133.525111,130.455763,133.355865,3896700
2023-01-27,131.051409,133.652058,130.712888,132.506332,4289700
2023-01-30,130.699886,131.490820,128.883659,128.987808,4384500
2023-01-31,128.740434,131.455007,128.616737,131.393158,3104100
2023-02-01,132.044144,139.641043,131.926973,138.244690,7244100
2023-02-02,139.660577,142.599732,138.866379,141.447510,7456200
2023-02-03,138.303294,141.873897,137.951766,138.687363,5555400
2023-02-06,136.519597,138.534376,135.823052,136.434967,2496300
2023-02-07,136.962301,141.447537,136.617284,140.773773,3285300
2023-02-08,139.836324,140.985297,137.424454,137.746689,3522000
2023-02-09,140.197631,141.769740,137.076208,138.098236,3015600
2023-02-10,136.685592,137.082698,134.423449,135.901169,2947800
2023-02-13,136.542402,138.296795,135.351114,137.899689,2122500
2023-02-14,136.682320,140.825785,135.657028,140.402649,3252000
2023-02-15,138.941243,141.047163,137.915966,140.975555,2143500
2023-02-16,138.436740,139.888415,137.294277,137.518860,3444900
2023-02-17,136.705114,137.105468,134.150028,135.377121,3064200
2023-02-21,133.271227,134.843336,130.738922,130.992798,2208600
2023-02-22,131.298774,132.281751,129.576938,130.364624,2285700
2023-02-23,134.752191,135.292498,132.008327,134.651291,4617000
2023-02-24,132.262223,132.935986,131.246705,132.239441,2842200
2023-02-27,134.449516,134.469049,132.890428,132.939240,2040900
2023-02-28,132.630008,135.198116,132.343592,133.394913,1582500
2023-03-01,133.886402,135.058172,132.903440,133.430725,1922400
2023-03-02,131.354117,135.139544,130.335337,134.498337,3108300
2023-03-03,134.469058,136.721428,133.456789,136.571701,2408700
2023-03-06,136.952492,138.130774,134.661056,134.983292,2177100
2023-03-07,135.126512,135.696111,133.023854,133.560913,1899000
2023-03-08,134.097989,137.261742,134.097989,137.112015,2088300
2023-03-09,136.936255,139.058447,134.182631,134.387680,3889800
2023-03-10,135.110228,135.458493,131.165300,131.790237,3320700
2023-03-13,130.413459,133.450266,129.049661,131.829330,3512700
2023-03-14,134.127296,136.522897,133.489337,135.683136,2743200
2023-03-15,133.743188,134.407192,131.266220,134.101227,3527100
2023-03-16,133.515346,139.644283,132.932724,139.338333,3730200
2023-03-17,139.605255,140.685869,137.720669,138.475815,2828400
2023-03-20,138.745924,140.389641,137.600213,139.940475,2155800
2023-03-21,141.079690,142.563921,138.137272,140.217148,2899500
2023-03-22,140.220435,143.947277,138.788277,138.824081,3313200
2023-03-23,141.236138,144.518802,140.116893,142.606628,4039800
2023-03-24,141.451493,141.836530,138.713755,140.133194,3120600
2023-03-27,140.638994,141.069724,138.002410,138.488617,1806300
2023-03-28,138.168811,138.283021,135.356043,137.450943,2737500
2023-03-29,139.744919,142.857911,139.483877,141.869202,3140400
2023-03-30,143.667124,145.148567,143.184189,144.205536,2602200
2023-03-31,143.109135,145.318245,142.877459,145.099609,2151000
2023-04-03,144.251222,144.799418,142.068208,143.846588,1876800
2023-04-04,144.107641,144.150048,140.374666,141.164337,2324100
2023-04-05,139.656786,139.774267,137.251894,138.717026,3343800
2023-04-06,137.450959,139.020502,136.387189,138.002411,1894800
2023-04-10,136.814648,140.537840,136.596027,140.439941,1927200
2023-04-11,141.216551,141.314449,139.434899,139.702484,1823100
2023-04-12,141.086033,141.128455,137.013699,137.147491,2598900
2023-04-13,137.457497,139.089030,136.357834,138.276520,3013500
2023-04-14,138.146001,139.816699,136.556890,138.061172,1963500
2023-04-17,136.576457,138.149272,136.165310,138.061172,2206500
2023-04-18,139.137958,140.338776,137.607580,138.658279,2765100
2023-04-19,136.817929,137.470536,136.302356,137.140976,1264500
2023-04-20,135.767206,139.069452,135.630157,137.013702,2391900
2023-04-21,136.540536,136.540536,134.811105,136.008652,2157600
2023-04-24,135.763922,136.537282,134.484803,135.398468,2074800
2023-04-25,134.589204,134.602259,130.764873,130.849716,2482500
2023-04-26,132.210456,132.895701,130.875845,131.548050,1926300
2023-04-27,131.378327,132.269153,128.758070,132.102737,3116700
2023-04-28,132.716206,134.517425,132.128844,134.484802,2359200
2023-05-01,135.023218,136.096786,134.670819,135.701950,1803900
2023-05-02,135.754135,136.527480,133.417760,134.732788,2115600
2023-05-03,133.975752,135.590973,133.088197,133.186081,2525400
2023-05-04,132.132137,133.577687,131.251095,132.438858,2102700
2023-05-05,132.602005,135.953200,131.933072,135.385422,1619400
2023-05-08,135.235312,136.051079,134.112810,135.956451,1365300
2023-05-09,134.024725,134.204195,133.098005,133.642944,2348400
2023-05-10,135.143967,135.959749,133.698418,135.003662,2766600
2023-05-11,135.042788,135.333212,132.846733,134.119339,1854600
2023-05-12,134.599019,135.156999,132.732524,133.995346,1383300
2023-05-15,134.377129,137.659793,133.982294,137.633682,1799100
2023-05-16,137.186661,138.938932,137.186661,137.375916,2047500
2023-05-17,138.632194,141.311184,137.764207,140.769516,1986000
2023-05-18,141.396027,145.569516,141.291601,145.217102,3429300
2023-05-19,144.792911,145.122486,143.565983,144.469864,2877600
2023-05-22,143.167896,145.350897,143.105892,144.969116,2299800
2023-05-23,143.996726,144.946286,142.861169,143.177689,1553100
2023-05-24,140.296343,141.203481,139.131420,140.616119,4341000
2023-05-25,147.080333,150.558779,145.484680,149.981216,12973800
2023-05-26,152.268637,160.605833,152.216431,159.783524,8010900
2023-05-30,163.480578,164.139728,159.000368,159.649719,7862700
2023-05-31,156.951172,159.111333,155.479512,155.551300,5358600
2023-06-01,156.500830,159.577927,154.898664,158.227005,7343700
2023-06-02,159.434338,159.891163,156.706398,157.854996,3318900
2023-06-05,157.277461,157.365560,154.614782,155.410980,2710800
2023-06-06,154.314591,158.050823,154.079643,157.287262,3235500
2023-06-07,158.326655,160.555087,156.699452,157.055603,3906300
2023-06-08,157.516333,159.055317,156.705985,158.663223,2724900
2023-06-09,160.460347,161.548425,158.333207,159.081467,2519400
2023-06-12,160.947153,164.361693,160.751106,164.204849,2638500
2023-06-13,166.845025,167.482196,164.512026,166.403915,4164300
2023-06-14,165.783084,168.847994,164.815907,168.766312,8500500
2023-06-15,166.822141,168.606188,166.171912,167.371078,6561300
2023-06-16,169.057113,169.073446,165.587036,165.825562,4956300
2023-06-20,165.064224,166.514989,163.035115,164.482605,2024400
2023-06-21,163.450080,164.266950,160.287139,160.473389,4128300
2023-06-22,159.382051,161.891487,159.163119,161.221649,3656400
2023-06-23,158.623973,159.388567,157.660057,158.382172,2057400
2023-06-26,159.493110,161.940472,158.888620,158.895157,2434800
2023-06-27,159.453913,164.724384,158.849424,164.446640,2763600
2023-06-28,161.793432,164.561004,161.616995,163.178848,2912400
2023-06-29,163.842172,163.956536,161.871875,163.224625,1674600
2023-06-30,165.021802,166.410494,164.433661,165.747192,1618200
2023-07-03,166.508447,167.622670,165.384427,167.220764,809400
2023-07-05,166.103284,166.446378,163.472947,163.525238,2821800
2023-07-06,160.747877,161.734663,159.427810,161.463455,3454200
2023-07-07,161.767324,164.100308,161.270663,161.532059,1824300
2023-07-10,162.038527,165.038088,161.875162,164.894318,1833600
2023-07-11,165.466104,165.766718,162.522080,164.900818,2370300
2023-07-12,167.286119,168.276180,166.341812,167.972305,4269300
2023-07-13,169.753077,171.831201,169.099572,171.442368,2791200
2023-07-14,171.462018,172.997741,168.599690,169.298935,5124900
2023-07-17,169.360978,174.206674,168.318656,173.350601,2926200
2023-07-18,172.605614,174.242629,171.252880,173.670822,2669400
2023-07-19,173.896253,174.020429,171.180972,171.609009,2483400
2023-07-20,168.547393,169.132273,164.616598,165.368118,5085600
2023-07-21,167.168509,168.419967,165.926864,166.861359,2527800
2023-07-24,166.858088,168.040921,165.988927,166.854813,1544400
2023-07-25,167.818702,170.671231,167.818702,169.661575,1869300
2023-07-26,167.544255,168.733624,165.489001,167.318802,2618700
2023-07-27,171.671111,174.030240,169.511289,170.465393,3826500
2023-07-28,173.713312,174.778520,172.014209,174.187103,2821500
2023-07-31,174.824237,175.425465,173.827654,174.909195,1628400
2023-08-01,173.308103,175.389503,172.772223,175.020264,1343400
2023-08-02,172.798402,172.844142,167.318810,168.321930,4657800
2023-08-03,166.305871,169.102849,165.685048,167.890610,4354800
2023-08-04,167.282868,169.955684,165.779811,167.625946,4139400
2023-08-07,168.831662,169.606052,167.805657,169.390396,2262900
2023-08-08,166.743733,166.884243,164.459749,166.694717,2767500
2023-08-09,166.580347,166.645696,163.306317,163.636337,3228000
2023-08-10,164.943339,166.694718,161.868631,162.976303,3831600
2023-08-11,160.976596,161.087685,158.738353,159.025894,3882000
2023-08-14,158.414907,163.652698,157.869231,163.613495,3127200
2023-08-15,162.767159,163.289965,160.695571,160.881821,2276700
2023-08-16,160.708678,160.868783,157.643768,157.767929,2840100
2023-08-17,158.061985,158.418136,155.732247,156.225647,2624400
2023-08-18,154.523235,157.627348,154.199751,157.065338,2315700
2023-08-21,157.807098,161.816315,157.555500,161.577789,2757900
2023-08-22,163.554650,163.753958,159.607506,160.153183,2055300
2023-08-23,159.228458,164.002283,159.048745,163.427200,3027300
2023-08-24,166.511720,166.599939,157.666605,158.026031,4848600
2023-08-25,157.986804,160.064928,155.532920,158.705658,3435900
2023-08-28,160.267579,161.159595,159.078210,160.715225,1689300
2023-08-29,159.911388,165.479214,159.679399,164.936798,2730000
2023-08-30,164.443395,166.394097,163.267099,165.714447,3073800
2023-08-31,165.116515,167.822014,165.116515,166.861359,2109000
2023-09-01,167.975564,168.357861,166.086951,167.295929,1891200
2023-09-05,166.704522,168.550657,165.809216,167.240387,1871100
2023-09-06,166.773126,167.877537,164.165659,166.031403,2008200
2023-09-07,162.221526,162.695303,160.185866,162.231323,3877500
2023-09-08,161.888217,163.064528,160.718457,161.391556,1333800
2023-09-11,163.417438,163.446844,159.123939,161.300095,1422900
2023-09-12,160.234875,162.659353,159.816635,159.931000,1720500
2023-09-13,159.885214,162.375040,159.715297,160.751099,2927700
2023-09-14,162.309749,162.580957,160.368858,161.901306,2022000
2023-09-15,160.940654,160.940654,156.431500,157.228775,2901000
2023-09-18,156.023081,158.343007,155.706133,157.764648,1722600
2023-09-19,157.294117,157.379076,155.601551,156.434769,1553700
2023-09-20,157.147067,157.807093,153.814209,153.866486,2122800
2023-09-21,152.030158,152.997335,150.958414,151.027039,2532900
2023-09-22,152.464748,153.804424,151.687081,152.285034,2395500
2023-09-25,151.572706,153.539741,150.870201,153.399246,1587600
2023-09-26,152.151888,152.538819,149.945031,150.613968,2349000
2023-09-27,151.846909,153.086416,149.682668,151.942001,2727300
2023-09-28,151.627221,156.388522,151.000915,154.755524,3674400
2023-09-29,156.995123,157.562422,154.837457,155.316208,2802600
2023-10-02,155.653977,157.329605,154.207878,156.099930,2466600
2023-10-03,154.647291,156.818076,151.791162,152.869995,2685900
2023-10-04,153.614355,155.365412,152.492891,154.899780,3280200
2023-10-05,154.939132,155.535942,152.725716,154.148865,1902300
2023-10-06,153.355302,158.228101,152.342050,157.460785,3818700
2023-10-09,155.811377,157.509956,154.614485,157.067276,2082000
2023-10-10,157.555873,160.497247,156.906600,159.080673,1863300
2023-10-11,159.625028,160.602209,158.372401,160.277573,2983200
2023-10-12,160.543171,162.992676,159.139702,160.687454,3051600
2023-10-13,161.008830,161.195743,156.011425,156.313110,2544900
2023-10-16,156.841029,159.113467,156.686915,158.526505,1732500
2023-10-17,155.362149,158.490452,153.571749,157.368988,2450100
2023-10-18,154.680072,155.857285,153.716010,154.532516,2865900
2023-10-19,155.939294,156.359023,151.604281,152.151901,4398300
2023-10-20,152.142018,153.214307,149.679395,149.951553,3013200
2023-10-23,149.062928,151.666562,147.479105,149.098999,2846100
2023-10-24,150.007289,151.417317,149.302282,151.122192,2233500
2023-10-25,149.125211,149.626929,144.252427,145.013184,3244200
2023-10-26,145.655909,147.361048,143.498228,144.150787,4508100
2023-10-27,146.196955,147.079044,145.036149,145.701813,2436900
2023-10-30,144.662332,145.590338,142.189861,143.750732,2743200
2023-10-31,143.875341,145.439500,142.055430,145.065674,1911600
2023-11-01,145.082044,148.613684,145.082044,148.479233,3542100
2023-11-02,151.427196,152.938878,149.876172,151.853485,2726700
2023-11-03,153.535683,156.975503,153.250405,155.844193,2326800
2023-11-06,156.096679,156.529527,154.083295,155.555618,1740000
2023-11-07,155.214570,157.231241,154.975195,156.545898,1556400
2023-11-08,156.693476,157.437826,155.621188,156.703308,2233800
2023-11-09,157.726416,159.602092,155.637619,155.952408,2383200
2023-11-10,157.906763,162.746765,157.254219,162.241791,2229000
2023-11-13,160.966166,161.212101,159.615159,160.661209,1956000
2023-11-14,164.724079,167.098170,164.438786,166.603027,2765100
2023-11-15,167.639256,169.065677,166.547303,167.813049,5104800
2023-11-16,167.107994,168.393419,166.543982,167.894989,2275500
2023-11-17,167.373633,169.403424,167.098187,169.075500,1815300
2023-11-20,168.891852,172.154590,168.836102,171.567627,1482000
2023-11-21,170.160889,170.160889,167.494960,168.360641,3018600
2023-11-22,169.485355,171.567607,168.426201,168.898392,2044200
2023-11-24,168.888597,169.209961,168.295074,169.019775,516600
2023-11-27,168.393443,170.216641,167.973714,168.783661,1816800
2023-11-28,167.816310,168.685279,166.448911,167.796646,1852200
2023-11-29,170.174014,172.164447,169.331284,169.616562,3665700
2023-11-30,169.882157,170.052663,167.075218,168.432770,2419500
2023-12-01,167.560529,169.537842,166.252152,169.223053,1719600
2023-12-04,167.498219,167.668741,164.914264,167.327713,1810500
2023-12-05,165.724195,166.819420,164.996222,166.376740,2568300
2023-12-06,168.793480,168.888572,165.156930,165.350388,2683500
2023-12-07,166.907990,170.308452,166.242326,169.783783,1916700
2023-12-08,169.383744,171.872607,169.311603,171.124969,4207200
2023-12-11,172.728448,177.512715,172.544822,176.961823,3977100
2023-12-12,176.069853,178.263604,175.758336,178.237366,2226600
2023-12-13,178.263634,182.014956,177.601243,180.982025,5724900
2023-12-14,182.444553,186.523799,182.444553,185.999130,3372300
2023-12-15,186.543455,188.789669,186.287688,186.691025,3956100
2023-12-18,186.687719,186.995963,184.477590,186.172897,2272200
2023-12-19,186.438500,187.543557,186.202397,187.166458,1910100
2023-12-20,185.767823,186.848798,181.618118,181.618118,3355800
2023-12-21,185.544387,186.986765,184.680263,186.645065,2589300
2023-12-22,187.535440,188.363422,185.909074,187.243027,2363400
2023-12-26,188.100551,191.307304,188.100551,190.551620,1906500
2023-12-27,191.422319,191.747595,189.986514,191.041183,1877400
2023-12-28,191.484737,191.849449,190.433346,190.683060,1053000
2023-12-29,190.722486,191.103621,188.264859,189.283401,1452300
2024-01-02,186.079924,186.079924,180.914956,182.465759,3256800
2024-01-03,179.239318,180.254567,177.839654,178.546051,4069800
2024-01-04,175.727027,178.845058,175.332761,177.044556,3737100
2024-01-05,177.376379,179.590865,176.817828,178.026917,3888900
2024-01-08,179.252480,184.305729,179.203193,183.826035,3202200
2024-01-09,181.752783,185.301237,181.480088,183.888428,2944200
2024-01-10,184.305704,184.345124,180.954383,183.270737,2821800
2024-01-11,183.530308,185.143529,180.353124,183.947571,3692100
2024-01-12,184.194026,185.087720,182.248957,183.136063,2277000
2024-01-16,183.362739,186.986755,182.419774,185.731644,4151400
2024-01-17,183.835855,184.246560,180.908384,184.029709,4971000
2024-01-18,189.138835,190.354496,187.091898,190.104797,3552000
2024-01-19,192.499982,197.796371,191.520874,197.540100,5326800
2024-01-22,199.176336,200.776412,196.370422,198.187363,5288400
2024-01-23,198.259651,199.738171,196.376999,199.501602,3282000
2024-01-24,201.804817,205.096984,200.224444,202.406082,6283800
2024-01-25,206.131968,206.266684,200.825726,201.844269,3916800
2024-01-26,197.714261,199.058065,195.723183,196.403305,5781300
2024-01-29,196.790980,198.446930,195.351896,198.446930,3467400
2024-01-30,197.260813,198.469916,194.566617,195.381454,3059100
2024-01-31,192.345567,196.074730,190.834199,192.552567,6573600
2024-02-01,193.331250,193.985081,190.972197,193.505386,3464100
2024-02-02,193.498806,196.429570,192.973118,195.976151,4801200
2024-02-05,197.648533,199.642889,195.470174,198.653915,4735200
2024-02-06,199.215754,199.370172,194.132936,196.337570,3624000
2024-02-07,197.727386,199.527888,195.670598,199.340607,4839300
2024-02-08,199.968174,204.232877,199.892597,202.767502,2760900
2024-02-09,204.002845,207.134021,202.803608,206.805466,3518700
2024-02-12,206.828498,210.252103,205.599692,206.430939,4299900
2024-02-13,200.444567,204.377419,199.468738,202.189209,6551400
2024-02-14,204.781557,206.861342,203.891157,206.756195,3236400
2024-02-15,208.100034,208.353027,205.642407,206.559082,2845500
2024-02-16,208.109875,209.703393,204.781566,205.389404,4103100
2024-02-20,203.464054,204.193462,198.821510,201.932968,5547600
2024-02-21,199.649446,201.518953,198.594761,201.469666,4471500
2024-02-22,209.401123,212.538872,208.474581,211.398773,6676500
2024-02-23,212.463309,213.557414,208.004753,209.118561,5105100
2024-02-26,211.227893,212.124865,209.713232,211.181900,3759000
2024-02-27,212.200470,212.742582,210.426243,210.971649,4560900
2024-02-28,208.635583,209.713250,207.620334,208.599442,2923800
2024-02-29,211.185191,214.681079,210.524787,214.250656,3382800
2024-03-01,216.728001,224.330878,216.481581,223.368195,6123000
2024-03-04,225.845550,228.030482,224.317743,225.562988,7328400
2024-03-05,222.835935,224.383444,218.715785,221.140564,7260000
2024-03-06,225.746984,228.957016,224.058186,226.574951,5531700
2024-03-07,229.456419,235.291657,229.318424,234.345398,4799600
2024-03-08,235.133942,236.573026,224.705447,224.863159,10483000
2024-03-11,222.270807,223.542327,219.333485,221.876541,4499800
2024-03-12,224.715300,226.597952,220.782447,226.479675,3598400
2024-03-13,223.798617,224.114027,219.619329,220.959854,3264600
2024-03-14,220.368465,221.620267,214.996497,217.184708,4662100
2024-03-15,214.286809,218.199960,213.991117,215.627335,4105300
2024-03-18,219.313806,220.141773,215.242942,215.459793,3143300
2024-03-19,212.660429,214.572650,209.604815,213.655960,3558700
2024-03-20,214.168533,217.864833,212.443593,217.293137,3386600
2024-03-21,224.343006,226.227582,221.767753,222.182159,4059800
2024-03-22,221.175728,224.076590,220.475174,222.448547,2658900
2024-03-25,219.291141,223.593096,218.758336,221.580261,2283500
2024-03-26,223.178697,223.859513,219.863428,219.912766,4414200
2024-03-27,222.389374,222.754443,218.452488,222.675507,4161700
2024-03-28,222.418995,223.977962,221.915790,222.912338,1794300
2024-04-01,223.050466,228.368709,223.050466,225.260651,3000900
2024-04-02,221.550696,222.261112,219.439186,221.787506,2383500
2024-04-03,219.212202,223.968040,219.182603,222.409073,1860600
2024-04-04,225.467816,226.119033,215.650285,216.114029,3744000
2024-04-05,217.071124,220.031184,215.670030,218.679428,2428300
2024-04-08,219.971975,221.126397,218.363671,219.241821,1866900
2024-04-09,221.452055,222.300606,217.821038,221.600052,3170100
2024-04-10,217.899927,220.455443,216.311361,217.554596,3610500
2024-04-11,218.926105,222.862976,217.130327,222.468307,2455300
2024-04-12,218.541307,218.807702,214.742556,215.166840,3210400
2024-04-15,218.107146,218.906360,211.387811,212.443558,3170800
2024-04-16,212.532358,215.097750,211.654208,214.051865,2452300
2024-04-17,214.209739,214.545209,207.105581,207.559464,4798600
2024-04-18,206.079412,207.431168,203.227888,203.879105,5372700
2024-04-19,202.073461,203.375879,194.801569,195.748795,6406600
2024-04-22,197.771537,200.405989,195.383756,198.975296,4493800
2024-04-23,200.346777,204.106052,199.804097,203.129227,3645400
2024-04-24,208.565889,209.670974,203.987663,205.763687,4077600
2024-04-25,205.270352,210.983278,204.175128,209.582184,3902900
2024-04-26,209.325627,214.920155,208.842160,214.012390,3812600
2024-04-29,213.637453,215.847622,212.108086,215.640427,3247300
2024-04-30,214.703069,217.071111,211.081915,211.141129,3583500
2024-05-01,207.214102,210.993115,202.852948,204.007370,7023200
2024-05-02,207.500251,209.335489,203.770576,208.595474,3955500
2024-05-03,212.976398,214.515627,211.624626,213.292130,3467100
2024-05-06,215.107606,217.742059,214.268932,217.722336,2441500
2024-05-07,218.038047,218.620204,215.798279,215.798279,2859500
2024-05-08,213.716387,216.212704,213.489439,216.005493,3212000
2024-05-09,216.015348,216.419893,214.170248,215.196411,1874300
2024-05-10,217.554579,219.458877,216.350820,217.307907,3079200
2024-05-13,218.255154,219.123443,217.396741,217.761810,1843200
2024-05-14,217.594060,221.570407,217.386865,221.382935,2149400
2024-05-15,223.731249,227.747072,222.497891,227.599060,3106200
2024-05-16,227.549709,229.345486,226.405163,226.484085,2878400
2024-05-17,227.924666,228.319335,223.405639,225.201416,1806100
2024-05-20,226.217701,231.595141,225.803294,230.154572,2555300
2024-05-21,227.115584,229.789512,227.007063,229.414566,2178700
2024-05-22,231.545812,232.710110,229.710574,232.108231,3488500
2024-05-23,237.623812,237.712610,229.069238,230.805801,4704800
2024-05-24,232.897563,236.163509,231.871415,235.384018,2450100
2024-05-28,238.136885,240.386530,235.670168,239.360367,2824200
2024-05-29,234.959765,235.995774,234.101337,234.417084,2061100
2024-05-30,234.486150,235.157105,231.565565,232.789047,1536800
2024-05-31,233.627719,234.199999,224.471266,230.894592,2991000
2024-06-03,234.634137,234.782134,227.135311,231.269531,1815900
2024-06-04,230.884745,231.239952,227.717473,229.463913,2246900
2024-06-05,233.548769,239.656363,232.719956,239.498489,3749400
2024-06-06,239.735327,239.735327,235.758979,237.535019,2261300
2024-06-07,237.633691,238.334245,235.176850,236.824615,2052600
2024-06-10,234.989344,240.919326,234.663735,240.238510,1824300
2024-06-11,238.983831,240.772024,236.612770,240.436111,1662100
2024-06-12,244.713910,248.132206,244.190301,247.213409,3101600
2024-06-13,249.021334,251.016987,246.502072,249.900604,3469400
2024-06-14,247.776530,249.732656,246.719422,249.001572,2567600
2024-06-17,250.671237,253.407849,247.598728,252.933624,3057900
2024-06-18,253.901845,257.507838,253.397983,256.154358,3071500
2024-06-20,256.529736,256.984183,247.796309,249.199188,3921500
2024-06-21,247.124490,249.643752,243.963070,246.768829,3156800
2024-06-24,244.545968,246.037759,239.596370,239.724792,3958300
2024-06-25,241.651295,243.548147,238.875158,243.409836,2551800
2024-06-26,243.241880,244.674397,239.784073,242.461395,1933800
2024-06-27,241.987194,243.775372,239.774193,241.216599,2363600
2024-06-28,242.886219,248.428589,241.720436,243.656815,3851300
2024-07-01,243.518504,243.933439,239.052990,243.646927,2330400
2024-07-02,242.244054,247.154141,242.046469,247.075104,1617400
2024-07-03,247.697506,252.498919,246.373664,251.194824,1392200
2024-07-05,253.190493,253.733850,250.226658,251.688812,1823900
2024-07-08,253.615346,256.766893,253.595598,256.460632,2295500
2024-07-09,257.606609,258.920562,254.030254,256.342041,2374700
2024-07-10,258.713074,262.793290,257.438617,262.289429,3075800
2024-07-11,263.929434,264.018345,252.884219,253.664703,4689600
2024-07-12,254.731684,261.232377,253.467115,256.756989,2929500
2024-07-15,258.199396,260.451909,255.472659,257.043488,3202200
2024-07-16,258.377188,258.979850,254.484684,258.634064,2595100
2024-07-17,249.703022,250.602055,239.853212,240.238510,9101600
2024-07-18,244.427428,244.536103,236.760967,240.959732,5274000
2024-07-19,240.623807,240.762118,233.194458,233.589645,4983500
2024-07-22,238.608430,243.469116,236.612777,243.271530,4941700
2024-07-23,239.961917,242.125519,238.924572,239.645782,2418700
2024-07-24,236.375647,236.998057,226.585126,226.901260,5738900
2024-07-25,224.964911,229.262462,217.970261,221.843002,8437600
2024-07-26,226.901275,228.422719,224.174553,226.604889,3805500
2024-07-29,228.807982,231.999039,225.281013,226.130646,2926800
2024-07-30,227.227290,227.780537,217.170020,217.920853,8083500
2024-07-31,227.938609,232.759784,226.209705,232.542435,7494100
2024-08-01,228.610399,230.398591,212.990995,215.786880,8576300
2024-08-02,206.539724,208.900912,201.748201,204.316849,13105400
2024-08-05,190.762250,206.164305,190.544901,200.710861,9247100
2024-08-06,202.587946,207.942604,199.307977,202.528671,6602300
2024-08-07,208.950325,210.610065,196.452829,196.887512,5292500
2024-08-08,202.993022,210.689105,198.814019,210.471756,6243200
2024-08-09,208.940447,211.104033,206.233472,209.226944,3454500
2024-08-12,209.543091,212.951498,207.764788,210.432236,4365200
2024-08-13,213.386180,219.303959,212.082086,218.977936,4525400
2024-08-14,220.953849,221.833120,214.868121,218.424713,3769900
2024-08-15,223.344678,229.815704,222.327081,228.926559,4332100
2024-08-16,226.822245,229.420545,225.281054,228.442474,3966100
2024-08-19,227.553343,232.364630,224.915533,232.325119,2197800
2024-08-20,231.129683,232.710401,227.494053,229.252594,2587700
2024-08-21,230.398602,233.658808,229.835467,232.502914,1832200
2024-08-22,233.846520,234.636878,223.888035,224.559845,2969600
2024-08-23,228.136191,232.167008,226.930898,230.576416,3452900
2024-08-26,229.667529,230.398613,223.967083,224.787079,2148200
2024-08-27,223.156960,228.027520,221.111907,227.276688,2024700
2024-08-28,226.328274,227.918865,220.924214,223.176727,3480000
2024-08-29,224.362265,228.235007,221.507105,222.534561,4084600
2024-08-30,227.780536,228.956193,224.540079,228.353546,3249700
2024-09-03,224.065877,224.095514,209.720915,210.926208,7214300
2024-09-04,208.565037,214.868130,207.982153,211.617783,4435800
2024-09-05,208.653955,213.771517,208.318057,210.481659,3988300
2024-09-06,208.900906,209.058981,200.414465,201.471558,5596300
2024-09-09,204.741681,206.164309,202.093982,205.453003,4078600
2024-09-10,205.828430,207.843846,202.489186,207.616608,2390600
2024-09-11,209.039248,217.683766,204.672534,217.258957,6521400
2024-09-12,216.063532,218.306171,213.030549,216.300644,4739100
2024-09-13,218.187593,220.756240,217.663984,220.163483,5268000
2024-09-16,217.021849,218.335818,214.423549,217.229324,2469800
2024-09-17,219.965879,220.479615,215.599165,217.496017,2304100
2024-09-18,218.513617,221.507104,214.877988,215.095337,4671900
2024-09-19,223.245878,227.286568,221.457700,224.253586,4624700
2024-09-20,222.001073,222.850706,217.782545,220.973602,4550800
2024-09-23,222.040590,222.830949,220.262286,221.833115,2454200
2024-09-24,223.818892,225.873819,221.269993,224.520325,4314700
2024-09-25,223.799350,227.552786,223.670615,226.067261,2191200
2024-09-26,235.426074,236.079709,228.067764,234.148514,5537400
2024-09-27,234.861559,234.891269,229.236377,230.434692,2303600
2024-09-30,227.572600,229.870220,225.106637,228.364883,2693300
2024-10-01,228.275751,228.968993,220.184591,221.967224,3926500
2024-10-02,222.402963,227.433929,221.105592,224.958054,1762100
2024-10-03,223.185337,228.602554,223.036791,225.760254,2110700
2024-10-04,230.246556,230.632792,226.186114,228.850159,2685000
2024-10-07,227.384423,230.018743,226.572328,228.226212,2006800
2024-10-08,228.226220,231.286399,226.730797,230.474319,2508500
2024-10-09,230.246524,233.207661,228.652060,232.880844,2019100
2024-10-10,229.751357,232.524326,228.424276,231.246780,1886400
2024-10-11,229.553298,233.910848,229.434460,233.187897,4572900
2024-10-14,234.673416,237.971270,234.524855,237.486008,2142500
2024-10-15,236.931413,238.149539,223.541872,225.166046,6421200
2024-10-16,227.899408,227.899408,224.225216,225.166046,3776600
2024-10-17,231.048729,231.613221,226.938766,226.938766,2407800
2024-10-18,229.068026,229.077924,226.215812,227.146744,1643700
2024-10-21,226.235624,227.325001,223.799356,226.720886,2034300
2024-10-22,225.482955,226.602056,224.096471,225.879105,2476400
2024-10-23,225.453214,226.304916,220.719341,223.858749,2260000
2024-10-24,225.869202,226.007851,223.403225,225.106628,2247900
2024-10-25,227.235858,230.820937,227.156629,227.364609,2209600
2024-10-28,227.285387,229.077919,226.166286,227.503265,1508500
2024-10-29,227.701304,234.178202,226.651535,233.098709,3135000
2024-10-30,227.077409,228.513429,224.789702,224.878845,4324400
2024-10-31,222.729780,222.818923,214.470262,216.153854,6120800
2024-11-01,217.896883,220.610434,217.193728,218.451477,2130100
2024-11-04,217.807723,220.313323,216.391529,217.193710,1727700
2024-11-05,217.292766,219.927101,217.025367,219.729019,2273700
2024-11-06,224.175677,226.958559,222.145456,226.136566,3644000
2024-11-07,229.592898,231.157653,229.087825,230.850647,3154600
2024-11-08,229.592907,230.939784,227.919213,229.127441,1769200
2024-11-11,226.968460,226.968460,220.630225,223.393311,4250400
2024-11-12,222.610930,222.977354,218.025603,220.957047,3259700
2024-11-13,219.362588,219.986514,215.866653,216.262787,3057500
2024-11-14,218.372219,219.233819,215.737884,216.134033,2523600
2024-11-15,212.499468,213.588844,208.557863,209.171890,4748200
2024-11-18,209.112433,212.261755,208.211226,211.875519,2422300
2024-11-19,211.271439,212.737154,210.419737,212.281601,2363400
2024-11-20,211.013936,211.618036,207.626925,210.657410,3995000
2024-11-21,212.974814,215.163479,208.864851,213.994873,4245400
2024-11-22,213.539350,214.608930,212.489581,214.084045,2672600
2024-11-25,216.857020,218.174187,214.787191,216.173676,2787700
2024-11-26,217.877069,218.461372,211.707190,213.370972,2783900
2024-11-27,212.182544,212.341004,206.874266,210.508850,3122300
2024-11-29,212.053795,215.916170,212.014187,213.321442,2505300
2024-12-02,214.608906,220.323232,214.430650,218.926834,3707000
2024-12-03,217.530429,218.926826,216.906518,217.688889,1914900
2024-12-04,221.987025,222.155398,219.006076,220.570831,2681200
2024-12-05,220.184573,220.511391,215.787416,216.401428,2422000
2024-12-06,216.490583,218.253405,215.896367,217.708710,1822900
2024-12-09,216.391537,219.402195,215.282349,216.658936,1574800
2024-12-10,217.312547,217.461109,210.142421,211.509109,2566600
2024-12-11,214.638605,218.104831,213.321437,216.827286,3233900
2024-12-12,215.292254,216.074624,213.380885,215.143707,2680200
2024-12-13,220.154868,222.492095,217.886957,221.145218,3720600
2024-12-16,221.848360,226.374268,220.243998,225.245270,4774000
2024-12-17,223.021405,224.350563,220.759848,222.059250,2397300
2024-12-18,223.527273,225.322631,212.219472,213.846207,4426000
2024-12-19,214.342164,214.808364,209.739695,210.255493,3255700
2024-12-20,209.104868,216.018493,208.598999,213.082443,4681100
2024-12-23,214.719085,219.807595,214.719085,219.529861,3044300
2024-12-24,220.978068,221.870782,219.559642,221.791443,1252300
2024-12-26,220.184534,223.130513,219.896886,221.722000,1303500
2024-12-27,220.392829,220.918541,217.079848,219.847275,1933000
2024-12-30,216.078005,217.536116,213.925559,215.522537,2566900
2024-12-31,216.167291,217.050107,212.903909,213.747040,1354500
2025-01-02,215.919298,218.438762,213.221313,215.066269,2409100
2025-01-03,216.484695,221.235944,216.197047,220.670563,2623200
2025-01-06,225.421839,229.925126,225.421839,227.058502,4176500
2025-01-07,229.825916,230.014381,222.743668,223.963715,3694800
2025-01-08,223.229684,223.636371,219.321550,221.731888,3141400
2025-01-10,218.954568,219.093435,215.026592,216.435104,4038000
2025-01-13,212.120296,216.078013,211.931830,215.770523,2310000
2025-01-14,217.575825,218.964495,214.371940,217.188980,1492800
2025-01-15,220.680496,222.832942,219.877050,221.404602,2900200
2025-01-16,225.411886,225.947512,221.721974,221.731888,3029500
2025-01-17,226.731154,228.457085,225.521020,227.881775,3785500
2025-01-21,229.935032,232.682631,227.941295,230.569855,3201500
2025-01-22,232.930595,236.412199,232.424726,233.902664,3461100
2025-01-23,230.153221,233.476131,229.310090,233.466202,2567100
2025-01-24,233.575339,233.575339,227.852020,228.774490,2229900
2025-01-27,217.228653,217.833720,208.043556,210.830826,16943600
2025-01-28,211.892142,213.032849,207.289673,211.773117,9118300
2025-01-29,213.816460,214.431440,210.434038,212.646011,2430800
2025-01-30,215.254731,218.210638,214.014841,216.970749,4653800
2025-01-31,218.210633,222.475841,215.711012,216.365677,3867800
2025-02-03,210.672096,215.096028,209.253669,212.467453,3646800
2025-02-04,211.991358,215.512647,211.703695,214.649673,3742300
2025-02-05,214.084277,219.252128,212.745191,218.805771,2200500
2025-02-06,217.278238,218.914886,216.117703,218.518127,3111700
2025-02-07,219.023979,220.283710,213.647820,215.115845,3297400
2025-02-10,216.683084,218.468528,216.653328,217.922974,2698600
2025-02-11,216.127631,219.381100,216.127631,218.121368,1549700
2025-02-12,214.689351,218.438776,214.203309,218.359421,2017500
2025-02-13,218.170943,221.186363,218.111431,221.037567,2546800
2025-02-14,221.017754,221.960067,220.125024,221.265732,1566200
2025-02-18,222.882522,225.630121,221.662475,224.925858,3605000
2025-02-19,225.312709,229.746555,224.429908,228.665375,2635700
2025-02-20,230.123505,231.551860,226.899792,229.201035,2642300
2025-02-21,229.885437,229.974720,221.325250,222.168365,2947000
2025-02-24,223.150344,223.517347,216.772345,216.950897,3372800
2025-02-25,216.683082,217.446858,211.852477,212.477386,3514200
2025-02-26,215.195202,218.022156,213.836289,216.177200,2562600
2025-02-27,217.407164,217.724583,203.262511,203.589844,4349100
2025-02-28,203.708874,208.351028,201.477073,206.833405,3722100
2025-03-03,209.799215,209.938082,197.707825,199.523010,5067800
2025-03-04,199.175831,205.940659,195.108987,200.633942,5487900
2025-03-05,202.885603,205.613360,198.947728,204.958710,3312100
2025-03-06,197.965708,202.072222,195.733907,196.438156,5088700
2025-03-07,197.192030,202.885593,194.890788,202.201187,3713300
2025-03-10,197.211878,198.660061,190.010590,192.847458,5410800
2025-03-11,192.946652,194.722167,187.580407,190.566055,3776600
2025-03-12,195.109029,197.082939,192.748290,194.494049,3143000
2025-03-13,194.484098,197.628455,191.617459,193.521942,2504200
2025-03-14,196.894467,200.078510,196.715930,199.493271,3696800
2025-03-17,198.689808,204.591679,198.590626,202.786407,2743100
2025-03-18,200.731521,201.665112,198.814676,200.095886,2470800
2025-03-19,200.125666,205.022034,198.635897,201.724686,2330800
2025-03-20,199.152383,202.330555,198.993471,200.115768,2265900
2025-03-21,196.589976,198.774968,195.030677,198.020157,2873400
2025-03-24,202.181584,205.250505,201.943215,203.899780,3947000
2025-03-25,203.651468,204.306970,202.171625,202.797333,1419100
2025-03-26,201.833951,202.668218,195.100195,197.116348,3595300
2025-03-27,194.534080,195.696098,192.061072,193.233017,3545900
2025-03-28,191.971671,192.915203,186.161579,187.393112,4122300
2025-03-31,183.440247,187.015700,180.877843,186.886581,3843000
2025-04-01,186.171502,187.055431,182.546402,186.985916,3108800
2025-04-02,184.125552,190.710337,183.470050,188.187653,2784800
2025-04-03,178.524014,179.904533,168.830588,169.198059,9982600
2025-04-04,162.802010,164.639398,153.555510,156.554916,13988400
2025-04-07,150.993075,169.257645,147.298446,160.170059,18686500
2025-04-08,166.496637,168.691571,150.079379,153.803802,11023300
2025-04-09,155.035339,184.294401,153.883247,182.367630,23539500
2025-04-10,173.369422,174.451984,161.282429,167.460007,14499000
2025-04-11,165.841126,171.929322,163.298589,171.085114,9890900
2025-04-14,176.339020,176.339020,169.625117,172.217316,5657400
2025-04-15,173.131060,175.425302,172.068350,172.922485,3201100
2025-04-16,165.195538,168.423372,160.726231,166.248306,10205000
2025-04-17,167.420274,167.599039,163.685909,165.414047,4921000
2025-04-21,162.027321,162.782132,159.166959,162.523911,4769700
2025-04-22,164.103053,166.874033,163.497213,165.682220,4996000
2025-04-23,174.054711,175.931820,171.174497,171.889587,7323800
2025-04-24,176.587307,182.308015,175.335891,181.781631,6873400
2025-04-25,179.964136,184.850578,179.427826,183.549515,4224900
2025-04-28,182.635799,184.493040,179.209332,183.221771,2875400
2025-04-29,180.997050,183.281351,180.013797,181.265198,3527000
2025-04-30,176.785956,183.122446,175.564349,182.586121,3580500
2025-05-01,184.731396,186.072194,182.218653,182.337830,3997600
2025-05-02,186.668117,190.561379,186.548940,188.733932,4581400
2025-05-05,186.906446,189.160968,186.648210,187.283859,3323200
2025-05-06,183.996444,186.966056,183.013206,185.496155,2844600
2025-05-07,185.307443,189.280161,183.549511,188.743835,3001100
2025-05-08,191.196988,193.709731,189.170909,190.432251,3457700
2025-05-09,193.153559,194.295724,190.968567,192.617249,2808500
2025-05-12,205.389531,207.961862,203.591878,206.452225,10675600
2025-05-13,207.276562,213.354831,206.988546,212.302048,5693600
2025-05-14,213.742191,215.222019,211.755832,213.325043,4162800
2025-05-15,211.239362,213.533604,209.471504,211.954453,4216900
2025-05-16,212.103421,212.103421,209.243059,211.676361,2521500
2025-05-19,206.799859,210.941416,206.750197,210.405106,5334700
2025-05-20,208.607429,210.176655,207.981736,210.097198,2968000
2025-05-21,208.319416,212.441106,204.942612,206.253601,5007700
2025-05-22,206.114569,208.041340,204.177871,204.346710,5397300
2025-05-23,199.102695,202.270940,198.566369,201.178436,9527500
2025-05-27,205.548439,208.796125,203.869963,207.862534,6057600
2025-05-28,208.408780,209.024562,206.333039,206.819702,6769200
2025-05-29,211.577024,211.716069,206.333038,207.663895,8600400
2025-05-30,206.402583,206.452230,199.748268,203.542221,10781000
2025-06-02,203.025751,207.405676,202.896633,206.611130,6034900
2025-06-03,206.730301,212.679452,205.300136,212.162994,8905100
2025-06-04,213.920933,216.135719,212.083545,215.321320,7339500
2025-06-05,216.979931,218.777584,212.947625,214.417526,10941600
2025-06-06,216.513138,218.727924,215.728532,215.857635,7582100
2025-06-09,217.834077,222.879431,217.635444,220.942734,7712000
2025-06-10,222.015359,226.524403,221.469123,225.769592,7676200
2025-06-11,227.338792,228.232662,222.740381,225.014755,10405600
2025-06-12,223.405818,226.444945,223.068140,225.322647,5149200
2025-06-13,220.475916,223.048247,218.797440,219.452942,10484600
2025-06-16,222.551497,227.518326,222.203132,226.383621,5772500
2025-06-17,225.398200,228.573386,224.432704,224.591965,7290000
2025-06-18,225.796367,228.125495,224.054495,225.507706,6657600
2025-06-20,227.727338,228.016000,221.128143,224.064438,8202300
2025-06-23,223.974862,226.831527,220.829535,225.457932,7115100
2025-06-24,229.499083,234.266828,229.389593,234.008041,7017500
2025-06-25,235.560797,236.138105,233.709436,236.108246,5252500
2025-06-26,237.929720,238.536887,236.078359,237.959595,4350100
2025-06-27,238.198471,240.109552,235.272124,237.750565,4520500
2025-06-30,239.054497,239.054497,236.456619,237.591324,4925300
2025-07-01,235.600602,238.069079,232.992776,236.516327,10892900
2025-07-02,235.988803,241.990794,235.899224,241.015350,5979000
2025-07-03,242.020643,243.065769,241.572736,242.209763,3069400
2025-07-07,240.169281,241.005391,236.645729,237.670944,4859200
2025-07-08,239.940354,244.260192,238.994769,242.209763,7276200
2025-07-09,242.876655,245.384955,240.756559,242.986145,4415300
2025-07-10,245.275460,246.370357,243.135452,245.404861,4868500
2025-07-11,243.872011,245.922456,242.926426,245.026627,2649600
2025-07-14,243.016016,243.603287,239.233677,242.697510,5522600
2025-07-15,247.634443,248.799023,244.956950,245.116196,6042100
2025-07-16,243.145412,244.528956,238.108917,244.449326,8348900
2025-07-17,244.399541,245.982168,242.777123,245.384949,4801100
2025-07-18,246.798350,247.216397,243.742617,245.584015,3758500
2025-07-21,246.211093,249.027950,245.802994,245.802994,4672600
2025-07-22,244.897232,245.355103,239.572090,242.408844,6871000
2025-07-23,240.597282,241.274117,237.949634,240.935699,5952600
2025-07-24,240.467894,240.965571,238.347797,240.438034,4166800
2025-07-25,238.984838,240.547538,237.989482,240.418137,3511400
2025-07-28,243.075741,244.857420,242.777131,244.608582,6433000
2025-07-29,246.141406,248.371007,243.364371,245.046524,5299700
2025-07-30,247.206454,248.341159,244.728014,246.798355,5300500
2025-07-31,243.901855,244.150694,236.556143,238.915131,9419300
2025-08-01,234.416132,238.497095,231.250909,236.138107,8549000
2025-08-04,237.651035,239.741287,236.665643,239.283417,6189500
2025-08-05,240.637111,241.323909,234.784432,237.621185,5149700
2025-08-06,235.461252,236.357081,232.584676,235.829529,4966500
2025-08-07,240.915798,242.239622,237.780435,239.721375,6073400
2025-08-08,239.890582,242.050501,239.173925,241.741943,5301300
2025-08-11,242.647735,245.365051,240.826233,241.284103,4127900
2025-08-12,243.105576,249.217057,241.582684,248.998077,10091500
2025-08-13,250.958949,252.919800,249.874000,252.700821,6022400
2025-08-14,249.197153,253.875320,248.888595,252.959595,5315700
2025-08-15,251.018646,251.098276,246.469865,247.166626,6840100
2025-08-18,246.390253,248.181896,246.330534,247.893250,4978200
2025-08-19,247.913174,248.878655,243.583372,244.011368,3508000
2025-08-20,243.503724,243.503724,235.998751,242.607910,9423100
2025-08-21,241.343819,242.986149,239.880645,241.234329,4581100
2025-08-22,241.990787,250.819599,241.313953,247.933060,6527700
2025-08-25,247.694176,248.470552,246.121513,247.355743,3654200
2025-08-26,248.410837,250.441355,248.351103,249.684891,3762000
2025-08-27,248.719397,250.491128,247.664323,250.172607,4195400
2025-08-28,251.148056,253.138767,249.734638,251.376984,5060200
2025-08-29,247.783754,247.783754,243.035905,244.180573,8672600
2025-09-02,237.561466,241.801675,237.043877,241.702148,6659200
2025-09-03,242.100268,242.289388,238.118847,240.557465,5473300
2025-09-04,238.944993,243.384284,237.641080,243.035904,11842200
2025-09-05,246.698829,247.345804,242.996106,245.902542,17105500
2025-09-08,247.256225,248.759206,246.410166,247.694183,10290500
2025-09-09,247.952969,248.520314,246.081696,247.903198,9305200
2025-09-10,251.854749,253.029276,250.690185,252.272797,13398400
2025-09-11,253.626475,255.318591,253.437355,254.004715,10286200
2025-09-12,254.621845,255.209101,252.979515,254.452637,7144200
2025-09-15,254.014715,256.642453,253.347829,256.602631,7239200
2025-09-16,257.630958,258.388999,255.925300,257.920197,7543300
2025-09-17,257.281870,260.074714,254.179805,257.870361,6566900
2025-09-18,264.383693,268.293705,263.466058,266.887299,12601600
2025-09-19,266.617938,266.717689,262.927397,265.181610,5839100
2025-09-22,265.969661,269.969440,265.899833,269.141541,5721400
2025-09-23,270.099090,271.435667,267.226433,268.822357,6068300
2025-09-24,268.054294,269.071711,264.932275,268.413391,7825500
2025-09-25,263.904907,268.253799,261.132002,267.555573,11157800
2025-09-26,267.844851,268.732595,265.061961,268.144073,7244300
2025-09-29,271.026725,272.103957,268.183991,268.243835,5954900
2025-09-30,268.164056,270.757428,267.076841,270.428253,7091800
2025-10-01,268.692655,275.993985,268.193931,275.634888,9339600
2025-10-02,280.781735,281.819090,278.896543,280.971252,7250000
2025-10-03,282.228058,283.614496,277.769462,279.245667,8629100
2025-10-06,290.247532,291.763673,287.614283,287.624237,11275000
2025-10-07,290.237569,290.736294,280.811669,281.190704,9952000
2025-10-08,281.280446,291.115272,280.761784,290.796112,9301700
2025-10-09,290.337298,290.865945,286.736524,289.449585,7603500
2025-10-10,290.077961,290.885892,270.767344,271.295990,26691200
2025-10-13,282.058494,285.220419,279.624717,284.143158,8703400
2025-10-14,277.789408,284.043399,276.652302,278.318054,8476000
2025-10-15,285.519629,287.285102,281.120878,286.906097,7595200
2025-10-16,290.337293,291.514306,285.210424,288.242676,7410400
2025-10-17,286.158021,288.901004,282.996095,287.434753,6261500
2025-10-20,289.868509,294.247323,289.758805,292.222504,5832300
2025-10-21,291.753698,291.953200,288.482068,290.586670,3965200
2025-10-22,287.374855,289.090467,277.749483,283.405029,7875300
2025-10-23,281.769212,291.115299,281.529834,290.317352,5374800
2025-10-24,295.573874,297.459066,294.686161,295.105072,4621200
2025-10-27,300.660906,304.231788,299.643519,303.304138,5165000
2025-10-28,302.685693,305.189298,301.608462,303.673187,4156400
2025-10-29,309.079359,311.991922,306.186764,308.810059,4503100
2025-10-30,307.154281,310.326159,304.600815,304.630737,4630700
2025-10-31,307.912361,310.525671,303.483687,305.767822,5163900
2025-11-03,309.608005,310.954567,306.346360,307.593170,3750800
2025-11-04,299.573666,303.972417,294.795879,295.504089,5288800
2025-11-05,296.451648,308.381154,296.132488,304.690582,4949400
2025-11-06,304.221769,305.109513,294.596398,296.740906,8548300
2025-11-07,291.893325,293.698704,282.866399,293.628876,13798600
2025-11-10,301.668341,302.585977,297.778298,301.229462,6030800
2025-11-11,298.277001,299.254481,293.938094,294.396912,5877900
2025-11-12,299.453980,300.920230,296.740919,298.905396,4145000
2025-11-13,295.184923,296.371889,285.719146,288.641663,10980600
2025-11-14,279.903977,292.052892,278.697073,287.783813,7142000
2025-11-17,285.340092,290.786152,279.524951,282.836487,8188700
2025-11-18,278.826781,280.692005,273.390674,276.273315,11103100
2025-11-19,277.430332,284.412471,276.113693,280.891449,5108100
2025-11-20,288.162839,289.250054,266.318725,267.415924,13398300
2025-11-21,267.585481,274.058942,259.775473,270.138947,15355900
2025-11-24,273.081445,283.325230,272.921849,281.978699,6424800
2025-11-25,278.248238,283.614516,272.064075,282.856445,5942800
2025-11-26,285.988417,293.329623,285.878682,290.646515,5818300
2025-11-28,292.501794,296.232242,291.085403,295.982880,3038000
2025-12-01,292.122730,298.656036,291.783601,296.162415,3933000
2025-12-02,299.683405,304.062188,297.927886,302.067291,5086900
2025-12-03,303.723093,308.780165,300.700825,308.570679,3867100
2025-12-04,307.054552,307.483448,303.812845,305.498535,4639700
2025-12-05,308.510814,312.031806,308.141763,308.610565,4338100
2025-12-08,311.134106,313.278615,309.079365,311.962006,3620900
2025-12-09,309.987062,312.051788,308.650485,311.383484,2775300
2025-12-10,311.213903,316.540275,309.767591,315.522858,5093800
2025-12-11,312.001886,313.976845,305.009793,313.717499,6504700
2025-12-12,310.006975,310.804952,297.199740,298.715881,13813600
2025-12-15,301.827919,302.725616,296.471625,297.249634,5241800
2025-12-16,296.386560,298.594172,292.760512,295.877136,5850400
2025-12-17,296.995916,297.854964,284.119952,284.919098,10422000
2025-12-18,295.397661,296.636300,290.522976,291.721680,6740400
2025-12-19,294.348804,301.361140,294.178976,299.483185,5075000
2025-12-22,306.395653,306.605416,302.220187,303.508789,4019000
2025-12-23,301.880561,304.787393,301.041480,304.627563,2708600
2025-12-24,304.667533,306.165898,304.377841,305.806305,1723200
2025-12-26,307.064893,307.204755,304.957208,305.706390,1860900
2025-12-29,303.039296,306.125924,301.560929,304.987183,3620700
2025-12-30,305.746355,307.144854,304.367885,304.587646,2984800
2025-12-31,305.306843,305.786300,300.781751,300.821716,2954200
2026-01-02,308.223640,315.465737,308.223640,313.348053,8491300
2026-01-05,320.350424,322.288312,316.534581,317.713287,7923200
2026-01-06,321.718913,328.791181,321.648982,327.992065,7579900
2026-01-07,324.695657,325.594700,321.758859,324.535858,4528500
2026-01-08,323.836619,323.836619,316.055102,319.231628,5408300
2026-01-09,322.448138,330.309585,320.759978,328.421631,7323100
2026-01-12,325.344974,331.018775,325.175146,329.989899,5159600
2026-01-13,332.487185,336.053301,331.528240,332.936676,3835900
2026-01-14,330.669161,331.628106,326.823352,331.538208,5468900
2026-01-15,342.726012,344.174414,336.852417,336.852417,6531500
2026-01-16,343.135585,345.033508,339.849163,342.096710,5127300
2026-01-20,335.833529,342.815900,335.593770,336.982269,6232600
2026-01-21,341.467348,350.946992,339.929018,347.760498,7204200
2026-01-22,353.973717,354.213476,346.991346,348.289948,4662000
2026-01-23,346.012451,347.650648,341.797050,344.334259,4335900
2026-01-26,342.915806,345.123389,340.758157,342.696045,4458700
2026-01-27,347.780496,352.815011,346.272132,350.697296,5293600
2026-01-28,358.139189,361.645372,356.331164,360.067078,5364000
2026-01-29,360.786261,363.403400,347.340943,360.736328,8446200
2026-01-30,355.611924,359.797358,343.335312,345.922485,8719100
2026-02-02,341.996814,355.721828,341.527325,352.305573,7758000
2026-02-03,355.522039,356.730711,337.721456,345.263245,8371200
2026-02-04,341.806992,345.013515,322.977534,330.019867,15231400
2026-02-05,326.184059,335.104317,323.686784,330.469360,10406500
2026-02-06,337.032221,349.178970,335.503890,348.130127,9096100
2026-02-09,344.464089,354.353291,343.505144,352.385437,7091400
2026-02-10,353.134624,354.652986,347.740516,351.046906,6252400
2026-02-11,358.428872,361.885092,351.016947,359.807373,7497000
2026-02-12,363.063806,364.981727,350.667330,351.116852,9488000
2026-02-13,352.415419,357.220173,348.299914,354.273407,5963000
2026-02-17,349.428688,356.710750,344.943592,353.714020,4068900
2026-02-18,355.432129,361.275758,353.214548,357.529846,5681200
2026-02-19,353.793924,355.931606,351.386547,355.452118,5576400
2026-02-20,353.204577,360.936131,352.415430,359.038208,6013600
2026-02-23,357.180213,359.987147,352.465357,356.431030,6339800
2026-02-24,361.205832,364.342394,357.649716,361.645355,6206000
2026-02-25,365.800851,368.417990,365.111601,367.598877,4539900
2026-02-26,365.980647,366.080544,350.028053,356.411072,13329100
2026-02-27,349.218936,353.644099,347.960299,351.906006,6250200
2026-03-02,343.415254,351.945923,342.965732,351.666229,7284000
2026-03-03,337.721459,338.940130,330.529326,334.415070,17946100
2026-03-04,339.589399,343.435209,336.422872,341.167694,10649900
2026-03-05,338.530587,343.345341,330.209680,337.391846,7239300
2026-03-06,328.042033,334.674810,321.139561,323.157379,8733700
2026-03-09,317.963044,336.802503,315.875326,336.003357,9824600
2026-03-10,335.943399,345.183316,335.943399,338.440674,7471000
2026-03-11,340.128839,345.023492,340.078906,341.717102,6215100
2026-03-12,336.972278,337.182041,328.281780,329.830078,8008100
2026-03-13,333.516069,338.031132,329.430531,330.958862,6450800
2026-03-16,338.520604,341.667164,335.953398,337.461731,8018200
2026-03-17,340.398351,340.998073,336.630152,340.088501,4472100
2026-03-18,340.368383,343.277005,338.129456,338.129456,6363900
2026-03-19,328.603971,342.607301,326.604920,340.038544,8292100
2026-03-20,339.548768,341.088046,327.784365,332.352203,9441300
2026-03-23,339.958560,344.766275,334.960933,336.430237,8151000
2026-03-24,333.631575,343.057092,333.461642,340.858124,5287500
2026-03-25,344.006647,347.514960,341.977611,345.086121,5869000
2026-03-26,339.288883,339.728677,328.364048,328.693909,10172400
2026-03-27,326.684868,329.793407,322.007096,323.326477,6334800
2026-03-30,326.594917,327.474504,307.114177,309.642975,13204800
2026-03-31,315.450199,329.023740,314.730540,328.503998,14036500
2026-04-01,333.331712,342.487368,332.192269,338.379333,10130800
2026-04-02,324.955674,340.228451,324.875725,339.448792,6521000
2026-04-06,341.357884,345.605866,339.758667,343.936676,3105000
2026-04-07,342.877179,347.774847,338.309341,347.594940,4026000
2026-04-08,367.715394,370.973826,361.958118,370.224182,9868700
2026-04-09,371.123749,378.770142,371.123749,378.450287,6036700
2026-04-10,382.488377,389.415080,382.488377,386.416504,5596900
2026-04-13,384.697314,393.383192,384.187546,393.153290,4377400
2026-04-14,397.651180,401.249478,393.323249,401.049561,5202600
2026-04-15,400.119998,401.899152,392.203775,401.669250,5570200
2026-04-16,400.409858,407.286597,397.801081,405.757324,4400500
2026-04-17,413.183815,415.532705,409.385600,415.512695,5729100
2026-04-20,417.231868,418.661182,411.594561,417.351807,3493500
2026-04-21,420.200460,423.149072,416.472250,420.500336,3676800
2026-04-22,427.057225,431.954893,422.619330,431.565063,6557600
2026-04-23,435.133363,446.428018,433.833992,440.790680,10812400
2026-04-24,457.372814,463.649832,450.755961,461.380920,9072000
2026-04-27,461.530835,462.780241,448.716912,455.193848,8924600
2026-04-28,437.422296,445.928267,431.535077,438.501770,11014900
2026-04-29,445.048662,450.156222,442.200009,449.776398,5972800
2026-04-30,455.483712,461.920658,449.126715,461.220978,5170200
2026-05-01,458.252387,466.688384,454.854007,465.528931,4155900
2026-05-04,467.707907,469.387103,457.592715,461.840698,5233100
2026-05-05,470.916390,485.949229,470.006818,482.500885,7203000
2026-05-06,497.723650,506.699399,487.628438,506.629425,9768600
2026-05-07,502.691272,503.440916,487.898309,492.126282,9913700
2026-05-08,504.000664,520.212998,502.511381,520.053040,7754500
2026-05-11,523.831268,533.486656,521.412373,532.507141,7492600
2026-05-12,520.602735,524.900742,495.474684,515.745056,14660600
2026-05-13,527.369581,531.997388,515.695131,528.039246,7346400
2026-05-14,526.250089,532.876947,521.962147,529.778442,5212400
2026-05-15,511.427155,518.543740,506.019719,508.278625,9388200
2026-05-18,517.774155,519.713237,486.688910,495.634644,9999000
2026-05-19,484.170072,505.799815,477.723152,496.504211,12217000
2026-05-20,507.489033,520.292921,506.309570,520.063049,9457600
2026-05-21,517.924063,526.530023,514.755585,524.460999,6749900
2026-05-22,531.627586,541.632846,529.918376,537.075012,7671100
2026-05-26,556.725639,572.678086,555.146372,569.819458,8926200
2026-05-27,584.102622,584.222560,551.628053,563.712280,11412400
2026-05-28,564.052188,575.526720,554.566701,569.199707,6763900
2026-05-29,576.166429,581.953659,564.332021,568.809937,7323900
2026-06-01,563.402419,577.715629,557.115427,571.658508,6999500
2026-06-02,584.892234,605.152633,581.653782,604.732849,7475400
2026-06-03,615.917534,618.546291,597.726161,615.387756,8564700
2026-06-04,587.361100,610.969885,577.265858,602.433899,11445300
2026-06-05,577.585744,580.224506,539.313938,539.513855,22377300
2026-06-08,569.499577,581.104051,560.523798,571.178772,12843000
2026-06-09,585.172165,588.300684,521.992142,561.873230,24548100
2026-06-10,551.398137,572.238277,539.123997,541.252991,16672200
2026-06-11,555.156374,587.720928,554.546678,586.651428,12295400
2026-06-12,583.832728,602.403926,578.255420,595.966980,9928200
2026-06-15,622.609985,629.719971,618.450012,628.450012,8170800
2026-06-16,623.840027,629.640015,590.630005,591.239990,11204900
2026-06-17,611.559998,621.989990,598.950012,599.729980,8948400
2026-06-18,626.520020,644.429993,626.150024,639.450012,9666000
2026-06-22,653.960022,655.950012,643.929993,655.010010,7782700
2026-06-23,607.640015,619.940002,598.190002,603.390015,12712200
2026-06-24,606.190002,609.690002,586.659973,601.500000,9230700
2026-06-25,637.330017,638.469971,598.830017,625.200012,12713200
2026-06-26,601.440002,605.890015,588.510010,589.940002,11017500
2026-06-29,593.710022,615.349976,571.599976,614.349976,11036800
2026-06-30,616.150024,644.940002,616.150024,640.760010,10112600
2026-07-01,616.820007,622.890015,597.880005,599.700012,9983000
2026-07-02,601.239990,608.109985,554.909973,566.320007,16092600
2026-07-06,583.150024,598.000000,580.479980,581.510010,8419400
2026-07-07,551.929993,558.059998,536.119995,551.690002,12285700
2026-07-08,544.659973,564.500000,543.869995,562.030029,7195400
2026-07-09,589.500000,594.989990,579.140015,581.700012,10026200
2026-07-10,571.989990,585.789978,566.669983,581.340027,5861000
2026-07-13,563.580017,566.650024,550.260010,553.609985,8307000
2026-07-14,580.510010,580.669983,560.239990,567.919983,7372300
2026-07-15,575.119995,575.880005,538.530029,555.270020,10199600
2026-07-16,539.049988,545.549988,525.429993,530.500000,10343300
2026-07-17,508.549988,533.190002,498.540009,521.809998,15576800
2026-07-20,534.000000,539.539978,522.840027,524.140015,6533100
2026-07-21,549.099976,555.159973,540.150024,552.690002,10079700
2026-07-22,538.750000,561.179993,538.719971,555.520020,6268400
2026-07-23,545.500000,558.090027,543.789978,551.239990,6689500
2026-07-24,544.359985,548.000000,522.210022,527.010010,10952000
2026-07-27,531.474976,534.304993,500.000000,516.229980,13192066
