Date,Open,High,Low,Close,Volume
2010-02-11,0.193379,0.206696,0.192759,0.205582,6912000
2010-02-12,0.199988,0.208205,0.198824,0.206423,17203200
2010-02-16,0.211276,0.214914,0.207958,0.214419,19238400
2010-02-17,0.217291,0.218107,0.214023,0.218058,38361600
2010-02-18,0.217835,0.223504,0.216523,0.222192,77721600
2010-02-19,0.220681,0.225088,0.218999,0.222192,92966400
2010-02-22,0.224815,0.224815,0.218132,0.220632,50995200
2010-02-23,0.219419,0.220607,0.209097,0.212018,82252800
2010-02-24,0.215756,0.220930,0.214592,0.218430,70617600
2010-02-25,0.211449,0.219791,0.207216,0.218305,91238400
2010-02-26,0.217662,0.221945,0.215509,0.221028,57600000
2010-03-01,0.223826,0.231450,0.223826,0.230509,28454400
2010-03-02,0.232539,0.236896,0.231276,0.231895,48422400
2010-03-03,0.234495,0.236524,0.230930,0.233183,47961600
2010-03-04,0.234000,0.236079,0.230361,0.235757,29452800
2010-03-05,0.240782,0.247268,0.239495,0.246178,26880000
2010-03-08,0.246402,0.249273,0.246402,0.247491,25344000
2010-03-09,0.246129,0.255733,0.245931,0.251872,46425600
2010-03-10,0.252219,0.259571,0.252045,0.258035,40089600
2010-03-11,0.256477,0.260783,0.254768,0.260412,53913600
2010-03-12,0.263283,0.263283,0.258011,0.261006,36134400
2010-03-15,0.259273,0.261031,0.253728,0.259248,42393600
2010-03-16,0.261799,0.264893,0.259075,0.264150,46579200
2010-03-17,0.264893,0.269744,0.263779,0.265982,39820800
2010-03-18,0.266897,0.269522,0.265140,0.268680,52185600
2010-03-19,0.263927,0.271625,0.261106,0.263927,40051200
2010-03-22,0.260833,0.274225,0.259842,0.271056,58790400
2010-03-23,0.272913,0.277319,0.268680,0.276725,55334400
2010-03-24,0.274770,0.275364,0.271056,0.272789,89241600
2010-03-25,0.279447,0.282369,0.270858,0.271081,93926400
2010-03-26,0.274943,0.277715,0.268209,0.272492,84288000
2010-03-29,0.276602,0.279052,0.274201,0.276230,38054400
2010-03-30,0.278507,0.281527,0.273457,0.279126,39897600
2010-03-31,0.276008,0.279720,0.273457,0.275364,59558400
2010-04-01,0.278433,0.283755,0.268655,0.274819,116620800
2010-04-05,0.276824,0.284424,0.274770,0.282765,67584000
2010-04-06,0.280611,0.287493,0.278829,0.284919,58713600
2010-04-07,0.283953,0.287047,0.278359,0.283310,106252800
2010-04-08,0.280438,0.285983,0.276156,0.284325,69657600
2010-04-09,0.285265,0.290141,0.283062,0.289448,58099200
2010-04-12,0.290439,0.292840,0.288533,0.290612,48806400
2010-04-13,0.289672,0.295463,0.287047,0.294994,67238400
2010-04-14,0.299202,0.305637,0.298583,0.305390,61094400
2010-04-15,0.305069,0.310613,0.304796,0.309475,45772800
2010-04-16,0.306207,0.309202,0.292716,0.298459,129484800
2010-04-19,0.295662,0.300711,0.287146,0.297989,112742400
2010-04-20,0.302617,0.304475,0.296949,0.302395,56102400
2010-04-21,0.308533,0.310340,0.301998,0.307717,83980800
2010-04-22,0.298731,0.313311,0.293632,0.312272,122841600
2010-04-23,0.312569,0.317396,0.308881,0.316406,82368000
2010-04-26,0.316628,0.319005,0.312519,0.314054,80524800
2010-04-27,0.311010,0.314326,0.292098,0.294672,133747200
2010-04-28,0.299202,0.299499,0.288211,0.295365,125068800
2010-04-29,0.299474,0.311925,0.299449,0.310440,84748800
2010-04-30,0.309970,0.311430,0.291379,0.292147,88512000
2010-05-03,0.295563,0.308484,0.295488,0.304078,52608000
2010-05-04,0.292567,0.292593,0.270586,0.277196,137241600
2010-05-05,0.268507,0.277517,0.263382,0.272641,138508800
2010-05-06,0.267021,0.274719,0.168327,0.245931,217804800
2010-05-07,0.239421,0.248357,0.212166,0.228034,248256000
2010-05-10,0.256822,0.262813,0.255412,0.262046,189273600
2010-05-11,0.254645,0.272294,0.253159,0.261873,147033600
2010-05-12,0.265462,0.276552,0.264472,0.275983,108556800
2010-05-13,0.273334,0.279077,0.261848,0.263507,105561600
2010-05-14,0.257046,0.257392,0.238876,0.247292,154176000
2010-05-17,0.249693,0.253407,0.234668,0.250634,136857600
2010-05-18,0.256748,0.258185,0.236648,0.241055,190617600
2010-05-19,0.236896,0.242589,0.226326,0.234693,237772800
2010-05-20,0.220484,0.222068,0.206572,0.210954,272985600
2010-05-21,0.198106,0.219147,0.196002,0.212588,234316800
2010-05-24,0.213751,0.221672,0.211870,0.214345,155020800
2010-05-25,0.198428,0.213503,0.192091,0.212835,172646400
2010-05-26,0.216127,0.225014,0.204667,0.206250,208320000
2010-05-27,0.219989,0.229148,0.218206,0.228579,173222400
2010-05-28,0.230088,0.230732,0.219073,0.225385,166694400
2010-06-01,0.223008,0.234520,0.217836,0.219147,202713600
2010-06-02,0.222786,0.234569,0.218033,0.234569,113433600
2010-06-03,0.236302,0.241995,0.231846,0.240658,114854400
2010-06-04,0.225559,0.234544,0.213726,0.216895,245952000
2010-06-07,0.218999,0.221400,0.203973,0.204320,168729600
2010-06-08,0.205780,0.207142,0.195086,0.203181,265920000
2010-06-09,0.207290,0.213108,0.196423,0.198700,229440000
2010-06-10,0.205631,0.215607,0.203948,0.215186,155520000
2010-06-11,0.208503,0.221672,0.208503,0.220806,125337600
2010-06-14,0.227366,0.231722,0.220038,0.220930,227404800
2010-06-15,0.224593,0.239643,0.223925,0.237069,200102400
2010-06-16,0.236871,0.245065,0.235708,0.241847,158361600
2010-06-17,0.245633,0.246005,0.237985,0.244272,163046400
2010-06-18,0.245535,0.249867,0.242490,0.244941,139584000
2010-06-21,0.253877,0.254966,0.234470,0.238504,219916800
2010-06-22,0.241252,0.246500,0.231648,0.232861,179596800
2010-06-23,0.233727,0.236128,0.224519,0.229742,224716800
2010-06-24,0.226994,0.228974,0.217340,0.218603,239424000
2010-06-25,0.221450,0.223925,0.213800,0.218454,177561600
2010-06-28,0.218627,0.221895,0.211796,0.216498,164160000
2010-06-29,0.206324,0.206696,0.186645,0.192339,438220800
2010-06-30,0.189467,0.194888,0.181323,0.182833,183667200
2010-07-01,0.183848,0.185383,0.170456,0.181051,252326400
2010-07-02,0.181522,0.183625,0.174516,0.180061,147379200
2010-07-06,0.186942,0.190383,0.176446,0.181002,156556800
2010-07-07,0.182560,0.198651,0.182116,0.198106,160780800
2010-07-08,0.202859,0.203651,0.194467,0.201448,207360000
2010-07-09,0.200928,0.207934,0.199863,0.207092,142656000
2010-07-12,0.206324,0.212563,0.205062,0.209444,98918400
2010-07-13,0.214345,0.219370,0.209716,0.216598,174144000
2010-07-14,0.218454,0.223752,0.215632,0.220063,109516800
2010-07-15,0.219147,0.222761,0.212018,0.220831,114201600
2010-07-16,0.218899,0.219172,0.202092,0.203057,181363200
2010-07-19,0.204221,0.208924,0.199294,0.207637,124224000
2010-07-20,0.197339,0.215063,0.195755,0.214197,127948800
2010-07-21,0.222291,0.222291,0.205310,0.206696,172492800
2010-07-22,0.214766,0.224891,0.214766,0.220632,126451200
2010-07-23,0.217538,0.226648,0.216325,0.226375,138854400
2010-07-26,0.227366,0.231995,0.224197,0.231351,100761600
2010-07-27,0.234767,0.235807,0.228405,0.231301,119692800
2010-07-28,0.230831,0.233727,0.223528,0.226573,77568000
2010-07-29,0.229717,0.231202,0.214172,0.221177,152755200
2010-07-30,0.215558,0.226351,0.211671,0.222687,129830400
2010-08-02,0.230930,0.236401,0.228380,0.234668,90163200
2010-08-03,0.234222,0.234965,0.228579,0.232242,64012800
2010-08-04,0.235287,0.239618,0.232242,0.238950,80908800
2010-08-05,0.235361,0.238381,0.232539,0.237540,66470400
2010-08-06,0.228999,0.237441,0.225583,0.236426,152755200
2010-08-09,0.239668,0.242589,0.236598,0.240559,85632000
2010-08-10,0.235163,0.238752,0.229024,0.235460,158016000
2010-08-11,0.222959,0.223108,0.212662,0.216078,154905600
2010-08-12,0.203131,0.212958,0.201919,0.209988,145920000
2010-08-13,0.208256,0.210632,0.205804,0.205804,57945600
2010-08-16,0.202735,0.211127,0.200136,0.206968,95424000
2010-08-17,0.211597,0.220385,0.210359,0.214840,120076800
2010-08-18,0.213751,0.221127,0.211301,0.216771,71155200
2010-08-19,0.213702,0.215904,0.203230,0.208800,102412800
2010-08-20,0.206696,0.209666,0.203008,0.208082,88588800
2010-08-23,0.212736,0.213998,0.202042,0.202340,108211200
2010-08-24,0.195729,0.197190,0.188378,0.190730,144806400
2010-08-25,0.187017,0.198800,0.186100,0.196448,144153600
2010-08-26,0.198973,0.199294,0.188750,0.190037,132979200
2010-08-27,0.193353,0.197166,0.181695,0.196324,192460800
2010-08-30,0.193304,0.198478,0.189913,0.189962,105139200
2010-08-31,0.187140,0.193007,0.184442,0.189021,156441600
2010-09-01,0.196299,0.206770,0.196027,0.204864,129638400
2010-09-02,0.206127,0.211895,0.204567,0.211895,54297600
2010-09-03,0.218331,0.222687,0.216078,0.222687,135283200
2010-09-07,0.219692,0.222340,0.216796,0.217266,97382400
2010-09-08,0.219692,0.228554,0.219692,0.224940,113894400
2010-09-09,0.231945,0.232316,0.226846,0.227786,90355200
2010-09-10,0.229445,0.231475,0.225707,0.230237,63936000
2010-09-13,0.236253,0.242119,0.236029,0.240386,83712000
2010-09-14,0.239371,0.247144,0.237985,0.243431,84748800
2010-09-15,0.241501,0.248778,0.239544,0.247565,67660800
2010-09-16,0.247416,0.251476,0.244792,0.251055,93772800
2010-09-17,0.256179,0.256179,0.249892,0.253728,114816000
2010-09-20,0.256575,0.268309,0.255684,0.266947,105561600
2010-09-21,0.267170,0.272294,0.263283,0.266106,173875200
2010-09-22,0.263135,0.270042,0.260412,0.264843,96576000
2010-09-23,0.259422,0.272047,0.258629,0.264050,137088000
2010-09-24,0.273482,0.280711,0.272170,0.279003,126528000
2010-09-27,0.280290,0.281750,0.275042,0.275809,97113600
2010-09-28,0.278409,0.278409,0.262590,0.276502,146227200
2010-09-29,0.274324,0.278062,0.271180,0.274275,63859200
2010-09-30,0.278433,0.283334,0.265189,0.270561,177484800
2010-10-01,0.276898,0.278012,0.265734,0.269720,117043200
2010-10-04,0.267021,0.269769,0.256154,0.260362,123840000
2010-10-05,0.269596,0.281082,0.269150,0.279745,109785600
2010-10-06,0.278582,0.280339,0.267121,0.272616,88512000
2010-10-07,0.277245,0.277443,0.268680,0.275289,78950400
2010-10-08,0.275784,0.282839,0.270165,0.280834,68544000
2010-10-11,0.281626,0.285314,0.278853,0.281404,38131200
2010-10-12,0.279547,0.288755,0.272962,0.287246,97728000
2010-10-13,0.292542,0.297815,0.290067,0.294226,96844800
2010-10-14,0.294573,0.296281,0.288112,0.292593,79756800
2010-10-15,0.303063,0.311257,0.296306,0.311257,119577600
2010-10-18,0.311752,0.314450,0.307915,0.311257,86976000
2010-10-19,0.298929,0.306058,0.291676,0.298880,127296000
2010-10-20,0.301801,0.311826,0.299920,0.305093,93465600
2010-10-21,0.311257,0.314624,0.298310,0.307222,109708800
2010-10-22,0.307594,0.313905,0.305984,0.313212,58713600
2010-10-25,0.316975,0.323361,0.316975,0.317965,77184000
2010-10-26,0.312965,0.322099,0.309302,0.319871,74841600
2010-10-27,0.315787,0.323980,0.314054,0.323163,112857600
2010-10-28,0.327644,0.327817,0.317321,0.325020,107788800
2010-10-29,0.324946,0.328708,0.323040,0.323460,80755200
2010-11-01,0.326753,0.333362,0.319574,0.324203,85209600
2010-11-02,0.332001,0.336729,0.330466,0.334030,68121600
2010-11-03,0.335714,0.338957,0.326530,0.338857,115161600
2010-11-04,0.350665,0.355022,0.348214,0.350864,111859200
2010-11-05,0.351705,0.353388,0.348289,0.351284,113971200
2010-11-08,0.349501,0.353982,0.346977,0.352175,103449600
2010-11-09,0.357175,0.358413,0.342175,0.346482,121881600
2010-11-10,0.348313,0.353017,0.340145,0.351779,91968000
2010-11-11,0.335417,0.347076,0.331357,0.345863,121843200
2010-11-12,0.340145,0.344179,0.320738,0.328263,218265600
2010-11-15,0.333882,0.335268,0.324352,0.324748,119193600
2010-11-16,0.317792,0.323361,0.304895,0.308633,181632000
2010-11-17,0.309177,0.316183,0.306950,0.311553,111168000
2010-11-18,0.321579,0.332496,0.321332,0.326035,138739200
2010-11-19,0.324971,0.329228,0.321258,0.326802,93427200
2010-11-22,0.322916,0.335417,0.321579,0.335417,147456000
2010-11-23,0.325491,0.326431,0.313880,0.319574,185856000
2010-11-24,0.328659,0.340838,0.328263,0.338238,129484800
2010-11-26,0.332347,0.338684,0.330392,0.336110,59673600
2010-11-29,0.330466,0.334179,0.319128,0.331431,176524800
2010-11-30,0.320911,0.325069,0.315242,0.318832,200716800
2010-12-01,0.333461,0.344179,0.332941,0.339105,206860800
2010-12-02,0.340615,0.350888,0.339749,0.349403,132134400
2010-12-03,0.345194,0.353462,0.345071,0.352324,175449600
2010-12-06,0.352398,0.353759,0.348858,0.351705,99072000
2010-12-07,0.364701,0.364725,0.351408,0.352027,164428800
2010-12-08,0.355517,0.357794,0.348611,0.356903,93427200
2010-12-09,0.362869,0.362943,0.353982,0.357274,99878400
2010-12-10,0.359726,0.365443,0.356780,0.364775,88204800
2010-12-13,0.369355,0.369355,0.360170,0.360493,80755200
2010-12-14,0.363340,0.366929,0.359354,0.362002,76876800
2010-12-15,0.361706,0.368438,0.355220,0.358314,95577600
2010-12-16,0.358686,0.367696,0.356458,0.365790,86131200
2010-12-17,0.366954,0.370072,0.364948,0.366904,61209600
2010-12-20,0.368835,0.371805,0.359923,0.367894,126144000
2010-12-21,0.372151,0.374132,0.369305,0.373958,33600000
2010-12-22,0.374009,0.375890,0.372449,0.374355,43200000
2010-12-23,0.372399,0.373909,0.369082,0.371508,36864000
2010-12-27,0.368513,0.373785,0.360666,0.371657,64166400
2010-12-28,0.374429,0.374751,0.367523,0.370048,63475200
2010-12-29,0.373315,0.374330,0.371310,0.372251,45465600
2010-12-30,0.372399,0.372498,0.367597,0.369454,28761600
2010-12-31,0.368637,0.368637,0.360641,0.366062,48729600
2011-01-03,0.375791,0.390148,0.375741,0.382598,133516800
2011-01-04,0.387400,0.387499,0.374702,0.382004,131520000
2011-01-05,0.378217,0.391658,0.377722,0.391485,122880000
2011-01-06,0.392871,0.395940,0.390445,0.395024,104524800
2011-01-07,0.397029,0.397697,0.382672,0.394108,152409600
2011-01-10,0.391113,0.400544,0.388514,0.398540,86054400
2011-01-11,0.403391,0.404257,0.396287,0.400371,109939200
2011-01-12,0.405916,0.408738,0.401237,0.408491,134092800
2011-01-13,0.409951,0.412278,0.405842,0.409778,131443200
2011-01-14,0.409579,0.418788,0.406906,0.418665,61286400
2011-01-18,0.407971,0.423294,0.407278,0.422006,138124800
2011-01-19,0.424160,0.424160,0.403638,0.407872,149952000
2011-01-20,0.402995,0.404010,0.389628,0.398713,189465600
2011-01-21,0.404530,0.406956,0.389331,0.389603,104832000
2011-01-24,0.391781,0.406039,0.389702,0.405693,86438400
2011-01-25,0.400223,0.407649,0.397302,0.407104,95846400
2011-01-26,0.409729,0.417253,0.405941,0.413417,99379200
2011-01-27,0.418268,0.424902,0.415991,0.421387,111360000
2011-01-28,0.421536,0.422328,0.384008,0.389603,254553600
2011-01-31,0.391138,0.398342,0.382450,0.395371,159974400
2011-02-01,0.404481,0.420075,0.402945,0.417327,203443200
2011-02-02,0.415125,0.419729,0.412823,0.415446,92121600
2011-02-03,0.413144,0.419308,0.403169,0.417055,131558400
2011-02-04,0.418120,0.425274,0.414332,0.424581,135936000
2011-02-07,0.427229,0.437378,0.425126,0.430744,103795200
2011-02-08,0.430893,0.439929,0.428740,0.439929,133977600
2011-02-09,0.437008,0.440869,0.432973,0.437255,130406400
2011-02-10,0.429977,0.440275,0.427007,0.439384,142080000
2011-02-11,0.435324,0.448666,0.433195,0.448394,94540800
2011-02-14,0.448295,0.453295,0.447107,0.451216,59635200
2011-02-15,0.448716,0.451042,0.443641,0.450053,93235200
2011-02-16,0.453593,0.461984,0.452924,0.458370,141120000
2011-02-17,0.451612,0.460424,0.450771,0.457974,86745600
2011-02-18,0.458246,0.460078,0.449953,0.455375,128179200
2011-02-22,0.437205,0.440622,0.413392,0.415273,241843200
2011-02-23,0.415150,0.419605,0.395717,0.405025,194265600
2011-02-24,0.407872,0.414877,0.396064,0.410792,320524800
2011-02-25,0.418441,0.430175,0.417253,0.428393,108345600
2011-02-28,0.433294,0.437552,0.423739,0.431511,104313600
2011-03-01,0.437304,0.437304,0.407203,0.410768,122899200
2011-03-02,0.409976,0.425026,0.409630,0.416560,114105600
2011-03-03,0.428690,0.443691,0.428641,0.441413,132825600
2011-03-04,0.441611,0.441611,0.426264,0.434878,109420800
2011-03-07,0.440324,0.441066,0.405866,0.417551,137568000
2011-03-08,0.415174,0.427947,0.408441,0.421907,128774400
2011-03-09,0.418441,0.418986,0.407005,0.413392,97056000
2011-03-10,0.398737,0.402252,0.389480,0.394480,174892800
2011-03-11,0.387895,0.404431,0.387301,0.401064,102547200
2011-03-14,0.394529,0.403490,0.388192,0.397154,78912000
2011-03-15,0.361804,0.387449,0.358190,0.380914,187852800
2011-03-16,0.371409,0.377201,0.345318,0.352942,216768000
2011-03-17,0.369082,0.373785,0.361804,0.362151,116486400
2011-03-18,0.374825,0.374973,0.359428,0.360170,118713600
2011-03-21,0.375964,0.386162,0.374379,0.380271,95251200
2011-03-22,0.382053,0.383192,0.376260,0.379231,64358400
2011-03-23,0.374578,0.388341,0.366954,0.384974,104544000
2011-03-24,0.393985,0.408342,0.387252,0.405916,130656000
2011-03-25,0.409976,0.416858,0.407203,0.408886,148300800
2011-03-28,0.414432,0.414481,0.401461,0.401956,88838400
2011-03-29,0.399530,0.413590,0.395371,0.413491,67296000
2011-03-30,0.419828,0.421165,0.414184,0.419580,67545600
2011-03-31,0.417847,0.422402,0.415372,0.421362,56428800
2011-04-01,0.427402,0.431511,0.418342,0.422006,75552000
2011-04-04,0.425620,0.426660,0.412352,0.418194,62419200
2011-04-05,0.415075,0.421808,0.411906,0.413441,53932800
2011-04-06,0.423343,0.427453,0.410025,0.416560,66393600
2011-04-07,0.416858,0.424432,0.407897,0.416461,71942400
2011-04-08,0.422204,0.423689,0.404035,0.410224,50457600
2011-04-11,0.414977,0.417798,0.402450,0.406510,56083200
2011-04-12,0.400768,0.403788,0.393341,0.398490,66566400
2011-04-13,0.407104,0.411362,0.398540,0.407996,70848000
2011-04-14,0.399480,0.407649,0.394579,0.405768,67872000
2011-04-15,0.401015,0.408442,0.395965,0.403144,149683200
2011-04-18,0.391460,0.395569,0.375469,0.395371,125760000
2011-04-19,0.397847,0.402501,0.392005,0.402501,107328000
2011-04-20,0.423739,0.430917,0.422303,0.429284,131155200
2011-04-21,0.442700,0.442849,0.436215,0.440176,64972800
2011-04-25,0.441760,0.444087,0.438740,0.443443,45350400
2011-04-26,0.447058,0.455474,0.444334,0.451067,44793600
2011-04-27,0.452999,0.461563,0.447354,0.460424,62668800
2011-04-28,0.455919,0.459929,0.452255,0.459732,66028800
2011-04-29,0.456167,0.460870,0.454236,0.457503,52416000
2011-05-02,0.459483,0.462404,0.450968,0.455028,53875200
2011-05-03,0.453593,0.454880,0.439681,0.448196,52204800
2011-05-04,0.448146,0.451959,0.434977,0.445572,81945600
2011-05-05,0.439037,0.454434,0.434037,0.438889,95750400
2011-05-06,0.452255,0.459385,0.439185,0.442700,76838400
2011-05-09,0.444780,0.452948,0.440077,0.447503,41875200
2011-05-10,0.451909,0.460920,0.449484,0.458989,55353600
2011-05-11,0.457602,0.461960,0.439829,0.449087,64704000
2011-05-12,0.444384,0.458889,0.437205,0.457008,60288000
2011-05-13,0.453939,0.456019,0.440373,0.440819,74054400
2011-05-16,0.435027,0.438492,0.414977,0.417897,79718400
2011-05-17,0.411610,0.421561,0.409085,0.421313,89740800
2011-05-18,0.419779,0.434037,0.418046,0.431561,42566400
2011-05-19,0.436562,0.438196,0.427848,0.435275,52627200
2011-05-20,0.433789,0.435472,0.424086,0.425670,43660800
2011-05-23,0.408193,0.411659,0.401163,0.407203,77433600
2011-05-24,0.410323,0.410323,0.399430,0.399530,67929600
2011-05-25,0.397598,0.409579,0.397351,0.403985,53913600
2011-05-26,0.400024,0.414926,0.400024,0.411560,47136000
2011-05-27,0.413590,0.418937,0.412699,0.417699,35059200
2011-05-31,0.429729,0.437799,0.422947,0.437799,55315200
2011-06-01,0.434928,0.437701,0.408639,0.409827,92352000
2011-06-02,0.411659,0.416114,0.405421,0.412204,46790400
2011-06-03,0.397748,0.406808,0.392103,0.393489,81388800
2011-06-06,0.391658,0.396658,0.383539,0.383984,53472000
2011-06-07,0.386954,0.391410,0.381063,0.381757,55852800
2011-06-08,0.379132,0.381113,0.370319,0.373538,93523200
2011-06-09,0.373686,0.380519,0.370221,0.375172,44064000
2011-06-10,0.370072,0.372597,0.357399,0.357943,55699200
2011-06-13,0.359478,0.363686,0.354576,0.358190,58982400
2011-06-14,0.366261,0.374627,0.366161,0.371508,58521600
2011-06-15,0.361458,0.367894,0.348784,0.351210,89337600
2011-06-16,0.351408,0.354725,0.337694,0.346309,85171200
2011-06-17,0.356111,0.357448,0.340715,0.343735,89971200
2011-06-20,0.340368,0.351804,0.340368,0.348289,47212800
2011-06-21,0.352794,0.372202,0.348091,0.371508,74284800
2011-06-22,0.366557,0.372993,0.362894,0.363141,62208000
2011-06-23,0.351210,0.373686,0.347943,0.373191,115852800
2011-06-24,0.367647,0.368785,0.351804,0.353537,94041600
2011-06-27,0.355220,0.375568,0.353191,0.370716,74361600
2011-06-28,0.373390,0.387548,0.372003,0.387351,57676800
2011-06-29,0.390767,0.394083,0.383687,0.392202,68409600
2011-06-30,0.396312,0.408292,0.395619,0.407104,90432000
2011-07-01,0.408441,0.427551,0.404926,0.425967,76723200
2011-07-05,0.427402,0.433492,0.424680,0.432106,73286400
2011-07-06,0.431017,0.438542,0.426759,0.436710,79833600
2011-07-07,0.446314,0.458196,0.444731,0.454385,107097600
2011-07-08,0.442849,0.450771,0.435621,0.450622,146035200
2011-07-11,0.436858,0.443245,0.421709,0.426462,135417600
2011-07-12,0.425868,0.428641,0.415471,0.416065,100646400
2011-07-13,0.425323,0.434284,0.417204,0.421611,114796800
2011-07-14,0.425323,0.430769,0.402302,0.407104,123436800
2011-07-15,0.421115,0.423294,0.412402,0.423294,96403200
2011-07-18,0.416957,0.421709,0.404481,0.416313,84691200
2011-07-19,0.428838,0.446314,0.428740,0.445671,144864000
2011-07-20,0.452751,0.452999,0.437651,0.439433,107078400
2011-07-21,0.440770,0.455474,0.433690,0.448345,131212800
2011-07-22,0.447948,0.464038,0.446661,0.462256,91468800
2011-07-25,0.450820,0.466861,0.448592,0.459534,80102400
2011-07-26,0.457999,0.467652,0.455820,0.462058,103353600
2011-07-27,0.453642,0.454484,0.423788,0.427007,144057600
2011-07-28,0.427799,0.445275,0.422749,0.429284,123398400
2011-07-29,0.418739,0.438344,0.412749,0.425126,149740800
2011-08-01,0.440523,0.442799,0.403985,0.419382,197337600
2011-08-02,0.412996,0.418640,0.385915,0.387548,177004800
2011-08-03,0.388539,0.399580,0.368637,0.397599,175584000
2011-08-04,0.381212,0.383093,0.343388,0.343486,292108800
2011-08-05,0.354873,0.359280,0.307791,0.335911,317836800
2011-08-08,0.306306,0.322941,0.276255,0.276898,385459200
2011-08-09,0.287840,0.315812,0.265314,0.314821,425856000
2011-08-10,0.293731,0.307445,0.276057,0.277690,323577600
2011-08-11,0.288484,0.322841,0.284968,0.313336,286348800
2011-08-12,0.320465,0.327000,0.309277,0.321307,250291200
2011-08-15,0.325318,0.335268,0.320861,0.335169,151488000
2011-08-16,0.326060,0.335268,0.313782,0.326555,150643200
2011-08-17,0.328535,0.336357,0.311306,0.321258,212236800
2011-08-18,0.295068,0.295167,0.265808,0.274670,328723200
2011-08-19,0.265314,0.285265,0.258432,0.259273,287328000
2011-08-22,0.277492,0.278086,0.259472,0.261600,216460800
2011-08-23,0.267195,0.294176,0.264126,0.293979,286137600
2011-08-24,0.292443,0.302593,0.284572,0.300910,197164800
2011-08-25,0.300266,0.304524,0.283285,0.286453,152582400
2011-08-26,0.283879,0.310663,0.275116,0.307148,222412800
2011-08-29,0.316851,0.334427,0.316851,0.333288,226464000
2011-08-30,0.329723,0.346011,0.324278,0.340070,228940800
2011-08-31,0.346358,0.354428,0.333140,0.342051,256454400
2011-09-01,0.344279,0.352250,0.330466,0.332397,197836800
2011-09-02,0.313683,0.318584,0.303830,0.309128,154137600
2011-09-06,0.287295,0.310465,0.285166,0.309078,170054400
2011-09-07,0.322495,0.332694,0.319871,0.332447,160089600
2011-09-08,0.327149,0.341803,0.324921,0.327842,199046400
2011-09-09,0.321802,0.325317,0.300117,0.306257,207648000
2011-09-12,0.296157,0.318435,0.295513,0.317743,239712000
2011-09-13,0.321406,0.332496,0.316951,0.330070,280243200
2011-09-14,0.335813,0.355962,0.325565,0.344329,233625600
2011-09-15,0.356260,0.361656,0.345467,0.359973,235372800
2011-09-16,0.362795,0.370914,0.360320,0.369379,246220800
2011-09-19,0.356309,0.376013,0.346952,0.370319,247449600
2011-09-20,0.375666,0.384627,0.362746,0.365072,239155200
2011-09-21,0.370765,0.376360,0.346210,0.346506,234451200
2011-09-22,0.320168,0.328882,0.297543,0.312792,335462400
2011-09-23,0.304821,0.326506,0.304177,0.322545,261504000
2011-09-26,0.327545,0.335268,0.305959,0.333486,246988800
2011-09-27,0.351012,0.359428,0.337150,0.343685,259027200
2011-09-28,0.348537,0.355270,0.326506,0.327495,269184000
2011-09-29,0.344031,0.344873,0.300810,0.317792,336556800
2011-09-30,0.305217,0.312198,0.292098,0.293087,287462400
2011-10-03,0.284770,0.298632,0.269720,0.270116,410649600
2011-10-04,0.261700,0.288285,0.253728,0.286552,689280000
2011-10-05,0.284572,0.311158,0.277988,0.308336,520569600
2011-10-06,0.307940,0.324179,0.303435,0.324179,456460800
2011-10-07,0.323238,0.327990,0.311405,0.317494,288364800
2011-10-10,0.333684,0.350071,0.332297,0.350071,216960000
2011-10-11,0.347645,0.360022,0.345962,0.357547,200947200
2011-10-12,0.368191,0.375023,0.362102,0.363290,258950400
2011-10-13,0.361112,0.374429,0.359874,0.373043,187161600
2011-10-14,0.387202,0.393589,0.380815,0.393589,191481600
2011-10-17,0.387994,0.391658,0.369131,0.375370,1094342400
2011-10-18,0.374033,0.395321,0.363240,0.388985,285792000
2011-10-19,0.383984,0.386509,0.363141,0.366557,242246400
2011-10-20,0.365716,0.367548,0.345813,0.361903,203174400
2011-10-21,0.372845,0.381806,0.364923,0.374776,188428800
2011-10-24,0.379182,0.401213,0.377944,0.398193,197356800
2011-10-25,0.393935,0.394677,0.372251,0.375617,200755200
2011-10-26,0.381212,0.383490,0.352794,0.374132,383692800
2011-10-27,0.400223,0.410917,0.388539,0.404283,330528000
2011-10-28,0.396856,0.407203,0.396856,0.405619,127161600
2011-10-31,0.394777,0.399629,0.384727,0.385519,157977600
2011-11-01,0.357695,0.365864,0.349378,0.355666,392870400
2011-11-02,0.365914,0.368884,0.354428,0.364428,243648000
2011-11-03,0.373339,0.388391,0.360419,0.386608,285561600
2011-11-04,0.380914,0.385717,0.369379,0.380618,158323200
2011-11-07,0.380667,0.389826,0.368835,0.389083,223084800
2011-11-08,0.397351,0.404382,0.384232,0.402055,205900800
2011-11-09,0.378686,0.380667,0.357547,0.360468,222144000
2011-11-10,0.371013,0.371805,0.349032,0.358982,177945600
2011-11-11,0.369181,0.382845,0.367498,0.379132,171532800
2011-11-14,0.376904,0.382994,0.368389,0.372696,113126400
2011-11-15,0.369875,0.389431,0.368340,0.384678,220108800
2011-11-16,0.376459,0.385221,0.363884,0.365716,242092800
2011-11-17,0.363092,0.363389,0.333684,0.340565,445920000
2011-11-18,0.340516,0.341605,0.330615,0.332397,236198400
2011-11-21,0.319525,0.320168,0.303336,0.313089,272352000
2011-11-22,0.310365,0.319277,0.305365,0.315812,320659200
2011-11-23,0.309326,0.310217,0.294573,0.294820,310272000
2011-11-25,0.291602,0.301454,0.288137,0.288137,123552000
2011-11-28,0.309227,0.319327,0.309029,0.317891,262752000
2011-11-29,0.316900,0.324822,0.309722,0.312148,234432000
2011-11-30,0.337694,0.347596,0.334823,0.346407,242457600
2011-12-01,0.346804,0.356606,0.345912,0.353834,183475200
2011-12-02,0.364280,0.364528,0.350120,0.350467,129081600
2011-12-05,0.367300,0.369627,0.356458,0.361953,189158400
2011-12-06,0.363686,0.366360,0.355962,0.359181,140025600
2011-12-07,0.356458,0.364379,0.345467,0.359726,154080000
2011-12-08,0.352497,0.360616,0.339278,0.341407,259795200
2011-12-09,0.344427,0.360764,0.343536,0.357596,196243200
2011-12-12,0.346556,0.346903,0.336655,0.345863,214579200
2011-12-13,0.352447,0.356606,0.329872,0.334179,231590400
2011-12-14,0.330169,0.331209,0.312990,0.318633,409939200
2011-12-15,0.327644,0.327743,0.314574,0.316158,306950400
2011-12-16,0.321357,0.333684,0.319227,0.320119,280934400
2011-12-19,0.324475,0.326555,0.308831,0.311257,199296000
2011-12-20,0.326010,0.339922,0.326010,0.338882,267705600
2011-12-21,0.333090,0.333090,0.312891,0.324773,343718400
2011-12-22,0.326060,0.333189,0.325168,0.332694,200947200
2011-12-23,0.334575,0.341358,0.332644,0.341309,110918400
2011-12-27,0.340021,0.347546,0.338635,0.343932,139776000
2011-12-28,0.343091,0.344329,0.329624,0.332892,200294400
2011-12-29,0.333833,0.340170,0.331010,0.339377,135436800
2011-12-30,0.337397,0.341803,0.336407,0.336605,115622400
2012-01-03,0.355567,0.361112,0.353388,0.355765,202732800
2012-01-04,0.354081,0.361755,0.349526,0.360022,119692800
2012-01-05,0.358191,0.370072,0.353982,0.368884,138796800
2012-01-06,0.369875,0.375419,0.365320,0.372696,207494400
2012-01-09,0.375766,0.376360,0.365864,0.369577,153945600
2012-01-10,0.381509,0.384479,0.374578,0.377152,157305600
2012-01-11,0.377152,0.382202,0.373092,0.379776,137241600
2012-01-12,0.382796,0.385667,0.374132,0.384281,154329600
2012-01-13,0.378340,0.380370,0.370270,0.379875,155155200
2012-01-17,0.390519,0.395222,0.386162,0.390074,129024000
2012-01-18,0.392895,0.405965,0.390668,0.405570,213830400
2012-01-19,0.411312,0.415719,0.409480,0.413689,226790400
2012-01-20,0.408144,0.412204,0.407402,0.411857,80179200
2012-01-23,0.411758,0.420719,0.404976,0.411807,137664000
2012-01-24,0.406559,0.413045,0.404332,0.409530,95596800
2012-01-25,0.422452,0.428244,0.413045,0.425175,202521600
2012-01-26,0.430621,0.432948,0.414728,0.420669,187084800
2012-01-27,0.418244,0.426660,0.417551,0.424828,168844800
2012-01-30,0.413986,0.427254,0.409134,0.425521,168672000
2012-01-31,0.431611,0.434136,0.419085,0.427007,198201600
2012-02-01,0.434334,0.442255,0.430224,0.437502,175737600
2012-02-02,0.441810,0.445968,0.436562,0.442007,145190400
2012-02-03,0.454236,0.461167,0.451860,0.459583,155040000
2012-02-06,0.454385,0.459187,0.451216,0.459137,130828800
2012-02-07,0.457949,0.464287,0.451711,0.461117,130176000
2012-02-08,0.461810,0.468791,0.456810,0.468791,154886400
2012-02-09,0.473891,0.480723,0.465920,0.479188,152544000
2012-02-10,0.469039,0.472900,0.464088,0.468939,194803200
2012-02-13,0.479436,0.483743,0.473346,0.481565,159206400
2012-02-14,0.478842,0.485773,0.473990,0.485773,173875200
2012-02-15,0.492753,0.500675,0.473346,0.474930,383865600
2012-02-16,0.476366,0.496763,0.472455,0.494783,252268800
2012-02-17,0.495229,0.496417,0.484188,0.490575,161932800
2012-02-21,0.492456,0.501021,0.485376,0.494734,164371200
2012-02-22,0.491714,0.496021,0.485822,0.488199,125376000
2012-02-23,0.489882,0.498991,0.482703,0.497456,210144000
2012-02-24,0.501615,0.505229,0.498942,0.502309,134572800
2012-02-27,0.493694,0.509537,0.487901,0.504735,184819200
2012-02-28,0.505773,0.519834,0.504239,0.519834,191980800
2012-02-29,0.521419,0.526270,0.508250,0.513002,266092800
2012-03-01,0.518993,0.526716,0.514438,0.525478,234643200
2012-03-02,0.523696,0.529142,0.519141,0.523894,166252800
2012-03-05,0.523349,0.525033,0.502704,0.507556,244454400
2012-03-06,0.493297,0.496070,0.484881,0.493001,215558400
2012-03-07,0.499833,0.507457,0.497655,0.504190,187238400
2012-03-08,0.512754,0.524784,0.509932,0.520181,124761600
2012-03-09,0.523250,0.529687,0.522013,0.526468,154944000
2012-03-12,0.525825,0.529191,0.519686,0.527310,151507200
2012-03-13,0.536568,0.557114,0.533052,0.557015,191462400
2012-03-14,0.558648,0.569095,0.552707,0.563253,243052800
2012-03-15,0.567907,0.571075,0.559589,0.567560,196819200
2012-03-16,0.570332,0.570431,0.562559,0.566322,138297600
2012-03-19,0.569144,0.582461,0.565134,0.578650,191961600
2012-03-20,0.569788,0.583649,0.565084,0.581818,184396800
2012-03-21,0.582362,0.591423,0.579491,0.581620,156576000
2012-03-22,0.571273,0.582165,0.570926,0.578105,213216000
2012-03-23,0.580382,0.580779,0.567362,0.577313,157497600
2012-03-26,0.588056,0.607464,0.587413,0.607464,158553600
2012-03-27,0.608107,0.617464,0.607859,0.609790,179251200
2012-03-28,0.610928,0.617909,0.591917,0.602660,190368000
2012-03-29,0.594145,0.602463,0.583055,0.596472,172300800
2012-03-30,0.603998,0.604691,0.585234,0.592314,126451200
2012-04-02,0.590680,0.613107,0.587660,0.610384,125452800
2012-04-03,0.613058,0.618701,0.599988,0.610434,167500800
2012-04-04,0.596125,0.597463,0.575035,0.585531,205152000
2012-04-05,0.582313,0.597710,0.580828,0.596225,154656000
2012-04-09,0.573550,0.589937,0.570877,0.582512,143904000
2012-04-10,0.581422,0.588551,0.549044,0.554390,293433600
2012-04-11,0.569738,0.573550,0.558302,0.562411,168806400
2012-04-12,0.565728,0.583600,0.563649,0.581273,178291200
2012-04-13,0.575432,0.575926,0.554539,0.554985,183321600
2012-04-16,0.564243,0.564540,0.531716,0.537509,200486400
2012-04-17,0.544192,0.574343,0.541222,0.569193,189254400
2012-04-18,0.564095,0.574838,0.559836,0.565035,128294400
2012-04-19,0.559094,0.579244,0.539885,0.546766,199200000
2012-04-20,0.554688,0.562114,0.538993,0.540874,171033600
2012-04-23,0.526963,0.528992,0.512160,0.527260,140140800
2012-04-24,0.523943,0.530082,0.511467,0.517953,129696000
2012-04-25,0.550133,0.560134,0.547658,0.559094,152409600
2012-04-26,0.558302,0.572956,0.556966,0.569095,142483200
2012-04-27,0.576075,0.584838,0.567213,0.578847,104928000
2012-04-30,0.573699,0.577412,0.565579,0.566817,96172800
2012-05-01,0.563698,0.588601,0.562956,0.570036,104678400
2012-05-02,0.560827,0.575877,0.557609,0.573798,77184000
2012-05-03,0.575778,0.576917,0.552014,0.555975,100550400
2012-05-04,0.540776,0.543351,0.514884,0.515180,182169600
2012-05-07,0.505378,0.523448,0.504834,0.515923,211046400
2012-05-08,0.506022,0.515478,0.485426,0.510230,276480000
2012-05-09,0.492853,0.513844,0.486218,0.507407,269529600
2012-05-10,0.512458,0.512903,0.496664,0.502209,406137600
2012-05-11,0.496169,0.518151,0.495971,0.501715,96172800
2012-05-14,0.489634,0.499734,0.485872,0.487852,164400000
2012-05-15,0.493397,0.503991,0.480821,0.483594,151276800
2012-05-16,0.488743,0.492703,0.470623,0.473098,148598400
2012-05-17,0.473891,0.475970,0.443790,0.443987,260640000
2012-05-18,0.448146,0.451117,0.425076,0.426165,281923200
2012-05-21,0.428641,0.463098,0.427254,0.462009,206409600
2012-05-22,0.465475,0.471613,0.450127,0.460326,193238400
2012-05-23,0.448939,0.466464,0.436958,0.462900,161952000
2012-05-24,0.465375,0.466464,0.443592,0.454582,154800000
2012-05-25,0.455375,0.457553,0.448047,0.452008,62496000
2012-05-29,0.464881,0.475673,0.456959,0.468841,141360000
2012-05-30,0.456463,0.462404,0.448840,0.457454,124617600
2012-05-31,0.455869,0.459236,0.441117,0.450919,166080000
2012-06-01,0.427551,0.435275,0.415075,0.415471,224342400
2012-06-04,0.419135,0.426759,0.407847,0.424382,228345600
2012-06-05,0.420521,0.432502,0.419927,0.430224,196483200
2012-06-06,0.440225,0.460622,0.438641,0.459633,171724800
2012-06-07,0.473396,0.473891,0.452899,0.454484,171408000
2012-06-08,0.451612,0.469138,0.447354,0.467851,126384000
2012-06-11,0.477554,0.478841,0.442899,0.445473,181795200
2012-06-12,0.449137,0.460326,0.441117,0.459534,134995200
2012-06-13,0.455969,0.466267,0.445473,0.450523,96998400
2012-06-14,0.450028,0.460424,0.442899,0.455573,131414400
2012-06-15,0.458741,0.473990,0.458444,0.472405,168758400
2012-06-18,0.467157,0.488842,0.464287,0.484585,176668800
2012-06-19,0.492703,0.506566,0.492010,0.500526,162518400
2012-06-20,0.503298,0.508051,0.490228,0.502309,194428800
2012-06-21,0.500328,0.502309,0.462702,0.464682,155788800
2012-06-22,0.468445,0.480723,0.465276,0.479139,140044800
2012-06-25,0.466861,0.467356,0.447058,0.450721,134160000
2012-06-26,0.455275,0.463296,0.449334,0.459434,136684800
2012-06-27,0.464682,0.473891,0.463296,0.467851,116985600
2012-06-28,0.457058,0.458246,0.437651,0.451018,209184000
2012-06-29,0.478247,0.495080,0.473792,0.495080,246595200
2012-07-02,0.496566,0.500031,0.488149,0.499041,125107200
2012-07-03,0.499932,0.511714,0.497655,0.510923,92947200
2012-07-05,0.510526,0.520230,0.502209,0.512705,118560000
2012-07-06,0.505873,0.506764,0.482901,0.492506,145248000
2012-07-09,0.491912,0.496962,0.483693,0.490822,96124800
2012-07-10,0.498942,0.502506,0.470822,0.475772,172665600
2012-07-11,0.474881,0.478445,0.456860,0.469237,221088000
2012-07-12,0.457752,0.460920,0.442700,0.455672,215356800
2012-07-13,0.459137,0.479039,0.458246,0.475475,141120000
2012-07-16,0.472900,0.478940,0.466365,0.471910,108739200
2012-07-17,0.480525,0.483991,0.459039,0.479139,173606400
2012-07-18,0.476168,0.503002,0.476069,0.498644,187440000
2012-07-19,0.509338,0.519834,0.506467,0.514883,216249600
2012-07-20,0.515279,0.515279,0.494090,0.495080,164726400
2012-07-23,0.465969,0.482010,0.455078,0.476763,221788800
2012-07-24,0.479436,0.481317,0.456563,0.465870,252192000
2012-07-25,0.455176,0.465177,0.447751,0.455474,196675200
2012-07-26,0.475970,0.482208,0.465672,0.473297,231024000
2012-07-27,0.484386,0.510230,0.480227,0.509140,271305600
2012-07-30,0.511814,0.518249,0.501516,0.506071,183235200
2012-07-31,0.509140,0.514883,0.504784,0.506367,132748800
2012-08-01,0.516864,0.517161,0.496070,0.501417,150921600
2012-08-02,0.489634,0.511220,0.485278,0.496169,165830400
2012-08-03,0.520428,0.535083,0.514982,0.524389,195081600
2012-08-06,0.533003,0.543301,0.529537,0.536172,127612800
2012-08-07,0.544192,0.556272,0.541024,0.549440,140601600
2012-08-08,0.545380,0.552608,0.542905,0.548548,85929600
2012-08-09,0.548747,0.555975,0.545876,0.553202,77500800
2012-08-10,0.548648,0.555480,0.543895,0.555480,93350400
2012-08-13,0.555083,0.558847,0.546073,0.558847,71904000
2012-08-14,0.565183,0.568550,0.554985,0.559639,110160000
2012-08-15,0.558252,0.566173,0.557856,0.563599,71654400
2012-08-16,0.570431,0.587957,0.568055,0.583799,139017600
2012-08-17,0.587660,0.591819,0.583898,0.591819,113606400
2012-08-20,0.590729,0.594492,0.583600,0.594096,91910400
2012-08-21,0.599839,0.606276,0.580234,0.587265,218227200
2012-08-22,0.582808,0.597958,0.578452,0.593601,113750400
2012-08-23,0.586967,0.591917,0.575283,0.580432,109641600
2012-08-24,0.575481,0.594888,0.573006,0.590729,104236800
2012-08-27,0.598452,0.600532,0.589541,0.593601,75379200
2012-08-28,0.591720,0.598255,0.585976,0.593502,87657600
2012-08-29,0.594195,0.598057,0.586076,0.593700,73737600
2012-08-30,0.585779,0.586373,0.572709,0.575580,124272000
2012-08-31,0.588155,0.594294,0.569639,0.587859,168816000
2012-09-04,0.584294,0.591621,0.567857,0.585382,149625600
2012-09-05,0.584095,0.591720,0.578551,0.582709,100828800
2012-09-06,0.593997,0.622415,0.593700,0.621227,154656000
2012-09-07,0.618058,0.622514,0.614196,0.618553,109670400
2012-09-10,0.614791,0.618355,0.594394,0.595779,150604800
2012-09-11,0.595482,0.602611,0.589937,0.593205,140352000
2012-09-12,0.598948,0.602711,0.587066,0.598354,153888000
2012-09-13,0.599938,0.630039,0.597463,0.622216,233616000
2012-09-14,0.629742,0.645585,0.628356,0.638158,286377600
2012-09-17,0.640238,0.640238,0.632712,0.639346,152323200
2012-09-18,0.634495,0.641921,0.634495,0.640535,100742400
2012-09-19,0.641227,0.649645,0.635485,0.644792,137520000
2012-09-20,0.635386,0.644495,0.630435,0.643307,144921600
2012-09-21,0.652714,0.654001,0.641624,0.643307,145056000
2012-09-24,0.627168,0.635286,0.623306,0.631425,139872000
2012-09-25,0.637168,0.641129,0.604493,0.606077,153148800
2012-09-26,0.602611,0.603899,0.581422,0.590135,244800000
2012-09-27,0.594591,0.619048,0.591917,0.615187,183244800
2012-09-28,0.608552,0.614394,0.598057,0.600433,157977600
2012-10-01,0.608948,0.619543,0.591323,0.597858,156499200
2012-10-02,0.605186,0.610334,0.588353,0.601721,165043200
2012-10-03,0.607166,0.616573,0.599840,0.613107,159820800
2012-10-04,0.617365,0.625088,0.610830,0.620236,152342400
2012-10-05,0.629345,0.631722,0.605384,0.609543,116534400
2012-10-08,0.599542,0.603106,0.589047,0.593403,104841600
2012-10-09,0.588056,0.588651,0.560827,0.562907,182188800
2012-10-10,0.564788,0.569144,0.553500,0.556074,155808000
2012-10-11,0.569541,0.569837,0.550133,0.551124,142396800
2012-10-12,0.551718,0.559737,0.547360,0.551025,109180800
2012-10-15,0.556767,0.564490,0.546766,0.562015,116332800
2012-10-16,0.565084,0.588155,0.564490,0.586472,142742400
2012-10-17,0.577264,0.590630,0.574887,0.584689,133401600
2012-10-18,0.579541,0.585086,0.558450,0.564689,173520000
2012-10-19,0.562807,0.563698,0.522309,0.523894,285312000
2012-10-22,0.522804,0.536370,0.520032,0.532112,211132800
2012-10-23,0.519636,0.530725,0.512210,0.516368,282038400
2012-10-24,0.525874,0.528449,0.509338,0.511220,207052800
2012-10-25,0.522408,0.524587,0.506863,0.511220,233625600
2012-10-26,0.511913,0.522210,0.499635,0.516567,192192000
2012-10-31,0.514388,0.516666,0.501021,0.506566,148204800
2012-11-01,0.515774,0.531023,0.511814,0.528053,183724800
2012-11-02,0.535182,0.535973,0.508744,0.508744,183427200
2012-11-05,0.511616,0.523993,0.507952,0.521220,150355200
2012-11-06,0.523497,0.534588,0.518052,0.524389,182582400
2012-11-07,0.507556,0.508943,0.480327,0.486762,383731200
2012-11-08,0.490129,0.494189,0.463989,0.463989,310473600
2012-11-09,0.464682,0.484684,0.463791,0.469039,436598400
2012-11-12,0.477951,0.479337,0.465475,0.469732,164419200
2012-11-13,0.458741,0.472999,0.455275,0.459534,345734400
2012-11-14,0.466069,0.467751,0.441216,0.443097,294950400
2012-11-15,0.444087,0.448840,0.433988,0.439136,310396800
2012-11-16,0.439631,0.448146,0.423590,0.444087,372614400
2012-11-19,0.458940,0.477257,0.458642,0.476069,345580800
2012-11-20,0.475970,0.478545,0.462900,0.476168,218467200
2012-11-21,0.477455,0.481614,0.472207,0.479534,160761600
2012-11-23,0.488248,0.501516,0.486961,0.501516,129321600
2012-11-26,0.498050,0.508448,0.493100,0.507952,196944000
2012-11-27,0.506962,0.512903,0.500229,0.502209,359788800
2012-11-28,0.495278,0.516666,0.486069,0.515675,281001600
2012-11-29,0.523795,0.530131,0.517161,0.524587,249177600
2012-11-30,0.524784,0.526171,0.517556,0.522706,228470400
2012-12-03,0.534587,0.535776,0.518547,0.520131,336825600
2012-12-04,0.520329,0.521320,0.507952,0.516765,336748800
2012-12-05,0.516072,0.516171,0.492506,0.500823,436617600
2012-12-06,0.496268,0.514487,0.492109,0.510032,306249600
2012-12-07,0.518448,0.519735,0.496368,0.501318,240748800
2012-12-10,0.497556,0.513497,0.497258,0.505773,210441600
2012-12-11,0.517161,0.534092,0.515081,0.525280,344976000
2012-12-12,0.533498,0.533696,0.517854,0.521715,301238400
2012-12-13,0.519240,0.530033,0.503100,0.509932,338515200
2012-12-14,0.500229,0.504289,0.490129,0.495476,274128000
2012-12-17,0.496268,0.515279,0.494486,0.514785,193219200
2012-12-18,0.522706,0.540925,0.518547,0.538648,456326400
2012-12-19,0.543004,0.543598,0.530528,0.530924,361286400
2012-12-20,0.534290,0.535083,0.523497,0.531319,291580800
2012-12-21,0.506863,0.516567,0.500031,0.514785,336624000
2012-12-24,0.512111,0.513002,0.508051,0.510427,52425600
2012-12-26,0.512012,0.513992,0.493298,0.498348,158563200
2012-12-27,0.499140,0.501219,0.477158,0.495575,308150400
2012-12-28,0.485376,0.496070,0.481218,0.481218,164284800
2012-12-31,0.478940,0.515081,0.476861,0.512606,423052800
2013-01-02,0.549539,0.561223,0.543796,0.560430,354720000
2013-01-03,0.560331,0.564095,0.546866,0.552312,310732800
2013-01-04,0.552707,0.552707,0.542806,0.546866,152208000
2013-01-07,0.542113,0.549539,0.537261,0.547460,182822400
2013-01-08,0.546766,0.550925,0.535281,0.544291,175036800
2013-01-09,0.546073,0.554193,0.544885,0.549836,153993600
2013-01-10,0.560728,0.562411,0.544588,0.559540,235555200
2013-01-11,0.558946,0.562708,0.555777,0.561619,106060800
2013-01-14,0.552707,0.559044,0.547360,0.554390,147369600
2013-01-15,0.546766,0.548648,0.539043,0.546172,216844800
2013-01-16,0.549341,0.558450,0.545875,0.552312,152217600
2013-01-17,0.559737,0.567164,0.556866,0.560827,230620800
2013-01-18,0.555381,0.558648,0.549440,0.557658,206044800
2013-01-22,0.559143,0.560629,0.548648,0.559936,252566400
2013-01-23,0.568946,0.574788,0.566570,0.569045,225081600
2013-01-24,0.546766,0.562015,0.543895,0.546371,246124800
2013-01-25,0.552014,0.559441,0.548549,0.554489,170409600
2013-01-28,0.555183,0.563995,0.552906,0.558450,249590400
2013-01-29,0.556173,0.562213,0.545183,0.558450,213888000
2013-01-30,0.562114,0.566371,0.551222,0.555381,159158400
2013-01-31,0.554489,0.563104,0.549836,0.551816,203433600
2013-02-01,0.563005,0.573699,0.556272,0.569936,286070400
2013-02-04,0.560331,0.565678,0.540627,0.540925,274224000
2013-02-05,0.547658,0.569738,0.544291,0.564689,280089600
2013-02-06,0.558945,0.566866,0.554390,0.559441,250972800
2013-02-07,0.561124,0.562708,0.542509,0.560827,218572800
2013-02-08,0.569837,0.581521,0.568550,0.577858,203913600
2013-02-11,0.579145,0.579838,0.572807,0.577659,111062400
2013-02-12,0.576670,0.579640,0.569738,0.570926,129542400
2013-02-13,0.576076,0.583799,0.572115,0.577560,186806400
2013-02-14,0.569639,0.579441,0.568451,0.576372,137001600
2013-02-15,0.577165,0.580927,0.566965,0.571422,118598400
2013-02-19,0.575482,0.584492,0.574590,0.583898,127296000
2013-02-20,0.583799,0.584194,0.557262,0.557262,163958400
2013-02-21,0.551222,0.552509,0.533202,0.539142,265286400
2013-02-22,0.548449,0.555381,0.542607,0.554985,132364800
2013-02-25,0.566273,0.571818,0.533400,0.534290,240604800
2013-02-26,0.537558,0.543895,0.526369,0.540726,168460800
2013-02-27,0.541419,0.567263,0.538845,0.557163,171072000
2013-02-28,0.557163,0.569639,0.554688,0.555084,163516800
2013-03-01,0.548252,0.563401,0.540033,0.560827,123216000
2013-03-04,0.555282,0.568352,0.553202,0.568055,150969600
2013-03-05,0.579046,0.595582,0.578452,0.593007,228086400
2013-03-06,0.599047,0.599542,0.586769,0.589244,207619200
2013-03-07,0.590928,0.596472,0.587859,0.594394,110284800
2013-03-08,0.599839,0.602216,0.588848,0.595087,169718400
2013-03-11,0.593997,0.601423,0.588155,0.601225,123878400
2013-03-12,0.595878,0.599740,0.585976,0.593898,178108800
2013-03-13,0.596076,0.598948,0.585976,0.592017,160838400
2013-03-14,0.598354,0.601721,0.594096,0.598057,154339200
2013-03-15,0.599047,0.600433,0.588453,0.592413,159888000
2013-03-18,0.576966,0.595977,0.572807,0.588353,214742400
2013-03-19,0.593997,0.597562,0.569837,0.585976,287500800
2013-03-20,0.597958,0.601523,0.589740,0.597165,153484800
2013-03-21,0.582214,0.585976,0.573500,0.578055,214742400
2013-03-22,0.584591,0.595482,0.582808,0.593997,142761600
2013-03-25,0.599839,0.603601,0.579342,0.587957,228931200
2013-03-26,0.594888,0.597760,0.590630,0.596968,123830400
2013-03-27,0.585680,0.600929,0.582709,0.600136,191798400
2013-03-28,0.599740,0.605978,0.595582,0.603601,266697600
2013-04-01,0.605483,0.606968,0.586967,0.591917,249628800
2013-04-02,0.599741,0.611325,0.598750,0.605285,337776000
2013-04-03,0.606572,0.608948,0.584689,0.589244,177206400
2013-04-04,0.588650,0.593800,0.580036,0.589541,189936000
2013-04-05,0.561718,0.577362,0.557559,0.575085,338284800
2013-04-08,0.575580,0.584294,0.570431,0.583898,223603200
2013-04-09,0.588749,0.602611,0.580432,0.595383,332620800
2013-04-10,0.601622,0.632910,0.600929,0.630237,182448000
2013-04-11,0.625980,0.633999,0.623801,0.629148,167558400
2013-04-12,0.625088,0.629643,0.613999,0.628455,218592000
2013-04-15,0.620633,0.624296,0.589146,0.590235,203846400
2013-04-16,0.601918,0.616474,0.597661,0.614890,193718400
2013-04-17,0.598353,0.598750,0.568055,0.578947,315619200
2013-04-18,0.583799,0.583799,0.547162,0.553895,253670400
2013-04-19,0.558351,0.580828,0.555183,0.576867,183014400
2013-04-22,0.583205,0.601027,0.576966,0.594591,161088000
2013-04-23,0.605483,0.618157,0.595878,0.612117,272966400
2013-04-24,0.607364,0.617662,0.603305,0.610632,224179200
2013-04-25,0.616573,0.627762,0.615483,0.620534,192508800
2013-04-26,0.616672,0.620434,0.607265,0.615286,91881600
2013-04-29,0.620534,0.638951,0.620534,0.631623,137097600
2013-04-30,0.634495,0.646080,0.627267,0.645486,123897600
2013-05-01,0.645486,0.649149,0.632910,0.637267,128688000
2013-05-02,0.639743,0.664793,0.638257,0.660338,97516800
2013-05-03,0.679844,0.690043,0.678755,0.683408,133996800
2013-05-06,0.687369,0.695191,0.685884,0.692221,97008000
2013-05-07,0.695489,0.696974,0.683408,0.690538,104275200
2013-05-08,0.688855,0.702419,0.686577,0.701331,85305600
2013-05-09,0.696182,0.711925,0.693805,0.698855,110918400
2013-05-10,0.701925,0.711431,0.698756,0.710737,127027200
2013-05-13,0.707272,0.718262,0.704994,0.713509,133286400
2013-05-14,0.713410,0.730639,0.713213,0.724005,133920000
2013-05-15,0.720737,0.730639,0.714796,0.729352,131366400
2013-05-16,0.730837,0.741333,0.724995,0.726678,155404800
2013-05-17,0.737076,0.747967,0.730442,0.747175,150000000
2013-05-20,0.741333,0.751036,0.734897,0.743808,151363200
2013-05-21,0.743313,0.754304,0.734996,0.746581,160915200
2013-05-22,0.748957,0.766582,0.715193,0.728362,316982400
2013-05-23,0.707470,0.728362,0.703013,0.720441,145737600
2013-05-24,0.706974,0.720540,0.701033,0.720044,67747200
2013-05-28,0.745194,0.753512,0.727768,0.734897,161817600
2013-05-29,0.725788,0.731729,0.711431,0.723807,159638400
2013-05-30,0.724005,0.745194,0.724005,0.735590,86121600
2013-05-31,0.726481,0.743512,0.713113,0.714599,123331200
2013-06-03,0.716183,0.719154,0.691132,0.718757,222633600
2013-06-04,0.722817,0.731729,0.698855,0.707965,138556800
2013-06-05,0.700538,0.708559,0.678458,0.680834,190560000
2013-06-06,0.682715,0.689746,0.663408,0.689151,190944000
2013-06-07,0.699152,0.720143,0.693112,0.717966,233088000
2013-06-10,0.722520,0.728560,0.714401,0.718262,135331200
2013-06-11,0.696974,0.716579,0.690241,0.697469,222105600
2013-06-12,0.710242,0.710341,0.670041,0.673308,223488000
2013-06-13,0.670338,0.702717,0.664892,0.697469,151699200
2013-06-14,0.698459,0.700836,0.681626,0.685190,124339200
2013-06-17,0.701033,0.716381,0.693805,0.704201,158851200
2013-06-18,0.707371,0.725886,0.707073,0.720836,101404800
2013-06-19,0.721926,0.724501,0.695290,0.698162,175708800
2013-06-20,0.673606,0.680735,0.641227,0.646674,241257600
2013-06-21,0.647168,0.652813,0.621523,0.637564,236985600
2013-06-24,0.622118,0.633208,0.602611,0.617860,221136000
2013-06-25,0.636079,0.639445,0.621128,0.631029,132422400
2013-06-26,0.647961,0.652120,0.641426,0.648258,119865600
2013-06-27,0.658357,0.668952,0.655486,0.655486,113683200
2013-06-28,0.650337,0.671230,0.646179,0.657268,156076800
2013-07-01,0.673210,0.687667,0.669645,0.671329,103891200
2013-07-02,0.670932,0.684596,0.661823,0.671626,124377600
2013-07-03,0.665190,0.689844,0.663506,0.680735,53769600
2013-07-05,0.691924,0.696578,0.675884,0.695785,114441600
2013-07-08,0.706777,0.707568,0.690637,0.698063,88281600
2013-07-09,0.707667,0.715292,0.698360,0.710836,84316800
2013-07-10,0.708261,0.726183,0.708261,0.722817,100867200
2013-07-11,0.745888,0.767870,0.744799,0.767870,153024000
2013-07-12,0.768067,0.777573,0.761730,0.775889,83510400
2013-07-15,0.778365,0.782821,0.772028,0.781929,91622400
2013-07-16,0.783316,0.785197,0.772522,0.778860,85219200
2013-07-17,0.785494,0.789455,0.777771,0.784405,79104000
2013-07-18,0.784009,0.789751,0.774800,0.778662,101136000
2013-07-19,0.758463,0.758759,0.747274,0.754997,108595200
2013-07-22,0.763017,0.765889,0.753809,0.760443,85852800
2013-07-23,0.764899,0.764899,0.742324,0.743512,86428800
2013-07-24,0.765592,0.766483,0.745987,0.750541,105744000
2013-07-25,0.761631,0.767671,0.749749,0.764106,81110400
2013-07-26,0.755888,0.777375,0.752522,0.776781,77654400
2013-07-29,0.772820,0.782424,0.766582,0.773216,72345600
2013-07-30,0.781732,0.794901,0.776681,0.784702,120960000
2013-07-31,0.789653,0.802723,0.784999,0.789653,110179200
2013-08-01,0.805693,0.816882,0.803119,0.813714,77596800
2013-08-02,0.814308,0.827576,0.808565,0.827279,97104000
2013-08-05,0.824408,0.830645,0.821238,0.829061,79440000
2013-08-06,0.825397,0.827773,0.804010,0.814308,93820800
2013-08-07,0.806684,0.813714,0.791831,0.809654,120585600
2013-08-08,0.823121,0.826883,0.805594,0.820447,130598400
2013-08-09,0.817971,0.825892,0.804505,0.811634,98534400
2013-08-12,0.801931,0.821238,0.801832,0.816684,68822400
2013-08-13,0.820050,0.836290,0.802723,0.830250,154483200
2013-08-14,0.829754,0.833319,0.817872,0.821041,94368000
2013-08-15,0.794010,0.794207,0.773018,0.779850,132883200
2013-08-16,0.780048,0.790345,0.774503,0.777078,70176000
2013-08-19,0.779850,0.798267,0.773910,0.774008,90115200
2013-08-20,0.779355,0.795297,0.776880,0.784603,88752000
2013-08-21,0.777771,0.797178,0.768265,0.776781,159686400
2013-08-22,0.785890,0.800644,0.785197,0.798960,71260800
2013-08-23,0.816585,0.818070,0.807377,0.815793,76512000
2013-08-26,0.816882,0.834705,0.811337,0.816486,74918400
2013-08-27,0.787672,0.799158,0.760938,0.765097,200131200
2013-08-28,0.764602,0.784801,0.763711,0.774999,102038400
2013-08-29,0.774701,0.802822,0.771434,0.791040,129465600
2013-08-30,0.793316,0.793811,0.767870,0.776286,121996800
2013-09-03,0.795098,0.805693,0.779158,0.789058,85699200
2013-09-04,0.796584,0.817971,0.790643,0.814803,83078400
2013-09-05,0.815991,0.825298,0.815001,0.818368,48451200
2013-09-06,0.826388,0.834111,0.793811,0.821338,122121600
2013-09-09,0.831042,0.854211,0.831042,0.850250,94281600
2013-09-10,0.865202,0.866192,0.853617,0.863123,151929600
2013-09-11,0.846092,0.859162,0.842231,0.858766,106118400
2013-09-12,0.858370,0.863914,0.850844,0.854904,66921600
2013-09-13,0.859063,0.860549,0.843914,0.857677,80860800
2013-09-16,0.878767,0.879064,0.844805,0.850449,132374400
2013-09-17,0.855301,0.870548,0.855301,0.867479,66940800
2013-09-18,0.871143,0.903719,0.866093,0.899363,127507200
2013-09-19,0.906492,0.911442,0.900551,0.904907,71404800
2013-09-20,0.911839,0.914116,0.894016,0.895006,108153600
2013-09-23,0.907581,0.909759,0.877282,0.889956,134889600
2013-09-24,0.896095,0.904313,0.881242,0.890154,82003200
2013-09-25,0.891441,0.895600,0.875599,0.881737,108662400
2013-09-26,0.892135,0.907482,0.890550,0.901937,89020800
2013-09-27,0.886985,0.902630,0.881936,0.897679,73200000
2013-09-30,0.870153,0.898076,0.861340,0.892036,123292800
2013-10-01,0.891639,0.919958,0.890748,0.918770,87888000
2013-10-02,0.899165,0.921245,0.897383,0.917087,86313600
2013-10-03,0.913819,0.919463,0.870648,0.885203,161577600
2013-10-04,0.884708,0.911641,0.883223,0.907976,92112000
2013-10-07,0.884907,0.906393,0.883322,0.885501,99340800
2013-10-08,0.885203,0.887382,0.833418,0.835398,234777600
2013-10-09,0.839953,0.841141,0.805892,0.826190,218448000
2013-10-10,0.852627,0.884114,0.852131,0.878668,144720000
2013-10-11,0.872034,0.901046,0.871638,0.898471,130147200
2013-10-14,0.882530,0.917878,0.880253,0.917087,140956800
2013-10-15,0.915304,0.929265,0.904017,0.907284,162076800
2013-10-16,0.919463,0.939662,0.917977,0.938275,129302400
2013-10-17,0.924909,0.955208,0.923324,0.953425,166368000
2013-10-18,0.979962,1.001646,0.972239,1.000556,135110400
2013-10-21,1.006300,1.014617,0.997685,1.006300,99369600
2013-10-22,1.017390,1.027984,0.992636,1.009766,157660800
2013-10-23,0.996696,1.002339,0.978674,0.993527,161184000
2013-10-24,0.994220,1.012340,0.990358,1.005903,108547200
2013-10-25,1.034718,1.041154,1.013231,1.026004,140467200
2013-10-28,1.027489,1.032638,1.014617,1.028084,83251200
2013-10-29,1.037985,1.041054,1.019865,1.033034,84105600
2013-10-30,1.044223,1.048777,1.016003,1.029766,198662400
2013-10-31,1.022836,1.042044,1.011943,1.023132,141782400
2013-11-01,1.032044,1.036698,1.008775,1.022637,163132800
2013-11-04,1.033727,1.033727,1.017290,1.027588,91641600
2013-11-05,1.016003,1.038678,1.007488,1.031945,132124800
2013-11-06,1.043926,1.045213,1.020855,1.030163,163910400
2013-11-07,1.030757,1.035213,0.970060,0.973030,232934400
2013-11-08,0.983229,1.012439,0.975010,1.011449,118080000
2013-11-11,1.005112,1.015310,0.996893,1.006596,63494400
2013-11-12,0.997785,1.016003,0.996102,1.011548,108777600
2013-11-13,0.992338,1.048084,0.991645,1.047788,126470400
2013-11-14,1.039372,1.060065,1.033628,1.055906,118819200
2013-11-15,1.059471,1.064224,1.051153,1.063234,89203200
2013-11-18,1.062640,1.069671,1.027093,1.033826,143846400
2013-11-19,1.031054,1.045609,1.018875,1.023627,102192000
2013-11-20,1.032539,1.043530,1.007488,1.016499,125865600
2013-11-21,1.028479,1.049866,1.026598,1.047589,86592000
2013-11-22,1.053134,1.065115,1.050263,1.064125,87014400
2013-11-25,1.074720,1.079076,1.063828,1.071155,92582400
2013-11-26,1.073135,1.096405,1.065412,1.088879,106713600
2013-11-27,1.095216,1.112049,1.092444,1.110663,137894400
2013-11-29,1.124030,1.135515,1.121257,1.128881,91622400
2013-12-02,1.135318,1.140169,1.116504,1.121851,165936000
2013-12-03,1.118782,1.127396,1.105613,1.118584,134544000
2013-12-04,1.104523,1.132545,1.093632,1.121456,133996800
2013-12-05,1.125119,1.127892,1.108583,1.117990,126480000
2013-12-06,1.144922,1.148486,1.125218,1.141061,142588800
2013-12-09,1.154526,1.162448,1.149279,1.154725,112608000
2013-12-10,1.148883,1.159180,1.146209,1.152645,93004800
2013-12-11,1.151952,1.157398,1.103633,1.109574,148464000
2013-12-12,1.109969,1.117692,1.097098,1.100563,107347200
2013-12-13,1.115118,1.116802,1.089572,1.095315,81206400
2013-12-16,1.111157,1.132347,1.109276,1.114128,74966400
2013-12-17,1.114128,1.121257,1.100563,1.107099,72960000
2013-12-18,1.109969,1.148091,1.061947,1.145318,161596800
2013-12-19,1.138981,1.139774,1.120465,1.135021,117177600
2013-12-20,1.140664,1.177300,1.139674,1.169181,113750400
2013-12-23,1.198193,1.207005,1.188390,1.207005,112502400
2013-12-24,1.207104,1.210669,1.201262,1.208689,38006400
2013-12-26,1.214431,1.223244,1.208095,1.220471,55814400
2013-12-27,1.224630,1.226808,1.206807,1.211560,73939200
2013-12-30,1.205223,1.210471,1.195618,1.205223,53078400
2013-12-31,1.212253,1.228888,1.210965,1.228888,64176000
2014-01-02,1.212055,1.212947,1.189578,1.200173,98976000
2014-01-03,1.199975,1.203342,1.173340,1.174033,97545600
2014-01-06,1.175023,1.178686,1.147991,1.161556,125923200
2014-01-07,1.176608,1.198094,1.170667,1.191658,92313600
2014-01-08,1.193440,1.210669,1.185816,1.200569,93264000
2014-01-09,1.213243,1.214530,1.176508,1.188192,105561600
2014-01-10,1.197896,1.204134,1.171161,1.200074,119942400
2014-01-13,1.195222,1.207600,1.133239,1.146704,173107200
2014-01-14,1.158785,1.214729,1.158488,1.212353,138076800
2014-01-15,1.226710,1.249186,1.223838,1.240670,120528000
2014-01-16,1.238988,1.247899,1.232848,1.243245,70512000
2014-01-17,1.231462,1.241661,1.212451,1.221165,84460800
2014-01-21,1.244434,1.250572,1.218095,1.248494,88022400
2014-01-22,1.258197,1.267405,1.247602,1.260078,78432000
2014-01-23,1.247008,1.247602,1.219877,1.244929,129052800
2014-01-24,1.226412,1.232947,1.170963,1.171161,141648000
2014-01-27,1.172548,1.178093,1.112940,1.137100,177729600
2014-01-28,1.119475,1.139674,1.114921,1.136703,109497600
2014-01-29,1.106603,1.131357,1.092740,1.100860,136497600
2014-01-30,1.140467,1.171755,1.136506,1.158884,116438400
2014-01-31,1.121257,1.167399,1.118089,1.150764,84532800
2014-02-03,1.144427,1.160864,1.062838,1.074522,183926400
2014-02-04,1.087790,1.107593,1.078284,1.095513,90672000
2014-02-05,1.084225,1.098087,1.049570,1.085414,108513600
2014-02-06,1.096504,1.131753,1.094721,1.127000,73977600
2014-02-07,1.146803,1.190371,1.137100,1.186806,111456000
2014-02-10,1.187400,1.210173,1.184825,1.208589,83284800
2014-02-11,1.215521,1.256910,1.212550,1.249978,117504000
2014-02-12,1.257503,1.265424,1.246017,1.255919,108451200
2014-02-13,1.228987,1.288198,1.228591,1.288198,106507200
2014-02-14,1.286416,1.301467,1.272752,1.291961,94876800
2014-02-18,1.298497,1.319091,1.289585,1.312161,69292800
2014-02-19,1.304437,1.313150,1.276515,1.283445,136531200
2014-02-20,1.286416,1.309784,1.270969,1.302061,102643200
2014-02-21,1.314338,1.320279,1.292753,1.295327,83976000
2014-02-24,1.303249,1.335528,1.299090,1.318101,99422400
2014-02-25,1.323448,1.331172,1.300873,1.313349,92985600
2014-02-26,1.324834,1.335726,1.294338,1.308991,82929600
2014-02-27,1.310378,1.338895,1.304238,1.334736,87964800
2014-02-28,1.334934,1.358104,1.295723,1.328002,136718400
2014-03-03,1.291961,1.310972,1.266018,1.298892,158558400
2014-03-04,1.342855,1.357707,1.339884,1.351172,108993600
2014-03-05,1.357509,1.368600,1.348598,1.362262,77064000
2014-03-06,1.370382,1.373947,1.343251,1.357113,92803200
2014-03-07,1.371768,1.374540,1.317705,1.337707,132518400
2014-03-10,1.335528,1.343251,1.315329,1.340479,75580800
2014-03-11,1.351172,1.360876,1.312160,1.323844,119774400
2014-03-12,1.306417,1.340677,1.291168,1.338696,109612800
2014-03-13,1.353549,1.355133,1.263840,1.281862,188414400
2014-03-14,1.267999,1.285822,1.253939,1.255523,107318400
2014-03-17,1.278891,1.307803,1.277504,1.288991,116942400
2014-03-18,1.292951,1.339290,1.292159,1.335330,113006400
2014-03-19,1.336518,1.340281,1.287209,1.313349,136444800
2014-03-20,1.301071,1.335726,1.292753,1.323646,87638400
2014-03-21,1.345430,1.348598,1.269187,1.275128,198307200
2014-03-24,1.290971,1.293347,1.208193,1.243047,266145600
2014-03-25,1.263048,1.285822,1.224036,1.254533,172516800
2014-03-26,1.273940,1.281465,1.205817,1.206807,201331200
2014-03-27,1.202054,1.217501,1.166013,1.185419,201993600
2014-03-28,1.197103,1.231759,1.183241,1.193142,166440000
2014-03-31,1.220273,1.241858,1.216312,1.216906,162441600
2014-04-01,1.236512,1.284436,1.235126,1.282851,178041600
2014-04-02,1.299288,1.302457,1.274930,1.292951,163224000
2014-04-03,1.296912,1.302258,1.239681,1.262454,159619200
2014-04-04,1.284832,1.290377,1.150962,1.162250,371011200
2014-04-07,1.139080,1.170172,1.103633,1.127397,312662400
2014-04-08,1.131555,1.162844,1.119079,1.158884,243240000
2014-04-09,1.171161,1.219877,1.162249,1.218293,221961600
2014-04-10,1.220669,1.220867,1.095513,1.105810,322276800
2014-04-11,1.075512,1.117495,1.059471,1.067194,211876800
2014-04-14,1.093533,1.107989,1.061253,1.091157,281275200
2014-04-15,1.101851,1.120268,1.033331,1.102048,562051200
2014-04-16,1.130367,1.145417,1.103434,1.144823,251414400
2014-04-17,1.133535,1.163042,1.123832,1.145417,176625600
2014-04-21,1.154527,1.171558,1.138090,1.171360,144249600
2014-04-22,1.182449,1.207995,1.177895,1.200074,150321600
2014-04-23,1.199282,1.200272,1.165814,1.167399,131366400
2014-04-24,1.226017,1.226214,1.163240,1.201856,250776000
2014-04-25,1.179677,1.183836,1.135515,1.143833,244747200
2014-04-28,1.159081,1.179677,1.100860,1.156111,482083200
2014-04-29,1.165220,1.188390,1.148387,1.181657,243633600
2014-04-30,1.167002,1.194925,1.156507,1.192153,184075200
2014-05-01,1.197500,1.222254,1.188192,1.202847,143750400
2014-05-02,1.213342,1.220868,1.187202,1.196906,151905600
2014-05-05,1.174330,1.214729,1.165617,1.213936,115790400
2014-05-06,1.208589,1.210371,1.165814,1.167002,161644800
2014-05-07,1.175914,1.177696,1.115712,1.156507,261907200
2014-05-08,1.145021,1.194925,1.136703,1.152546,219216000
2014-05-09,1.151358,1.168389,1.128585,1.166013,156475200
2014-05-12,1.187202,1.224432,1.183836,1.222847,127684800
2014-05-13,1.227205,1.239878,1.218689,1.225422,117729600
2014-05-14,1.215322,1.228987,1.198489,1.207203,98640000
2014-05-15,1.205817,1.212352,1.155715,1.179281,201480000
2014-05-16,1.181855,1.203639,1.158884,1.201262,142910400
2014-05-19,1.190569,1.231958,1.184825,1.227006,120528000
2014-05-20,1.225423,1.238096,1.198094,1.213541,162331200
2014-05-21,1.219085,1.249384,1.217501,1.247800,123619200
2014-05-22,1.251166,1.274534,1.246216,1.263246,126480000
2014-05-23,1.268593,1.292159,1.260078,1.291565,95136000
2014-05-27,1.309585,1.340478,1.305625,1.340083,118387200
2014-05-28,1.338895,1.344637,1.324438,1.327408,118435200
2014-05-29,1.342261,1.354341,1.333943,1.354341,87302400
2014-05-30,1.354341,1.360083,1.332359,1.353153,113347200
2014-06-02,1.358500,1.359291,1.323646,1.349786,101270400
2014-06-03,1.335924,1.354143,1.331171,1.347806,95102400
2014-06-04,1.337112,1.368797,1.330973,1.362064,105355200
2014-06-05,1.366421,1.404641,1.352360,1.397512,176107200
2014-06-06,1.413949,1.421474,1.404245,1.420087,79219200
2014-06-09,1.423058,1.428207,1.406225,1.417513,124171200
2014-06-10,1.413355,1.426821,1.408998,1.425633,72796800
2014-06-11,1.409592,1.429989,1.406622,1.423454,96979200
2014-06-12,1.414939,1.419493,1.370382,1.386224,120974400
2014-06-13,1.404047,1.407810,1.379689,1.395729,72019200
2014-06-16,1.391373,1.412958,1.381075,1.400878,89956800
2014-06-17,1.398700,1.414543,1.390977,1.402858,95640000
2014-06-18,1.408602,1.432563,1.382659,1.428404,114801600
2014-06-19,1.433554,1.436128,1.405037,1.422860,105950400
2014-06-20,1.426028,1.433356,1.417910,1.428009,56592000
2014-06-23,1.427613,1.430980,1.417513,1.429593,69408000
2014-06-24,1.429593,1.465239,1.413355,1.425633,160248000
2014-06-25,1.415373,1.459541,1.415175,1.451817,84523200
2014-06-26,1.455778,1.455778,1.421117,1.455778,87580800
2014-06-27,1.450034,1.474396,1.449242,1.470237,73857600
2014-06-30,1.472812,1.492618,1.469247,1.481131,54451200
2014-07-01,1.495986,1.541936,1.494995,1.530844,66057600
2014-07-02,1.532826,1.544710,1.528666,1.536787,81801600
2014-07-03,1.552236,1.566299,1.540154,1.566299,64636800
2014-07-07,1.560554,1.567090,1.543917,1.551246,87950400
2014-07-08,1.543917,1.546690,1.477367,1.497174,151752000
2014-07-09,1.508265,1.534014,1.495391,1.531043,136963200
2014-07-10,1.472019,1.533420,1.465483,1.516584,123244800
2014-07-11,1.525497,1.543719,1.512623,1.542927,121689600
2014-07-14,1.563724,1.581945,1.556593,1.572438,107059200
2014-07-15,1.578974,1.585709,1.521734,1.555999,148536000
2014-07-16,1.589274,1.593829,1.568873,1.573627,106608000
2014-07-17,1.560357,1.577588,1.495986,1.510841,160924800
2014-07-18,1.536589,1.584719,1.529062,1.582342,116976000
2014-07-21,1.571249,1.584124,1.555008,1.576597,94900800
2014-07-22,1.599573,1.613834,1.593631,1.607892,107457600
2014-07-23,1.622549,1.642950,1.615022,1.637998,102460800
2014-07-24,1.646118,1.651665,1.625124,1.632254,87460800
2014-07-25,1.608684,1.619379,1.587492,1.612249,92856000
2014-07-28,1.616607,1.626114,1.576994,1.614231,91963200
2014-07-29,1.624332,1.635028,1.601753,1.606110,79252800
2014-07-30,1.632056,1.641364,1.605911,1.625321,107611200
2014-07-31,1.584521,1.592046,1.518763,1.526289,138916800
2014-08-01,1.516782,1.541342,1.478555,1.508661,172324800
2014-08-04,1.518763,1.557386,1.501729,1.539560,144182400
2014-08-05,1.522130,1.534014,1.483111,1.503511,167539200
2014-08-06,1.475584,1.527873,1.471821,1.500937,119299200
2014-08-07,1.520347,1.529855,1.470435,1.486478,153604800
2014-08-08,1.494203,1.523120,1.474000,1.518168,124464000
2014-08-11,1.535004,1.559366,1.532826,1.545699,74352000
2014-08-12,1.540351,1.555206,1.519555,1.542134,90931200
2014-08-13,1.562931,1.593434,1.559565,1.592245,81278400
2014-08-14,1.597593,1.617399,1.592245,1.616805,103089600
2014-08-15,1.642355,1.651466,1.593829,1.638790,155956800
2014-08-18,1.664143,1.682563,1.658795,1.678404,79348800
2014-08-19,1.690089,1.708905,1.687118,1.707321,78628800
2014-08-20,1.701577,1.716233,1.697616,1.707321,70651200
2014-08-21,1.709896,1.718215,1.700784,1.717026,67900800
2014-08-22,1.717620,1.737030,1.707123,1.723760,76814400
2014-08-25,1.749310,1.757035,1.730296,1.742972,67977600
2014-08-26,1.750102,1.753470,1.736040,1.748914,41716800
2014-08-27,1.750102,1.754658,1.737426,1.749113,36715200
2014-08-28,1.731682,1.748519,1.724751,1.741982,64838400
2014-08-29,1.755055,1.762383,1.735446,1.762383,52272000
2014-09-02,1.775851,1.778426,1.755649,1.777040,64300800
2014-09-03,1.789913,1.791102,1.736238,1.746537,82636800
2014-09-04,1.758223,1.784566,1.727722,1.740992,82084800
2014-09-05,1.749310,1.769513,1.721780,1.767928,83227200
2014-09-08,1.767533,1.790112,1.752282,1.776841,70872000
2014-09-09,1.776643,1.797044,1.722572,1.733664,129393600
2014-09-10,1.739803,1.777040,1.724751,1.773870,72417600
2014-09-11,1.752084,1.773475,1.731881,1.772484,119318400
2014-09-12,1.766740,1.767731,1.727325,1.744557,113740800
2014-09-15,1.749310,1.750301,1.677413,1.692070,128486400
2014-09-16,1.674244,1.746537,1.668698,1.737823,126892800
2014-09-17,1.736040,1.768721,1.714847,1.746339,113553600
2014-09-18,1.761194,1.784566,1.755649,1.783972,79512000
2014-09-19,1.808136,1.808136,1.759610,1.780011,110217600
2014-09-22,1.767928,1.767928,1.708509,1.731682,108177600
2014-09-23,1.710094,1.740200,1.705737,1.716630,100800000
2014-09-24,1.720591,1.773672,1.704746,1.772286,116582400
2014-09-25,1.753866,1.760997,1.658201,1.659785,212798400
2014-09-26,1.676818,1.721185,1.668302,1.712867,148252800
2014-09-29,1.661370,1.719799,1.658597,1.707123,114537600
2014-09-30,1.721185,1.739803,1.689494,1.713461,154094400
2014-10-01,1.699992,1.703360,1.615419,1.631462,213480000
2014-10-02,1.629680,1.645723,1.568675,1.630669,217972800
2014-10-03,1.658993,1.699001,1.642355,1.679789,153676800
2014-10-06,1.692664,1.706528,1.652853,1.668302,147307200
2014-10-07,1.644138,1.658399,1.596405,1.597791,163651200
2014-10-08,1.600959,1.704746,1.571052,1.690089,213129600
2014-10-09,1.683553,1.695437,1.599177,1.605912,223022400
2014-10-10,1.577786,1.606109,1.485686,1.485686,296428800
2014-10-13,1.479546,1.512821,1.413393,1.416165,273302400
2014-10-14,1.445280,1.471425,1.405074,1.418740,370809600
2014-10-15,1.352784,1.407252,1.292374,1.388436,485097600
2014-10-16,1.301684,1.398933,1.300297,1.366847,335961600
2014-10-17,1.417947,1.456372,1.393784,1.420324,264350400
2014-10-20,1.415175,1.484101,1.408639,1.481526,154464000
2014-10-21,1.534806,1.597394,1.525101,1.597394,211699200
2014-10-22,1.612448,1.618390,1.569467,1.572637,187920000
2014-10-23,1.620172,1.669490,1.611655,1.644534,169886400
2014-10-24,1.651466,1.686326,1.634037,1.682364,170563200
2014-10-27,1.673451,1.695833,1.652654,1.688703,138244800
2014-10-28,1.709302,1.764165,1.706528,1.764165,159686400
2014-10-29,1.745943,1.759412,1.706331,1.742972,179404800
2014-10-30,1.719798,1.766146,1.708311,1.753866,161985600
2014-10-31,1.842203,1.844778,1.808928,1.826159,176371200
2014-11-03,1.835469,1.857652,1.828536,1.844976,140961600
2014-11-04,1.824376,1.838836,1.786942,1.825367,138648000
2014-11-05,1.859039,1.861019,1.805957,1.825170,138744000
2014-11-06,1.822396,1.843193,1.801005,1.840816,97272000
2014-11-07,1.851909,1.853889,1.808730,1.836261,110812800
2014-11-10,1.838836,1.863396,1.824575,1.855077,103372800
2014-11-11,1.857850,1.872903,1.842401,1.872705,105619200
2014-11-12,1.850720,1.888946,1.850720,1.883004,96201600
2014-11-13,1.893304,1.928560,1.881222,1.907169,182164800
2014-11-14,1.906178,1.924796,1.887164,1.924796,114816000
2014-11-17,1.911129,1.924400,1.880627,1.906772,141355200
2014-11-18,1.912714,1.957873,1.912517,1.949554,111820800
2014-11-19,1.944009,1.944009,1.897463,1.924796,148809600
2014-11-20,1.899245,1.954308,1.894492,1.950346,99556800
2014-11-21,2.002041,2.006794,1.942621,1.964409,152947200
2014-11-24,1.977481,2.009567,1.971935,2.008775,126206400
2014-11-25,2.015906,2.033929,2.000654,2.015311,151536000
2014-11-26,2.021848,2.058688,2.015312,2.056509,105633600
2014-11-28,2.073146,2.097905,2.067996,2.087209,72571200
2014-12-01,2.067997,2.078098,1.989365,2.010162,156187200
2014-12-02,2.020066,2.047002,2.005805,2.031751,129892800
2014-12-03,2.046210,2.055717,2.009765,2.050170,131942400
2014-12-04,2.041060,2.068591,2.019273,2.044032,154036800
2014-12-05,2.056113,2.064036,2.031950,2.045418,113630400
2014-12-08,2.028582,2.055717,1.969162,2.001249,169281600
2014-12-09,1.930143,2.023631,1.909743,2.020660,170688000
2014-12-10,2.008776,2.023432,1.913902,1.922815,134529600
2014-12-11,1.941038,2.020263,1.939651,1.952922,136032000
2014-12-12,1.895680,1.962032,1.887758,1.888352,153787200
2014-12-15,1.916477,1.937472,1.812889,1.831706,235948800
2014-12-16,1.795261,1.875478,1.740001,1.740794,212856000
2014-12-17,1.744160,1.850720,1.738021,1.834280,182726400
2014-12-18,1.914893,1.968766,1.899444,1.968766,186744000
2014-12-19,1.974708,2.017886,1.960844,1.990751,154828800
2014-12-22,1.984749,2.010699,1.981183,2.009115,110457600
2014-12-23,2.031302,2.031500,1.980193,1.989900,115920000
2014-12-24,1.996239,2.014860,1.990494,1.994059,43982400
2014-12-26,2.008719,2.046754,2.008521,2.034472,86088000
2014-12-29,2.028925,2.045962,2.024567,2.034868,62328000
2014-12-30,2.014860,2.029321,1.983758,1.992871,123859200
2014-12-31,2.000993,2.025557,1.921754,1.930470,117091200
2015-01-02,1.958204,1.983561,1.885105,1.914622,122227200
2015-01-05,1.886888,1.893822,1.812601,1.828450,127017600
2015-01-06,1.834987,1.845684,1.730786,1.755946,168643200
2015-01-07,1.789424,1.835185,1.777340,1.823497,137467200
2015-01-08,1.870446,1.938394,1.864107,1.927498,144936000
2015-01-09,1.945526,1.947704,1.856381,1.888474,181420800
2015-01-12,1.901151,1.906103,1.815375,1.830430,165254400
2015-01-13,1.882134,1.940970,1.784868,1.828846,199708800
2015-01-14,1.770803,1.825082,1.750003,1.800716,216148800
2015-01-15,1.821318,1.831421,1.721674,1.729202,196012800
2015-01-16,1.720684,1.795169,1.712166,1.790810,141796800
2015-01-20,1.820921,1.843703,1.759907,1.830430,141892800
2015-01-21,1.813790,1.883521,1.795565,1.858560,133531200
2015-01-22,1.881936,1.967118,1.832016,1.961968,162657600
2015-01-23,1.961968,1.992673,1.944139,1.975042,142358400
2015-01-26,1.969099,1.979004,1.937800,1.970684,100804800
2015-01-27,1.876983,1.878172,1.795565,1.818148,223987200
2015-01-28,1.901548,1.907689,1.785660,1.786849,188928000
2015-01-29,1.780707,1.847467,1.735343,1.838553,176558400
2015-01-30,1.832213,1.875002,1.788038,1.796358,218222400
2015-02-02,1.806064,1.846279,1.723061,1.843505,198844800
2015-02-03,1.858957,1.898378,1.826073,1.893822,182332800
2015-02-04,1.870051,1.927103,1.858560,1.888869,124632000
2015-02-05,1.902340,1.941563,1.890652,1.938988,100324800
2015-02-06,1.947309,1.960185,1.882530,1.903726,123528000
2015-02-09,1.880946,1.910858,1.871040,1.882728,95793600
2015-02-10,1.917396,1.979995,1.906897,1.972864,119256000
2015-02-11,1.979995,2.007134,1.967911,1.995051,121852800
2015-02-12,2.030906,2.065574,2.023973,2.064781,153100800
2015-02-13,2.081223,2.117277,2.070129,2.116881,120897600
2015-02-17,2.116485,2.126192,2.101232,2.122627,82728000
2015-02-18,2.115495,2.134314,2.105787,2.131739,70478400
2015-02-19,2.126587,2.166999,2.125597,2.163830,75590400
2015-02-20,2.158679,2.209789,2.138276,2.205431,90772800
2015-02-23,2.204045,2.214345,2.188394,2.214148,78974400
2015-02-24,2.204440,2.225240,2.184433,2.218703,104601600
2015-02-25,2.207016,2.233165,2.186414,2.200875,112550400
2015-02-26,2.207213,2.237126,2.188988,2.234353,116337600
2015-02-27,2.231778,2.235740,2.194139,2.204836,88790400
2015-03-02,2.216722,2.266049,2.215731,2.264266,89044800
2015-03-03,2.244456,2.250597,2.189781,2.231778,128390400
2015-03-04,2.210582,2.219694,2.169773,2.207016,116640000
2015-03-05,2.223854,2.237523,2.190970,2.216723,92347200
2015-03-06,2.210383,2.222468,2.125399,2.140455,149726400
2015-03-09,2.155708,2.176310,2.128569,2.161057,113270400
2015-03-10,2.113513,2.114701,2.040414,2.041405,191966400
2015-03-11,2.046952,2.056461,2.002776,2.005550,223152000
2015-03-12,1.999805,2.051310,1.996239,2.043980,122390400
2015-03-13,2.038632,2.062800,1.979401,2.017634,198115200
2015-03-16,2.040019,2.095882,2.033283,2.094892,114960000
2015-03-17,2.076866,2.114702,2.063197,2.106580,97363200
2015-03-18,2.088553,2.195328,2.055272,2.167198,167822400
2015-03-19,2.174725,2.193941,2.164226,2.177696,111384000
2015-03-20,2.229599,2.250994,2.218109,2.222863,104812800
2015-03-23,2.215930,2.233560,2.204044,2.204242,99235200
2015-03-24,2.203846,2.235344,2.180668,2.181857,92980800
2015-03-25,2.193368,2.196934,2.029722,2.029722,175886400
2015-03-26,1.981976,2.045175,1.961569,2.013080,196560000
2015-03-27,2.009117,2.048939,2.000796,2.032496,98544000
2015-03-30,2.073507,2.109564,2.072119,2.105602,151214400
2015-03-31,2.086384,2.099856,2.036458,2.040421,124507200
2015-04-01,2.037646,2.037646,1.966324,2.005948,175876800
2015-04-02,2.009910,2.028731,1.990098,2.009316,110577600
2015-04-06,1.973060,2.075090,1.964739,2.057656,150945600
2015-04-07,2.055081,2.100054,2.047949,2.048147,114691200
2015-04-08,2.049732,2.105007,2.048939,2.096884,169142400
2015-04-09,2.094903,2.137498,2.072119,2.135914,110928000
2015-04-10,2.135517,2.162263,2.119667,2.161471,113385600
2015-04-13,2.167215,2.199509,2.137894,2.145423,115200000
2015-04-14,2.140669,2.156716,2.090743,2.126998,168974400
2015-04-15,2.145224,2.180094,2.135715,2.164640,95356800
2015-04-16,2.149979,2.168603,2.139875,2.157111,90888000
2015-04-17,2.095695,2.113328,2.029128,2.056270,186427200
2015-04-20,2.087968,2.159291,2.084600,2.148196,142195200
2015-04-21,2.186434,2.196735,2.168603,2.175735,127387200
2015-04-22,2.192575,2.221896,2.150970,2.211000,121915200
2015-04-23,2.189999,2.266077,2.187820,2.237548,131001600
2015-04-24,2.306494,2.336409,2.296587,2.325116,142416000
2015-04-27,2.353646,2.366127,2.294805,2.310258,161160000
2015-04-28,2.314815,2.327891,2.237746,2.295201,171753600
2015-04-29,2.256765,2.296983,2.215160,2.251416,193953600
2015-04-30,2.213972,2.241709,2.112140,2.145621,308169600
2015-05-01,2.170187,2.234378,2.169395,2.232397,190012800
2015-05-04,2.250822,2.282917,2.237746,2.240321,131971200
2015-05-05,2.215161,2.227444,2.128782,2.134131,280694400
2015-05-06,2.143046,2.161471,2.044778,2.088563,213398400
2015-05-07,2.086383,2.142055,2.081034,2.124422,168619200
2015-05-08,2.190396,2.217935,2.180490,2.202283,178377600
2015-05-11,2.208425,2.222095,2.173753,2.178113,139027200
2015-05-12,2.139083,2.181480,2.090346,2.149979,190334400
2015-05-13,2.177914,2.210208,2.152159,2.161074,132499200
2015-05-14,2.215160,2.261322,2.190395,2.256765,176832000
2015-05-15,2.274596,2.282719,2.239529,2.256567,146505600
2015-05-18,2.245473,2.298371,2.239926,2.284304,110587200
2015-05-19,2.293219,2.302928,2.267068,2.277766,98577600
2015-05-20,2.282917,2.322541,2.246067,2.281530,111264000
2015-05-21,2.270436,2.326107,2.260134,2.317390,92222400
2015-05-22,2.309466,2.335221,2.304909,2.311050,79819200
2015-05-26,2.294607,2.304117,2.203472,2.231011,140457600
2015-05-27,2.250425,2.345324,2.236557,2.338389,134289600
2015-05-28,2.324125,2.340569,2.300747,2.321153,90643200
2015-05-29,2.317193,2.327297,2.264889,2.281927,106060800
2015-06-01,2.317786,2.321747,2.247453,2.301936,137160000
2015-06-02,2.277765,2.315012,2.244086,2.280936,131462400
2015-06-03,2.313427,2.327494,2.285097,2.300946,117067200
2015-06-04,2.263304,2.306494,2.228039,2.250822,185702400
2015-06-05,2.240915,2.256765,2.192575,2.233783,138590400
2015-06-08,2.229425,2.234774,2.151762,2.165432,144422400
2015-06-09,2.149584,2.177320,2.105403,2.154734,153000000
2015-06-10,2.175735,2.260926,2.168999,2.240123,154766400
2015-06-11,2.264095,2.282916,2.240123,2.252406,117081600
2015-06-12,2.215558,2.229822,2.187821,2.195151,120897600
2015-06-15,2.147206,2.173952,2.109563,2.164838,200884800
2015-06-16,2.155131,2.209217,2.153546,2.197925,101265600
2015-06-17,2.210009,2.238143,2.174348,2.216349,168388800
2015-06-18,2.234972,2.324323,2.233585,2.310059,162628800
2015-06-19,2.316598,2.322739,2.274794,2.274794,84628800
2015-06-22,2.329674,2.350277,2.314220,2.329674,131716800
2015-06-23,2.337796,2.341759,2.305900,2.335418,114907200
2015-06-24,2.326502,2.356022,2.297379,2.299558,84902400
2015-06-25,2.325314,2.332446,2.273804,2.284502,85204800
2015-06-26,2.282521,2.299163,2.214170,2.242105,131904000
2015-06-29,2.163055,2.203075,2.079251,2.083610,273744000
2015-06-30,2.126998,2.140668,2.084006,2.107385,176793600
2015-07-01,2.164443,2.178113,2.123828,2.150574,141624000
2015-07-02,2.169990,2.176924,2.135121,2.158697,105523200
2015-07-06,2.114121,2.176330,2.100054,2.140470,131808000
2015-07-07,2.146612,2.161471,2.028930,2.151367,250329600
2015-07-08,2.108573,2.116695,2.031108,2.043590,184881600
2015-07-09,2.126007,2.128187,2.037646,2.037646,125260800
2015-07-10,2.115903,2.155527,2.097676,2.132347,123259200
2015-07-13,2.186235,2.249831,2.185840,2.241313,104860800
2015-07-14,2.253992,2.306295,2.250426,2.286286,102201600
2015-07-15,2.299361,2.321947,2.275983,2.297182,119140800
2015-07-16,2.352654,2.393269,2.338589,2.386929,139680000
2015-07-17,2.449733,2.496291,2.438638,2.496093,143328000
2015-07-20,2.516895,2.551368,2.491139,2.524027,95889600
2015-07-21,2.527989,2.538093,2.497083,2.517093,87408000
2015-07-22,2.403967,2.469544,2.403571,2.434477,108388800
2015-07-23,2.441610,2.464195,2.387326,2.405354,96782400
2015-07-24,2.442996,2.448544,2.325513,2.337003,106473600
2015-07-27,2.295398,2.325711,2.262511,2.276973,120624000
2015-07-28,2.309465,2.349881,2.253199,2.337003,155596800
2015-07-29,2.350673,2.378014,2.324324,2.363155,121737600
2015-07-30,2.346315,2.407534,2.304116,2.396042,137044800
2015-07-31,2.418034,2.421996,2.372268,2.388712,109036800
2015-08-03,2.390099,2.408326,2.317984,2.366721,147734400
2015-08-04,2.359985,2.373853,2.321550,2.351465,141350400
2015-08-05,2.390495,2.452308,2.382769,2.406543,127411200
2015-08-06,2.411298,2.421799,2.257954,2.291040,175296000
2015-08-07,2.273408,2.297579,2.224473,2.281927,160176000
2015-08-10,2.324919,2.374250,2.324919,2.358994,133804800
2015-08-11,2.320956,2.349088,2.230416,2.269049,173289600
2015-08-12,2.223284,2.305503,2.149385,2.289059,224347200
2015-08-13,2.298173,2.330862,2.265681,2.278757,140659200
2015-08-14,2.263501,2.300154,2.251020,2.291040,145982400
2015-08-17,2.273407,2.349088,2.256567,2.347305,125356800
2015-08-18,2.334032,2.343739,2.302531,2.309861,108998400
2015-08-19,2.288266,2.326702,2.226057,2.266473,235516800
2015-08-20,2.203076,2.224274,2.076478,2.079846,300019200
2015-08-21,1.991089,2.041609,1.821103,1.821103,380289600
2015-08-24,1.486878,1.812386,1.293713,1.605353,392716800
2015-08-25,1.773158,1.805452,1.577021,1.584154,289665600
2015-08-26,1.719469,1.826056,1.618032,1.812782,285019200
2015-08-27,1.897973,1.958399,1.829226,1.954437,485952000
2015-08-28,1.923332,1.973258,1.910653,1.952852,214094400
2015-08-31,1.920757,1.952456,1.866274,1.880341,206870400
2015-09-01,1.739083,1.825264,1.680638,1.709761,313862400
2015-09-02,1.796537,1.848840,1.737299,1.848840,180278400
2015-09-03,1.871426,1.907483,1.805254,1.818329,223224000
2015-09-04,1.745423,1.791782,1.725412,1.757508,279643200
2015-09-08,1.857161,1.910851,1.835170,1.906690,225350400
2015-09-09,1.972070,1.973060,1.825066,1.840320,281284800
2015-09-10,1.832793,1.936210,1.826255,1.899162,247161600
2015-09-11,1.873803,1.929870,1.857359,1.929870,189720000
2015-09-14,1.951465,1.952059,1.891634,1.912634,176664000
2015-09-15,1.926899,1.998816,1.905899,1.979400,152654400
2015-09-16,1.983362,2.019816,1.961371,2.012486,140414400
2015-09-17,2.010305,2.106988,1.991088,2.018032,242361600
2015-09-18,1.925512,2.001391,1.921153,1.932644,272342400
2015-09-21,1.962163,1.996240,1.896983,1.949088,200313600
2015-09-22,1.858944,1.880142,1.808424,1.863105,283795200
2015-09-23,1.876180,1.890841,1.836556,1.866076,223761600
2015-09-24,1.810999,1.865878,1.763253,1.844481,293836800
2015-09-25,1.907087,1.909662,1.763848,1.799707,283824000
2015-09-28,1.774744,1.777913,1.628730,1.644580,360057600
2015-09-29,1.656467,1.706789,1.583361,1.620211,365750400
2015-09-30,1.687571,1.735516,1.668156,1.727393,333864000
2015-10-01,1.738290,1.752753,1.669741,1.751564,219264000
2015-10-02,1.681232,1.844680,1.664194,1.842500,317404800
2015-10-05,1.885491,1.938389,1.873407,1.926502,208152000
2015-10-06,1.912436,1.929276,1.851019,1.898964,230121600
2015-10-07,1.932842,1.942946,1.857557,1.929474,253108800
2015-10-08,1.908870,1.963352,1.852604,1.953050,291873600
2015-10-09,1.955626,1.991089,1.940173,1.976825,175224000
2015-10-12,1.991881,2.005155,1.969890,1.993466,152539200
2015-10-13,1.959390,2.020212,1.949484,1.954437,212966400
2015-10-14,1.955031,1.984551,1.920955,1.946116,183331200
2015-10-15,1.967117,2.041609,1.959588,2.041213,214569600
2015-10-16,2.054685,2.070336,2.024769,2.066572,132643200
2015-10-19,2.057062,2.106988,2.045571,2.103620,163622400
2015-10-20,2.090941,2.105007,2.048939,2.068752,145252800
2015-10-21,2.101242,2.107186,2.029524,2.035468,176496000
2015-10-22,2.086383,2.161272,2.068949,2.156122,259752000
2015-10-23,2.330069,2.363750,2.295201,2.335418,204057600
2015-10-26,2.332446,2.355230,2.306097,2.342352,119889600
2015-10-27,2.323333,2.365929,2.321352,2.357608,104462400
2015-10-28,2.368306,2.413873,2.309860,2.412288,208958400
2015-10-29,2.380986,2.415062,2.374051,2.403373,99825600
2015-10-30,2.406542,2.419024,2.370287,2.370484,120072000
2015-11-02,2.388118,2.459243,2.374845,2.451318,110601600
2015-11-03,2.436260,2.503026,2.424968,2.474696,123624000
2015-11-04,2.499262,2.506196,2.446167,2.475686,145833600
2015-11-05,2.483215,2.501442,2.418232,2.453893,142252800
2015-11-06,2.443591,2.469941,2.395053,2.462016,136248000
2015-11-09,2.433487,2.443393,2.337400,2.382769,151315200
2015-11-10,2.344730,2.370882,2.323927,2.365929,98721600
2015-11-11,2.383958,2.418034,2.343739,2.355429,100828800
2015-11-12,2.325116,2.360580,2.281926,2.287077,137928000
2015-11-13,2.258351,2.265086,2.148790,2.152555,197697600
2015-11-16,2.145423,2.245670,2.130365,2.242303,185544000
2015-11-17,2.255973,2.297379,2.231802,2.250030,221414400
2015-11-18,2.275388,2.385343,2.269444,2.379004,196276800
2015-11-19,2.382966,2.415854,2.370287,2.382571,103958400
2015-11-20,2.415854,2.436855,2.409911,2.429920,101995200
2015-11-23,2.432892,2.460630,2.379599,2.410307,112876800
2015-11-24,2.363551,2.420807,2.326503,2.402779,132494400
2015-11-25,2.412089,2.423382,2.395249,2.408127,55977600
2015-11-27,2.425365,2.434478,2.395251,2.416845,27206400
2015-11-30,2.441016,2.441412,2.377816,2.401591,93273600
2015-12-01,2.428533,2.472912,2.420806,2.472912,117043200
2015-12-02,2.477667,2.510951,2.415260,2.427939,122092800
2015-12-03,2.447157,2.458054,2.261718,2.304116,225912000
2015-12-04,2.323729,2.476479,2.310059,2.462412,173289600
2015-12-07,2.469742,2.474299,2.396241,2.432298,138451200
2015-12-08,2.355230,2.454883,2.352258,2.432496,162600000
2015-12-09,2.398024,2.439233,2.277766,2.319173,289732800
2015-12-10,2.336012,2.398024,2.315606,2.352060,162926400
2015-12-11,2.270633,2.288860,2.185640,2.190792,294873600
2015-12-14,2.200301,2.241906,2.105601,2.239925,232344000
2015-12-15,2.297379,2.337598,2.271624,2.277964,191558400
2015-12-16,2.326108,2.392675,2.256568,2.378609,196512000
2015-12-17,2.410307,2.412289,2.276577,2.279549,189513600
2015-12-18,2.254982,2.271030,2.149584,2.154339,204955200
2015-12-21,2.207631,2.218529,2.159291,2.218330,128059200
2015-12-22,2.253002,2.270238,2.217538,2.260332,134044800
2015-12-23,2.295795,2.315606,2.283313,2.312040,109896000
2015-12-24,2.310059,2.328682,2.306097,2.307285,48480000
2015-12-28,2.291040,2.306691,2.242501,2.306691,102672000
2015-12-29,2.346711,2.429326,2.341956,2.411892,145305600
2015-12-30,2.407534,2.410506,2.348494,2.350277,89592000
2015-12-31,2.324720,2.337201,2.260530,2.263106,175905600
2016-01-04,2.112337,2.124818,2.035467,2.124818,265867200
2016-01-05,2.149584,2.158103,2.077073,2.105800,132326400
2016-01-06,2.000598,2.081233,1.997824,2.049335,243787200
2016-01-07,1.915803,1.991088,1.851613,1.854387,340348800
2016-01-08,1.894606,1.929078,1.802282,1.810603,331819200
2016-01-11,1.848246,1.862906,1.741460,1.826453,336177600
2016-01-12,1.875586,1.916398,1.810802,1.888068,317520000
2016-01-13,1.910851,1.924124,1.684005,1.690543,413400000
2016-01-14,1.711940,1.845472,1.630513,1.799904,363417600
2016-01-15,1.620211,1.689949,1.563748,1.634476,564715200
2016-01-19,1.698468,1.706195,1.585144,1.641410,259228800
2016-01-20,1.564342,1.679647,1.456962,1.626552,554697600
2016-01-21,1.646957,1.704015,1.582173,1.632495,338112000
2016-01-22,1.728582,1.775932,1.713922,1.773159,286881600
2016-01-25,1.757310,1.784848,1.689949,1.693317,277084800
2016-01-26,1.715705,1.762262,1.671722,1.741657,243038400
2016-01-27,1.709959,1.731752,1.588908,1.612088,358315200
2016-01-28,1.687770,1.691931,1.595051,1.675684,315571200
2016-01-29,1.679449,1.784848,1.675090,1.784848,257716800
2016-02-01,1.755724,1.817537,1.736507,1.794952,228240000
2016-02-02,1.773752,1.773752,1.664590,1.681033,256867200
2016-02-03,1.712733,1.713129,1.567908,1.657259,471302400
2016-02-04,1.640816,1.694902,1.597824,1.654287,284035200
2016-02-05,1.638439,1.640023,1.465679,1.484104,429777600
2016-02-08,1.401291,1.433980,1.334129,1.416348,514963200
2016-02-09,1.357903,1.465877,1.351563,1.399904,459494400
2016-02-10,1.451217,1.504114,1.414367,1.416545,375528000
2016-02-11,1.363053,1.444480,1.350771,1.413178,477076800
2016-02-12,1.457358,1.479547,1.418923,1.473406,316430400
2016-02-16,1.541757,1.571474,1.513030,1.571474,299313600
2016-02-17,1.611296,1.688562,1.596834,1.680043,365232000
2016-02-18,1.697874,1.698469,1.617636,1.622985,257899200
2016-02-19,1.604560,1.653495,1.589305,1.639825,238934400
2016-02-22,1.684402,1.723035,1.679647,1.717289,248265600
2016-02-23,1.686977,1.701638,1.630118,1.631702,267825600
2016-02-24,1.576427,1.685987,1.546115,1.680241,350558400
2016-02-25,1.691336,1.728582,1.645372,1.726601,259598400
2016-02-26,1.766026,1.770186,1.710950,1.722638,248577600
2016-02-29,1.718677,1.757111,1.677072,1.677072,229968000
2016-03-01,1.723035,1.837943,1.709365,1.837548,311136000
2016-03-02,1.830613,1.841509,1.797131,1.839528,193972800
2016-03-03,1.834774,1.836359,1.790395,1.829226,206596800
2016-03-04,1.836160,1.867463,1.795546,1.832396,237844800
2016-03-07,1.803867,1.835962,1.758696,1.798320,189124800
2016-03-08,1.760083,1.807830,1.743837,1.750772,212563200
2016-03-09,1.774347,1.787423,1.743441,1.784253,208344000
2016-03-10,1.812782,1.839726,1.709167,1.777518,343454400
2016-03-11,1.834971,1.871624,1.819320,1.869643,169660800
2016-03-14,1.850821,1.894407,1.848641,1.880539,157166400
2016-03-15,1.861519,1.884502,1.842698,1.879350,193118400
2016-03-16,1.862708,1.943343,1.862708,1.927295,176457600
2016-03-17,1.912634,1.938983,1.890246,1.921747,127507200
2016-03-18,1.937597,1.949087,1.904115,1.932842,147537600
2016-03-21,1.924521,1.962362,1.920757,1.955824,136008000
2016-03-22,1.924124,1.988117,1.922341,1.973258,127214400
2016-03-23,1.962758,1.967117,1.912832,1.926304,154454400
2016-03-24,1.895001,1.929276,1.888067,1.925710,127022400
2016-03-28,1.945126,1.945521,1.909464,1.918775,129384000
2016-03-29,1.908276,2.014863,1.898964,2.010505,179793600
2016-03-30,2.047156,2.078459,2.027543,2.040618,209884800
2016-03-31,2.036062,2.058845,2.022193,2.028731,118521600
2016-04-01,1.997824,2.098667,1.986531,2.096289,163022400
2016-04-04,2.093120,2.100053,2.057854,2.070336,136632000
2016-04-05,2.022986,2.046958,2.004165,2.014665,146841600
2016-04-06,2.020807,2.112734,2.018826,2.111149,182088000
2016-04-07,2.075290,2.085591,1.993664,2.020015,252225600
2016-04-08,2.056666,2.070930,1.994258,2.015260,166243200
2016-04-11,2.041411,2.071326,1.992079,1.993664,137059200
2016-04-12,1.997429,2.054090,1.960182,2.040222,182424000
2016-04-13,2.089950,2.129970,2.081629,2.119866,162182400
2016-04-14,2.120460,2.144630,2.104610,2.121252,111240000
2016-04-15,2.114318,2.129376,2.088960,2.105007,83092800
2016-04-18,2.087572,2.140470,2.083412,2.136111,101462400
2016-04-19,2.157508,2.159489,2.065383,2.099261,158582400
2016-04-20,2.096488,2.132743,2.077073,2.104413,107769600
2016-04-21,2.103224,2.126998,2.076478,2.105007,133473600
2016-04-22,2.024175,2.051515,1.960974,2.009712,201321600
2016-04-25,1.987721,2.009316,1.979796,2.008127,96950400
2016-04-26,2.019816,2.032099,1.961768,1.980588,109315200
2016-04-27,1.920558,1.945323,1.883313,1.933040,183004800
2016-04-28,1.939380,1.972664,1.851217,1.864491,160771200
2016-04-29,1.858151,1.873407,1.789008,1.834774,191260800
2016-05-02,1.846264,1.891831,1.823678,1.883313,118017600
2016-05-03,1.843887,1.868652,1.816348,1.833188,145963200
2016-05-04,1.799509,1.818131,1.782668,1.796932,155145600
2016-05-05,1.813971,1.827443,1.783262,1.795942,143976000
2016-05-06,1.767215,1.823481,1.762262,1.821895,156849600
2016-05-09,1.823679,1.862906,1.821103,1.837943,118540800
2016-05-10,1.857557,1.916200,1.848047,1.915011,116481600
2016-05-11,1.905699,1.922540,1.859934,1.862708,127065600
2016-05-12,1.877369,1.880736,1.798121,1.836556,184742400
2016-05-13,1.835368,1.865482,1.805848,1.814368,155966400
2016-05-16,1.821698,1.904313,1.819717,1.884303,117292800
2016-05-17,1.882124,1.895398,1.798716,1.811990,187228800
2016-05-18,1.801886,1.862114,1.789405,1.832594,237969600
2016-05-19,1.810207,1.825462,1.764243,1.803669,254097600
2016-05-20,1.825660,1.885293,1.822490,1.863897,125352000
2016-05-23,1.868652,1.889652,1.851019,1.854784,86928000
2016-05-24,1.886680,1.974249,1.885294,1.968306,150004800
2016-05-25,1.990891,2.027741,1.979796,2.010703,140846400
2016-05-26,2.017438,2.034873,2.001391,2.027542,95270400
2016-05-27,2.030910,2.059637,2.030713,2.058053,107140800
2016-05-31,2.069346,2.080044,2.039628,2.070336,112948800
2016-06-01,2.051515,2.084403,2.045967,2.071129,100536000
2016-06-02,2.057062,2.084005,2.024769,2.082817,104659200
2016-06-03,2.070930,2.074695,2.014071,2.054288,155529600
2016-06-06,2.063601,2.092724,2.054883,2.076280,85996800
2016-06-07,2.083016,2.086186,2.057657,2.061619,77107200
2016-06-08,2.072912,2.083809,2.048544,2.070733,82262400
2016-06-09,2.045967,2.067761,2.034080,2.061619,99729600
2016-06-10,2.006145,2.016448,1.969890,1.992277,161760000
2016-06-13,1.958796,1.990098,1.933634,1.941163,119049600
2016-06-14,1.925313,1.961173,1.897973,1.942154,141729600
2016-06-15,1.954833,1.961173,1.914020,1.924719,106377600
2016-06-16,1.896389,1.946116,1.857953,1.938588,164361600
2016-06-17,1.930662,1.930662,1.859340,1.872218,167020800
2016-06-20,1.939380,1.963946,1.903124,1.905898,139243200
2016-06-21,1.917587,1.937003,1.904115,1.924918,86414400
2016-06-22,1.930465,1.962362,1.906888,1.912436,103296000
2016-06-23,1.956814,1.993863,1.932644,1.993070,128558400
2016-06-24,1.783065,1.869246,1.735516,1.748989,325502400
2016-06-27,1.709167,1.711544,1.620608,1.647155,235963200
2016-06-28,1.697280,1.752752,1.695694,1.750375,199468800
2016-06-29,1.793169,1.854190,1.789800,1.841311,208464000
2016-06-30,1.852406,1.910454,1.834576,1.908276,165811200
2016-07-01,1.904907,1.957607,1.902728,1.934427,131424000
2016-07-05,1.909465,1.913031,1.869444,1.900153,130939200
2016-07-06,1.874199,1.949088,1.855774,1.944927,173476800
2016-07-07,1.953644,1.977220,1.936606,1.963352,126230400
2016-07-08,1.992475,2.058845,1.987126,2.054090,150043200
2016-07-11,2.077468,2.113129,2.075487,2.089157,142646400
2016-07-12,2.127988,2.138885,2.113723,2.122044,115790400
2016-07-13,2.139281,2.140470,2.105799,2.107186,126412800
2016-07-14,2.148989,2.161471,2.133932,2.149979,109905600
2016-07-15,2.163848,2.167612,2.124819,2.137894,85416000
2016-07-18,2.143641,2.192773,2.141857,2.180490,83860800
2016-07-19,2.159489,2.177716,2.146413,2.157905,78667200
2016-07-20,2.190990,2.245076,2.184651,2.231803,90724800
2016-07-21,2.238538,2.250228,2.199510,2.218529,112804800
2016-07-22,2.223679,2.252605,2.201887,2.244283,86803200
2016-07-25,2.239332,2.246464,2.222887,2.246265,76243200
2016-07-26,2.244086,2.277568,2.218925,2.253794,136353600
2016-07-27,2.309069,2.317390,2.270633,2.297776,130564800
2016-07-28,2.310455,2.331456,2.288663,2.322739,87120000
2016-07-29,2.339381,2.357211,2.316795,2.337994,102633600
2016-08-01,2.343739,2.392675,2.335023,2.374646,105316800
2016-08-02,2.364541,2.371278,2.275785,2.321153,161107200
2016-08-03,2.316003,2.344333,2.311446,2.343145,85334400
2016-08-04,2.342550,2.370881,2.325314,2.364146,84028800
2016-08-05,2.402382,2.447751,2.392278,2.432496,123480000
2016-08-08,2.436657,2.438043,2.400599,2.424770,75902400
2016-08-09,2.428931,2.463205,2.424968,2.440818,79819200
2016-08-10,2.442601,2.446365,2.402185,2.421997,87720000
2016-08-11,2.444779,2.468553,2.431505,2.453299,68649600
2016-08-12,2.438836,2.457855,2.431704,2.457855,68275200
2016-08-15,2.466572,2.505206,2.464195,2.488761,57254400
2016-08-16,2.474299,2.476479,2.446167,2.449534,62596800
2016-08-17,2.449534,2.462809,2.408722,2.461026,89836800
2016-08-18,2.453299,2.472913,2.440818,2.463403,56755200
2016-08-19,2.449931,2.475885,2.429326,2.460035,73617600
2016-08-22,2.448345,2.478262,2.435666,2.462412,73243200
2016-08-23,2.492327,2.506592,2.475290,2.477073,62654400
2016-08-24,2.473507,2.484206,2.406146,2.429326,71198400
2016-08-25,2.410109,2.440024,2.401788,2.417835,58444800
2016-08-26,2.421005,2.475685,2.385343,2.429524,107313600
2016-08-29,2.430911,2.458054,2.429525,2.436261,49833600
2016-08-30,2.427346,2.447751,2.389703,2.414270,65750400
2016-08-31,2.403769,2.414666,2.376429,2.407929,71616000
2016-09-01,2.409515,2.433289,2.373853,2.418628,85953600
2016-09-02,2.461619,2.476279,2.421203,2.446958,90739200
2016-09-06,2.461620,2.494310,2.444780,2.492328,65985600
2016-09-07,2.500055,2.510952,2.470337,2.496885,58075200
2016-09-08,2.476479,2.477866,2.435072,2.454092,70065600
2016-09-09,2.394259,2.409118,2.268058,2.268058,160915200
2016-09-12,2.233983,2.400005,2.229822,2.384354,130651200
2016-09-13,2.352457,2.375042,2.292030,2.328088,125308800
2016-09-14,2.334031,2.397231,2.331654,2.358003,111528000
2016-09-15,2.361569,2.479054,2.359589,2.467365,131860800
2016-09-16,2.461224,2.472913,2.428931,2.464592,81523200
2016-09-19,2.483412,2.506791,2.419222,2.432298,91670400
2016-09-20,2.456666,2.476479,2.434477,2.445770,75782400
2016-09-21,2.476479,2.528188,2.434675,2.516895,138600000
2016-09-22,2.564047,2.586633,2.554934,2.575737,78100800
2016-09-23,2.567613,2.569000,2.517688,2.529377,73065600
2016-09-26,2.485790,2.494705,2.454289,2.466573,81883200
2016-09-27,2.463799,2.541065,2.454289,2.536509,82900800
2016-09-28,2.545622,2.554934,2.511744,2.550377,75696000
2016-09-29,2.539481,2.551963,2.462809,2.496291,114830400
2016-09-30,2.519273,2.572963,2.506792,2.547603,79987200
2016-10-03,2.538886,2.549386,2.509168,2.541858,81758400
2016-10-04,2.559887,2.578510,2.499659,2.527395,112204800
2016-10-05,2.550377,2.578510,2.546811,2.553746,68856000
2016-10-06,2.544236,2.566227,2.513527,2.549783,74529600
2016-10-07,2.557905,2.567415,2.496687,2.533140,90561600
2016-10-10,2.570585,2.598717,2.569198,2.578509,59889600
2016-10-11,2.573160,2.576331,2.437846,2.471922,129643200
2016-10-12,2.474497,2.489752,2.441610,2.466770,82056000
2016-10-13,2.415261,2.457855,2.370882,2.437846,104428800
2016-10-14,2.470733,2.502631,2.441213,2.443393,81811200
2016-10-17,2.442799,2.455478,2.416845,2.426553,55862400
2016-10-18,2.511149,2.524621,2.486384,2.488761,76968000
2016-10-19,2.484206,2.499659,2.476280,2.489753,47054400
2016-10-20,2.478262,2.496688,2.437252,2.479253,69950400
2016-10-21,2.484601,2.511941,2.461223,2.506196,58632000
2016-10-24,2.556915,2.602681,2.554934,2.597529,68649600
2016-10-25,2.599906,2.603671,2.561471,2.571575,59712000
2016-10-26,2.522045,2.562858,2.498271,2.522244,95308800
2016-10-27,2.553151,2.559292,2.475686,2.486979,103041600
2016-10-28,2.463403,2.503026,2.417043,2.443987,142958400
2016-10-31,2.467761,2.467761,2.428930,2.430119,56904000
2016-11-01,2.445770,2.445770,2.314418,2.380193,101923200
2016-11-02,2.372268,2.388315,2.302333,2.318182,81763200
2016-11-03,2.308672,2.330465,2.242897,2.251416,87014400
2016-11-04,2.230614,2.279748,2.214566,2.225859,84921600
2016-11-07,2.333635,2.392873,2.324522,2.385344,100963200
2016-11-08,2.377420,2.464196,2.361570,2.432101,110587200
2016-11-09,2.345919,2.477073,2.339183,2.466176,183292800
2016-11-10,2.496093,2.510158,2.248048,2.348890,247968000
2016-11-11,2.312635,2.363947,2.290247,2.346910,113563200
2016-11-14,2.351268,2.356420,2.241907,2.267662,177552000
2016-11-15,2.325116,2.394259,2.318578,2.372664,105571200
2016-11-16,2.336805,2.418826,2.336805,2.411298,86337600
2016-11-17,2.409713,2.467167,2.394656,2.467167,75537600
2016-11-18,2.471724,2.487772,2.431902,2.439430,63057600
2016-11-21,2.454883,2.520461,2.453893,2.512734,83625600
2016-11-22,2.543245,2.555726,2.517688,2.535321,76680000
2016-11-23,2.510951,2.519470,2.472516,2.504809,73824000
2016-11-25,2.516696,2.532744,2.506394,2.528980,38280000
2016-11-28,2.517490,2.547802,2.504612,2.514914,71467200
2016-11-29,2.517093,2.573953,2.498668,2.539084,74582400
2016-11-30,2.544236,2.550377,2.443393,2.456866,151296000
2016-12-01,2.444384,2.444582,2.307483,2.321947,186384000
2016-12-02,2.324126,2.360778,2.303522,2.331258,102984000
2016-12-05,2.368901,2.414666,2.336211,2.385146,89942400
2016-12-06,2.403571,2.416052,2.374250,2.402382,69254400
2016-12-07,2.388315,2.503422,2.367513,2.491535,148867200
2016-12-08,2.497876,2.526999,2.483413,2.506791,113016000
2016-12-09,2.535122,2.569793,2.535122,2.565434,102672000
2016-12-12,2.530366,2.546613,2.500648,2.529772,95150400
2016-12-13,2.557311,2.669248,2.553745,2.628634,169195200
2016-12-14,2.633784,2.662313,2.587029,2.609416,142377600
2016-12-15,2.616548,2.668654,2.602482,2.625266,106425600
2016-12-16,2.637548,2.654586,2.578905,2.593367,114753600
2016-12-19,2.604265,2.672616,2.592576,2.625067,83572800
2016-12-20,2.645672,2.669645,2.640917,2.656767,62784000
2016-12-21,2.657757,2.663106,2.630812,2.647454,48288000
2016-12-22,2.648643,2.652209,2.596142,2.624474,65520000
2016-12-23,2.613775,2.633784,2.605255,2.632596,32251200
2016-12-27,2.646860,2.716796,2.644087,2.671031,75643200
2016-12-28,2.687276,2.695796,2.603472,2.609218,91339200
2016-12-29,2.607831,2.624275,2.573160,2.596539,85728000
2016-12-30,2.611397,2.612981,2.496290,2.520658,105384000
2017-01-03,2.567811,2.612982,2.543245,2.581680,97646400
2017-01-04,2.593567,2.640124,2.590199,2.625662,66513600
2017-01-05,2.623482,2.675588,2.621105,2.672219,61372800
2017-01-06,2.677172,2.760976,2.656766,2.739976,95798400
2017-01-09,2.746712,2.781581,2.741165,2.767713,66172800
2017-01-10,2.766524,2.809713,2.752061,2.783562,66336000
2017-01-11,2.785544,2.806940,2.744731,2.804959,94104000
2017-01-12,2.777222,2.799014,2.715409,2.790693,80517600
2017-01-13,2.799808,2.836261,2.799014,2.822789,58612800
2017-01-17,2.797430,2.813279,2.772071,2.796242,55531200
2017-01-18,2.809317,2.820808,2.786732,2.815261,49329600
2017-01-19,2.823185,2.854488,2.791882,2.807732,59731200
2017-01-20,2.844979,2.866772,2.805355,2.825960,56846400
2017-01-23,2.817242,2.844979,2.780392,2.832299,55250400
2017-01-24,2.847752,2.903622,2.835865,2.891339,51691200
2017-01-25,2.943642,2.980095,2.937302,2.975737,56148000
2017-01-26,2.989208,3.005850,2.972171,2.988020,50856000
2017-01-27,3.003473,3.012191,2.974944,3.002285,33249600
2017-01-30,2.970585,2.972171,2.883810,2.934132,75043200
2017-01-31,2.904018,2.917886,2.864394,2.917886,59616000
2017-02-01,2.974944,2.992379,2.935321,2.973360,72511200
2017-02-02,2.958302,2.993568,2.933736,2.965831,57895200
2017-02-03,2.977717,3.001492,2.968604,2.991585,48192000
2017-02-06,2.976926,3.004266,2.969000,3.002681,41707200
2017-02-07,3.018531,3.054588,3.013776,3.033588,46634400
2017-02-08,3.022889,3.062513,3.006247,3.050626,36967200
2017-02-09,3.058947,3.103721,3.054192,3.082324,51525600
2017-02-10,3.103721,3.126306,3.087871,3.112834,47872800
2017-02-13,3.142157,3.179007,3.137402,3.167515,42988800
2017-02-14,3.169497,3.198421,3.139779,3.197232,62664000
2017-02-15,3.193271,3.258650,3.185742,3.252310,73564800
2017-02-16,3.260234,3.279650,3.226158,3.249536,63950400
2017-02-17,3.236064,3.292726,3.234082,3.290349,51607200
2017-02-21,3.313330,3.347406,3.305801,3.342651,66729600
2017-02-22,3.332350,3.351370,3.314915,3.343049,43056000
2017-02-23,3.357709,3.358105,3.265782,3.306991,62676000
2017-02-24,3.259442,3.324821,3.257064,3.324821,50731200
2017-02-27,3.307387,3.336708,3.289160,3.334728,52437600
2017-02-28,3.335122,3.338293,3.278461,3.308575,41904000
2017-03-01,3.366426,3.431408,3.350576,3.415559,63254400
2017-03-02,3.413975,3.413975,3.350576,3.361671,42919200
2017-03-03,3.353747,3.383860,3.327991,3.379105,34646400
2017-03-06,3.342652,3.374350,3.316897,3.355728,38774400
2017-03-07,3.334331,3.383860,3.323236,3.339086,35428800
2017-03-08,3.347406,3.388615,3.335916,3.356124,38652000
2017-03-09,3.355331,3.378710,3.311349,3.366426,44172000
2017-03-10,3.409616,3.421899,3.364445,3.403276,51456000
2017-03-13,3.400106,3.426258,3.396936,3.423087,33883200
2017-03-14,3.399710,3.404862,3.356917,3.397729,53020800
2017-03-15,3.421107,3.483712,3.385842,3.457165,63813600
2017-03-16,3.480939,3.480939,3.430220,3.455183,38875200
2017-03-17,3.463108,3.476976,3.444881,3.446862,35320800
2017-03-20,3.446862,3.481731,3.431409,3.457165,36696000
2017-03-21,3.495599,3.506694,3.295103,3.303028,93568800
2017-03-22,3.305010,3.377125,3.289557,3.368012,71373600
2017-03-23,3.355727,3.382276,3.325217,3.341066,59064000
2017-03-24,3.372767,3.411994,3.323633,3.359294,51686400
2017-03-27,3.290745,3.394558,3.266178,3.377124,75259200
2017-03-28,3.376728,3.469844,3.355728,3.440523,84000000
2017-03-29,3.443692,3.490844,3.435768,3.486089,48170400
2017-03-30,3.484900,3.515014,3.473410,3.503524,52927200
2017-03-31,3.488071,3.523336,3.476580,3.495203,54146400
2017-04-03,3.505505,3.529675,3.432201,3.487674,64521600
2017-04-04,3.457164,3.506297,3.454787,3.503524,32424000
2017-04-05,3.520562,3.581186,3.442901,3.463504,73360800
2017-04-06,3.475390,3.495203,3.441315,3.466277,61651200
2017-04-07,3.463900,3.493618,3.424672,3.462315,41575200
2017-04-10,3.474202,3.507882,3.436560,3.466277,48376800
2017-04-11,3.452805,3.470240,3.345425,3.422692,85346400
2017-04-12,3.418729,3.425861,3.367218,3.377521,68095200
2017-04-13,3.364049,3.422296,3.335520,3.337501,61370400
2017-04-17,3.365633,3.421106,3.361671,3.416748,36333600
2017-04-18,3.385049,3.434579,3.378710,3.406842,50755200
2017-04-19,3.446070,3.479750,3.404465,3.418729,57568800
2017-04-20,3.460334,3.526506,3.444485,3.501543,82492800
2017-04-21,3.513034,3.517392,3.475787,3.499958,54026400
2017-04-24,3.615659,3.637452,3.600205,3.627150,60072000
2017-04-25,3.663207,3.725813,3.654886,3.707586,64113600
2017-04-26,3.711152,3.737700,3.683415,3.691340,87660000
2017-04-27,3.719076,3.756323,3.709963,3.755927,57676800
2017-04-28,3.801494,3.805852,3.758304,3.777323,68500800
2017-05-01,3.812191,3.891835,3.807437,3.872419,64634400
2017-05-02,3.891439,3.900949,3.861721,3.895402,60412800
2017-05-03,3.871628,3.872025,3.825665,3.856967,73586400
2017-05-04,3.858948,3.876778,3.821305,3.860929,72607200
2017-05-05,3.888666,3.902930,3.847061,3.902930,54506400
2017-05-08,3.908875,3.927894,3.885100,3.926309,61267200
2017-05-09,3.944931,3.995253,3.936214,3.969498,75717600
2017-05-10,3.973856,3.979403,3.933836,3.975837,56193600
2017-05-11,3.943742,3.968310,3.888269,3.966328,62433600
2017-05-12,3.971480,3.994462,3.961178,3.992085,58538400
2017-05-15,3.996046,4.036066,3.985744,4.029330,69340800
2017-05-16,4.057858,4.080443,4.025367,4.080048,77066400
2017-05-17,3.984159,4.005160,3.766229,3.771380,140236800
2017-05-18,3.765832,3.904119,3.749587,3.866872,120384000
2017-05-19,3.904515,3.963951,3.901346,3.913629,72844800
2017-05-22,3.940969,4.019820,3.936610,4.015065,65354400
2017-05-23,4.047953,4.049537,3.994856,4.024971,68858400
2017-05-24,4.058652,4.085199,4.026952,4.080444,64941600
2017-05-25,4.125220,4.214373,4.099464,4.187825,87504000
2017-05-26,4.184655,4.210013,4.168805,4.205655,54856800
2017-05-30,4.195353,4.229826,4.190994,4.214372,55192800
2017-05-31,4.252806,4.261920,4.145030,4.209220,96902400
2017-06-01,4.234183,4.263109,4.182277,4.259543,74092800
2017-06-02,4.301544,4.408133,4.282921,4.404962,83244000
2017-06-05,4.401396,4.424378,4.382773,4.401396,51477600
2017-06-06,4.385547,4.428340,4.329281,4.351470,77733600
2017-06-07,4.382375,4.410112,4.325317,4.399017,81410400
2017-06-08,4.426359,4.433095,4.341565,4.410905,92563200
2017-06-09,4.426755,4.443001,3.909270,4.091936,233138400
2017-06-12,3.978214,4.036065,3.860532,4.017838,166449600
2017-06-13,4.080444,4.127993,4.019424,4.111747,126492000
2017-06-14,4.160087,4.160087,3.959592,4.056670,139012800
2017-06-15,3.932649,4.015462,3.858552,4.001989,141158400
2017-06-16,3.994065,3.996839,3.905704,3.954045,93856800
2017-06-19,4.064198,4.158899,4.045971,4.145427,110944800
2017-06-20,4.135521,4.150183,4.045971,4.051519,85939200
2017-06-21,4.076482,4.173163,4.068161,4.169201,83589600
2017-06-22,4.187824,4.210410,4.132747,4.164447,68445600
2017-06-23,4.149787,4.227845,4.116106,4.211203,68786400
2017-06-26,4.280544,4.305904,4.126012,4.155334,105681600
2017-06-27,4.106992,4.120464,3.926704,3.926704,144088800
2017-06-28,3.967914,4.104219,3.900554,4.091539,120861600
2017-06-29,4.041216,4.043991,3.764247,3.883118,231564000
2017-06-30,3.916798,3.946912,3.847061,3.869647,98616000
2017-07-03,3.938592,3.950875,3.754738,3.764247,81684000
2017-07-05,3.793173,3.902534,3.758304,3.871627,114033600
2017-07-06,3.782078,3.831211,3.725813,3.769398,106324800
2017-07-07,3.806645,3.918779,3.803871,3.882326,89623200
2017-07-10,3.896987,3.992084,3.865684,3.963555,92114400
2017-07-11,3.946120,4.011103,3.901742,3.996046,108571200
2017-07-12,4.096294,4.150974,4.074105,4.138295,105307200
2017-07-13,4.154539,4.194956,4.129180,4.165634,91476000
2017-07-14,4.214768,4.278563,4.181484,4.263505,84636000
2017-07-17,4.277374,4.314224,4.244882,4.265882,100663200
2017-07-18,4.257167,4.355037,4.219920,4.350678,84182400
2017-07-19,4.388319,4.447755,4.385150,4.430321,104234400
2017-07-20,4.462813,4.471926,4.385942,4.446963,108460800
2017-07-21,4.391886,4.440623,4.371678,4.440228,86916000
2017-07-24,4.439038,4.509568,4.422396,4.498077,88732800
2017-07-25,4.456474,4.497681,4.429530,4.467964,94180800
2017-07-26,4.496492,4.516304,4.477472,4.507983,60607200
2017-07-27,4.598722,4.610213,4.265883,4.427547,188956800
2017-07-28,4.349489,4.433491,4.321752,4.413282,70022400
2017-07-31,4.449340,4.466378,4.326506,4.355828,88716000
2017-08-01,4.399415,4.402981,4.344734,4.384358,61156800
2017-08-02,4.467170,4.471528,4.296788,4.416452,110366400
2017-08-03,4.433095,4.434679,4.343148,4.370489,72640800
2017-08-04,4.396245,4.420811,4.337205,4.387527,71488800
2017-08-07,4.413283,4.472323,4.394263,4.465190,54837600
2017-08-08,4.445378,4.556721,4.410510,4.448549,103886400
2017-08-09,4.339583,4.436661,4.308676,4.431113,99081600
2017-08-10,4.356622,4.364546,4.133144,4.143446,163382400
2017-08-11,4.163654,4.266280,4.134333,4.238147,105271200
2017-08-14,4.336809,4.421999,4.335620,4.402980,95488800
2017-08-15,4.427547,4.436662,4.374849,4.410905,72297600
2017-08-16,4.441813,4.495305,4.389906,4.433888,99052800
2017-08-17,4.379999,4.401396,4.160485,4.161277,158582400
2017-08-18,4.167616,4.236165,4.101049,4.146616,129852000
2017-08-21,4.153750,4.177920,4.057464,4.139089,86481600
2017-08-22,4.200107,4.336016,4.198126,4.323337,94264800
2017-08-23,4.252411,4.304715,4.246864,4.274997,84076800
2017-08-24,4.306300,4.322942,4.164448,4.239336,97180800
2017-08-25,4.282524,4.318582,4.194956,4.210806,92620800
2017-08-28,4.247656,4.278563,4.208429,4.247656,66242400
2017-08-29,4.137107,4.318979,4.127200,4.299960,85123200
2017-08-30,4.307488,4.469549,4.299960,4.448945,106248000
2017-08-31,4.485002,4.591590,4.477870,4.575345,106176000
2017-09-01,4.610213,4.627647,4.536908,4.572174,71001600
2017-09-05,4.528588,4.559891,4.345527,4.449738,129235200
2017-09-06,4.485795,4.518287,4.392284,4.488173,85557600
2017-09-07,4.514323,4.552758,4.469549,4.515909,73970400
2017-09-08,4.498870,4.506796,4.388320,4.404567,82646400
2017-09-11,4.504020,4.573758,4.502435,4.544833,85279200
2017-09-12,4.588420,4.603081,4.519871,4.583269,73418400
2017-09-13,4.556721,4.603476,4.538494,4.602287,51604800
2017-09-14,4.551570,4.588816,4.513134,4.524626,73576800
2017-09-15,4.519871,4.616552,4.496492,4.561079,79264800
2017-09-18,4.580890,4.624873,4.507190,4.549984,91509600
2017-09-19,4.571380,4.590796,4.524625,4.569399,56942400
2017-09-20,4.567024,4.580496,4.424379,4.531363,107306400
2017-09-21,4.517889,4.519475,4.398226,4.444190,84890400
2017-09-22,4.400206,4.450925,4.388716,4.433095,62167200
2017-09-25,4.378810,4.385547,4.225863,4.294016,135520800
2017-09-26,4.356224,4.379998,4.278166,4.323337,95090400
2017-09-27,4.392283,4.487776,4.358602,4.440623,111348000
2017-09-28,4.408527,4.445774,4.376036,4.433095,64536000
2017-09-29,4.460039,4.536513,4.424377,4.527003,88248000
2017-10-02,4.550380,4.595155,4.479058,4.539682,92205600
2017-10-03,4.556721,4.583665,4.527004,4.568212,62738400
2017-10-04,4.541663,4.608627,4.529380,4.580098,90153600
2017-10-05,4.633591,4.719574,4.614175,4.712046,94291200
2017-10-06,4.667667,4.731066,4.665687,4.729085,85960800
2017-10-09,4.750876,4.765140,4.698177,4.717196,68851200
2017-10-10,4.761971,4.777424,4.664100,4.727101,71757600
2017-10-11,4.721159,4.770689,4.701347,4.768312,59788800
2017-10-12,4.748103,4.797632,4.725517,4.742555,66180000
2017-10-13,4.797237,4.811898,4.780595,4.795653,48873600
2017-10-16,4.831708,4.847558,4.799613,4.845181,57079200
2017-10-17,4.839237,4.863804,4.816652,4.862219,60189600
2017-10-18,4.875690,4.876483,4.823387,4.843595,57900000
2017-10-19,4.760385,4.790499,4.688270,4.790102,80680800
2017-10-20,4.847558,4.859049,4.810708,4.824973,66554400
2017-10-23,4.855483,4.856671,4.712442,4.735027,61456800
2017-10-24,4.757613,4.785349,4.703725,4.759197,58872000
2017-10-25,4.727101,4.773858,4.595155,4.701346,89191200
2017-10-26,4.694612,4.725914,4.651025,4.657762,72768000
2017-10-27,4.879256,5.087280,4.866973,5.059148,147818400
2017-10-30,5.046470,5.154246,5.035375,5.095207,96556800
2017-10-31,5.140773,5.172868,5.099962,5.149095,60196800
2017-11-01,5.213681,5.220813,5.085697,5.142358,83064000
2017-11-02,5.126906,5.134038,5.010412,5.116208,91780800
2017-11-03,5.170490,5.264795,5.118187,5.258851,86700000
2017-11-06,5.249739,5.320665,5.243399,5.312344,76096800
2017-11-07,5.300457,5.344835,5.268361,5.321061,93321600
2017-11-08,5.315910,5.390798,5.296098,5.387629,68863200
2017-11-09,5.256474,5.309569,5.137206,5.301248,163195200
2017-11-10,5.265589,5.311948,5.235871,5.299665,66436800
2017-11-13,5.243794,5.338892,5.239435,5.315513,75144000
2017-11-14,5.262022,5.279457,5.184360,5.262022,91000800
2017-11-15,5.194662,5.228343,5.101942,5.184756,80668800
2017-11-16,5.266380,5.416949,5.263606,5.378911,80853600
2017-11-17,5.384459,5.395157,5.304420,5.318684,69352800
2017-11-20,5.327005,5.345231,5.284211,5.305608,50059200
2017-11-21,5.379705,5.483915,5.374158,5.472821,70742400
2017-11-22,5.492235,5.512047,5.461329,5.494613,60117600
2017-11-24,5.515614,5.560784,5.505311,5.556426,39952800
2017-11-27,5.549294,5.587728,5.510859,5.547312,66837600
2017-11-28,5.584955,5.600804,5.496197,5.588124,70305600
2017-11-29,5.574257,5.574257,5.220813,5.300853,208288800
2017-11-30,5.367421,5.461725,5.327401,5.432404,118780800
2017-12-01,5.327400,5.437554,5.122942,5.359891,170294400
2017-12-04,5.464895,5.477178,5.158604,5.174850,165444000
2017-12-05,5.165737,5.360685,5.109472,5.182379,115480800
2017-12-06,5.124924,5.275890,5.105904,5.250927,94759200
2017-12-07,5.254097,5.349194,5.233889,5.302835,76156800
2017-12-08,5.420516,5.459347,5.349193,5.372968,88401600
2017-12-11,5.381289,5.502934,5.378912,5.496197,71568000
2017-12-12,5.488273,5.524331,5.441121,5.475594,73377600
2017-12-13,5.537802,5.558406,5.483121,5.502934,83342400
2017-12-14,5.535029,5.574652,5.474008,5.495008,71246400
2017-12-15,5.559199,5.698278,5.529086,5.673712,111669600
2017-12-18,5.785450,5.836168,5.761279,5.819526,81081600
2017-12-19,5.788224,5.806846,5.671333,5.724825,98868000
2017-12-20,5.779507,5.781884,5.630126,5.701052,71150400
2017-12-21,5.721260,5.773563,5.678863,5.698278,66518400
2017-12-22,5.674108,5.685599,5.631314,5.679258,42492000
2017-12-26,5.588521,5.607540,5.523142,5.587332,48866400
2017-12-27,5.587728,5.632107,5.571086,5.587332,45196800
2017-12-28,5.636861,5.642013,5.586143,5.602389,46730400
2017-12-29,5.623390,5.623390,5.492632,5.496595,68558400
2018-01-02,5.582973,5.790602,5.542953,5.778714,91735200
2018-01-03,5.802093,5.969702,5.801301,5.947908,85224000
2018-01-04,6.017646,6.039042,5.961776,5.982777,70024800
2018-01-05,6.066383,6.176536,6.035080,6.163460,82380000
2018-01-08,6.162667,6.244688,6.156724,6.232008,72252000
2018-01-09,6.270047,6.291049,6.181291,6.236763,104169600
2018-01-10,6.149988,6.194763,6.070741,6.192386,95853600
2018-01-11,6.223687,6.316407,6.194762,6.316407,74839200
2018-01-12,6.295010,6.474902,6.277179,6.450336,89560800
2018-01-16,6.580698,6.683323,6.342956,6.400410,165021600
2018-01-17,6.485600,6.634981,6.398032,6.602094,82624800
2018-01-18,6.573167,6.652415,6.526412,6.608433,94394400
2018-01-19,6.665095,6.700359,6.571583,6.671830,84948000
2018-01-22,6.655982,6.880251,6.638943,6.880251,103862400
2018-01-23,6.946422,7.071634,6.935724,7.054595,129343200
2018-01-24,7.093031,7.142560,6.793477,6.911555,209073600
2018-01-25,7.055784,7.060936,6.837855,6.902837,133300800
2018-01-26,7.013387,7.211110,6.976934,7.211110,106437600
2018-01-29,7.168316,7.217053,7.069256,7.115616,132348000
2018-01-30,6.917499,7.027256,6.826364,6.933744,132506400
2018-01-31,7.054993,7.095012,6.894517,7.019331,110997600
2018-02-01,6.864007,7.060936,6.770891,6.843799,127968000
2018-02-02,6.767325,6.808533,6.415467,6.425768,190185600
2018-02-05,6.250632,6.563262,5.650729,5.684013,230628000
2018-02-06,5.421309,6.141668,5.350383,6.122253,239383200
2018-02-07,6.064797,6.260143,5.880151,5.880151,176112000
2018-02-08,5.940776,5.949097,5.151077,5.151472,216405600
2018-02-09,5.357119,5.513633,4.802388,5.393969,320344800
2018-02-12,5.578218,5.800507,5.437555,5.695900,175056000
2018-02-13,5.596049,5.808828,5.561973,5.765242,108055200
2018-02-14,5.678864,6.126611,5.672920,6.102837,168115200
2018-02-15,6.260538,6.430127,6.069552,6.421806,190375200
2018-02-16,6.375051,6.556527,6.314030,6.350088,170553600
2018-02-20,6.277179,6.547413,6.271235,6.381785,145869600
2018-02-21,6.473317,6.665096,6.319974,6.324333,177477600
2018-02-22,6.416258,6.512148,6.277179,6.325521,166603200
2018-02-23,6.468958,6.706700,6.400806,6.702342,142768800
2018-02-26,6.807741,6.974557,6.793079,6.971386,133951200
2018-02-27,6.983669,7.020916,6.713040,6.721757,173308800
2018-02-28,6.833893,6.900460,6.579905,6.586641,153014400
2018-03-01,6.601302,6.689266,6.089364,6.269652,251916000
2018-03-02,6.049741,6.472128,5.974455,6.442015,193399200
2018-03-05,6.351276,6.701153,6.274802,6.644095,148881600
2018-03-06,6.743154,6.802986,6.609226,6.728097,142060800
2018-03-07,6.581093,6.795457,6.546621,6.778419,133764000
2018-03-08,6.854101,6.903235,6.780004,6.879460,115168800
2018-03-09,7.035576,7.280055,7.004669,7.280055,147348000
2018-03-12,7.350190,7.455985,7.304225,7.389020,132679200
2018-03-13,7.350190,7.455985,7.047464,7.120769,182292000
2018-03-14,7.210713,7.232506,7.005463,7.096597,133622400
2018-03-15,7.117995,7.203978,6.999124,7.064899,110896800
2018-03-16,7.105315,7.159203,7.005463,7.018143,78268800
2018-03-19,6.834684,6.834684,6.382182,6.577527,194232000
2018-03-20,6.579112,6.672625,6.505017,6.625869,92193600
2018-03-21,6.577527,6.759796,6.448353,6.529979,132496800
2018-03-22,6.276387,6.403182,6.030721,6.052909,205879200
2018-03-23,6.030721,6.082231,5.563953,5.563953,217598400
2018-03-26,5.903925,6.214575,5.641617,6.190009,183504000
2018-03-27,6.335427,6.335427,5.435178,5.596447,273614400
2018-03-28,5.498574,5.659049,5.269946,5.403477,242289600
2018-03-29,5.485499,5.852415,5.330571,5.702638,197073600
2018-04-02,5.567916,5.646371,5.023091,5.196247,244953600
2018-04-03,5.339288,5.436366,5.087281,5.370591,221805600
2018-04-04,5.057168,5.673315,5.040129,5.624578,216729600
2018-04-05,5.792187,5.814772,5.593277,5.712940,183355200
2018-04-06,5.535029,5.698674,5.207340,5.286588,232291200
2018-04-09,5.426063,5.716108,5.370987,5.392384,175891200
2018-04-10,5.644391,5.806847,5.533048,5.748601,194875200
2018-04-11,5.650335,5.839339,5.634881,5.651919,143440800
2018-04-12,5.765242,5.913830,5.745034,5.850037,142766400
2018-04-13,5.943946,5.968909,5.692335,5.763262,142485600
2018-04-16,5.880944,5.959003,5.776338,5.890454,118298400
2018-04-17,6.067176,6.312842,6.036666,6.267275,124147200
2018-04-18,6.276387,6.377428,6.185254,6.310860,118089600
2018-04-19,6.219727,6.259746,6.072327,6.139290,129019200
2018-04-20,6.092136,6.102042,5.781091,5.844884,140812800
2018-04-23,5.926115,5.995852,5.705807,5.798923,123333600
2018-04-24,5.875396,5.907491,5.315910,5.429234,213019200
2018-04-25,5.455387,5.515614,5.225569,5.450632,210816000
2018-04-26,5.657863,5.844490,5.603579,5.788621,141993600
2018-04-27,6.041815,6.048552,5.702637,5.802093,164858400
2018-04-30,5.840923,5.947511,5.631710,5.678466,161124000
2018-05-01,5.628937,5.870641,5.592087,5.863113,116978400
2018-05-02,5.901943,5.953454,5.745430,5.760883,143652000
2018-05-03,5.684013,5.824281,5.485895,5.761279,196072800
2018-05-04,5.688373,6.127799,5.673315,6.085402,185932800
2018-05-07,6.175744,6.297389,6.156725,6.230029,139063200
2018-05-08,6.196745,6.258161,6.082628,6.209424,126715200
2018-05-09,6.252613,6.432901,6.185254,6.417448,114996000
2018-05-10,6.478467,6.630622,6.464203,6.617150,119006400
2018-05-11,6.583471,6.641718,6.510166,6.597339,119697600
2018-05-14,6.638944,6.755438,6.597339,6.626660,109183200
2018-05-15,6.468958,6.480053,6.305708,6.412296,174520800
2018-05-16,6.426957,6.577527,6.425373,6.530375,89712000
2018-05-17,6.463807,6.604867,6.360785,6.456675,103219200
2018-05-18,6.382975,6.446770,6.327106,6.353257,85466400
2018-05-21,6.499072,6.586640,6.379408,6.464203,116892000
2018-05-22,6.547017,6.581490,6.402391,6.430524,96943200
2018-05-23,6.288275,6.596151,6.281935,6.592188,123045600
2018-05-24,6.590207,6.622302,6.388127,6.586641,71110400
2018-05-25,6.589018,6.675794,6.546224,6.603282,63081600
2018-05-29,6.512941,6.630623,6.398825,6.518885,94451200
2018-05-30,6.585453,6.690059,6.543848,6.657964,70806400
2018-05-31,6.648454,6.773269,6.590207,6.643699,81056800
2018-06-01,6.734040,6.963461,6.734040,6.952763,77171200
2018-06-04,7.001500,7.144145,6.991990,7.131070,64049600
2018-06-05,7.188128,7.240431,7.109673,7.204770,55900000
2018-06-06,7.227356,7.329585,7.117995,7.323642,57628000
2018-06-07,7.333151,7.336717,7.040728,7.153656,78452000
2018-06-08,7.040727,7.179806,6.993178,7.148899,49320800
2018-06-11,7.131070,7.258262,7.127503,7.204770,40836000
2018-06-12,7.234488,7.337906,7.211903,7.318887,47848000
2018-06-13,7.346226,7.480550,7.267771,7.310565,72247200
2018-06-14,7.415172,7.567326,7.394963,7.532854,90452800
2018-06-15,7.446077,7.499569,7.346225,7.457964,77689600
2018-06-18,7.310566,7.459155,7.241620,7.441324,68726400
2018-06-19,7.154844,7.377133,7.087087,7.374755,107633600
2018-06-20,7.472230,7.623196,7.456776,7.529288,79644800
2018-06-21,7.581591,7.606554,7.290357,7.334339,102280800
2018-06-22,7.408038,7.415171,7.204769,7.260639,62227200
2018-06-25,7.087087,7.116805,6.596151,6.797042,171306400
2018-06-26,6.862422,6.987237,6.787533,6.871932,94165600
2018-06-27,6.958707,7.051426,6.575942,6.596150,131838400
2018-06-28,6.564055,6.824382,6.522449,6.757814,111300000
2018-06-29,6.855289,6.961084,6.782778,6.788721,78536000
2018-07-02,6.616358,6.949197,6.571187,6.940876,83296800
2018-07-03,7.015764,7.022897,6.684114,6.701945,56425600
2018-07-05,6.833892,6.964650,6.726908,6.948008,65622400
2018-07-06,6.990802,7.285602,6.956329,7.260639,75012000
2018-07-09,7.379510,7.471040,7.297489,7.462719,72377600
2018-07-10,7.494815,7.530476,7.403284,7.480551,66784000
2018-07-11,7.310565,7.448455,7.285602,7.371189,79829600
2018-07-12,7.461533,7.740880,7.446079,7.734936,81352000
2018-07-13,7.736124,7.801503,7.677877,7.757521,67876000
2018-07-16,7.763464,7.805069,7.664802,7.705217,55560000
2018-07-17,7.465096,7.893031,7.462718,7.847860,75593600
2018-07-18,7.845485,7.868070,7.726614,7.797936,46537600
2018-07-19,7.721859,7.793181,7.652913,7.682631,76874400
2018-07-20,7.745633,7.825276,7.646970,7.671933,57396000
2018-07-23,7.604176,7.753953,7.512645,7.738500,63027200
2018-07-24,7.982187,8.065396,7.744445,7.837164,95066400
2018-07-25,7.847862,8.179513,7.841919,8.164060,77241600
2018-07-26,7.835974,7.909675,7.763463,7.807446,111888000
2018-07-27,7.945335,7.952468,7.343848,7.481739,118098400
2018-07-30,7.482928,7.490059,7.051426,7.159598,100805600
2018-07-31,7.235676,7.404473,7.121560,7.302244,95712000
2018-08-01,7.370001,7.468664,7.279659,7.402096,69301600
2018-08-02,7.239243,7.726613,7.232110,7.696896,92242400
2018-08-03,7.737312,7.772973,7.643405,7.765841,72133600
2018-08-06,7.756333,7.913242,7.725426,7.908487,68068000
2018-08-07,7.970299,8.035677,7.922750,7.985752,71970400
2018-08-08,7.959601,8.065396,7.893034,8.007150,63434400
2018-08-09,8.000016,8.095112,7.966732,8.000016,54530400
2018-08-10,7.840731,7.910865,7.728992,7.813391,85626400
2018-08-13,7.856182,8.008338,7.780105,7.790804,92674400
2018-08-14,7.876391,7.963167,7.753955,7.934638,60727200
2018-08-15,7.755142,7.821710,7.498381,7.645781,115857600
2018-08-16,7.814578,7.863316,7.670745,7.715916,65142400
2018-08-17,7.654102,7.776539,7.513835,7.714727,70262400
2018-08-20,7.770596,7.777728,7.607743,7.699273,67461600
2018-08-21,7.767028,7.919184,7.751575,7.778916,67069600
2018-08-22,7.726613,7.895410,7.701650,7.869258,63313600
2018-08-23,7.830030,7.995261,7.794368,7.830030,71133600
2018-08-24,7.913242,8.067774,7.904921,8.047565,63956800
2018-08-27,8.177134,8.291250,8.133151,8.290061,72851200
2018-08-28,8.359006,8.388723,8.278173,8.326911,65224800
2018-08-29,8.369706,8.630033,8.362573,8.618146,65735200
2018-08-30,8.565842,8.720375,8.481444,8.569408,87863200
2018-08-31,8.537313,8.671637,8.507596,8.594372,63180000
2018-09-04,8.519485,8.562279,8.348312,8.492146,80209600
2018-09-05,8.439840,8.443406,8.073717,8.154550,107729600
2018-09-06,8.168815,8.193778,7.771785,7.932262,115504800
2018-09-07,7.769406,8.046376,7.752764,7.853805,77009600
2018-09-10,7.975054,7.990507,7.789615,7.922751,55448800
2018-09-11,7.818144,8.140285,7.762275,8.098680,70522400
2018-09-12,8.065393,8.082035,7.820519,8.028543,88261600
2018-09-13,8.166435,8.323344,8.162869,8.266287,74676000
2018-09-14,8.296003,8.337608,8.108187,8.203284,76688000
2018-09-17,8.156926,8.181889,7.828842,7.857370,72823200
2018-09-18,7.874013,8.160493,7.862126,8.043999,72758400
2018-09-19,8.047564,8.104622,7.868069,8.026167,58962400
2018-09-20,8.180703,8.318594,8.126023,8.278177,62683200
2018-09-21,8.351875,8.389914,8.120076,8.146228,60281600
2018-09-24,7.977430,8.224682,7.874012,8.216361,52875200
2018-09-25,8.200909,8.265099,8.120076,8.249646,43259200
2018-09-26,8.256777,8.495708,8.215173,8.241324,70920000
2018-09-27,8.363763,8.556334,8.348310,8.469558,58525600
2018-09-28,8.397046,8.528993,8.354253,8.456482,61857600
2018-10-01,8.618148,8.697791,8.449351,8.505220,68232000
2018-10-02,8.482634,8.649053,8.397046,8.456482,64787200
2018-10-03,8.559902,8.618148,8.443408,8.481446,66569600
2018-10-04,8.380404,8.389914,7.809823,7.997640,150889600
2018-10-05,7.988129,8.063018,7.467475,7.696896,132924000
2018-10-08,7.588723,7.756332,7.279659,7.559006,119353600
2018-10-09,7.568514,7.797935,7.511456,7.617251,104289600
2018-10-10,7.487683,7.496004,6.590206,6.629434,242856000
2018-10-11,6.539091,6.805363,6.161082,6.360785,222432000
2018-10-12,6.868365,6.956330,6.514130,6.898083,168488000
2018-10-15,6.830326,6.860044,6.567621,6.637755,159735200
2018-10-16,6.851724,7.271338,6.817251,7.209526,124466400
2018-10-17,7.331961,7.343848,7.007443,7.233298,130120800
2018-10-18,7.139391,7.147712,6.634189,6.731663,156348800
2018-10-19,6.869554,7.059747,6.631812,6.704323,134836800
2018-10-22,6.824383,6.963462,6.653208,6.805363,114926400
2018-10-23,6.441618,6.832704,6.208631,6.730474,176781600
2018-10-24,6.705511,6.739984,5.786639,5.815167,204842400
2018-10-25,6.073118,6.510564,5.994664,6.411901,152073600
2018-10-26,5.753355,6.279954,5.643994,5.913831,244761600
2018-10-29,6.178914,6.252614,5.211305,5.597635,217961600
2018-10-30,5.496593,5.830621,5.416950,5.813979,184865600
2018-10-31,6.092136,6.378615,6.092136,6.206252,180157600
2018-11-01,6.260934,6.492733,6.114723,6.477280,126066400
2018-11-02,6.413089,6.529583,6.038646,6.187234,174357600
2018-11-05,6.190800,6.197932,5.915019,6.126610,102600800
2018-11-06,6.111157,6.363163,6.094515,6.256180,111461600
2018-11-07,6.479657,6.842214,6.439241,6.831515,138552000
2018-11-08,6.750682,6.813683,6.616358,6.715021,117524800
2018-11-09,6.528393,6.571187,6.215763,6.373861,136739200
2018-11-12,6.240725,6.275198,5.775940,5.813979,154367200
2018-11-13,5.880548,6.121855,5.758110,5.811602,154454400
2018-11-14,5.976833,6.041023,5.572672,5.664202,156124000
2018-11-15,5.633296,6.016061,5.493028,5.967324,169816800
2018-11-16,5.796149,5.991097,5.720071,5.901944,134324800
2018-11-19,5.815168,5.842509,5.277872,5.336118,186492000
2018-11-20,4.959297,5.258852,4.838048,5.040129,202991200
2018-11-21,5.233889,5.304023,5.125717,5.153057,115115200
2018-11-23,5.025865,5.197040,5.022299,5.038941,56880000
2018-11-26,5.251720,5.394365,5.185152,5.384855,119964800
2018-11-27,5.304022,5.482329,5.217246,5.440724,120163200
2018-11-28,5.563162,5.962568,5.468065,5.956625,195064800
2018-11-29,5.886491,6.023192,5.762865,5.901944,129044800
2018-11-30,5.924529,6.043400,5.840131,6.025569,116635200
2018-12-03,6.428542,6.454693,6.211007,6.334633,149343200
2018-12-04,6.246670,6.298973,5.595257,5.638051,210096000
2018-12-06,5.279060,5.731959,5.210115,5.720071,196156000
2018-12-07,5.658258,5.755732,5.111452,5.160189,222987200
2018-12-10,5.130471,5.391988,4.971184,5.321854,176468800
2018-12-11,5.578614,5.586935,5.241020,5.378911,172163200
2018-12-12,5.613088,5.768809,5.512047,5.514425,169451200
2018-12-13,5.622596,5.692730,5.411006,5.515613,164724800
2018-12-14,5.336119,5.388422,5.076980,5.099566,156177600
2018-12-17,5.048451,5.169699,4.646667,4.770293,200592800
2018-12-18,4.883220,4.993769,4.727499,4.849936,157893600
2018-12-19,4.839237,5.062715,4.383962,4.499266,307862400
2018-12-20,4.454095,4.609816,4.128388,4.318582,320818400
2018-12-21,4.356622,4.446964,3.828835,3.901346,369034400
2018-12-24,3.803872,3.957215,3.604168,3.612489,175600800
2018-12-26,3.725688,4.277994,3.647127,4.268472,378235200
2018-12-27,4.118491,4.332748,3.823293,4.329177,341834400
2018-12-28,4.404168,4.536293,4.210146,4.311323,304842400
2018-12-31,4.447018,4.485109,4.291087,4.408928,216966400
2019-01-02,4.139917,4.550576,4.133966,4.472015,271665600
2019-01-03,4.282756,4.333939,4.003032,4.038741,330510400
2019-01-04,4.231572,4.613663,4.186340,4.555338,272964000
2019-01-07,4.579145,4.779118,4.538674,4.700557,213106400
2019-01-08,4.843394,4.893388,4.630328,4.836253,211622400
2019-01-09,4.894578,5.019561,4.832682,4.950523,178098400
2019-01-10,4.837443,5.002896,4.756501,4.998136,175131200
2019-01-11,4.908862,4.955284,4.857678,4.938620,120804800
2019-01-14,4.812446,4.873152,4.744598,4.810065,111383200
2019-01-15,4.873152,5.108835,4.863630,5.076696,145125600
2019-01-16,5.114786,5.220724,5.080267,5.083838,135892800
2019-01-17,5.035035,5.269528,5.006468,5.202870,142040000
2019-01-18,5.323092,5.429030,5.219534,5.345708,166908800
2019-01-22,5.238579,5.246912,4.918384,5.050509,181734400
2019-01-23,5.112406,5.177873,4.882675,5.055271,166093600
2019-01-24,5.096932,5.168351,5.039797,5.144545,128115200
2019-01-25,5.268336,5.376655,5.215962,5.327852,139513600
2019-01-28,5.119547,5.131451,5.000516,5.131451,140359200
2019-01-29,5.140973,5.143353,4.931477,4.986232,122530400
2019-01-30,5.154067,5.418317,5.105264,5.359992,175824000
2019-01-31,5.454025,5.680185,5.437361,5.595673,160575200
2019-02-01,5.515923,5.644477,5.482594,5.524255,141561600
2019-02-04,5.531398,5.732561,5.515923,5.726609,110976800
2019-02-05,5.757557,5.903966,5.749225,5.877779,128916800
2019-02-06,5.889682,5.919440,5.751605,5.831357,145420000
2019-02-07,5.674234,5.717085,5.462358,5.593293,209793600
2019-02-08,5.440932,5.624241,5.427838,5.621860,144722400
2019-02-11,5.686137,5.726608,5.565915,5.608767,121196800
2019-02-12,5.728988,5.878968,5.700421,5.851591,128226400
2019-02-13,5.934915,5.984908,5.846831,5.863495,127609600
2019-02-14,5.796837,5.945627,5.739702,5.884921,153369600
2019-02-15,6.012285,6.013475,5.875399,5.955150,142496000
2019-02-19,5.899205,6.045613,5.899205,5.990859,103572800
2019-02-20,6.005142,6.074180,5.890872,5.986097,171065600
2019-02-21,5.936104,5.986098,5.824215,5.918250,128493600
2019-02-22,5.958720,6.061087,5.948008,6.046803,119637600
2019-02-25,6.190831,6.234873,6.101558,6.113461,124102400
2019-02-26,6.065849,6.189641,6.037281,6.132506,105356800
2019-02-27,6.050374,6.139648,5.926582,6.113461,115844000
2019-02-28,6.059898,6.139649,6.022998,6.075372,92063200
2019-03-01,6.203925,6.224161,6.072991,6.196784,140156800
2019-03-04,6.305102,6.347953,5.993239,6.197973,213088000
2019-03-05,6.211067,6.270583,6.120603,6.213448,100348800
2019-03-06,6.228922,6.234873,6.077752,6.106319,123468800
2019-03-07,6.056326,6.063467,5.812311,5.883730,169306400
2019-03-08,5.682567,5.858734,5.661141,5.850401,174936800
2019-03-11,5.919440,6.226541,5.919440,6.215828,128468000
2019-03-12,6.264631,6.364618,6.219399,6.317005,151606400
2019-03-13,6.412231,6.557450,6.387234,6.453892,145129600
2019-03-14,6.465795,6.489601,6.415802,6.425324,95443200
2019-03-15,6.500314,6.658626,6.482459,6.584826,138845600
2019-03-18,6.590779,6.706239,6.551498,6.644343,148994400
2019-03-19,6.730044,6.818127,6.628867,6.710999,164380800
2019-03-20,6.709808,6.912234,6.619312,6.788397,183522400
2019-03-21,6.725288,7.132521,6.721716,7.102752,151957600
2019-03-22,7.009875,7.067030,6.613359,6.638365,267601600
2019-03-25,6.556205,6.664562,6.451419,6.596690,210369600
2019-03-26,6.750294,6.868177,6.585972,6.687185,175872000
2019-03-27,6.714572,6.761010,6.412124,6.556204,176810400
2019-03-28,6.605024,6.671706,6.481188,6.597880,128437600
2019-03-29,6.743149,6.765773,6.630029,6.746721,126980000
2019-04-01,6.942003,7.037262,6.870559,7.012257,122364800
2019-04-02,7.036070,7.111087,6.981296,7.089653,106728800
2019-04-03,7.208729,7.345663,7.145619,7.212301,151384000
2019-04-04,7.213492,7.296843,7.076556,7.201584,143620800
2019-04-05,7.270646,7.323039,7.237305,7.309940,104654400
2019-04-08,7.273028,7.381386,7.187295,7.367096,103460000
2019-04-09,7.292079,7.362333,7.239686,7.286125,104121600
2019-04-10,7.318276,7.408772,7.290889,7.404009,99244000
2019-04-11,7.431395,7.433777,7.306368,7.348043,111770400
2019-04-12,7.442113,7.454020,7.350426,7.438541,95228000
2019-04-15,7.438540,7.468309,7.294461,7.444494,83369600
2019-04-16,7.519511,7.567140,7.452829,7.517129,94287200
2019-04-17,7.663590,7.687405,7.526655,7.592146,114422400
2019-04-18,7.630250,7.633822,7.486170,7.615961,91903200
2019-04-22,7.519511,7.690976,7.501649,7.680260,75756800
2019-04-23,7.740989,8.001760,7.707648,7.971992,104954400
2019-04-24,7.989851,8.023192,7.891020,7.894593,95075200
2019-04-25,8.069632,8.079158,7.862444,7.982708,119690400
2019-04-26,7.955322,8.013669,7.751706,8.011287,110516800
2019-04-29,8.008903,8.093445,7.970799,8.054151,83797600
2019-04-30,7.858869,7.907690,7.700501,7.869585,127595200
2019-05-01,8.016048,8.086302,7.770757,7.779092,125916000
2019-05-02,7.781473,7.898165,7.531418,7.683832,141288800
2019-05-03,7.875540,8.067249,7.833864,8.045815,108889600
2019-05-06,7.538563,7.932697,7.496887,7.901738,161715200
2019-05-07,7.645729,7.742179,7.220636,7.442113,237529600
2019-05-08,7.367095,7.548087,7.286124,7.376621,161237600
2019-05-09,7.139666,7.333757,6.938432,7.259931,220417600
2019-05-10,7.173006,7.386148,6.815785,7.280172,227858400
2019-05-13,6.725289,6.838409,6.462136,6.527626,234920800
2019-05-14,6.622885,6.856270,6.552632,6.732433,140192000
2019-05-15,6.603833,7.071794,6.595498,7.012257,176160000
2019-05-16,7.025354,7.361142,7.002730,7.231352,174026400
2019-05-17,7.012257,7.303988,6.986061,7.006303,182510400
2019-05-20,6.713381,6.790779,6.578828,6.655035,184368800
2019-05-21,6.819358,6.911044,6.755058,6.855080,114487200
2019-05-22,6.737196,6.880085,6.734815,6.765774,128912800
2019-05-23,6.532389,6.534771,6.324010,6.446656,207680800
2019-05-24,6.557394,6.620503,6.415697,6.437130,137225600
2019-05-28,6.494284,6.597878,6.362112,6.368066,116903200
2019-05-29,6.250185,6.310912,6.103723,6.208508,177921600
2019-05-30,6.254946,6.332345,6.172786,6.282333,136428000
2019-05-31,6.057284,6.121584,5.970360,5.979887,140600800
2019-06-03,5.932257,5.977505,5.492874,5.597659,241812800
2019-06-04,5.763172,6.058475,5.704825,6.051330,163869600
2019-06-05,6.226369,6.229942,5.997747,6.184693,152316800
2019-06-06,6.215652,6.376402,6.133491,6.327581,100302400
2019-06-07,6.429985,6.777680,6.408552,6.688375,151548000
2019-06-10,6.830074,7.122995,6.830074,6.932477,183272000
2019-06-11,7.151572,7.188485,6.888419,6.958673,137447200
2019-06-12,6.897947,6.942004,6.799115,6.840791,110176000
2019-06-13,6.921760,7.005112,6.880084,6.952719,98559200
2019-06-14,6.843171,6.918188,6.786016,6.862223,77144800
2019-06-17,6.905090,7.045596,6.887228,6.987250,75050400
2019-06-18,7.233734,7.440922,7.181341,7.289699,141829600
2019-06-19,7.326611,7.425443,7.192058,7.375432,136979200
2019-06-20,7.679069,7.683832,7.409962,7.577856,119355200
2019-06-21,7.538562,7.685023,7.495696,7.543325,104646400
2019-06-24,7.583811,7.607626,7.526655,7.540945,68938400
2019-06-25,7.523082,7.534989,7.118231,7.155144,139623200
2019-06-26,7.289698,7.427823,7.215872,7.245640,94115200
2019-06-27,7.324229,7.381385,7.269455,7.324229,75270400
2019-06-28,7.380194,7.405199,7.276600,7.355188,98932800
2019-07-01,7.775520,7.805288,7.548088,7.648111,144820800
2019-07-02,7.639777,7.740989,7.577858,7.740989,81248800
2019-07-03,7.789806,7.912452,7.770755,7.912452,67127200
2019-07-05,7.750511,7.905308,7.657634,7.861250,116844800
2019-07-08,7.714792,7.715983,7.599290,7.695739,105787200
2019-07-09,7.581428,7.837437,7.564758,7.811241,88595200
2019-07-10,7.954131,8.107735,7.906501,8.042245,154109600
2019-07-11,8.081540,8.132742,7.943414,8.020812,127849600
2019-07-12,8.043434,8.157745,8.023191,8.155363,89192800
2019-07-15,8.211329,8.238716,8.145839,8.224427,73394400
2019-07-16,8.198233,8.225620,8.030339,8.107737,111992000
2019-07-17,8.111308,8.148221,7.982708,7.987471,92508000
2019-07-18,7.869588,8.056535,7.791000,8.022003,135568000
2019-07-19,8.180369,8.180369,7.807668,7.827910,140779200
2019-07-22,7.887450,8.064871,7.885069,8.012478,95506400
2019-07-23,8.145841,8.170846,7.982710,8.167274,116049600
2019-07-24,8.077966,8.341120,8.073204,8.341120,109244800
2019-07-25,8.256576,8.257767,8.054151,8.102972,150075200
2019-07-26,8.251816,8.381606,8.242289,8.343502,111478400
2019-07-29,8.330402,8.330402,8.105352,8.266102,113275200
2019-07-30,8.075584,8.249431,8.056533,8.155363,111504000
2019-07-31,8.219664,8.233953,7.585001,7.811241,196340800
2019-08-01,7.854108,8.287536,7.577857,7.701694,298384800
2019-08-02,7.525465,7.552852,7.215873,7.349236,246920000
2019-08-05,6.899136,6.899136,6.391882,6.577637,302484800
2019-08-06,6.753867,6.903900,6.608597,6.847935,213540800
2019-08-07,6.621694,6.981297,6.465707,6.947956,307908800
2019-08-08,7.053932,7.409963,6.988441,7.407581,219056000
2019-08-09,7.294461,7.373050,7.021783,7.188486,221366400
2019-08-12,7.058695,7.124186,6.849125,6.947956,213311200
2019-08-13,6.934858,7.548088,6.906280,7.404009,239259200
2019-08-14,7.043217,7.113470,6.699093,6.740769,304930400
2019-08-15,6.775300,6.825310,6.557394,6.712190,208939200
2019-08-16,6.880085,7.083701,6.880085,7.021783,164405600
2019-08-19,7.319465,7.411152,7.259928,7.350424,120044000
2019-08-20,7.312323,7.388530,7.193249,7.199203,125264000
2019-08-21,7.386148,7.452829,7.307559,7.382576,101481600
2019-08-22,7.425444,7.476645,7.136094,7.311133,152629600
2019-08-23,7.159908,7.358761,6.558585,6.641936,302350400
2019-08-26,6.845553,6.913425,6.722906,6.911043,146585600
2019-08-27,7.055123,7.092036,6.787207,6.869368,154579200
2019-08-28,6.800304,6.974152,6.697901,6.938430,127824800
2019-08-29,7.194439,7.314704,7.113469,7.253976,141523200
2019-08-30,7.373050,7.374241,7.080129,7.202775,136103200
2019-09-03,7.059886,7.165861,6.919378,6.993204,128785600
2019-09-04,7.189675,7.307558,7.134901,7.287316,100464800
2019-09-05,7.527846,7.752895,7.515938,7.689786,126744000
2019-09-06,7.721935,7.735033,7.615959,7.668352,115038400
2019-09-09,7.736225,7.748132,7.498077,7.619533,112312800
2019-09-10,7.494505,7.558805,7.344472,7.556423,136765600
2019-09-11,7.590955,7.774329,7.540944,7.760040,111400800
2019-09-12,7.904119,8.035101,7.821959,7.856491,139931200
2019-09-13,7.823150,7.875543,7.739798,7.773139,107610400
2019-09-16,7.619533,7.713601,7.596908,7.665971,97124000
2019-09-17,7.663590,7.774328,7.618342,7.767184,90796000
2019-09-18,7.723128,7.771947,7.471882,7.762422,142063200
2019-09-19,7.802906,7.941032,7.751704,7.796953,132770400
2019-09-20,7.830293,7.852917,7.470690,7.551660,123512800
2019-09-23,7.534991,7.625487,7.465928,7.558805,89409600
2019-09-24,7.662400,7.708839,7.161100,7.259931,203765600
2019-09-25,7.234924,7.554042,7.052741,7.492124,152304000
2019-09-26,7.469500,7.484980,7.246832,7.417108,136214400
2019-09-27,7.448065,7.459973,6.984868,7.147999,188492000
2019-09-30,7.215873,7.373050,7.177769,7.338519,117103200
2019-10-01,7.420679,7.543325,7.122994,7.161098,158454400
2019-10-02,7.017020,7.017020,6.670515,6.794352,270824000
2019-10-03,6.789588,7.021782,6.538343,7.018210,240521600
2019-10-04,7.109897,7.344473,7.095608,7.313513,168977600
2019-10-07,7.246831,7.421870,7.208728,7.245640,162530400
2019-10-08,7.101562,7.201584,6.906281,6.915807,235405600
2019-10-09,7.096798,7.217063,7.032499,7.125376,152269600
2019-10-10,7.126567,7.367096,7.106324,7.281363,176239200
2019-10-11,7.527846,7.739798,7.518320,7.554042,222509600
2019-10-14,7.531418,7.633822,7.508795,7.562377,91493600
2019-10-15,7.630249,7.900547,7.617151,7.849345,140721600
2019-10-16,7.765994,7.848156,7.714793,7.791000,117193600
2019-10-17,7.925552,7.961275,7.756468,7.844582,121839200
2019-10-18,7.813623,7.862443,7.500459,7.619533,154444000
2019-10-21,7.743368,7.837437,7.671924,7.820766,94176000
2019-10-22,7.901737,7.945795,7.630249,7.639775,125023200
2019-10-23,7.586192,7.681451,7.549279,7.675497,96905600
2019-10-24,7.843392,7.911264,7.736225,7.895784,122484800
2019-10-25,7.774328,8.095827,7.769565,8.075584,129177600
2019-10-28,8.199424,8.355411,8.199424,8.322070,111596000
2019-10-29,8.281584,8.317305,8.124407,8.130360,107028000
2019-10-30,8.173227,8.285156,8.033911,8.244671,118984800
2019-10-31,8.307779,8.325640,8.110117,8.250624,123296000
2019-11-01,8.360172,8.476865,8.322068,8.474483,115052800
2019-11-04,8.645948,8.688815,8.587602,8.625706,99926400
2019-11-05,8.664998,8.690004,8.560213,8.636420,103229600
2019-11-06,8.614990,8.618562,8.460195,8.581650,115329600
2019-11-07,8.717392,8.835275,8.593555,8.668572,125719200
2019-11-08,8.617372,8.774549,8.553072,8.770977,81607200
2019-11-11,8.641186,8.747161,8.603082,8.734063,76092800
2019-11-12,8.754304,8.897193,8.716200,8.805506,128692000
2019-11-13,8.719776,8.838850,8.699532,8.792410,111758400
2019-11-14,8.715010,8.807887,8.634039,8.790026,106651200
2019-11-15,8.943631,8.971017,8.866232,8.955538,90586400
2019-11-18,8.943632,9.047227,8.832893,9.001978,96696000
2019-11-19,9.105574,9.105574,8.941251,9.038893,112120000
2019-11-20,8.972212,9.053182,8.670955,8.880526,150380000
2019-11-21,8.849564,8.865043,8.734062,8.811460,90659200
2019-11-22,8.878142,8.896004,8.688815,8.835276,83668000
2019-11-25,8.944825,9.147250,8.942443,9.141296,80078400
2019-11-26,9.157965,9.229409,9.121052,9.196069,83690400
2019-11-27,9.261561,9.385398,9.230601,9.381825,81556800
2019-11-29,9.312764,9.355630,9.240128,9.256799,53796000
2019-12-02,9.256797,9.262751,8.815033,8.959112,151815200
2019-12-03,8.609037,8.767404,8.467339,8.757879,156052000
2019-12-04,8.893622,8.950777,8.851945,8.887668,87659200
2019-12-05,8.980547,8.981738,8.807891,8.934109,89080800
2019-12-06,9.130579,9.242509,9.113909,9.210359,92941600
2019-12-09,9.179398,9.303235,9.087711,9.097238,77928800
2019-12-10,9.103192,9.202024,9.011506,9.076997,112048000
2019-12-11,9.130579,9.243699,9.092475,9.213930,90596000
2019-12-12,9.184162,9.525904,9.147249,9.424691,183164000
2019-12-13,9.402069,9.611639,9.342532,9.509235,160996000
2019-12-16,9.694989,9.831925,9.687845,9.781914,99388000
2019-12-17,9.831924,9.858120,9.764052,9.795012,84548800
2019-12-18,9.841449,9.916465,9.804535,9.817634,71408000
2019-12-19,9.842640,10.023631,9.842640,10.017677,83384800
2019-12-20,10.148660,10.183191,10.073643,10.136752,99548000
2019-12-23,10.242731,10.261783,10.189148,10.211772,72427200
2019-12-24,10.238095,10.252389,10.154713,10.224992,39898400
2019-12-26,10.271447,10.495386,10.271447,10.490622,64258400
2019-12-27,10.602594,10.608549,10.381036,10.459653,99750400
2019-12-30,10.450122,10.465607,10.101109,10.251196,112905600
2019-12-31,10.160669,10.334580,10.108258,10.309566,84380000
2020-01-02,10.566857,10.820576,10.508490,10.820576,131072000
2020-01-03,10.397710,10.720517,10.391754,10.526357,145180000
2020-01-06,10.276210,10.730046,10.238093,10.726473,128095200
2020-01-07,10.737194,10.813429,10.620460,10.713371,107699200
2020-01-08,10.715753,11.111221,10.664533,10.959943,159164800
2020-01-09,11.224382,11.299426,11.044516,11.236294,145423200
2020-01-10,11.362557,11.372087,11.093353,11.144573,137604000
2020-01-13,11.283939,11.540040,11.233909,11.534084,116558400
2020-01-14,11.504306,11.572203,11.342307,11.399483,145737600
2020-01-15,11.409013,11.569821,11.294661,11.406631,133003200
2020-01-16,11.567439,11.731820,11.498351,11.724673,121100800
2020-01-17,11.877142,11.928362,11.704423,11.899775,144402400
2020-01-21,11.796142,11.972435,11.787804,11.893818,138882400
2020-01-22,12.058202,12.184465,11.933128,11.974819,136148800
2020-01-23,11.950995,12.101082,11.788996,12.085597,143588800
2020-01-24,12.257125,12.294051,11.615086,11.772320,239374400
2020-01-27,10.988531,11.238676,10.741959,11.044516,198626400
2020-01-28,11.274413,11.634146,11.194605,11.557911,171862400
2020-01-29,11.748496,11.787805,11.456660,11.599600,137877600
2020-01-30,11.387573,11.744923,11.274412,11.730630,200249600
2020-01-31,11.873569,11.881907,11.048089,11.154103,220384000
2020-02-03,11.329205,11.752070,11.307764,11.666306,173688000
2020-02-04,12.149920,12.537050,12.033185,12.463197,140248800
2020-02-05,12.931323,12.933706,12.375048,12.607326,174612000
2020-02-06,12.687139,12.928946,12.556111,12.914652,113132800
2020-02-07,12.743122,12.961105,12.640681,12.747886,154052000
2020-02-10,12.624006,13.211252,12.614476,13.207678,123248800
2020-02-11,13.424469,13.563836,13.112383,13.217206,193770400
2020-02-12,13.447103,13.621013,13.353000,13.604337,121608000
2020-02-13,13.316074,13.710350,13.267235,13.551925,155282400
2020-02-14,13.605530,13.697249,13.469737,13.643647,113969600
2020-02-18,13.450676,13.749660,13.411368,13.667469,130167200
2020-02-19,13.914040,14.151083,13.865202,14.062936,105627200
2020-02-20,13.972408,14.053408,13.149310,13.662704,227657600
2020-02-21,13.467352,13.529293,12.713343,12.881297,207107200
2020-02-24,11.468571,11.861657,11.152911,11.397101,269674400
2020-02-25,11.665114,11.781849,10.356020,10.475137,300793600
2020-02-26,10.634753,11.164824,10.381035,10.619268,335736000
2020-02-27,9.803318,10.292889,9.002853,9.031441,425116000
2020-02-28,8.148784,9.223217,8.040387,9.171997,494222400
2020-03-02,9.442394,10.451314,9.049309,10.423918,363518400
2020-03-03,10.526357,10.899193,9.157704,9.442393,548126400
2020-03-04,9.951022,10.619268,9.684200,10.588297,315827200
2020-03-05,9.796170,10.334579,9.420952,9.659185,386972000
2020-03-06,8.663370,9.300645,8.457298,9.152940,393519200
2020-03-09,7.329261,8.236932,7.266129,7.293526,406964800
2020-03-10,8.097565,8.448960,7.266129,8.428710,456252800
2020-03-11,7.835507,8.008227,7.027895,7.344746,430928000
2020-03-12,5.896284,6.849219,5.288789,5.331670,618225600
2020-03-13,6.222665,6.826588,5.367406,6.770603,556290400
2020-03-16,4.819468,5.789080,4.406133,4.437103,658290400
2020-03-17,4.690821,5.376934,4.258427,5.160141,762020800
2020-03-18,4.323942,4.943350,3.898695,4.682484,848999200
2020-03-19,4.627690,5.250672,4.288207,4.790881,804808800
2020-03-20,5.120834,5.217319,4.181002,4.229840,782255200
2020-03-23,4.279869,4.526441,3.843901,4.242942,820073600
2020-03-24,4.911189,5.210172,4.780160,5.188731,829824000
2020-03-25,5.264965,5.698551,4.893321,5.068422,834874400
2020-03-26,5.220892,5.955843,5.201833,5.893902,649240000
2020-03-27,5.435303,5.756918,5.216128,5.281642,557143200
2020-03-30,5.429347,5.881991,5.360259,5.836726,416621600
2020-03-31,5.790271,6.138092,5.581816,5.674727,731904000
2020-04-01,5.193495,5.446024,4.838527,4.970747,535589600
2020-04-02,4.907615,5.281642,4.856395,5.264966,467531200
2020-04-03,5.224466,5.357876,4.867115,5.052937,554484000
2020-04-06,5.611595,6.216708,5.522257,6.110694,518616800
2020-04-07,6.658633,6.705088,6.074960,6.098783,658009600
2020-04-08,6.276268,6.551428,6.108313,6.488297,518180000
2020-04-09,6.662206,6.756308,6.345355,6.512118,553297600
2020-04-13,6.432310,6.775367,6.321532,6.738441,426961600
2020-04-14,7.152967,7.671126,7.074350,7.612759,490049600
2020-04-15,7.255408,7.550818,7.106512,7.360231,431688000
2020-04-16,7.600848,7.870052,7.379290,7.754508,562920000
2020-04-17,8.060639,8.111859,7.627053,7.948669,463564800
2020-04-20,7.765228,8.041579,7.678272,7.691375,386998400
2020-04-21,7.463862,7.519848,6.707471,6.840881,519489600
2020-04-22,7.269702,7.582979,7.183938,7.445995,274185600
2020-04-23,7.531759,7.812875,7.351893,7.397157,424868000
2020-04-24,7.449569,7.790243,7.291143,7.754508,317981600
2020-04-27,8.002272,8.051109,7.818832,7.905787,304741600
2020-04-28,8.126152,8.127344,7.457906,7.478156,386247200
2020-04-29,7.986786,8.382254,7.872433,8.255989,346104000
2020-04-30,8.387018,8.394165,8.093990,8.310782,380544800
2020-05-01,7.780714,8.017756,7.444804,7.565112,346245600
2020-05-04,7.449568,7.853374,7.393583,7.831933,200756000
2020-05-05,8.067785,8.364386,8.005844,8.082079,288714400
2020-05-06,8.283387,8.472782,8.146403,8.241696,311880800
2020-05-07,8.556165,8.665752,8.406077,8.563312,289489600
2020-05-08,8.761047,8.927810,8.638356,8.908751,262202400
2020-05-11,8.751516,9.279204,8.725311,9.130308,269384000
2020-05-12,9.227983,9.306599,8.579987,8.587133,339363200
2020-05-13,8.646693,8.868250,7.952242,8.261946,491119200
2020-05-14,8.104712,8.539489,7.874816,8.535915,402999200
2020-05-15,8.184519,8.707442,8.134490,8.682427,357806400
2020-05-18,9.052881,9.314937,8.959970,9.185101,296474400
2020-05-19,9.217261,9.478127,9.100527,9.114820,261430400
2020-05-20,9.435248,9.709217,9.435248,9.648467,285416000
2020-05-21,9.677054,9.758054,9.282778,9.351866,322693600
2020-05-22,9.301837,9.468601,9.177956,9.436440,209664800
2020-05-26,9.892656,9.924817,9.336379,9.397129,245202400
2020-05-27,9.304219,9.534114,8.740795,9.529349,347291200
2020-05-28,9.362585,9.911714,9.356630,9.468599,303992800
2020-05-29,9.534116,9.924819,9.329235,9.859304,358492800
2020-06-01,9.774727,10.034402,9.723507,9.980800,209881600
2020-06-02,10.034405,10.190449,9.724701,10.179728,250714400
2020-06-03,10.261918,10.421535,10.149948,10.317904,215033600
2020-06-04,10.271446,10.467988,9.929580,10.108255,266408800
2020-06-05,10.232138,10.783648,10.184491,10.707414,281394400
2020-06-08,10.671679,10.968281,10.470372,10.945648,218544800
2020-06-09,10.826533,11.313721,10.808665,11.189839,213179200
2020-06-10,11.430455,11.818776,11.361367,11.593645,302911200
2020-06-11,11.027841,11.222001,9.865260,9.886701,383332000
2020-06-12,10.516826,10.678825,9.580568,10.101109,411876800
2020-06-15,9.657995,10.563283,9.536495,10.457269,398184800
2020-06-16,11.124324,11.211279,10.519210,11.009972,383217600
2020-06-17,11.217235,11.370896,11.006398,11.117177,258858400
2020-06-18,11.070722,11.239868,10.963517,11.202942,212785600
2020-06-19,11.550764,11.581735,10.953988,11.187457,289950400
2020-06-22,11.186264,11.619849,11.138617,11.585305,220133600
2020-06-23,11.836643,12.223773,11.752070,11.887863,234898400
2020-06-24,11.780660,11.967673,10.940885,11.187457,392821600
2020-06-25,11.186265,11.520983,10.808664,11.484057,301703200
2020-06-26,11.437602,11.470956,10.589491,10.658579,375940800
2020-06-29,10.626415,11.009971,10.277403,10.999250,259609600
2020-06-30,10.996868,11.730629,10.974236,11.631762,251388800
2020-07-01,11.656776,12.205905,11.582924,12.047480,252137600
2020-07-02,12.422697,12.610902,12.238066,12.303580,228152000
2020-07-06,12.781240,13.291060,12.780049,13.207678,211984000
2020-07-07,13.168370,13.598382,12.893209,12.948003,246099200
2020-07-08,13.154075,13.453059,12.922988,13.445911,239931200
2020-07-09,13.747279,13.897366,13.086180,13.781822,317596000
2020-07-10,13.748468,14.109392,13.327985,14.073657,242789600
2020-07-13,14.538213,15.002768,13.065928,13.204103,374584800
2020-07-14,12.815782,13.545969,12.315492,13.484028,459751200
2020-07-15,13.681763,13.843762,13.030194,13.550735,367544000
2020-07-16,13.107619,13.383971,12.744313,13.260089,299972000
2020-07-17,13.360147,13.464970,12.983738,13.322029,231003200
2020-07-20,13.436383,14.559655,13.232692,14.456023,251621600
2020-07-21,14.721651,14.731181,13.865201,13.993848,294313600
2020-07-22,14.076040,14.309509,13.775866,14.155849,227788800
2020-07-23,14.092714,14.203493,12.813399,13.046868,336648800
2020-07-24,12.448906,12.883682,12.031997,12.660933,357218400
2020-07-27,12.934899,13.406603,12.802680,13.341088,267624000
2020-07-28,13.231501,13.306544,12.789577,12.839606,238702400
2020-07-29,13.065932,13.413753,13.001609,13.276769,194280800
2020-07-30,12.971826,13.575748,12.788386,13.492366,302200000
2020-07-31,14.213024,14.234465,13.445911,14.220171,359815200
2020-08-03,14.562036,14.905093,14.539404,14.750241,217868000
2020-08-04,14.689491,14.963461,14.572756,14.942019,211008000
2020-08-05,15.026592,15.136180,14.878888,15.061136,162381600
2020-08-06,15.021830,15.715089,14.915816,15.637664,192064000
2020-08-07,15.559043,15.701984,14.733564,15.126649,296708000
2020-08-10,15.160003,15.200503,14.314273,14.922960,254311200
2020-08-11,14.718079,14.943210,13.983128,14.076039,310273600
2020-08-12,14.425051,15.289840,14.425051,15.129032,221247200
2020-08-13,15.256488,15.625750,15.071857,15.235047,234281600
2020-08-14,15.325578,15.388710,14.938448,15.190975,199737600
2020-08-17,15.469706,15.766307,15.444692,15.692455,126664800
2020-08-18,15.893765,16.247542,15.638855,16.153440,149313600
2020-08-19,16.151056,16.344027,15.757970,15.837780,205847200
2020-08-20,15.693648,16.579877,15.624560,16.489347,152774400
2020-08-21,16.516744,16.915784,16.413111,16.833595,164280000
2020-08-24,17.416079,17.576886,16.728774,17.145683,251384000
2020-08-25,17.013463,17.563782,16.922935,17.545916,172556800
2020-08-26,17.780575,18.707304,17.757942,18.669186,219663200
2020-08-27,18.889553,19.043213,18.055735,18.500040,302602400
2020-08-28,18.735890,18.907419,18.480980,18.785921,198145600
2020-08-31,18.884787,19.599488,18.799025,19.220697,180398400
2020-09-01,19.763870,20.246293,19.410092,20.218897,193147200
2020-09-02,20.902626,20.925258,19.614973,20.789465,289369600
2020-09-03,19.860352,19.940160,17.012269,17.597132,443024800
2020-09-04,17.317206,17.903260,14.753811,16.871708,561480800
2020-09-08,14.883651,15.958086,14.420287,14.486993,426824800
2020-09-09,15.369649,16.104600,14.969417,15.731766,290352000
2020-09-10,16.261834,16.484582,14.501286,14.821711,465936800
2020-09-11,15.127841,15.269591,13.914040,14.497713,385797600
2020-09-14,15.127841,15.581676,14.899136,15.244576,269032800
2020-09-15,15.881855,16.130809,15.599549,15.892575,300889600
2020-09-16,16.024790,16.118894,15.079002,15.129032,306141600
2020-09-17,13.961687,14.765726,13.823512,14.432199,446844800
2020-09-18,14.634699,14.704978,13.193385,13.874734,463042400
2020-09-21,13.249371,14.049836,12.876535,14.039116,375314400
2020-09-22,14.436966,14.905095,13.872352,14.806229,315066400
2020-09-23,14.752621,14.788357,13.306543,13.435189,405507200
2020-09-24,13.065928,14.140362,13.003987,13.631733,375036000
2020-09-25,13.706779,14.718081,13.466163,14.587052,324478400
2020-09-28,15.400620,15.485194,14.957506,15.451841,273331200
2020-09-29,15.423250,15.585249,15.190973,15.289840,221805600
2020-09-30,15.317233,16.142714,15.276734,15.592393,338768000
2020-10-01,16.267793,16.446469,15.935456,16.322586,278676000
2020-10-02,15.261251,15.917586,14.809799,14.976562,399553600
2020-10-05,15.302946,15.973574,15.276740,15.921163,210790400
2020-10-06,15.769882,16.095071,14.907476,15.065902,345648800
2020-10-07,15.505445,15.974766,15.411344,15.858032,225088800
2020-10-08,16.253496,16.272556,15.906866,16.091497,197893600
2020-10-09,16.383333,16.841933,16.314246,16.807390,195271200
2020-10-12,17.676941,18.907418,17.493502,18.374966,294116800
2020-10-13,18.725173,18.859775,18.123632,18.377352,283861600
2020-10-14,18.541734,18.725173,17.587607,17.923517,296589600
2020-10-15,17.036094,17.675751,16.907447,17.553061,249076800
2020-10-16,17.875866,18.137923,17.212385,17.283855,228096800
2020-10-19,17.634064,17.809166,16.242779,16.425028,277555200
2020-10-20,16.554859,17.081356,16.270170,16.531036,274710400
2020-10-21,16.567965,17.034903,16.404776,16.488157,242572800
2020-10-22,16.640629,16.795481,15.898531,16.496498,239163200
2020-10-23,16.606082,16.608463,16.067674,16.592979,191088000
2020-10-26,16.172499,16.673980,15.186211,15.836589,317113600
2020-10-27,15.993820,16.342831,15.785365,16.210611,223860000
2020-10-28,15.416103,15.513780,14.270200,14.308317,369440000
2020-10-29,14.525111,15.539987,14.441729,15.036122,276374400
2020-10-30,14.716889,14.857447,13.525720,13.990275,461622400
2020-11-02,14.269008,14.542976,13.532866,13.995039,302272000
2020-11-03,14.291641,15.057562,14.127259,14.699020,269938400
2020-11-04,16.151055,16.990829,15.880661,16.685890,338375200
2020-11-05,17.827030,18.171278,17.580457,17.973543,300264800
2020-11-06,17.852044,18.173661,17.159975,18.034292,270302400
2020-11-09,18.544114,18.865731,16.852654,16.933655,331731200
2020-11-10,16.335688,16.587025,15.526885,16.020029,337333600
2020-11-11,16.446465,17.175459,16.376184,17.096842,253661600
2020-11-12,17.254076,17.500647,16.643006,16.846695,286687200
2020-11-13,17.126621,17.400590,16.754977,17.288620,209495200
2020-11-16,17.242167,17.749604,17.121859,17.686472,213748800
2020-11-17,17.724589,17.791294,17.406547,17.523281,182704000
2020-11-18,17.422029,17.718631,17.117090,17.117090,154341600
2020-11-19,17.022992,17.592370,16.909831,17.541149,159341600
2020-11-20,17.516135,17.661457,17.167121,17.184990,129993600
2020-11-23,17.369621,17.598325,16.766888,17.188562,179060800
2020-11-24,17.369627,17.990225,17.042055,17.891357,156015200
2020-11-25,18.072414,18.345191,17.921135,18.228456,128677600
2020-11-27,18.586998,18.947924,18.526249,18.726366,92927200
2020-11-30,18.787112,18.913376,17.936618,18.822847,184622400
2020-12-01,19.271914,19.886557,19.070608,19.562559,169989600
2020-12-02,19.321942,19.706689,18.961016,19.641174,146129600
2020-12-03,19.688825,20.034265,19.576857,19.720987,157461600
2020-12-04,19.725752,19.992573,19.595913,19.962793,127088000
2020-12-07,19.999721,20.371367,19.963987,20.301086,124028000
2020-12-08,20.208173,20.569097,19.846059,20.486908,133925600
2020-12-09,20.469041,20.519070,18.894316,19.114683,244878400
2020-12-10,18.706112,19.567328,18.494084,19.349344,173346400
2020-12-11,19.017005,19.240945,18.570317,19.213549,169819200
2020-12-14,19.443442,20.017587,19.436296,19.623310,146684800
2020-12-15,20.080719,20.251055,19.644751,20.233189,157417600
2020-12-16,20.341587,20.756113,20.128367,20.572674,137590400
2020-12-17,20.922880,21.045570,20.677499,20.994350,139275200
2020-12-18,21.150387,21.192079,20.312996,20.765640,168756000
2020-12-21,20.198647,20.800185,19.616164,20.688215,203596800
2020-12-22,20.881187,21.049142,20.271308,20.851408,160330400
2020-12-23,20.850218,20.935982,20.509543,20.536942,119434400
2020-12-24,20.596500,20.897866,20.573868,20.803762,77065600
2020-12-28,21.340982,21.531568,20.968145,21.427937,117052800
2020-12-29,21.720962,21.846034,21.299288,21.491066,121142400
2020-12-30,21.732872,21.798387,21.354081,21.487492,104807200
2020-12-31,21.473198,21.736446,21.242111,21.655447,106708000
2021-01-04,21.927030,21.963956,19.872265,20.708466,197472000
2021-01-05,20.521455,21.269509,20.521455,21.227819,118712800
2021-01-06,20.237954,21.243301,20.037838,20.349924,210730400
2021-01-07,20.889520,21.994924,20.887139,21.819822,123695200
2021-01-08,22.311775,22.737023,21.846028,22.665552,152815200
2021-01-11,22.013986,22.267705,21.537519,21.663782,140325600
2021-01-12,21.693564,21.918695,21.012215,21.569683,146031200
2021-01-13,21.628053,22.178373,21.500597,21.988977,108750400
2021-01-14,22.096179,22.315354,21.555390,21.654255,118236000
2021-01-15,21.608991,21.813872,20.854981,21.127758,141692000
2021-01-19,21.613758,22.164079,21.393393,22.043770,120967200
2021-01-20,22.835895,23.795977,22.758468,23.580376,121736000
2021-01-21,23.882927,24.333189,23.585135,24.166426,92168400
2021-01-22,23.921050,24.185488,23.794785,23.947254,81878800
2021-01-25,24.719135,25.031221,23.061028,24.611929,153170400
2021-01-26,24.709603,24.914484,24.342723,24.638132,90968800
2021-01-27,24.123545,24.133074,22.155734,22.651260,188900800
2021-01-28,22.844232,24.061606,22.715586,22.984791,90021600
2021-01-29,22.608385,22.851382,21.143247,21.553009,184278400
2021-02-01,22.286768,23.354054,21.855564,23.137262,105659600
2021-02-02,23.797169,24.528546,23.766199,24.256960,92746400
2021-02-03,24.759628,24.831099,23.978222,23.978222,95172000
2021-02-04,24.309373,24.847782,24.002051,24.826340,72808800
2021-02-05,25.062183,25.321859,24.673863,25.086008,86615200
2021-02-08,25.481479,25.622038,25.097922,25.576773,76994800
2021-02-09,25.367127,25.865034,25.367127,25.564859,65768800
2021-02-10,25.915065,26.015122,24.647661,25.383804,123548000
2021-02-11,25.767358,25.905532,25.243243,25.793562,98860000
2021-02-12,25.629184,26.277180,25.357597,26.231915,77471600
2021-02-16,26.434412,26.648823,25.748300,26.012739,88663600
2021-02-17,25.307570,25.714949,24.778691,25.650625,105986800
2021-02-18,24.790601,25.481480,24.366546,25.305187,110202000
2021-02-19,25.643480,25.653009,24.742956,24.971661,93377200
2021-02-22,23.952017,24.252192,22.989553,23.037199,132734800
2021-02-23,21.865095,23.194439,20.588161,22.832323,199274800
2021-02-24,22.212912,23.458876,21.655446,23.382641,123042000
2021-02-25,22.779909,23.363581,20.595304,20.940744,237792000
2021-02-26,21.533948,22.193856,20.547660,21.255215,209318400
2021-03-01,22.241502,23.182525,21.962769,23.108673,133707200
2021-03-02,23.237317,23.273052,21.941325,22.000883,151693200
2021-03-03,21.767417,21.965150,20.071192,20.092632,231542400
2021-03-04,20.004486,20.640570,18.315408,19.099197,432037200
2021-03-05,19.604249,20.123598,17.874672,19.954453,336656400
2021-03-08,19.840104,20.214131,18.170085,18.248703,235731600
2021-03-09,19.647133,20.762067,19.518487,20.397570,173429200
2021-03-10,21.264743,21.321919,20.085485,20.223661,203371200
2021-03-11,21.207564,21.979443,20.997919,21.626856,158935600
2021-03-12,20.766834,21.124185,20.266544,21.088449,166590000
2021-03-15,21.157536,21.800768,20.816861,21.762650,126701600
2021-03-16,22.236735,22.868055,21.822209,22.120001,168770400
2021-03-17,21.469625,22.806116,21.109891,22.398735,196370800
2021-03-18,21.348124,21.560152,20.237954,20.342777,228253600
2021-03-19,20.309423,20.857361,19.868691,20.602451,193286400
2021-03-22,21.033653,22.124764,21.033653,21.700706,141101200
2021-03-23,21.929420,22.210536,21.243306,21.417217,187780800
2021-03-24,21.700709,21.707857,20.309425,20.335630,190483600
2021-03-25,19.968751,20.530983,19.451784,20.226044,239874400
2021-03-26,20.183159,21.195652,19.899660,21.119417,215060400
2021-03-29,21.021742,21.331446,20.421393,21.107506,190589200
2021-03-30,20.714422,20.914539,20.240337,20.807333,148349600
2021-03-31,21.152775,22.060445,21.086070,21.741213,161968800
2021-04-01,22.546440,22.877585,22.494028,22.846615,145087200
2021-04-05,23.396934,24.390368,23.339759,24.218842,130539600
2021-04-06,24.147370,24.604778,23.992517,24.161663,120606800
2021-04-07,24.068755,24.533312,23.847198,24.340342,98987200
2021-04-08,24.995488,25.143193,24.800136,25.100311,113619200
2021-04-09,24.781067,25.600591,24.614304,25.555326,129438400
2021-04-12,25.324249,25.548188,25.009781,25.455276,109632000
2021-04-13,25.819770,26.443943,25.757831,26.327209,115022000
2021-04-14,26.393918,26.427270,25.195602,25.402864,161227600
2021-04-15,26.055623,26.627383,26.024652,26.524942,120798000
2021-04-16,26.660734,26.679792,26.181884,26.636909,117488000
2021-04-19,26.241444,26.532089,25.431449,25.910299,159168000
2021-04-20,25.741152,26.043708,24.869215,25.343300,158283600
2021-04-21,25.014541,26.022270,24.781071,25.984152,111057200
2021-04-22,25.888859,26.117563,24.762014,25.038364,174848400
2021-04-23,25.186070,26.281945,25.186070,25.981770,107686000
2021-04-26,26.041330,26.555915,25.860273,26.496357,99976800
2021-04-27,26.555916,26.603562,25.912684,26.148537,119312800
2021-04-28,26.060384,26.301001,25.722093,25.879326,118950000
2021-04-29,26.648828,26.736975,25.390954,26.139008,148124400
2021-04-30,25.560096,26.158063,25.417156,25.648243,118440400
2021-05-03,25.910299,26.084209,25.116980,25.228951,134222000
2021-05-04,24.645280,24.702457,22.977643,23.899609,211234000
2021-05-05,24.309368,24.502336,23.442197,23.620872,136429200
2021-05-06,23.554168,24.175959,23.058642,24.137840,169663200
2021-05-07,24.769162,25.271835,24.483280,24.728662,158706800
2021-05-10,24.416576,24.457077,22.813264,22.870440,184214800
2021-05-11,21.581592,22.927613,21.441035,22.756084,228806800
2021-05-12,21.684031,22.191470,20.802567,21.024124,236158000
2021-05-13,21.583975,22.077119,20.981244,21.467241,208602000
2021-05-14,22.127148,23.082465,22.017560,22.863291,144263200
2021-05-17,22.515472,22.670325,21.853183,22.477354,138542400
2021-05-18,22.682234,22.937144,21.962769,22.005651,131684000
2021-05-19,20.881189,22.153356,20.804954,22.086651,191889600
2021-05-20,22.410644,23.551784,22.353468,23.363579,139226400
2021-05-21,23.713787,23.806698,22.896645,22.977644,128133200
2021-05-24,23.477932,24.380836,23.399315,24.128309,92181600
2021-05-25,24.478516,24.642898,23.973460,24.245047,106728800
2021-05-26,24.385602,24.595247,24.233132,24.490425,78034800
2021-05-27,24.387989,24.576194,24.166431,24.204548,83216800
2021-05-28,24.485660,24.800129,24.371309,24.440395,81857200
2021-06-01,24.740572,24.847779,23.892461,24.202164,103863600
2021-06-02,24.287927,24.530927,23.949636,24.328428,83178800
2021-06-03,23.701874,23.982990,23.199201,23.563700,121032000
2021-06-04,23.973463,24.869222,23.949640,24.771547,91175200
2021-06-07,24.640519,25.007399,24.492813,24.990723,62193200
2021-06-08,25.390950,25.591066,24.640514,25.019304,92944400
2021-06-09,25.338539,25.519597,24.997865,25.047894,77803600
2021-06-10,25.116985,25.848363,25.014545,25.815010,117206800
2021-06-11,25.829300,26.024652,25.672067,26.019888,68338800
2021-06-14,26.119944,26.770322,25.848357,26.748880,90823200
2021-06-15,26.686944,26.763179,26.077066,26.253359,90108000
2021-06-16,26.353414,26.603558,25.138421,25.972239,157778000
2021-06-17,25.719712,27.177703,25.712566,26.941851,144323600
2021-06-18,26.541616,26.820349,26.129471,26.298616,142894400
2021-06-21,26.355796,26.872765,25.822153,26.779854,107708400
2021-06-22,26.756032,27.647027,26.675033,27.527910,103578800
2021-06-23,27.532672,27.863816,27.380202,27.575554,93996800
2021-06-24,28.049640,28.466549,27.918613,28.082993,93672400
2021-06-25,28.228311,28.290252,27.837607,27.994843,86993200
2021-06-28,28.295015,29.035922,28.287868,28.985893,88787600
2021-06-29,28.959690,29.321806,28.747662,29.312277,74560000
2021-06-30,29.276545,29.374222,29.028782,29.183634,80546800
2021-07-01,29.083574,29.336102,28.742900,29.197926,83834800
2021-07-02,29.693452,30.291419,29.631510,30.188978,93502000
2021-07-06,30.362884,30.674970,29.660096,30.593971,109599600
2021-07-07,31.184793,31.261029,30.279506,30.789328,115275600
2021-07-08,29.467129,30.460563,29.121689,30.255682,152524400
2021-07-09,30.084156,30.922739,29.929303,30.767885,92875600
2021-07-12,31.160971,31.277703,30.746443,31.153824,87126000
2021-07-13,31.060911,31.939994,30.925116,31.137144,119450000
2021-07-14,31.770856,31.942385,31.101420,31.306301,136042800
2021-07-15,31.306298,31.346798,30.127040,30.658302,137192800
2021-07-16,30.889386,31.139532,29.819715,29.905479,127402800
2021-07-19,29.019251,29.302749,28.509431,29.188396,202286400
2021-07-20,29.407570,30.565386,28.957308,30.150858,121544800
2021-07-21,30.091302,30.872708,30.017450,30.839355,81763200
2021-07-22,30.934654,31.494501,30.932269,31.487354,94957600
2021-07-23,31.851847,32.664225,31.515937,32.533195,103898400
2021-07-26,32.404548,32.773811,32.171076,32.668987,85977600
2021-07-27,32.597521,32.597521,30.453417,31.601702,178782000
2021-07-28,31.889970,32.366437,31.272945,31.947147,143940400
2021-07-29,31.799435,32.428372,31.797054,32.104374,88638400
2021-07-30,31.053771,31.768473,31.034712,31.623150,113118800
2021-08-02,32.051964,32.206818,31.451618,31.613615,109120000
2021-08-03,31.789912,32.209202,30.934653,32.163937,126835600
2021-08-04,32.182998,32.580848,31.875678,32.323555,96856800
2021-08-05,32.533199,32.990608,32.352143,32.931049,77340400
2021-08-06,32.587984,32.859571,32.199666,32.502220,86306000
2021-08-09,32.616578,32.823840,32.323548,32.676136,68421600
2021-08-10,32.821462,32.902461,31.856615,32.187759,106162400
2021-08-11,32.518906,32.649935,31.646969,32.013851,93188000
2021-08-12,31.878049,32.447428,31.504024,32.347370,79490800
2021-08-13,32.442669,32.783345,32.311644,32.671375,73289600
2021-08-16,32.385493,32.740459,31.327735,32.728550,122458400
2021-08-17,31.973352,32.244938,31.201473,31.868528,166395200
2021-08-18,31.708912,32.094850,30.853650,30.941799,130084800
2021-08-19,30.431978,31.828030,30.362890,31.382530,163247600
2021-08-20,31.673175,32.464112,31.585029,32.352142,125082400
2021-08-23,32.645169,33.995954,32.638022,33.793457,96532400
2021-08-24,33.974507,34.291358,33.845862,34.126976,72686800
2021-08-25,34.184148,34.400938,33.979267,34.165089,76127200
2021-08-26,33.988813,34.188928,33.457552,33.586197,107004800
2021-08-27,33.755333,34.686828,33.624304,34.567711,92320000
2021-08-30,34.782117,35.858934,34.770205,35.713612,91270400
2021-08-31,35.787469,35.806528,35.184738,35.613560,91796000
2021-09-01,35.932789,36.406875,35.751733,35.808907,95568000
2021-09-02,36.199615,36.292526,35.401534,35.758884,95038400
2021-09-03,35.425355,36.197234,35.415827,36.080498,93201200
2021-09-07,36.104320,36.421172,35.773176,36.228203,90370800
2021-09-08,36.166264,36.175796,35.189508,35.856560,126846000
2021-09-09,35.908972,36.235354,35.399152,35.473003,110573600
2021-09-10,35.973288,36.175788,34.570092,34.674915,138435600
2021-09-13,35.327678,35.444414,34.010245,34.596302,155549200
2021-09-14,35.008451,35.225245,34.024548,34.298515,119258400
2021-09-15,34.422388,35.153764,33.772008,35.058472,111785200
2021-09-16,34.674925,35.289568,34.124605,35.127567,105230800
2021-09-17,34.996522,35.003669,33.581418,33.886356,154650400
2021-09-20,32.261600,32.747599,30.493907,31.801811,243827200
2021-09-21,32.252088,32.578467,31.587413,31.842325,143401200
2021-09-22,32.128204,33.169284,31.830412,32.773819,175338800
2021-09-23,33.093046,33.964982,32.916752,33.683865,138739200
2021-09-24,33.047788,33.888752,32.947730,33.779163,109550400
2021-09-27,32.926287,33.209782,32.256847,32.964401,156710800
2021-09-28,31.718435,31.897111,30.034123,30.215181,297646000
2021-09-29,30.484387,31.039470,29.850686,30.015066,195061200
2021-09-30,30.441507,30.860797,29.560043,29.676777,234624000
2021-10-01,29.838777,30.496300,28.788165,30.217567,208708000
2021-10-04,29.803038,29.895949,27.747082,28.359343,257236000
2021-10-05,28.580903,30.017452,28.521345,29.450457,162612800
2021-10-06,28.649988,30.093683,28.411754,30.031742,234990800
2021-10-07,30.808386,31.527850,30.667826,30.844120,150815200
2021-10-08,31.130003,31.189562,30.248539,30.370039,157132000
2021-10-11,29.984102,30.896537,29.669633,29.695839,136215200
2021-10-12,30.057952,30.165159,29.209841,29.393280,174403600
2021-10-13,29.965036,30.243769,29.445686,30.081770,140921200
2021-10-14,30.996598,31.792298,30.827451,31.742271,121750000
2021-10-15,32.066260,32.364052,31.785143,32.330700,102858000
2021-10-18,31.982880,33.357489,31.823264,33.300312,100876400
2021-10-19,33.600483,34.074569,33.419426,34.031689,106450800
2021-10-20,34.184158,34.358068,33.514718,33.924480,118709600
2021-10-21,33.695776,34.593918,33.621924,34.531975,92100400
2021-10-22,34.179386,34.462885,33.200246,33.657654,140248400
2021-10-25,34.065039,34.956031,33.524248,34.667770,118951600
2021-10-26,35.334829,36.020940,34.698742,34.991772,167975600
2021-10-27,35.153765,36.144818,35.082294,35.268116,145068000
2021-10-28,35.808906,36.509313,35.592112,36.425930,130737600
2021-10-29,35.542088,37.021518,35.444412,36.964344,134514400
2021-11-01,37.116818,37.386020,36.492643,37.328846,130045600
2021-11-02,37.171609,37.967309,37.154934,37.826752,120171200
2021-11-03,37.960165,39.146571,37.657610,39.027454,145210400
2021-11-04,39.411014,40.821362,39.244252,40.483067,160879600
2021-11-05,41.085783,41.371663,40.197169,40.633137,170505600
2021-11-08,40.618847,40.952372,40.275790,40.466377,112919600
2021-11-09,40.797523,40.926168,39.206124,39.632561,176237600
2021-11-10,38.765395,39.642094,37.283581,37.895844,193953600
2021-11-11,38.772538,38.829715,38.093570,38.203159,115438000
2021-11-12,38.548605,39.563483,38.057844,39.415775,127640800
2021-11-15,39.763597,39.858889,38.615309,39.403862,139458400
2021-11-16,39.139422,40.359181,39.084629,40.218624,103181600
2021-11-17,40.311527,40.902346,39.973232,40.266262,115936000
2021-11-18,40.899971,41.667084,40.206713,41.497940,173683200
2021-11-19,42.031570,42.612861,41.767134,42.200718,129214400
2021-11-22,42.712928,43.682542,40.704620,40.737972,179044800
2021-11-23,40.368699,41.016695,38.782061,40.182877,226025600
2021-11-24,39.382421,40.633149,38.672486,40.554531,198241600
2021-11-26,39.732618,40.175732,37.812454,38.317509,177682400
2021-11-29,39.594437,41.014311,39.387175,40.697460,158932000
2021-11-30,40.423493,41.164400,38.286540,38.948830,302586000
2021-12-01,40.228149,40.885673,36.799966,36.950054,302551200
2021-12-02,36.549818,38.241279,36.128143,37.645695,396432800
2021-12-03,38.117406,38.422345,34.527221,35.754128,480573600
2021-12-06,35.875616,36.992932,34.670154,36.590317,304828000
2021-12-07,38.539070,40.089970,38.531923,39.889854,270578400
2021-12-08,39.997066,40.499739,39.420540,40.444946,205243600
2021-12-09,40.059001,40.621233,38.593865,38.698689,212802000
2021-12-10,39.492007,39.982767,38.541453,39.897003,203075200
2021-12-13,39.897003,39.997061,38.064985,38.181721,179145200
2021-12-14,36.716582,37.536106,35.694560,37.045345,230933600
2021-12-15,36.916697,39.611120,35.742203,39.496765,269061200
2021-12-16,39.787413,39.932736,35.961380,36.483112,296220000
2021-12-17,35.456323,37.114428,35.020355,35.925644,300020800
2021-12-20,34.548661,35.079921,33.948311,34.851215,241866000
2021-12-21,35.773182,37.271671,34.713043,37.181145,219124800
2021-12-22,37.064399,38.593859,36.883343,38.508095,177222800
2021-12-23,38.634371,39.854127,38.586725,39.422924,131308400
2021-12-27,39.806469,41.340695,39.785029,41.307343,125963200
2021-12-28,41.633724,41.686136,40.506880,40.821350,144825200
2021-12-29,40.811819,41.212054,40.011354,40.757027,115494800
2021-12-30,40.683170,41.371666,40.206703,40.375847,113271600
2021-12-31,40.173354,40.595025,39.477712,39.625416,120497200
2022-01-03,39.982760,40.842784,39.337146,40.768932,153010400
2022-01-04,40.935704,40.949998,38.210310,39.184685,213296400
2022-01-05,38.684397,39.003629,35.496828,35.580212,266490400
2022-01-06,35.027505,36.404496,34.405715,35.482533,308453200
2022-01-07,35.473004,35.959003,33.829192,34.322338,285426800
2022-01-10,32.959633,34.529592,31.470672,34.448593,358434800
2022-01-11,34.169861,35.980439,33.600482,35.963764,308653600
2022-01-12,36.680851,37.147787,35.706476,36.373528,276742400
2022-01-13,36.749934,36.950054,33.362250,33.733898,173531800
2022-01-14,32.919138,34.339013,32.876258,34.243721,178451600
2022-01-18,32.633245,33.219302,31.475429,31.775606,155320000
2022-01-19,32.094848,32.738079,30.570154,30.670212,183284400
2022-01-20,31.456382,32.485553,29.302750,29.483809,172197000
2022-01-21,28.883460,29.555280,26.920415,27.001413,342054600
2022-01-24,25.657775,27.515999,22.951440,27.392118,510169200
2022-01-25,25.800714,26.829884,24.657192,25.371893,347498000
2022-01-26,27.153876,28.040104,24.476128,25.324242,415676200
2022-01-27,26.396299,26.796532,24.318900,24.566664,323528200
2022-01-28,24.966895,26.901351,23.871018,26.858469,334032400
2022-01-31,27.182466,29.569569,26.786999,29.459982,227502200
2022-02-01,29.741099,30.184214,28.459402,30.022215,203691600
2022-02-02,31.075204,31.146675,29.707742,30.732147,201630400
2022-02-03,28.264048,29.097866,26.739352,27.034763,211150000
2022-02-04,27.096705,28.783400,26.629767,27.968641,193068800
2022-02-07,28.144933,28.716694,27.025235,27.334938,153912200
2022-02-08,27.063351,28.507049,26.791765,28.264050,158593200
2022-02-09,29.331338,30.055569,28.950162,30.017450,151075400
2022-02-10,28.259284,29.974566,27.539817,28.025814,254286600
2022-02-11,28.006760,28.373640,25.043133,25.386189,268511200
2022-02-14,25.205132,26.191419,24.633370,25.457659,190125000
2022-02-15,26.601176,27.368287,26.372471,27.301582,163444600
2022-02-16,26.810828,27.539823,26.062774,27.296825,186181000
2022-02-17,26.510647,26.705999,24.762013,24.876364,157671200
2022-02-18,25.057422,25.152716,23.494609,24.033016,226165400
2022-02-22,23.365961,24.538070,22.494025,23.289726,262876200
2022-02-23,23.937723,24.123545,21.426740,21.507738,260920400
2022-02-24,19.420813,23.751902,19.349344,23.613728,389734800
2022-02-25,23.823371,24.781069,22.989553,24.733423,238372200
2022-02-28,24.042552,25.343308,23.785259,24.995487,243401000
2022-03-01,24.738188,25.238480,23.275433,23.842430,248145000
2022-03-02,24.142606,25.276599,23.547022,24.981190,219495800
2022-03-03,25.610129,25.624423,23.523201,23.937729,223888600
2022-03-04,23.427903,23.728077,22.393969,22.913319,231391000
2022-03-07,22.894261,23.127731,20.311808,20.354691,249752600
2022-03-08,20.197453,21.917500,19.425576,20.073572,355936000
2022-03-09,21.631624,22.489265,21.131332,22.222443,219074200
2022-03-10,21.393387,21.736442,20.578626,21.507738,225574800
2022-03-11,22.079504,22.141445,20.054517,20.173634,197814800
2022-03-14,19.921107,20.550044,18.849055,18.991995,246265200
2022-03-15,19.473224,20.912155,19.173050,20.750156,211407200
2022-03-16,21.517269,23.099141,20.816862,23.080082,326175000
2022-03-17,22.675088,23.913903,22.413031,23.851963,192061600
2022-03-18,23.566079,25.448126,23.313552,25.333773,201569600
2022-03-21,25.186070,25.695890,24.190253,25.152718,221094600
2022-03-22,25.286128,26.844177,25.190834,26.639296,186689200
2022-03-23,25.996067,26.810826,25.491010,25.514833,205499400
2022-03-24,25.934126,27.201529,25.448129,27.168177,171150600
2022-03-25,27.177707,27.425471,26.134242,27.125296,198789400
2022-03-28,27.120526,28.402225,26.839412,28.359343,183407400
2022-03-29,29.312276,29.998389,28.654751,29.812567,204013400
2022-03-30,29.388515,29.798277,28.492755,28.916811,167818800
2022-03-31,28.892986,28.983516,27.587466,27.720877,168098800
2022-04-01,27.839993,28.025815,26.872764,27.601759,176162600
2022-04-04,27.816168,29.326569,27.744697,29.326569,137515000
2022-04-05,28.978749,29.140748,27.091939,27.387348,172097600
2022-04-06,26.119947,26.382004,24.966896,25.586304,296859800
2022-04-07,25.362362,26.248592,24.576192,25.753065,229654000
2022-04-08,25.357599,25.533891,24.538074,24.700073,204182400
2022-04-11,23.742376,23.952021,22.846617,22.946674,185914600
2022-04-12,23.899604,24.290308,22.341556,22.651260,247928200
2022-04-13,22.708438,24.223604,22.551204,24.009193,190084600
2022-04-14,24.023490,24.133079,22.312974,22.393972,167843600
2022-04-18,22.141445,22.875204,21.831740,22.455914,175525400
2022-04-19,22.265325,24.023489,22.065210,23.899609,172372600
2022-04-20,24.094961,24.175962,22.603618,22.822794,215629400
2022-04-21,23.651844,24.190252,21.245684,21.483917,268626400
2022-04-22,21.464859,21.712622,19.668577,19.778164,248824800
2022-04-25,19.444637,20.564335,19.206403,20.511923,332878800
2022-04-26,20.116460,20.149812,18.153412,18.205824,332263200
2022-04-27,18.186764,19.163524,17.805590,18.124825,316698600
2022-04-28,18.977698,20.359453,18.239172,20.040220,344698400
2022-04-29,19.244520,19.902046,17.248122,17.405355,320116800
2022-05-02,17.271945,18.239174,16.738302,18.224880,311905600
2022-05-03,18.196292,18.663230,17.772237,18.267763,285565600
2022-05-04,18.339232,20.226042,17.405354,20.078337,438806800
2022-05-05,19.296931,19.301695,16.447656,17.086123,455552600
2022-05-06,16.719242,17.405354,15.771071,16.490538,466794400
2022-05-09,15.513781,15.923542,14.298789,14.541787,420419800
2022-05-10,15.590016,15.761545,14.427435,15.042078,463579600
2022-05-11,14.699022,15.532839,13.565029,13.703205,529531800
2022-05-12,13.069502,14.241612,12.716916,13.593616,590993000
2022-05-13,14.222554,15.246959,13.998614,15.070665,395948000
2022-05-16,14.832431,15.142135,14.379787,14.603726,318388000
2022-05-17,15.451840,15.761544,14.884843,15.704367,307981400
2022-05-18,14.989668,15.099256,13.193386,13.412560,328105200
2022-05-19,13.121914,13.827086,12.883680,13.140972,392015600
2022-05-20,13.650791,13.741320,11.878333,13.026619,458111200
2022-05-23,13.174324,13.736555,12.845561,13.669850,341040600
2022-05-24,12.936089,13.036147,12.116565,12.816972,366488600
2022-05-25,12.597801,13.626970,12.573977,13.331560,361283800
2022-05-26,13.226736,14.665668,13.188618,14.446492,337131600
2022-05-27,14.913433,15.885427,14.899139,15.861604,315035800
2022-05-31,15.866366,16.199893,15.118312,15.747249,369158600
2022-06-01,16.061718,16.404775,15.032548,15.380369,398894200
2022-06-02,15.208844,16.666834,14.984904,16.628717,336861400
2022-06-03,15.790132,16.023602,15.132607,15.313664,324723800
2022-06-06,16.018837,16.261837,15.246960,15.504253,300958600
2022-06-07,14.970607,16.009306,14.794314,15.880661,274886600
2022-06-08,15.761544,16.171304,15.404193,15.556663,225706000
2022-06-09,15.280311,15.752015,14.260671,14.289259,275959400
2022-06-10,13.464971,13.636500,12.707388,12.764565,343352200
2022-06-13,11.563865,11.902156,10.872986,10.996868,426731400
2022-06-14,11.263692,11.373280,10.730049,11.068340,393201000
2022-06-15,11.463808,12.350037,11.120751,11.864040,549823000
2022-06-16,10.953988,11.015929,10.158287,10.415580,424284400
2022-06-17,10.515637,11.092163,10.315520,10.801517,441181000
2022-06-21,11.349454,11.902156,11.330396,11.616276,318408200
2022-06-22,11.297044,12.126098,11.220809,11.573396,388973600
2022-06-23,11.883098,12.183272,11.516218,12.068920,365372800
2022-06-24,12.440566,13.360149,12.411978,13.331560,303635000
2022-06-27,13.507853,13.579323,12.864621,13.017091,338262000
2022-06-28,13.083797,13.441147,11.797335,11.830688,373741600
2022-06-29,11.806864,12.049863,11.482866,11.854510,380182200
2022-06-30,11.463808,11.859276,10.839635,11.435220,512407800
2022-07-01,11.244632,11.673453,11.006399,11.621041,417200800
2022-07-05,11.154102,12.235683,10.958750,12.221389,441108000
2022-07-06,12.278566,12.731210,12.045097,12.454859,412245800
2022-07-07,12.569209,13.341086,12.564445,13.226734,275732600
2022-07-08,12.859858,13.488795,12.726446,13.288678,319458400
2022-07-11,12.959916,12.993268,12.321449,12.440566,258448200
2022-07-12,12.597799,12.855091,11.868803,12.078449,319233000
2022-07-13,11.358986,12.307156,11.287516,12.002217,361151000
2022-07-14,11.659158,12.235684,11.254161,12.126097,351647000
2022-07-15,12.516801,12.793152,12.297626,12.764565,308760400
2022-07-18,13.155265,13.341087,12.302388,12.469151,319900400
2022-07-19,12.936092,13.636499,12.716917,13.560264,298643400
2022-07-20,13.655557,14.413140,13.550734,14.241611,377126200
2022-07-21,14.298788,14.856255,13.922378,14.846725,319381800
2022-07-22,14.713315,15.023020,13.793733,14.070085,298800800
2022-07-25,14.070084,14.136789,13.536440,13.860438,220897600
2022-07-26,13.574557,13.612674,12.888443,13.021854,231755600
2022-07-27,13.626970,14.889609,13.545971,14.646610,341919000
2022-07-28,14.618022,15.161195,14.065320,15.065902,324071800
2022-07-29,15.308901,16.033132,15.089725,15.894956,292146400
2022-08-01,15.618607,16.400013,15.456608,15.871136,285283000
2022-08-02,15.504252,16.366657,15.347017,15.723427,325375000
2022-08-03,15.985481,17.129004,15.871130,16.981298,294213800
2022-08-04,17.005120,17.281472,16.657299,17.224297,253567200
2022-08-05,16.404777,17.143301,16.271366,16.814539,283898600
2022-08-08,16.962242,17.548298,16.409539,16.643009,267787800
2022-08-09,16.333304,16.376186,15.813954,16.071247,218406000
2022-08-10,17.219531,17.457765,16.824064,17.391060,271554400
2022-08-11,17.786531,18.115293,16.995593,17.129005,273361000
2022-08-12,17.438706,18.129584,17.267179,18.096231,211187000
2022-08-15,17.939005,18.620353,17.934239,18.529823,196308400
2022-08-16,18.372587,18.763290,17.881824,18.410704,220755800
2022-08-17,17.872296,18.263001,17.414887,17.772238,262838400
2022-08-18,17.753181,18.086709,17.481595,17.891357,192140800
2022-08-19,17.381527,17.486351,16.709708,16.843119,224256600
2022-08-22,16.147479,16.185597,15.370837,15.518542,224975400
2022-08-23,15.451842,15.890191,15.342254,15.466135,219509800
2022-08-24,15.389898,15.866366,15.294604,15.585250,187005600
2022-08-25,15.856835,16.409538,15.694836,16.404774,222052600
2022-08-26,16.366657,16.552481,14.389318,14.408377,366276600
2022-08-29,13.984320,14.351200,13.798497,13.965261,248441000
2022-08-30,14.193966,14.270201,13.131443,13.498323,327014800
2022-08-31,13.893790,14.008142,13.231501,13.250559,341030600
2022-09-01,12.902739,13.307737,12.397684,13.264854,397320400
2022-09-02,13.646028,13.836616,12.469154,12.712152,454463000
2022-09-06,12.750272,12.874153,12.130863,12.421509,361083400
2022-09-07,12.473919,13.293443,12.440566,13.155268,331569600
2022-09-08,12.878914,13.541203,12.693091,13.369675,410799800
2022-09-09,13.665090,14.303557,13.655561,14.217793,298735800
2022-09-12,14.436964,14.784786,14.384553,14.737139,273141200
2022-09-13,13.455441,13.631734,12.178508,12.311919,391296600
2022-09-14,12.450093,12.707386,12.216624,12.588269,309291800
2022-09-15,12.330979,12.650212,11.744924,11.954570,393730600
2022-09-16,11.535276,11.783039,11.277984,11.721099,392143600
2022-09-19,11.406633,12.021276,11.397103,12.002217,302692600
2022-09-20,11.687748,12.002216,11.425690,11.716335,322118600
2022-09-21,11.821159,12.350038,11.068340,11.073105,591115200
2022-09-22,10.887281,11.011162,10.515636,10.663341,431084000
2022-09-23,10.386989,10.415577,9.743758,10.153520,561304000
2022-09-26,10.082054,10.582344,9.924819,10.015348,490607800
2022-09-27,10.396522,10.649050,9.767585,10.024878,543921200
2022-09-28,10.020112,10.763401,9.853348,10.610931,512039000
2022-09-29,10.153521,10.191638,9.348292,9.715171,540195600
2022-09-30,9.605585,10.048700,9.186294,9.205352,513197600
2022-10-03,9.386408,10.010581,9.224409,9.843817,447222600
2022-10-04,10.434634,10.849161,10.429869,10.758632,463323600
2022-10-05,10.325047,10.958748,10.010578,10.758632,458399000
2022-10-06,10.625225,10.987341,10.444168,10.487050,475087200
2022-10-07,9.948638,9.962933,9.129115,9.291114,501945200
2022-10-10,9.300646,9.343528,8.719355,9.000471,412999600
2022-10-11,8.824178,9.119587,8.452533,8.643120,529747000
2022-10-12,8.686002,8.881354,8.543062,8.624062,401483800
2022-10-13,7.871243,9.348292,7.775949,9.200586,829507200
2022-10-14,9.457880,9.519820,8.319122,8.371533,670132600
2022-10-17,8.962353,9.291116,8.957588,9.195822,460050800
2022-10-18,9.943876,10.005816,9.133881,9.424526,692553800
2022-10-19,9.248232,9.643700,9.057645,9.310173,519702200
2022-10-20,9.210116,9.753289,9.033823,9.152940,529703000
2022-10-21,9.043352,9.858111,8.924235,9.800935,627458000
2022-10-24,9.829523,10.229755,9.434055,10.134462,549244000
2022-10-25,10.234521,10.787223,10.229756,10.744341,476799600
2022-10-26,10.091580,10.720517,9.972463,10.034404,558931800
2022-10-27,9.905759,10.062994,9.419762,9.481703,513258800
2022-10-28,9.410231,10.391754,9.391172,10.339343,510777200
2022-10-31,10.091580,10.182109,9.762817,9.981993,419122200
2022-11-01,10.358403,10.420345,9.629408,9.672290,430464800
2022-11-02,9.662761,9.996288,8.662179,8.671709,662952600
2022-11-03,8.409651,8.552592,8.119006,8.171417,424463600
2022-11-04,8.638354,8.743177,8.028476,8.552590,764740400
2022-11-07,8.652648,8.881352,8.438238,8.824177,401886800
2022-11-08,8.981411,9.348291,8.619296,9.014764,592112600
2022-11-09,8.828942,8.909941,8.352474,8.385827,431138200
2022-11-10,9.600820,10.263110,9.386410,10.220228,656884800
2022-11-11,10.210698,10.877752,10.062993,10.801517,614268400
2022-11-14,10.563283,10.939692,10.396520,10.515636,428451800
2022-11-15,11.268457,11.411398,10.568050,10.939694,636531400
2022-11-16,10.720518,10.758635,10.396520,10.496578,383358800
2022-11-17,9.981994,10.582343,9.962935,10.415580,426924400
2022-11-18,10.749106,10.758636,10.139228,10.406050,389577000
2022-11-21,10.253580,10.386991,9.991523,10.091581,288222600
2022-11-22,10.163051,10.529931,9.924817,10.515636,292477200
2022-11-23,10.506107,10.896811,10.487049,10.830105,357567000
2022-11-25,10.644282,10.720517,10.553753,10.606165,134753000
2022-11-28,10.386989,10.610930,10.034404,10.139227,262765200
2022-11-29,10.158286,10.205933,9.753289,9.896230,275805400
2022-11-30,9.934348,11.268457,9.839054,11.225574,545469800
2022-12-01,11.292279,11.516218,10.963516,11.287514,411007200
2022-12-02,10.696695,11.258926,10.668106,11.154103,363310000
2022-12-05,10.901575,11.054045,10.415579,10.591871,301980000
2022-12-06,10.568048,10.582341,9.767582,9.920052,339801000
2022-12-07,9.796170,10.020110,9.615113,9.800935,347335800
2022-12-08,9.943877,10.244051,9.715172,10.148757,377840200
2022-12-09,10.029638,10.334578,9.896228,9.953403,354007800
2022-12-12,9.962934,10.320284,9.848581,10.315519,225655000
2022-12-13,11.520985,11.544808,10.348874,10.639520,695385600
2022-12-14,10.582343,10.953988,10.043935,10.386992,578911000
2022-12-15,9.939113,10.020113,9.219647,9.357822,428053200
2022-12-16,9.281587,9.438821,8.914707,9.081470,351284200
2022-12-19,9.100528,9.114821,8.566884,8.705060,310533000
2022-12-20,8.576414,8.843235,8.419179,8.666943,345762400
2022-12-21,8.771767,9.172000,8.686002,9.043353,326374600
2022-12-22,8.731085,8.740664,7.940833,8.400617,460900400
2022-12-23,8.242565,8.486824,8.060568,8.424562,330134600
2022-12-27,8.362299,8.371878,8.007883,8.065356,263200600
2022-12-28,8.022252,8.237775,7.710941,7.739677,364869200
2022-12-29,7.983936,8.381457,7.916885,8.285668,306109800
2022-12-30,8.027041,8.285668,7.902516,8.285668,301941200
2023-01-03,8.496403,8.640086,7.888149,8.098883,359851800
2023-01-04,8.300037,8.376668,7.921675,8.223407,435272800
2023-01-05,8.050986,8.070144,7.797148,7.835464,362504000
2023-01-06,7.974356,8.573031,7.710939,8.448506,466895200
2023-01-09,8.659243,9.080710,8.568244,8.625717,372042800
2023-01-10,8.534717,8.855607,8.477245,8.855607,328723000
2023-01-11,8.946606,9.305811,8.869976,9.296232,302550000
2023-01-12,9.348916,9.540492,8.903501,9.439914,561852600
2023-01-13,9.181286,9.660226,9.147760,9.626700,319566000
2023-01-17,9.607544,9.823068,9.487809,9.679385,279515800
2023-01-18,9.856594,10.014644,9.286654,9.320180,373300200
2023-01-19,9.133394,9.248340,8.898713,9.028028,332741400
2023-01-20,9.186077,9.794332,9.080710,9.765594,322650400
2023-01-23,9.842225,10.536689,9.760805,10.407374,388084200
2023-01-24,10.230165,10.474425,10.172692,10.345111,290013000
2023-01-25,9.847015,10.340324,9.569230,10.268483,436167200
2023-01-26,10.642057,10.881528,10.345115,10.862370,406837800
2023-01-27,10.709106,11.408358,10.694737,11.173677,376822200
2023-01-30,10.800106,10.967735,10.464848,10.503163,347816000
2023-01-31,10.507953,10.977314,10.488795,10.972525,316513800
2023-02-01,10.948578,11.949564,10.709108,11.681356,543277600
2023-02-02,12.433293,13.146915,12.332716,12.888287,535770200
2023-02-03,12.074089,12.998444,12.026195,12.222561,534808400
2023-02-06,11.901669,12.189034,11.743619,11.911248,323632400
2023-02-07,11.892089,12.782918,11.753196,12.648814,519789200
2023-02-08,12.476395,12.596130,11.882509,11.968719,362514400
2023-02-09,12.476395,12.495553,11.461042,11.647828,395196800
2023-02-10,11.379624,11.619095,11.120996,11.408360,367863400
2023-02-13,11.561620,12.021403,11.422728,11.949562,279739800
2023-02-14,11.753198,12.327926,11.518516,12.208191,511474400
2023-02-15,11.983089,12.500345,11.901669,12.481187,275527400
2023-02-16,11.892089,12.390188,11.748408,11.767565,388993000
2023-02-17,11.508938,11.604725,11.159311,11.513727,389804800
2023-02-21,11.063521,11.231151,10.675580,10.704316,300937600
2023-02-22,10.752212,10.943788,10.527109,10.713897,334677400
2023-02-23,11.106626,11.125783,10.512740,10.982101,359540000
2023-02-24,10.416952,10.551055,10.225376,10.426531,345563600
2023-02-27,10.766579,10.919840,10.584582,10.651633,277508800
2023-02-28,10.575004,10.881525,10.536689,10.598950,254631600
2023-03-01,10.565424,10.637265,10.234956,10.340322,308773800
2023-03-02,10.062537,10.680370,10.033801,10.589372,315874600
2023-03-03,10.776159,11.269468,10.718685,11.235941,303353200
2023-03-06,11.379622,11.724459,11.255097,11.283834,303699800
2023-03-07,11.283838,11.389205,10.785740,10.862370,352663000
2023-03-08,10.895893,11.082679,10.694738,11.010839,290985600
2023-03-09,11.068312,11.355675,10.340322,10.431321,393667400
2023-03-10,10.450477,10.613317,9.875749,10.000273,629715200
2023-03-13,9.803909,10.608529,9.641070,10.215798,659081400
2023-03-14,10.594162,10.972525,10.498374,10.910263,434325800
2023-03-15,10.618108,11.120995,10.455269,11.068313,549118800
2023-03-16,10.958155,11.987877,10.881525,11.944773,456714200
2023-03-17,11.939984,12.217769,11.542463,11.767565,403540600
2023-03-20,11.700514,11.935195,11.441886,11.892090,328356000
2023-03-21,12.121981,12.452450,11.939984,12.394977,270290200
2023-03-22,12.385343,12.987509,11.874707,11.889159,475836200
2023-03-23,12.332351,12.818901,11.985504,12.313082,392994400
2023-03-24,12.255275,12.447967,11.966235,12.438333,338830200
2023-03-27,12.520226,12.650294,12.072215,12.183014,273591200
2023-03-28,12.110752,12.110752,11.701280,11.980685,236041400
2023-03-29,12.409429,12.703286,12.317900,12.635843,238730600
2023-03-30,12.920065,13.050133,12.761093,12.977873,260300000
2023-03-31,13.006778,13.642665,12.963422,13.613761,254044200
2023-04-03,13.334355,13.546318,13.165749,13.517413,250232600
2023-04-04,13.565585,13.695653,13.209103,13.382527,232180800
2023-04-05,13.233193,13.257280,12.722556,12.953788,258274000
2023-04-06,12.746640,13.276546,12.578035,13.213922,241920600
2023-04-10,12.833353,13.189835,12.606939,13.185019,237057600
2023-04-11,13.180200,13.185017,12.862257,12.929699,208521600
2023-04-12,13.170566,13.242826,12.525045,12.587669,348038600
2023-04-13,12.780363,13.363259,12.761094,13.310268,247523000
2023-04-14,13.107941,13.454789,12.862258,13.233191,285332200
2023-04-17,13.175383,13.305451,12.915247,13.247643,228617800
2023-04-18,13.522230,13.575221,13.103123,13.257277,212829800
2023-04-19,12.944152,13.363259,12.929700,13.228374,191850600
2023-04-20,12.847805,13.286182,12.751458,12.920065,273695200
2023-04-21,12.862257,13.050133,12.645477,12.944152,228888000
2023-04-24,12.915248,13.088672,12.592488,12.867075,215290800
2023-04-25,12.659929,12.741824,12.125206,12.139658,276576000
2023-04-26,12.534679,12.712920,12.288996,12.341987,249724600
2023-04-27,12.794813,13.406614,12.712919,13.339171,255631200
2023-04-28,13.315084,13.623393,13.165747,13.608941,261072200
2023-05-01,13.555953,13.743829,13.425886,13.570405,178002600
2023-05-02,13.555952,13.594490,12.987507,13.209105,249312000
2023-05-03,13.247642,13.584856,12.924882,12.948968,340267600
2023-05-04,12.900795,13.045314,12.659929,12.804448,242621600
2023-05-05,13.064585,13.710106,13.021229,13.589673,195603200
2023-05-08,13.536681,13.748643,13.401795,13.700470,151477000
2023-05-09,13.483694,13.594492,13.396982,13.435520,129681400
2023-05-10,13.739012,13.979878,13.425886,13.869080,303102000
2023-05-11,13.926887,14.061773,13.724559,13.984695,194683000
2023-05-12,14.056955,14.114762,13.570405,13.840175,210763400
2023-05-15,13.897983,14.090676,13.695655,14.052137,172935200
2023-05-16,13.960606,14.326723,13.950971,14.105126,159327000
2023-05-17,14.235195,14.683206,14.081041,14.610947,202209200
2023-05-18,14.644669,15.434711,14.644669,15.396172,271867600
2023-05-19,15.429891,15.531056,15.150487,15.290189,198058400
2023-05-22,15.261283,15.588862,15.256466,15.449159,166624800
2023-05-23,15.203477,15.367266,14.803639,14.851812,212630000
2023-05-24,14.582043,14.789188,14.341177,14.610947,235945000
2023-05-25,15.588862,15.834545,15.261284,15.665939,261747000
2023-05-26,15.805643,16.981070,15.796008,16.851002,252784400
2023-05-30,17.491707,17.665129,16.879906,17.087051,270612800
2023-05-31,16.846184,17.144857,16.571596,16.740202,210289000
2023-06-01,16.735385,17.549512,16.576412,17.347183,216759200
2023-06-02,17.612139,17.915629,17.347185,17.737389,216505600
2023-06-05,17.708484,18.161314,17.612139,17.775928,206261800
2023-06-06,17.674763,17.901178,17.467618,17.756659,159509000
2023-06-07,17.795197,18.093872,16.749838,16.851002,228485400
2023-06-08,16.870271,17.525428,16.836550,17.429081,188153800
2023-06-09,17.669949,18.122777,17.438718,17.641045,207944000
2023-06-12,17.896362,18.551517,17.747024,18.541883,154857400
2023-06-13,18.965808,19.091059,18.459989,18.956173,266534200
2023-06-14,18.956175,19.413821,18.508163,19.360830,305313000
2023-06-15,19.144049,20.276119,19.033249,20.040070,255874000
2023-06-16,20.430276,20.444727,19.582427,19.654686,224810400
2023-06-20,19.409006,19.789575,19.076609,19.558342,168249800
2023-06-21,19.368905,19.436560,18.605359,18.774498,199266600
2023-06-22,18.542532,19.422058,18.479711,19.397896,210199200
2023-06-23,18.764836,19.190100,18.547371,18.822826,225152400
2023-06-26,18.731004,19.170767,18.044782,18.078609,216900000
2023-06-27,18.291241,19.088614,18.170426,18.972631,195354000
2023-06-28,18.687508,19.397895,18.668179,19.088612,217352600
2023-06-29,19.020956,19.117607,18.687508,18.958132,198266400
2023-06-30,19.523548,19.982640,19.470390,19.813501,184308800
2023-07-03,19.910149,20.050294,19.736177,19.948809,79868000
2023-07-05,19.678191,20.219438,19.673358,19.934317,139007400
2023-07-06,19.315743,19.533207,18.987129,19.465551,170473400
2023-07-07,19.422060,19.939144,19.223925,19.267418,168624800
2023-07-10,19.214260,19.383401,18.813159,19.281918,172013600
2023-07-11,19.339909,19.629862,18.991964,19.557375,162478600
2023-07-12,20.214602,20.509386,19.885987,20.282257,230335400
2023-07-13,20.789674,21.437238,20.697856,21.292261,164773200
2023-07-14,21.369584,21.920495,21.127956,21.272932,186056400
2023-07-17,21.398578,22.021979,21.316425,21.862505,145525200
2023-07-18,21.756188,22.635714,21.413077,22.384420,196113200
2023-07-19,22.582555,22.780690,22.142792,22.384420,200573800
2023-07-20,21.823842,22.084801,20.630199,20.813837,233862800
2023-07-21,21.205275,21.350252,20.543213,20.630199,205108600
2023-07-24,20.770347,20.929822,20.393408,20.712357,126429200
2023-07-25,20.818671,21.398577,20.818671,21.127954,138199200
2023-07-26,20.934651,21.190776,20.509385,20.910488,205764600
2023-07-27,21.799681,22.079969,20.514220,20.731686,261103200
2023-07-28,21.408244,22.031645,21.326091,21.852840,204487600
2023-07-31,21.905999,22.089635,21.659537,21.896334,159009200
2023-08-01,21.645037,21.857669,21.364748,21.727190,153056600
2023-08-02,21.113456,21.118290,20.069623,20.306419,258044000
2023-08-03,19.866653,20.519048,19.837657,20.161440,201340200
2023-08-04,20.485225,20.862164,19.799002,19.881155,247452800
2023-08-07,20.166277,20.393408,19.784504,20.374077,149792200
2023-08-08,19.953641,19.953641,19.330240,19.852158,188780000
2023-08-09,19.890819,19.914982,19.064452,19.190098,199430600
2023-08-10,19.649188,20.175937,19.025787,19.277081,260554200
2023-08-11,18.861484,19.170768,18.653684,18.890480,201573800
2023-08-14,18.764831,19.542872,18.653681,19.518709,142553600
2023-08-15,19.364070,19.494550,18.788996,18.919476,162553600
2023-08-16,18.808321,19.049949,18.276740,18.291237,190222000
2023-08-17,18.484545,18.537703,17.605019,17.672674,210232800
2023-08-18,17.170090,17.788660,17.092770,17.590525,247002000
2023-08-21,17.817651,18.547368,17.740330,18.441051,191487200
2023-08-22,18.832487,18.837319,18.252579,18.358896,180368000
2023-08-23,18.532868,19.388232,18.499041,19.223925,175454000
2023-08-24,19.755505,19.770002,17.928796,17.957792,232397200
2023-08-25,18.088274,18.634354,17.566357,18.383060,278289400
2023-08-28,18.822825,18.929140,18.402393,18.793829,182641000
2023-08-29,18.750338,20.064795,18.697179,19.992306,187495600
2023-08-30,20.021297,20.432064,19.852158,20.325748,185958200
2023-08-31,20.316083,20.770343,20.306418,20.509384,162242800
2023-09-01,20.881492,20.953981,20.175939,20.436897,165058400
2023-09-05,20.282257,20.693024,20.132447,20.490057,123778600
2023-09-06,20.364409,20.412736,19.610531,19.948809,148058200
2023-09-07,19.204594,19.620193,19.030622,19.513878,168623000
2023-09-08,19.480051,19.929479,19.412394,19.571869,149541600
2023-09-11,20.050292,20.340245,19.736175,20.238762,141712800
2023-09-12,19.977806,20.204937,19.523546,19.591202,155524200
2023-09-13,19.610531,20.050294,19.422060,19.784502,170849400
2023-09-14,20.055129,20.412739,19.716849,20.248432,152379800
2023-09-15,20.030962,20.098618,19.054785,19.209427,179839600
2023-09-18,19.054785,19.436558,19.006460,19.252920,124798200
2023-09-19,19.045124,19.248092,18.653686,19.136942,148741400
2023-09-20,19.286793,19.349838,18.282929,18.307177,196038400
2023-09-21,17.725226,17.836766,17.249967,17.264515,216821200
2023-09-22,17.521545,17.836767,17.225720,17.279066,188181200
2023-09-25,17.123880,17.526395,16.978391,17.506996,162538400
2023-09-26,17.123881,17.206323,16.571027,16.726215,210679400
2023-09-27,16.881398,17.104479,16.309147,16.828053,256871600
2023-09-28,16.677716,17.540941,16.551627,17.235418,268145800
2023-09-29,17.739777,17.943459,17.085082,17.274216,286858200
2023-10-02,17.298462,17.894962,17.206320,17.686430,236463200
2023-10-03,17.317862,17.647634,16.507982,16.750462,266539000
2023-10-04,16.866850,17.550641,16.798956,17.429401,252759200
2023-10-05,17.405152,17.458498,16.731061,17.245117,218006200
2023-10-06,16.803804,18.278076,16.687413,18.113190,294897400
2023-10-09,17.754322,18.472060,17.526391,18.379919,210966000
2023-10-10,18.433264,19.092807,18.355670,18.680593,216109600
2023-10-11,18.884276,19.112207,18.622400,19.078260,191710800
2023-10-12,19.141306,19.422581,18.486611,18.855181,236509200
2023-10-13,18.957020,19.049162,17.928909,18.142290,259511000
2023-10-16,18.341124,18.913375,18.316876,18.753338,173152200
2023-10-17,18.195637,18.826083,17.870714,18.573904,210387000
2023-10-18,18.171388,18.515708,17.618536,17.788271,263165200
2023-10-19,18.016201,18.190784,17.186921,17.313011,370050400
2023-10-20,17.225719,17.313012,16.498282,16.532228,277722800
2023-10-23,16.328545,17.172373,16.032722,16.677715,263599000
2023-10-24,16.925046,17.259667,16.682567,17.148127,245074600
2023-10-25,16.794105,16.818352,15.799941,15.892082,328363200
2023-10-26,15.702950,15.829039,14.776679,14.965814,374047400
2023-10-27,15.314983,15.630206,15.009460,15.179194,294702200
2023-10-30,15.494417,15.853285,15.314982,15.669003,264305600
2023-10-31,15.673855,15.950281,15.324685,15.896935,222923600
2023-11-01,16.003625,16.794108,15.989077,16.716515,332635600
2023-11-02,17.342107,17.642782,17.167523,17.603985,234134000
2023-11-03,17.797970,18.418716,17.764023,18.224733,228661200
2023-11-06,18.336277,18.530260,18.098647,18.433268,183599600
2023-11-07,18.598148,19.092806,18.413865,18.952169,204502200
2023-11-08,19.010366,19.121906,18.636948,18.986118,187960200
2023-11-09,19.078257,19.257692,18.457512,18.535105,258365200
2023-11-10,18.792134,19.800848,18.709692,19.771749,248927600
2023-11-13,19.519571,19.752351,19.277092,19.592316,180430400
2023-11-14,20.596181,20.988996,20.508888,20.824110,233552400
2023-11-15,21.153879,21.231472,20.659221,20.882303,218432600
2023-11-16,20.736816,20.955048,20.528286,20.916252,178045000
2023-11-17,20.795008,21.095682,20.644670,20.930796,157517000
2023-11-20,20.925950,21.798875,20.921100,21.677635,165655600
2023-11-21,21.381811,21.415758,20.993844,21.284819,148275200
2023-11-22,21.614590,22.026804,21.362412,21.532148,171446400
2023-11-24,21.459408,21.556400,21.265424,21.425461,63975400
2023-11-27,21.343015,21.697036,21.226626,21.362413,121856400
2023-11-28,21.241172,21.629139,21.178127,21.532148,158349000
2023-11-29,21.939516,22.177144,21.401212,21.454557,177523200
2023-11-30,21.483652,21.561245,20.775613,21.275120,186394600
2023-12-01,21.090839,21.551548,20.814411,21.454557,172937600
2023-12-04,20.809561,20.887154,20.237310,20.843508,181143600
2023-12-05,20.518584,21.192676,20.494335,20.993843,167540400
2023-12-06,21.473952,21.493351,20.567080,20.620426,163000600
2023-12-07,21.085988,21.600045,20.906554,21.483654,162755400
2023-12-08,21.168430,21.823123,21.139332,21.740681,181789000
2023-12-11,21.663088,22.346881,21.629141,22.293535,151540000
2023-12-12,22.298383,22.841536,22.099551,22.831839,142899400
2023-12-13,22.977324,23.796903,22.841534,23.636868,230081400
2023-12-14,23.884196,24.116975,23.059766,23.598070,202697800
2023-12-15,23.733862,24.146077,23.617473,23.879351,156731000
2023-12-18,24.000588,24.538890,23.942392,24.378855,116436000
2023-12-19,24.451599,24.761973,24.422502,24.742575,120349600
2023-12-20,24.588166,24.972965,23.604249,23.643217,176165000
2023-12-21,24.300785,24.485879,23.838052,24.427429,149089400
2023-12-22,24.646619,24.812229,24.179015,24.524847,132420000
2023-12-26,24.666100,25.089865,24.656358,24.972965,87371200
2023-12-27,25.011931,25.162929,24.851193,25.104479,111495600
2023-12-28,25.289567,25.333405,24.972961,25.041153,85768200
2023-12-29,25.026543,25.094735,24.354362,24.695324,134245400
2024-01-02,24.037755,24.076723,23.024615,23.443510,176270600
2024-01-03,22.975905,23.156129,22.615462,22.693396,167812200
2024-01-04,22.342695,22.878492,22.274503,22.313471,143735400
2024-01-05,22.337821,22.854132,22.147857,22.396271,170481600
2024-01-08,22.595980,23.818570,22.566756,23.745506,135374200
2024-01-09,23.214578,24.066981,23.190224,23.901371,148431600
2024-01-10,23.950081,24.554070,23.789343,24.373848,147621000
2024-01-11,24.573551,24.826837,23.575023,24.490746,190228400
2024-01-12,24.680712,24.831709,24.276430,24.519974,128214000
2024-01-16,24.295914,24.797613,24.028016,24.505362,145874000
2024-01-17,23.901373,24.154658,23.316868,24.081594,166554600
2024-01-18,24.641743,25.192152,24.407941,25.114218,182140800
2024-01-19,25.484404,26.604705,25.377245,26.565739,186359400
2024-01-22,26.989503,27.237917,26.551124,26.672895,149656600
2024-01-23,26.794670,27.023602,26.439097,26.989506,112172000
2024-01-24,27.739622,28.202355,27.335339,27.432756,179718600
2024-01-25,27.890616,28.022130,27.043085,27.510689,151395200
2024-01-26,27.121018,27.466849,26.877474,27.004116,128382600
2024-01-29,27.086920,27.861389,26.955406,27.798067,115977200
2024-01-30,27.612980,27.725009,27.082054,27.242794,119554400
2024-01-31,26.395261,26.780060,25.611052,25.640276,203451600
2024-02-01,25.956880,26.614447,25.771786,26.546255,162261400
2024-02-02,26.877478,28.095196,26.687514,27.880878,198505000
2024-02-05,27.856520,27.968550,27.067439,27.739620,139947800
2024-02-06,27.949068,28.075710,27.101535,27.578880,140124200
2024-02-07,28.100064,28.572539,27.846779,28.402060,131823400
2024-02-08,28.402059,28.684569,28.260803,28.518959,98922200
2024-02-09,28.752761,29.522360,28.596894,29.356750,110222000
2024-02-12,29.327521,29.780513,28.874530,29.010916,116255000
2024-02-13,27.393787,28.187738,27.004116,27.637331,188933000
2024-02-14,28.153646,28.616379,27.695785,28.514091,156151400
2024-02-15,28.645602,28.840436,28.119547,28.752760,130057200
2024-02-16,28.816083,28.840437,27.817554,27.963680,151933000
2024-02-20,27.559401,27.851652,26.570612,27.315857,163321000
2024-02-21,26.775186,26.994374,26.215035,26.974892,152898600
2024-02-22,28.630990,29.517488,28.489736,29.308041,179279200
2024-02-23,29.629521,29.819485,28.845310,29.040144,140390800
2024-02-26,29.196011,29.405458,28.947597,29.001177,109875400
2024-02-27,29.205752,29.269074,28.674827,29.181398,109399800
2024-02-28,28.752761,28.996305,28.518960,28.708923,123503400
2024-02-29,29.264201,29.639257,28.630986,29.400585,136959800
2024-03-01,29.590551,30.934911,29.580809,30.749819,140959600
2024-03-04,30.730334,30.822880,30.350406,30.384502,120418600
2024-03-05,29.761032,29.761032,28.260804,28.757633,193207000
2024-03-06,29.585681,29.921770,28.908628,29.288557,181677400
2024-03-07,29.980221,30.842366,29.668486,30.593952,142370800
2024-03-08,30.647531,31.236906,29.113207,29.254463,296451200
2024-03-11,28.937854,29.166785,28.523830,28.913500,146770000
2024-03-12,29.366490,30.218893,28.718663,30.140959,170560000
2024-03-13,29.926643,29.936385,29.210626,29.439556,143779800
2024-03-14,29.649001,29.761031,28.635861,29.200882,162480400
2024-03-15,28.587152,28.699182,27.905231,28.134161,140883800
2024-03-18,29.166784,29.614903,28.879402,28.928110,129193800
2024-03-19,28.514088,29.215493,28.095193,29.127817,118810000
2024-03-20,29.364910,30.225278,29.017831,30.161728,156556000
2024-03-21,31.163859,31.261628,30.513695,30.552803,126541800
2024-03-22,30.440364,30.880323,30.259492,30.616348,91574800
2024-03-25,30.054180,30.616352,29.848866,30.303492,86669400
2024-03-26,30.606575,30.802111,29.956410,30.019960,93986000
2024-03-27,30.587019,30.616350,29.677767,30.283936,111388600
2024-03-28,30.254602,30.420810,30.015070,30.093285,87023400
2024-04-01,30.269270,30.792336,29.878194,30.279047,112290600
2024-04-02,29.267137,29.536002,28.841843,29.467564,109672800
2024-04-03,29.037380,30.044400,29.027603,29.663101,111683800
2024-04-04,30.479473,30.606574,28.225900,28.265007,167520400
2024-04-05,28.548538,29.785315,28.382331,29.262251,154897200
2024-04-08,29.433346,29.653326,28.993387,29.281805,89725400
2024-04-09,29.726654,29.790202,28.636530,29.584888,119965000
2024-04-10,28.528983,28.978720,28.382330,28.807625,202080600
2024-04-11,29.140042,30.337712,28.685416,30.161728,146931200
2024-04-12,29.272027,29.501783,28.411659,28.704967,172589800
2024-04-15,29.428459,29.443124,27.101557,27.262877,203656200
2024-04-16,27.223767,27.771275,27.003788,27.267763,163766200
2024-04-17,27.639287,27.644175,26.079871,26.255856,171026400
2024-04-18,26.343849,26.671376,25.669242,25.786566,172781600
2024-04-19,25.556805,25.649687,23.880067,24.188040,250807600
2024-04-22,24.628004,25.307498,24.036501,24.891979,142604800
2024-04-23,25.234168,26.211857,25.170619,26.001654,151835000
2024-04-24,26.554051,26.842470,25.825673,26.255856,144316800
2024-04-25,24.882201,26.001655,24.676886,25.835447,172827200
2024-04-26,26.412286,27.311761,26.285187,27.023342,135994600
2024-04-29,27.414418,27.536629,26.827803,27.345978,102355000
2024-04-30,27.033115,27.301979,25.776784,25.781673,125248600
2024-05-01,25.493258,26.788696,25.063074,25.224392,208076800
2024-05-02,25.869666,26.324292,25.028855,26.158085,124829800
2024-05-03,27.536631,27.917929,27.243323,27.717503,150878000
2024-05-06,28.069468,28.646305,27.922815,28.626753,82530800
2024-05-07,28.704968,28.954278,28.489875,28.626753,93320400
2024-05-08,28.108576,28.851620,28.084134,28.572979,78027200
2024-05-09,28.597422,28.841844,28.230788,28.729410,81439200
2024-05-10,29.017828,29.364907,28.616975,28.924946,92669600
2024-05-13,29.291579,29.316023,28.832066,29.115597,67722000
2024-05-14,29.017827,29.770649,28.978719,29.658213,92952800
2024-05-15,30.156838,31.100309,29.848867,31.026983,130481400
2024-05-16,30.973208,31.383836,30.792336,30.836332,87715200
2024-05-17,30.841218,30.973207,30.318155,30.767891,70099600
2024-05-20,30.807000,31.545154,30.772781,31.403389,74539000
2024-05-21,31.012310,31.613589,30.968314,31.564705,62314000
2024-05-22,31.623368,31.774908,31.002533,31.545151,80039400
2024-05-23,32.508178,32.513068,30.699452,31.075863,130877800
2024-05-24,31.408278,32.209983,31.256736,31.946007,82558000
2024-05-28,32.195320,32.312641,31.677145,32.293087,83186400
2024-05-29,31.403388,31.990004,31.383834,31.618481,79282200
2024-05-30,31.408277,31.432721,30.303489,30.601683,84703600
2024-05-31,30.601684,30.743449,28.822289,30.567465,143746400
2024-06-03,31.154078,31.359394,29.799978,30.865660,111435000
2024-06-04,30.797227,31.349620,30.440371,31.095423,88491800
2024-06-05,31.833574,32.987248,31.603817,32.972580,104871400
2024-06-06,33.114350,33.182788,32.679278,32.933479,73031200
2024-06-07,32.811260,33.402762,32.566838,32.811260,89943400
2024-06-10,32.552170,33.270773,32.498401,33.158340,72041800
2024-06-11,32.909029,33.886718,32.586393,33.842724,71386800
2024-06-12,34.712868,35.695443,34.571103,35.177269,124402600
2024-06-13,35.964313,36.120743,35.231046,35.739445,87285000
2024-06-14,35.661227,36.277172,35.553684,36.257618,71555000
2024-06-17,36.311392,37.993020,36.013197,37.572613,93354600
2024-06-18,37.557948,37.753487,37.181535,37.592167,66433200
2024-06-20,37.865919,37.963690,36.282063,36.707355,105455000
2024-06-21,36.614479,36.922449,36.037642,36.370056,77341800
2024-06-24,36.086521,36.482484,35.099056,35.138161,93754600
2024-06-25,35.583012,36.384717,35.377698,36.311390,77675000
2024-06-26,36.116575,36.656360,36.023342,36.538589,72549600
2024-06-27,36.469899,37.147084,36.273613,36.803585,74115400
2024-06-28,36.945892,38.045091,36.042975,36.224541,107803000
2024-07-01,36.391383,36.945889,35.537537,36.818302,86557400
2024-07-02,36.455173,37.971479,36.430636,37.946945,74950200
2024-07-03,37.760471,38.918557,37.760471,38.879303,56150400
2024-07-05,39.046148,40.164976,38.977448,40.057018,79624600
2024-07-08,40.145345,40.469218,39.885267,40.322002,73365600
2024-07-09,40.690035,40.969742,40.052109,40.410328,72033600
2024-07-10,40.886322,41.808864,40.567357,41.676373,77554800
2024-07-11,41.696003,41.740165,38.619222,38.938187,149329000
2024-07-12,39.016707,40.699857,38.913657,39.571213,101019800
2024-07-15,39.978505,41.033541,39.370020,39.865639,109900400
2024-07-16,40.209145,40.410336,39.129571,39.895088,83637600
2024-07-17,37.946951,38.064721,36.357033,36.386478,142840000
2024-07-18,37.201055,37.255034,35.110614,35.841778,131678400
2024-07-19,35.724009,36.298144,34.565922,34.870163,118249600
2024-07-22,36.141123,36.622021,35.390330,36.391388,112808600
2024-07-23,36.180375,36.867373,35.890852,35.998810,87127000
2024-07-24,34.462874,34.536478,31.920973,32.117256,159575200
2024-07-25,32.171237,33.044708,30.488088,31.047503,188128000
2024-07-26,31.896438,32.553993,31.297765,31.935696,137407000
2024-07-29,32.519647,32.971107,31.660897,32.122169,115640800
2024-07-30,32.524549,32.676669,30.100420,30.811956,143063600
2024-07-31,32.868055,33.859296,32.573623,33.505981,173408400
2024-08-01,33.653195,34.457966,30.277079,31.091665,210693200
2024-08-02,29.271114,29.796178,27.970720,28.824564,209844000
2024-08-05,24.206944,27.573243,23.946864,26.312107,287924400
2024-08-06,26.562372,28.338757,26.076564,26.969664,192909400
2024-08-07,28.250429,28.711700,26.007864,26.101099,182751600
2024-08-08,27.210114,28.633185,26.503484,28.490879,152879200
2024-08-09,28.186635,29.212228,27.970721,28.878542,125592400
2024-08-12,29.065016,29.639153,28.515417,29.074831,108972600
2024-08-13,29.913949,31.263414,29.884508,31.189808,108962800
2024-08-14,31.400816,31.719779,30.360500,31.243786,124710600
2024-08-15,32.450938,33.677724,32.382238,33.594303,106424800
2024-08-16,33.182109,33.986881,32.971102,33.682636,89675200
2024-08-19,33.702265,35.012471,33.314600,34.987938,91599800
2024-08-20,34.791651,35.360878,34.394170,34.772022,97859000
2024-08-21,34.929051,35.655310,34.556107,35.248016,103000800
2024-08-22,35.753456,35.900672,33.329326,33.555054,127496400
2024-08-23,34.448152,35.194040,33.613939,34.610088,128753200
2024-08-26,34.482495,34.678781,33.137939,33.594303,84981400
2024-08-27,33.236087,34.104650,32.804256,33.878922,71532600
2024-08-28,33.761155,33.918184,31.974955,32.730652,118625800
2024-08-29,33.098684,34.070300,32.284100,32.558899,120033600
2024-08-30,33.427459,33.795494,32.475472,33.667908,92946800
2024-09-03,33.005450,33.034892,30.075885,30.596041,147572600
2024-09-04,29.953206,31.096569,29.761827,30.335962,96798400
2024-09-05,30.002280,31.268324,29.796180,30.434109,110171600
2024-09-06,30.232913,30.409570,27.833320,27.965813,169904600
2024-09-09,28.741142,29.192600,28.137564,29.006128,110835000
2024-09-10,29.334905,29.894319,28.559578,29.786364,91582400
2024-09-11,30.021907,31.871899,28.348571,31.685429,163475200
2024-09-12,31.714871,32.823887,31.351744,32.622696,109802600
2024-09-13,32.460758,33.304788,32.411687,33.049614,87966600
2024-09-16,32.593250,32.735558,31.911158,32.607971,82331000
2024-09-17,33.221362,33.496164,32.127071,32.627598,103114400
2024-09-18,32.887677,33.741523,32.087814,32.200680,166396200
2024-09-19,34.497225,35.233297,34.060490,34.634624,114801400
2024-09-20,34.423616,34.683694,33.520699,34.413799,96759600
2024-09-23,34.654251,34.914329,34.369636,34.668972,69837000
2024-09-24,34.978121,35.375599,34.045763,35.159687,81259600
2024-09-25,35.021841,35.686438,34.982457,35.282757,64724800
2024-09-26,36.882723,36.956568,35.238461,36.031055,107003200
2024-09-27,36.242738,36.262430,35.144919,35.410759,82930600
2024-09-30,35.179377,35.750440,34.549240,35.686440,85862800
2024-10-01,35.583058,35.656903,33.328347,34.175095,134760200
2024-10-02,33.973260,34.726471,33.412045,34.303097,79119400
2024-10-03,33.835418,34.859388,33.668035,34.224327,97749400
2024-10-04,35.445219,35.523988,34.352324,35.430450,110700400
2024-10-07,34.977536,35.238451,33.997867,34.263706,82403400
2024-10-08,34.785542,35.927665,34.613235,35.750439,77914000
2024-10-09,35.701209,36.739951,35.474754,36.611958,78696200
2024-10-10,36.095046,36.897485,35.799670,36.483959,86060600
2024-10-11,36.021204,36.823647,35.888286,36.577499,70735200
2024-10-14,37.138714,37.818080,37.025485,37.512856,67691200
2024-10-15,37.586699,37.734389,35.514138,36.016281,106307600
2024-10-16,36.055663,36.178736,35.282760,35.996590,70784200
2024-10-17,37.207632,37.217476,36.060584,36.104889,97697800
2024-10-18,36.656264,36.995948,36.493806,36.744877,64151600
2024-10-21,36.459342,37.128863,36.026124,36.946716,74995800
2024-10-22,36.336270,37.389780,36.163967,37.055019,76308000
2024-10-23,36.513495,36.661185,34.598469,35.341835,118172200
2024-10-24,36.144278,36.331352,35.563370,36.183662,78612800
2024-10-25,36.774409,37.906689,36.621799,36.794102,114826000
2024-10-28,37.507929,37.507929,36.754719,36.828560,69162200
2024-10-29,36.887641,38.133146,36.464267,37.847614,78545200
2024-10-30,37.685164,37.896851,36.892569,37.005795,80473200
2024-10-31,36.090127,36.099975,34.180025,34.189869,138905200
2024-11-01,34.500015,35.622446,34.445862,34.918465,96678800
2024-11-04,34.775698,35.327070,34.219407,34.593548,82214400
2024-11-05,34.928309,36.055664,34.913541,35.907978,79352600
2024-11-06,37.739310,38.999584,37.507931,38.822357,118794200
2024-11-07,39.462343,40.825998,39.432803,40.638927,99545200
2024-11-08,40.476473,40.914615,40.323863,40.737389,70060000
2024-11-11,41.022913,41.072142,39.964479,40.663536,70806000
2024-11-12,40.634007,40.845694,39.703571,40.442013,68286000
2024-11-13,40.299246,40.904767,39.718338,40.264786,74989000
2024-11-14,40.166319,40.382930,39.196502,39.413109,77651400
2024-11-15,38.039613,38.128226,36.080282,36.562729,120601600
2024-11-18,36.887641,37.778693,36.582417,37.301167,77551200
2024-11-19,36.700571,38.177455,36.636570,38.049458,80088200
2024-11-20,37.980537,38.049458,36.483961,38.005150,101260600
2024-11-21,38.669751,38.832206,36.705493,38.379295,109865600
2024-11-22,38.221760,38.699287,37.847615,38.522060,79934800
2024-11-25,39.462342,39.811871,38.172528,38.699284,91515800
2024-11-26,39.034045,39.506648,38.837127,39.299885,69747200
2024-11-27,39.034051,39.043896,37.576859,38.349762,78463600
2024-11-29,38.462979,39.467260,38.325137,39.329418,40865800
2024-12-02,39.619880,40.835845,39.526343,40.604469,73638200
2024-12-03,40.269711,41.022921,40.136789,40.963844,84810800
2024-12-04,41.781053,42.519495,41.603827,42.460419,69992600
2024-12-05,42.460418,42.652413,42.012428,42.110889,54020400
2024-12-06,42.229035,43.257932,42.199498,43.193932,62740600
2024-12-09,42.952713,43.154556,41.884434,42.184734,69577600
2024-12-10,42.460416,42.888714,41.377369,41.726898,71541600
2024-12-11,42.770561,44.119451,42.672104,43.956993,74897800
2024-12-12,43.385929,43.700997,42.967479,43.085629,66348400
2024-12-13,44.020991,44.685588,43.248088,44.011147,79663600
2024-12-16,44.660977,46.172322,44.636361,45.926174,69967600
2024-12-17,45.453572,45.739104,44.882509,45.310806,69168200
2024-12-18,45.118816,45.571726,40.018642,40.412476,134849200
2024-12-19,41.485670,41.613668,39.752795,39.841408,113317600
2024-12-20,38.920818,42.268424,38.645134,40.875229,145241000
2024-12-23,41.218512,42.102648,40.418347,42.013741,83645800
2024-12-24,42.453334,43.702981,42.300217,43.683224,48139600
2024-12-26,43.278200,43.999338,42.769448,43.589375,59062000
2024-12-27,42.660787,42.769448,40.640609,41.816166,102139000
2024-12-30,40.107164,41.025876,39.223032,40.136803,102844000
2024-12-31,40.403530,40.581345,38.862465,39.084732,105177600
2025-01-02,39.781174,40.309680,37.800511,38.837765,141370600
2025-01-03,39.509508,40.951788,39.326756,40.699883,92431600
2025-01-06,41.969283,42.897872,41.504988,42.087826,92050000
2025-01-07,42.339732,42.423699,39.371208,39.820686,111021000
2025-01-08,39.791050,40.210894,38.743919,39.850323,96021200
2025-01-10,38.921732,38.931609,37.158400,37.948689,145651600
2025-01-13,36.575563,37.637510,36.224869,37.553543,113382000
2025-01-14,38.269746,38.556223,36.644714,37.420185,125271000
2025-01-15,39.173637,40.240529,38.822947,39.949108,106919200
2025-01-16,40.507255,40.527013,39.119307,39.134129,93055400
2025-01-17,41.337055,41.460538,40.423280,41.065392,87352200
2025-01-21,41.712438,42.058192,40.665308,41.747013,83451800
2025-01-22,42.892934,43.915375,42.828725,43.367111,86265400
2025-01-23,42.744758,43.653589,42.611395,43.633831,60481000
2025-01-24,43.678288,43.875861,42.482976,42.848484,72479200
2025-01-27,38.319141,40.023201,38.121568,39.089672,161821600
2025-01-28,39.306997,41.080207,38.526586,40.823364,101033400
2025-01-29,40.951789,40.986364,39.642873,40.571461,118481200
2025-01-30,41.228389,41.781588,39.939229,41.080208,115171000
2025-01-31,41.944587,43.016415,40.591218,40.857941,118146600
2025-02-03,38.788374,40.497373,38.200595,39.870083,153257000
2025-02-04,39.963926,41.460535,39.875019,41.317295,84634600
2025-02-05,40.675185,41.895194,40.383767,41.855679,79694800
2025-02-06,41.964339,42.542237,41.584014,42.482967,76431000
2025-02-07,42.606455,43.065811,40.675185,40.862881,110870400
2025-02-10,41.850746,42.576820,41.737140,42.300220,65594200
2025-02-11,41.524747,42.473093,41.495113,41.998920,62602800
2025-02-12,40.640609,42.285399,40.551702,42.082886,96986600
2025-02-13,42.468151,43.940062,42.270578,43.856094,92920200
2025-02-14,43.865982,44.542668,43.762257,44.369793,76057400
2025-02-18,44.764931,44.824204,43.836343,44.646389,68825200
2025-02-19,44.453752,45.006956,43.920306,44.651325,68515800
2025-02-20,44.478457,44.567365,42.917635,44.108009,80266000
2025-02-21,44.340146,44.350026,41.228385,41.346928,118627200
2025-02-24,41.737141,42.008804,39.761418,39.860203,106467400
2025-02-25,39.677449,39.702144,37.430063,38.338898,151194400
2025-02-26,38.813069,39.736717,37.879540,38.585861,126351400
2025-02-27,39.376149,39.598417,35.306162,35.385189,206751000
2025-02-28,35.296284,37.128766,34.614661,37.005283,186358000
2025-03-03,37.721487,38.057360,33.804616,34.614662,183891600
2025-03-04,33.962673,35.943333,32.604364,34.234333,261673800
2025-03-05,34.352871,35.903813,33.335372,35.567940,201266600
2025-03-06,33.779919,34.822113,32.189462,32.619183,245645400
2025-03-07,32.382086,33.592218,31.063292,33.295860,270354600
2025-03-10,31.611563,31.705411,28.588708,29.541994,312271600
2025-03-11,29.339482,30.549610,28.336801,29.196241,278978600
2025-03-12,30.594062,30.949693,29.220935,30.193979,283837200
2025-03-13,30.030983,30.055679,28.173804,28.544252,242454600
2025-03-14,29.492596,30.737301,29.388871,30.569365,198217000
2025-03-17,30.564429,31.749861,30.203860,31.162085,180300800
2025-03-18,30.510096,30.515035,29.146847,29.591385,175652400
2025-03-19,29.971709,31.567104,29.606199,30.742241,185186400
2025-03-20,29.961832,31.428807,29.818592,30.426126,176818200
2025-03-21,29.403690,30.831149,29.176482,30.712606,160982000
2025-03-24,32.135126,32.861204,32.016584,32.663631,126823000
2025-03-25,32.836512,33.276110,32.643875,33.246471,111139400
2025-03-26,33.012648,33.186033,31.090542,31.397684,157006400
2025-03-27,31.011281,31.818766,30.590202,30.862665,144736000
2025-03-28,30.486170,30.619925,28.222247,28.405540,207264200
2025-03-31,27.107625,28.549204,26.275373,28.385725,213709000
2025-04-01,28.078585,29.222931,27.553473,29.039637,194196400
2025-04-02,27.835842,30.317736,27.786304,29.688593,246174800
2025-04-03,25.973187,26.666731,24.823888,24.918011,280231400
2025-04-04,22.782887,23.174242,20.325762,20.355486,516053400
2025-04-07,18.205506,23.199017,17.338577,20.434752,791455200
2025-04-08,22.485654,23.189106,18.378888,19.270588,502295400
2025-04-09,19.201232,26.458665,19.186371,26.062355,713864000
2025-04-10,24.115482,24.442438,20.593274,22.857197,563385400
2025-04-11,22.624361,24.308680,22.104204,24.065941,358585800
2025-04-14,25.710629,25.784936,23.813293,24.571236,294861400
2025-04-15,24.749576,25.368811,24.368128,24.665361,209340200
2025-04-16,23.199013,23.783569,21.380939,22.436115,269148800
2025-04-17,22.832426,22.931504,21.970451,22.371716,202191600
2025-04-21,21.484969,21.618724,19.934407,20.736935,229539400
2025-04-22,21.529556,22.777934,21.351216,22.322178,260222800
2025-04-23,24.392899,25.180566,23.595325,23.803387,303995400
2025-04-24,24.145205,25.898877,24.046128,25.829523,240615400
2025-04-25,25.779985,26.785622,25.502567,26.681591,226103200
2025-04-28,26.760852,27.067992,25.581828,26.661774,191356800
2025-04-29,26.275372,27.330547,26.171341,27.181931,169808000
2025-04-30,25.740352,27.454394,24.927917,27.186886,268446600
2025-05-01,28.514526,29.173391,28.053815,28.123169,205481600
2025-05-02,29.049546,29.817397,28.747359,29.440903,195097800
2025-05-05,28.682961,29.475580,28.583883,28.930655,138579000
2025-05-06,27.771443,28.752311,27.528702,28.108307,165885800
2025-05-07,28.217291,28.861295,27.290916,28.435263,207867200
2025-05-08,29.326962,30.074997,28.564064,29.282377,197621600
2025-05-09,29.624195,29.857028,28.895976,29.213024,146818800
2025-05-12,32.621290,32.774862,31.630514,32.750092,202490000
2025-05-13,33.027505,34.607794,32.873936,34.251114,170595400
2025-05-14,34.483947,34.979335,34.285791,34.855488,161184800
2025-05-15,34.419548,35.514355,34.147083,34.964474,161694800
2025-05-16,35.227032,35.430139,34.503766,35.395462,127627200
2025-05-19,33.919211,35.598576,33.899395,35.489590,143794200
2025-05-20,34.964473,35.256750,34.379915,35.118042,134069400
2025-05-21,34.300656,35.662973,33.280159,33.656654,219255200
2025-05-22,33.765637,34.553302,33.498127,33.830036,173542000
2025-05-23,32.244790,33.359412,32.130853,32.854118,214220800
2025-05-27,34.176806,35.246846,33.879574,35.142815,130539600
2025-05-28,35.340970,35.638205,34.568166,34.692013,132542600
2025-05-29,36.163312,36.193034,34.345239,34.860443,193248800
2025-05-30,34.741550,34.974383,33.210803,34.677151,187118200
2025-06-02,34.280841,35.529221,34.028196,35.474728,137925400
2025-06-03,35.549033,36.599253,35.370693,36.302021,128728400
2025-06-04,36.450640,36.817226,36.019651,36.594303,128889000
2025-06-05,36.881623,37.476091,35.321154,35.742233,198008800
2025-06-06,36.792456,37.159045,36.430824,36.762733,131215400
2025-06-09,36.812271,37.272982,36.579439,36.926212,100363800
2025-06-10,37.010424,37.793137,36.539807,37.639568,122693000
2025-06-11,37.941755,38.184498,36.767688,37.253166,181652000
2025-06-12,36.955936,37.713879,36.916304,37.495911,126110000
2025-06-13,36.212851,37.099596,35.801678,36.079098,210666200
2025-06-16,36.767690,37.773327,36.767690,37.550404,116668600
2025-06-17,36.995563,37.342333,36.202943,36.440727,135418200
2025-06-18,36.619071,37.134275,36.084052,36.391193,142661400
2025-06-20,37.035195,37.317566,35.529215,35.890846,163355000
2025-06-23,36.029556,37.119407,35.380595,37.005466,167572800
2025-06-24,38.100280,38.892900,37.976433,38.689789,113191600
2025-06-25,39.185573,39.453831,38.609316,38.986866,101438200
2025-06-26,39.453831,40.164219,39.056414,40.054928,100144200
2025-06-27,40.253638,40.859704,39.667444,40.447380,146023600
2025-06-30,41.132927,41.475699,40.651056,41.232281,113721400
2025-07-01,40.795124,41.003768,39.647572,40.184090,140390000
2025-07-02,39.970474,41.028602,39.955571,40.983894,100285000
2025-07-03,41.475705,42.369900,41.475705,42.131447,83484600
2025-07-07,41.530346,41.714154,40.636154,41.192539,139674800
2025-07-08,41.470732,41.619762,40.968988,41.247181,115515400
2025-07-09,41.714159,42.419578,41.406157,42.101643,117976200
2025-07-10,42.240736,42.335124,41.301832,41.907898,110317800
2025-07-11,41.391251,41.952605,41.108090,41.589962,106937600
2025-07-14,41.545252,42.196030,41.008739,42.032093,97311400
2025-07-15,42.936219,43.055444,42.126478,42.141380,123257600
2025-07-16,42.255640,42.399705,40.954093,42.260609,166357600
2025-07-17,42.409643,43.378352,42.225835,43.244225,97330800
2025-07-18,43.537317,43.586994,42.816996,43.095188,98496200
2025-07-21,43.293899,44.202997,43.278997,43.750931,87720400
2025-07-22,43.780735,43.795641,42.459316,43.070347,108345200
2025-07-23,43.308800,43.656541,42.672929,43.636669,118025200
2025-07-24,43.939704,44.193060,43.517446,43.924801,90378200
2025-07-25,43.870151,44.501056,43.706218,44.173183,79003200
2025-07-28,44.506024,44.804092,44.302348,44.605381,95592000
2025-07-29,45.201506,45.519442,44.202992,44.401699,116251200
2025-07-30,44.580542,45.146865,43.845318,44.555706,145527600
2025-07-31,46.055966,46.075837,43.547257,43.820480,178874600
2025-08-01,42.350025,42.384799,40.665959,41.192539,219781200
2025-08-04,42.335125,43.502544,42.305320,43.447899,108586000
2025-08-05,43.740994,44.019187,42.434475,42.543766,152088400
2025-08-06,42.737511,44.247706,42.628220,44.133446,128995200
2025-08-07,45.151831,45.539315,43.626734,44.580540,169239200
2025-08-08,44.828928,45.842348,44.759380,45.782738,104522600
2025-08-11,45.817516,46.319256,45.067385,45.380352,94617000
2025-08-12,45.911902,47.138936,45.271063,47.054485,119469600
2025-08-13,47.715190,47.849318,46.786220,47.124027,96058600
2025-08-14,46.617320,47.486675,46.517966,46.994869,106385800
2025-08-15,46.930286,46.950157,45.911897,46.329189,96167400
2025-08-18,46.100676,46.428545,45.817514,46.269577,73371400
2025-08-19,46.085769,46.130480,44.123511,44.381832,111118600
2025-08-20,44.128479,44.158284,41.917830,43.572090,164404200
2025-08-21,43.194542,43.691317,42.419575,42.966026,119920000
2025-08-22,43.229317,45.365449,42.906416,44.898479,132726400
2025-08-25,44.520934,45.196547,44.227835,44.506027,80452600
2025-08-26,44.366932,45.092223,44.133448,45.022675,84374600
2025-08-27,44.779255,45.425063,44.481191,45.226353,90055200
2025-08-28,45.345572,46.254670,44.963058,46.050991,90658000
2025-08-29,45.415124,45.499574,43.959574,44.391769,121887000
2025-09-02,42.280475,43.338603,41.853248,43.259121,166668000
2025-09-03,44.078798,44.650085,43.512471,44.267570,119929800
2025-09-04,44.411642,45.534354,44.024159,45.464802,101759600
2025-09-05,46.667002,46.816032,44.555710,45.613838,172625800
2025-09-08,46.155319,46.746478,46.021188,46.264606,101696800
2025-09-09,46.448417,46.751450,45.822480,46.642159,94620800
2025-09-10,47.417124,47.422093,46.170223,46.691833,120818800
2025-09-11,47.287965,47.680417,46.900482,47.476738,91247200
2025-09-12,47.670484,48.370938,47.456871,48.067905,92235200
2025-09-15,48.505060,49.314801,48.470286,49.294933,78114400
2025-09-16,49.513510,49.583058,48.986931,49.160801,77137200
2025-09-17,49.126028,49.280027,47.446932,48.847836,147697200
2025-09-18,50.055000,50.854808,49.573129,50.164291,123401600
2025-09-19,50.611382,51.311836,50.248739,51.157837,84365400
2025-09-22,50.879642,52.201064,50.879642,52.022224,81054600
2025-09-23,52.056998,52.111644,50.661063,50.974030,99930600
2025-09-24,51.321110,51.395698,49.719967,50.426064,101055600
2025-09-25,49.426589,50.157546,48.481814,49.749802,122820600
2025-09-26,49.923839,50.411141,49.098403,50.346500,124097400
2025-09-29,51.112267,51.853167,50.689605,51.017788,92393200
2025-09-30,50.923309,51.500116,50.331581,51.415585,92323800
2025-10-01,50.585178,52.280796,50.371361,52.141567,93996400
2025-10-02,53.111206,53.126123,52.042123,52.778049,89158600
2025-10-03,52.927228,53.141046,51.594600,52.062012,103096400
2025-10-06,53.404588,53.643266,52.773080,53.225578,82476800
2025-10-07,53.553759,53.732769,51.972506,52.365334,100185800
2025-10-08,52.569208,54.225050,52.539374,54.140514,86931000
2025-10-09,54.140514,54.180295,53.086348,53.926697,87956200
2025-10-10,54.065927,54.528369,48.148659,48.267998,238009400
2025-10-13,50.749270,51.554815,50.147599,51.331055,114511200
2025-10-14,49.590685,51.480230,48.268000,50.286831,147230000
2025-10-15,51.783551,52.464784,49.744829,51.316135,127069400
2025-10-16,52.052065,52.872528,49.600626,50.744301,159344000
2025-10-17,50.182410,52.096819,49.784613,51.708965,142274000
2025-10-20,52.514511,53.961505,52.484677,53.648239,79928800
2025-10-21,53.653214,53.941620,53.041596,53.588570,79811400
2025-10-22,53.429451,53.573654,50.510599,52.012291,134380800
2025-10-23,51.848195,53.518953,51.753720,53.315083,91245000
2025-10-24,54.692459,55.323968,54.463725,54.975891,84387600
2025-10-27,56.945000,58.024035,56.820688,57.894749,77489400
2025-10-28,58.501394,59.709710,58.208014,59.217430,92239400
2025-10-29,59.953361,60.351162,58.446696,59.973251,133060800
2025-10-30,58.968801,59.341738,57.198594,57.228428,127234200
2025-10-31,59.416327,59.416327,57.372632,58.038948,122666800
2025-11-03,59.669924,59.878768,58.217957,58.834545,83598000
2025-11-04,56.368195,57.387557,55.015676,55.234467,124762800
2025-11-05,55.035560,57.183677,54.667597,56.308517,109730000
2025-11-06,55.875914,55.940555,52.768105,53.150986,156461400
2025-11-07,52.221130,52.628875,49.705050,52.599041,183589400
2025-11-10,54.911251,56.313494,54.404058,56.044979,119878800
2025-11-11,55.328937,55.900774,54.498531,55.582535,102665600
2025-11-12,56.452722,56.457695,54.563176,55.468170,125708400
2025-11-13,54.483618,54.637764,51.415590,52.042126,201264400
2025-11-14,49.714993,53.250433,49.113318,52.081898,222397600
2025-11-17,51.420560,53.021700,49.779636,50.744301,186327000
2025-11-18,49.710022,50.391252,47.636493,48.909451,267348000
2025-11-19,49.053652,51.291274,48.447007,49.749802,184263600
2025-11-20,52.658716,53.245470,45.975682,46.194473,178246300
2025-11-21,46.592264,48.829886,44.991125,47.218800,179618600
2025-11-24,48.432095,51.166967,48.402258,50.799004,93894200
2025-11-25,50.361418,52.071958,48.810003,51.723881,101851900
2025-11-26,52.618932,53.563707,52.081902,53.076401,75598100
2025-11-28,53.523923,54.309578,53.334970,54.239964,34381600
2025-12-01,52.817828,54.349357,52.529422,53.752655,66359600
2025-12-02,54.329472,55.453253,53.842166,54.995785,79504400
2025-12-03,54.359308,55.572598,53.931673,55.383640,69844900
2025-12-04,55.731715,55.741658,54.309581,55.204628,63958000
2025-12-05,55.552705,56.765994,55.373695,55.841110,73206000
2025-12-08,56.258795,56.726211,54.816771,55.493031,69700000
2025-12-09,55.144957,55.910721,54.786937,55.701874,48736000
2025-12-10,55.343857,56.775934,54.588036,56.338356,100261100
2025-12-11,55.323968,55.851051,53.683043,55.801327,99683900
2025-12-12,54.806830,55.214574,51.942672,52.529427,138448500
2025-12-15,53.762608,53.762608,51.435481,51.733829,98696300
2025-12-16,51.147075,52.479704,50.818889,52.042126,105953700
2025-12-17,52.360360,52.509532,49.098401,49.128239,125606200
2025-12-18,51.385751,52.171406,50.699548,51.226631,109222100
2025-12-19,51.912840,53.344917,51.902893,53.225578,72957800
2025-12-22,54.508482,54.588040,53.583597,53.951561,64783100
2025-12-23,53.673099,54.767046,53.563703,54.707375,48197100
2025-12-24,54.653593,55.231308,54.563948,55.141663,25855000
2025-12-26,55.301029,55.530121,54.892646,55.091858,37244200
2025-12-29,54.075881,54.773121,53.707338,54.275093,50635300
2025-12-30,53.986235,54.603789,53.826866,53.886627,38976800
2025-12-31,53.916512,53.986236,52.432387,52.512074,57199400
2026-01-02,53.956353,54.663556,51.406452,52.143532,107226600
2026-01-05,53.737221,54.115724,53.079824,53.388599,77968000
2026-01-06,53.707336,54.952406,53.528050,54.793037,68915800
2026-01-07,54.673513,55.968385,54.553988,54.952408,65588300
2026-01-08,54.653591,54.763158,53.288995,53.976273,83760300
2026-01-09,54.175482,55.878736,53.577850,55.540077,78706300
2026-01-12,54.384654,56.117793,54.364736,55.669567,59673900
2026-01-13,55.689493,56.277166,54.743239,55.380714,88611000
2026-01-14,54.334856,54.663557,52.292942,53.617699,117421500
2026-01-15,55.430519,55.609809,53.916513,54.165527,90483000
2026-01-16,55.101814,55.241261,53.368679,53.926468,75855900
2026-01-20,51.187315,52.352703,50.280905,50.529919,129209100
2026-01-21,50.868581,53.587813,50.470157,52.522034,150230100
2026-01-22,54.105762,54.115724,52.940378,53.687420,90992300
2026-01-23,53.378642,54.852805,53.109707,54.165527,78066100
2026-01-26,54.255171,55.410596,53.996195,54.862766,58084300
2026-01-27,55.759216,56.575982,55.340875,56.317009,51981200
2026-01-28,57.472432,57.781207,56.506257,56.834957,76172100
2026-01-29,56.725388,56.984361,52.850731,55.818977,122642300
2026-01-30,54.803003,55.490280,53.109707,53.787025,110170700
2026-02-02,52.950336,55.490278,52.940377,54.882683,74665800
2026-02-03,55.420552,55.540078,50.878539,52.312859,129992200
2026-02-04,51.934362,51.944325,48.238995,49.563747,142536200
2026-02-05,48.199148,49.334652,46.874396,47.452106,158712900
2026-02-06,48.149350,50.808818,47.810691,50.390476,117934600
2026-02-09,49.862564,52.063847,49.245006,51.535938,71272700
2026-02-10,51.765029,52.193333,50.689287,50.818775,70660900
2026-02-11,52.004084,52.292941,49.842644,51.197281,92393800
2026-02-12,51.595699,51.864635,47.800728,48.069660,131150000
2026-02-13,47.960098,49.394417,46.993922,48.278835,123216600
2026-02-17,47.452107,48.786822,46.236917,48.159306,117089700
2026-02-18,48.338597,50.161381,48.009900,49.195206,81370800
2026-02-19,48.478044,49.205168,47.970057,48.637417,83447500
2026-02-20,47.770844,50.251025,47.571632,49.862564,118813800
2026-02-23,49.334649,49.683271,47.472026,48.049740,91951800
2026-02-24,48.258915,49.842644,47.631399,49.583668,71023300
2026-02-25,50.350631,51.755070,50.330709,51.665424,54217200
2026-02-26,51.426370,51.436329,48.517885,49.852600,105583800
2026-02-27,48.258916,49.573710,48.069663,49.324696,93802200
2026-03-02,47.272819,49.952212,47.043727,49.503986,108545900
2026-03-03,46.625384,48.478045,45.539683,47.910294,163365500
2026-03-04,48.497964,50.589684,48.328636,50.061771,99738400
2026-03-05,49.245007,50.559801,47.980016,49.603588,129713200
2026-03-06,47.472027,48.856544,46.993920,47.352501,141012200
2026-03-09,46.007826,49.573708,45.320548,49.195206,159005500
2026-03-10,49.215125,50.539881,48.637414,49.205166,115057200
2026-03-11,49.484061,50.320749,48.537808,49.155361,91104300
2026-03-12,47.960099,48.298758,46.565619,46.645306,130823900
2026-03-13,47.163249,48.059701,45.489875,45.748852,141952500
2026-03-16,47.183171,48.079622,46.993921,47.272816,81421500
2026-03-17,47.930215,48.567691,47.621440,47.970058,74570100
2026-03-18,47.531792,47.920253,45.868377,45.918179,105059300
2026-03-19,44.693031,46.137312,44.125279,45.509796,138384900
2026-03-20,45.001811,45.031692,42.133169,42.910095,137952500
2026-03-23,44.932086,45.967985,43.955951,44.394215,139354300
2026-03-24,43.667093,44.374292,43.019656,43.447960,105505200
2026-03-25,44.597318,45.116124,43.849041,44.288029,79294400
2026-03-26,43.130694,43.579661,41.055474,41.135288,117558900
2026-03-27,40.466828,40.496758,38.471422,38.690914,124795700
2026-03-30,39.658687,39.818320,37.234269,37.802959,111446500
2026-03-31,39.000205,41.903520,38.980250,41.584255,149516200
2026-04-01,42.532071,43.878969,42.312576,43.130692,116135500
2026-04-02,40.786092,43.449957,40.347101,43.230465,111377300
2026-04-06,43.499844,44.487571,43.170604,43.998695,69245100
2026-04-07,43.350187,44.108440,41.743885,44.048580,131796200
2026-04-08,48.528265,48.807621,47.041690,47.889736,102015100
2026-04-09,47.909691,48.977233,47.201323,48.847530,78953600
2026-04-10,49.246611,49.695578,48.707851,49.057045,65481600
2026-04-13,48.667943,50.623443,48.348678,50.543625,67169100
2026-04-14,51.271948,53.307262,51.261972,53.287308,72362300
2026-04-15,53.446940,55.611957,53.207493,55.522163,83244000
2026-04-16,56.001063,56.789245,54.973426,56.300373,86398100
2026-04-17,57.647269,58.804604,57.238211,58.455410,103604000
2026-04-20,58.265847,58.445434,56.779268,57.946583,67652800
2026-04-21,58.345660,58.834536,56.689473,57.268143,91775200
2026-04-22,58.794627,60.161479,58.355640,60.071686,73399800
2026-04-23,59.662627,60.590491,57.457705,59.083961,92856900
2026-04-24,60.939691,62.595877,60.420885,62.416290,80250700
2026-04-27,62.266634,62.555969,61.498402,62.496105,56615000
2026-04-28,60.580517,61.189116,59.542905,60.600471,80631600
2026-04-29,60.859874,61.727875,60.311138,61.717899,77081400
2026-04-30,62.745531,63.653440,60.560563,63.394039,81042700
2026-05-01,63.743237,65.688754,63.663423,65.150002,67762900
2026-05-04,65.289676,65.898275,63.633486,64.760895,60813800
2026-05-05,66.217538,67.614316,66.097811,67.235191,54098800
2026-05-06,69.100903,71.495391,68.721771,71.405594,70169000
2026-05-07,71.704906,73.131621,70.218323,71.176117,93509100
2026-05-08,72.652723,76.134704,72.532996,76.104774,68713700
2026-05-11,75.825417,77.182293,75.376454,76.783211,60475000
2026-05-12,75.127027,75.755577,71.385641,74.787804,90651600
2026-05-13,75.635853,77.760965,74.019579,77.062569,64416400
2026-05-14,77.112456,79.496965,76.982757,78.768639,58472800
2026-05-15,75.556042,77.192274,74.059488,75.166931,81260600
2026-05-18,75.955116,76.094794,71.934375,74.149277,87710100
2026-05-19,72.243664,74.328860,70.796991,72.762466,85973700
2026-05-20,73.919797,76.354194,73.450883,76.334244,70647500
2026-05-21,75.007301,77.611306,74.298933,76.773232,74958100
2026-05-22,77.860731,79.147769,77.152363,77.661186,58330500
2026-05-26,80.404865,82.081006,79.796274,81.761742,62579600
2026-05-27,82.679639,82.719548,80.145473,81.482391,66221000
2026-05-28,81.552224,83.856923,80.474711,83.487770,55265900
2026-05-29,84.216104,85.503134,83.338120,84.365753,67644100
2026-06-01,83.956696,86.860007,83.557613,85.842354,57216000
2026-06-02,85.742587,87.119414,84.635136,87.019646,48355000
2026-06-03,87.478583,87.887637,85.213801,86.361153,62154500
2026-06-04,83.278259,86.051871,82.290535,85.024239,59614600
2026-06-05,81.382619,81.891450,72.513042,72.882195,118961300
2026-06-08,76.683444,78.289746,75.206840,76.094795,77319000
2026-06-09,78.299719,79.157736,66.636571,73.550652,132485700
2026-06-10,71.515338,74.528397,68.841494,69.110870,91465200
2026-06-11,70.727154,76.424037,69.430138,75.835396,116288800
2026-06-12,76.164629,78.179993,74.119343,77.341919,94070700
2026-06-15,82.689605,84.834667,82.450158,84.395676,59758000
2026-06-16,83.996608,84.635137,79.676552,79.746391,67086700
2026-06-17,81.482387,81.622065,76.763257,77.361877,78089600
2026-06-18,81.911399,83.407953,80.444774,82.679634,61063000
2026-06-22,83.757153,84.914492,81.203036,82.390305,61888900
2026-06-23,74.947443,77.561420,73.740224,74.269005,82341800
2026-06-24,74.790001,76.180000,71.349998,73.300003,72009700
2026-06-25,77.959999,78.239998,71.599998,74.949997,105261200
2026-06-26,72.089996,74.690002,70.720001,71.830002,70427700
2026-06-29,74.120003,77.379997,71.449997,77.190002,79128400
2026-06-30,77.239998,81.540001,77.150002,81.000000,58466200
2026-07-01,78.720001,79.639999,77.230003,77.459999,63348200
2026-07-02,77.449997,79.139999,71.720001,73.349998,87308500
2026-07-06,75.540001,77.449997,75.110001,76.419998,54545100
2026-07-07,73.699997,74.389999,70.760002,72.230003,70992900
2026-07-08,70.800003,73.019997,69.570000,72.720001,70748500
2026-07-09,74.849998,76.690002,73.889999,76.339996,51726600
2026-07-10,75.529999,77.320000,74.330002,77.029999,45764400
